,year,country,la,inc.n,noninc.n,pop,Depop,EM,CP,Attain,PD,EA,crime
1,2018,Scotland,Aberdeen City,317,4492,4809,104.095272,321.6,9.879839786,5.84,96.26,19223,388.4842178
2,2018,Scotland,Aberdeen City,74,4334,4408,90.52405943,224.2,2.9342723,6.28,95.56,16409,323.6607143
3,2018,Scotland,Aberdeen City,208,6657,6865,97.32913158,220.6,3.248259861,6.34,97.48,17382,337.1970495
4,2018,Scotland,Aberdeen City,713,4784,5497,97.67835854,585.4,17.37089202,4.9,86.67,29889,1195.175439
5,2018,Scotland,Aberdeen City,132,4383,4515,107.0873016,272.2,2.707275804,5.79,92.06,22800,587.2011252
6,2018,Scotland,Aberdeen City,88,3958,4046,99.18485183,219.2,1.202749141,6.02,97.78,22026,381.613183
7,2018,Scotland,Aberdeen City,84,4866,4950,98.46470965,193.1,4.606240713,5.69,100,21314,279.0373212
8,2018,Scotland,Aberdeen City,270,4914,5184,91.25895725,219.9,3.891891892,6.11,97.67,21118,1013.853904
9,2018,Scotland,Aberdeen City,461,3434,3895,104.732675,570.2,18.3908046,5.23,90.32,31013,1228.831958
10,2018,Scotland,Aberdeen City,136,4456,4592,99.1233197,631,3.685503686,5.89,95.71,22062,1372.957942
11,2018,Scotland,Aberdeen City,399,5334,5733,108.0225848,386.6,12.42937853,5.84,94.64,23314,922.6875288
12,2018,Scotland,Aberdeen City,64,3611,3675,100.0093502,152.5,3.588143526,6.32,97.18,20620,2435.67753
13,2018,Scotland,Aberdeen City,159,6192,6351,104.3634728,308.2,5.076142132,6.26,97.95,26167,898.1502117
14,2018,Scotland,Aberdeen City,263,3744,4007,105.3104999,743.3,15.2173913,5.08,89.74,27635,5935.320228
15,2018,Scotland,Aberdeen City,238,2440,2678,105.0646552,618.7,25.68807339,4.38,67.5,36842,9300.046664
16,2018,Scotland,Aberdeen City,184,4943,5127,104.4795222,307.5,5.353728489,5.97,78.85,21241,533.4051724
17,2018,Scotland,Aberdeen City,236,4765,5001,102.7224389,460.6,2.88,5.62,95.18,25656,652.4427953
18,2018,Scotland,Aberdeen City,501,3449,3950,107.5173443,600.7,23.90625,5.29,87.93,37237,994.9832776
19,2018,Scotland,Aberdeen City,373,4529,4902,82.26198515,387.2,11.02620087,5.17,91.37,35211,1468.596059
20,2018,Scotland,Aberdeen City,101,3853,3954,105.3924974,366.9,3.571428571,5.69,92.91,17256,216.0148976
21,2018,Scotland,Aberdeen City,169,3372,3541,107.6068796,447.8,12.36673774,5.41,92.45,20032,1581.497797
22,2018,Scotland,Aberdeen City,877,4595,5472,109.9071806,781.9,27.55905512,4.66,83.78,28860,1842.67828
23,2018,Scotland,Aberdeen City,1000,3582,4582,105.9898784,784.9,36.58536585,4.58,84.21,31333,1714.883235
24,2018,Scotland,Aberdeen City,389,2908,3297,103.7255511,732.1,23.93822394,5.09,82.93,38261,2580.266249
25,2018,Scotland,Aberdeen City,281,3899,4180,101.5492377,637.3,15.44715447,5.22,66.67,21635,1189.944134
26,2018,Scotland,Aberdeen City,737,6364,7101,102.5885167,911.8,21.42857143,4.93,77.65,33195,2127.695995
27,2018,Scotland,Aberdeen City,422,3314,3736,103.5082847,733.9,13.44902386,5.54,89.83,29545,3420.19544
28,2018,Scotland,Aberdeen City,440,5276,5716,97.07507508,408,28.33333333,5.02,85.06,30791,966.1620659
29,2018,Scotland,Aberdeen City,652,3823,4475,102.017142,894.5,30.88607595,4.95,80,40655,1376.121076
30,2018,Scotland,Aberdeen City,456,4149,4605,109.0249675,587.1,26.65198238,5.16,81.48,27139,921.4720371
31,2018,Scotland,Aberdeen City,1012,4556,5568,91.30541269,727.6,29.78187919,5.02,81.15,31810,1634.432035
32,2018,Scotland,Aberdeen City,872,3145,4017,103.2886307,876.8,33.11518325,4.95,73.53,34982,2044.156833
33,2018,Scotland,Aberdeen City,502,5592,6094,101.6483516,430.5,16.52490887,5.82,89.72,26575,713.0563069
34,2018,Scotland,Aberdeen City,814,4651,5465,102.558554,585.6,19.62616822,5.19,88.65,31731,1481.826654
35,2018,Scotland,Aberdeen City,806,3911,4717,103.8336816,529,21.14537445,5.09,86.78,31007,1595.709018
36,2018,Scotland,Aberdeen City,664,4250,4914,102.0296215,614.9,15.96958175,5.05,85.56,28505,880.6528392
37,2018,Scotland,Aberdeen City,552,2953,3505,102.6303019,575.6,17.73472429,4.9,83.78,34951,1614.906832
38,2018,Scotland,Aberdeen City,923,4469,5392,103.8103036,624.3,24.53625632,4.93,82.2,33242,1423.909819
39,2018,Scotland,Aberdeen City,924,3975,4899,110.7437444,717.8,27.48161765,4.89,84.71,33085,1625.245258
40,2018,Scotland,Aberdeen City,152,5497,5649,96.51353568,247.6,5.430242272,5.92,95.38,13506,913.3296764
41,2018,Scotland,Aberdeen City,298,3722,4020,78.2132387,461.4,12.9476584,5.14,88.64,22849,1311.643836
42,2018,Scotland,Aberdeen City,397,4870,5267,86.41341761,380.9,11.55152888,5.44,90.59,22254,1514.701515
43,2018,Scotland,Aberdeen City,367,4894,5261,104.2383175,382.1,10.96224117,5.33,94.12,24700,1150.326797
44,2018,Scotland,Aberdeen City,97,3965,4062,103.1324481,350.9,6.04288499,5.84,95.93,18040,645.675568
45,2018,Scotland,Aberdeen City,147,4245,4392,97.48522951,269.6,5.780346821,5.62,91.45,18194,285.9087815
46,2018,Scotland,Aberdeen City,144,4756,4900,102.7766209,268.6,5.936675462,5.73,96.95,19886,476.3491006
47,2018,Scotland,Aberdeen City,284,3348,3632,99.77742743,367.4,12.06225681,5.66,88.57,22945,517.4825175
48,2018,Scotland,Aberdeen City,107,2555,2662,106.5554542,266.5,9.169054441,5.5,88.71,21905,943.5173299
49,2018,Scotland,Aberdeen City,124,3416,3540,78.22515121,326.7,5.613577023,5.92,93.44,23846,559.8692276
50,2018,Scotland,Aberdeenshire,167,2903,3070,100.9402356,284.1,9.160305344,5.59,99.02,13113,501.6910936
51,2018,Scotland,Aberdeenshire,256,5069,5325,94.48788861,254.3,7.865168539,5.72,96.55,16667,448.8618147
52,2018,Scotland,Aberdeenshire,244,4077,4321,96.74790556,367.8,6.927374302,5.71,92.45,18779,4177.407127
53,2018,Scotland,Aberdeenshire,297,3782,4079,96.62024595,229.5,12.96518607,5.6,93.14,17881,351.3071895
54,2018,Scotland,Aberdeenshire,341,5442,5783,95.19648128,358.1,7.416267943,5.91,95.09,21854,865.2246256
55,2018,Scotland,Aberdeenshire,105,4289,4394,76.23655138,310.8,4.676616915,5.89,98,19088,773.6293306
56,2018,Scotland,Aberdeenshire,381,4947,5328,104.6945987,378.6,10.78748652,5.88,91.74,18414,630.9633733
57,2018,Scotland,Aberdeenshire,268,5401,5669,103.7884581,298.2,6.586169045,5.96,97.28,15539,723.3065442
58,2018,Scotland,Aberdeenshire,87,2883,2970,105.5490517,279.6,5.714285714,5.94,96.99,18519,247.6083286
59,2018,Scotland,Aberdeenshire,102,4192,4294,106.5026637,279.4,5.687203791,5.65,96.1,16449,481.9694868
60,2018,Scotland,Aberdeenshire,233,5646,5879,79.53906689,322.6,5.323450135,5.45,95.36,23025,496.6198648
61,2018,Scotland,Aberdeenshire,144,4964,5108,95.86144266,276.3,4.695304695,6.07,93.79,19912,391.2363067
62,2018,Scotland,Aberdeenshire,182,3923,4105,100.4874878,228.7,8.382526564,6.08,94.12,21066,389.8713826
63,2018,Scotland,Aberdeenshire,114,2895,3009,104.9542513,217.3,2.417582418,6.35,97.84,15803,789.3209518
64,2018,Scotland,Aberdeenshire,114,4169,4283,96.58548046,232.4,4.545454545,5.99,95.94,17366,408.496732
65,2018,Scotland,Aberdeenshire,195,3883,4078,102.9171143,271.9,12.1875,5.67,94.89,17079,225.4428341
66,2018,Scotland,Aberdeenshire,275,5928,6203,90.3197065,279.5,8.037825059,5.65,95.19,17573,382.6530612
67,2018,Scotland,Aberdeenshire,322,3232,3554,103.1552937,439.4,14.49044586,5.36,95.14,20765,845.3993461
68,2018,Scotland,Aberdeenshire,334,5136,5470,102.3962738,329.7,8.108108108,5.57,94.53,22250,652.6192567
69,2018,Scotland,Aberdeenshire,524,4814,5338,101.6886977,396.6,15.68877551,5.35,91.96,26333,2403.934829
70,2018,Scotland,Aberdeenshire,162,6203,6365,76.56118872,207.8,4.272959184,5.7,93.93,10897,515.2278452
71,2018,Scotland,Aberdeenshire,174,5775,5949,98.84569683,237.6,5.464071856,5.86,95.55,17872,594.5499587
72,2018,Scotland,Aberdeenshire,107,3310,3417,97.73901179,305,3.253012048,5.8,94.74,18421,788.7700535
73,2018,Scotland,Aberdeenshire,103,4940,5043,83.43152181,243.3,1.814708691,5.9,98.19,13032,163.2778805
74,2018,Scotland,Aberdeenshire,95,3793,3888,107.8529947,252.2,5.017921147,5.76,95.95,18559,458.0479452
75,2018,Scotland,Aberdeenshire,134,3835,3969,101.1442829,237.9,5.257270694,5.9,98.39,27098,481.8325434
76,2018,Scotland,Aberdeenshire,152,4078,4230,101.4305816,264.6,4.4345898,5.49,92.78,19225,405.7543342
77,2018,Scotland,Aberdeenshire,184,5082,5266,100.5520356,242.9,5.49860205,5.63,87.76,20384,559.2775998
78,2018,Scotland,Aberdeenshire,252,5841,6093,96.01738658,343.9,5.846422339,5.82,93.86,18919,781.4122534
79,2018,Scotland,Aberdeenshire,252,3841,4093,105.7595451,356.8,6.80713128,5.53,95.09,13831,383.8383838
80,2018,Scotland,Aberdeenshire,168,4378,4546,96.17745944,291.4,8.312342569,5.81,94.44,15530,1049.779885
81,2018,Scotland,Aberdeenshire,249,5777,6026,94.65369267,265.8,6.326034063,5.59,93.85,21379,341.9902289
82,2018,Scotland,Aberdeenshire,185,4877,5062,99.70833886,288.5,9.225092251,5.62,94.83,17995,429.2120436
83,2018,Scotland,Aberdeenshire,203,3725,3928,99.53187505,359.2,5.570652174,5.48,93.82,23611,321.1736717
84,2018,Scotland,Aberdeenshire,216,4825,5041,93.54625841,282,6.699507389,5.7,94.03,19271,478.8094468
85,2018,Scotland,Aberdeenshire,253,4400,4653,97.23645285,263.6,11.62790698,5.58,94.31,19829,810.3448276
86,2018,Scotland,Aberdeenshire,488,3843,4331,102.6974502,475.4,19.40298507,5.26,88.83,23009,1059.683313
87,2018,Scotland,Aberdeenshire,110,2748,2858,99.88181066,183.4,10.18867925,5.58,93.66,16157,459.2673592
88,2018,Scotland,Aberdeenshire,404,4204,4608,106.7940236,419,14.40559441,5.19,94.55,24894,1098.689283
89,2018,Scotland,Aberdeenshire,288,2925,3213,101.3868613,435.5,13.07692308,5.09,89.34,17563,519.4095134
90,2018,Scotland,Aberdeenshire,305,3505,3810,98.73428621,332.3,13.30203443,5.29,91.54,19589,579.6460177
91,2018,Scotland,Aberdeenshire,511,3568,4079,101.4021775,492,18.50699844,5.23,91.44,20471,2150.406504
92,2018,Scotland,Aberdeenshire,468,3439,3907,103.4458994,429.9,12.74362819,5.39,87.78,21721,745.7212714
93,2018,Scotland,Aberdeenshire,251,2876,3127,103.3724495,371.4,11.91919192,5.57,94.74,19973,469.7286013
94,2018,Scotland,Aberdeenshire,281,2747,3028,102.0015655,368.5,12.23300971,5.41,91.6,16553,513.5135135
95,2018,Scotland,Aberdeenshire,332,4708,5040,90.3012875,318.1,8.491620112,5.43,90.58,19534,396.5032782
96,2018,Scotland,Aberdeenshire,289,2350,2639,103.4031746,405.9,10.77586207,5.29,91.3,25859,1232.323232
97,2018,Scotland,Aberdeenshire,136,2973,3109,92.06955047,292.1,8.937605396,5.53,90.16,15986,385.3955375
98,2018,Scotland,Aberdeenshire,364,4136,4500,101.127412,401.4,15.50190597,5.34,92.5,21333,828.1358281
99,2018,Scotland,Aberdeenshire,317,4222,4539,97.91029562,405.4,15.18817204,5.32,90.11,16357,1371.889711
100,2018,Scotland,Aberdeenshire,364,2148,2512,104.0938792,528.6,15.44117647,5.15,87.01,19968,2246.42614
101,2018,Scotland,Aberdeenshire,1143,5140,6283,100.9882676,678.2,26.03201348,4.73,82.66,22164,3085.106383
102,2018,Scotland,Aberdeenshire,333,3918,4251,104.1096973,377,13.31316188,5.32,94.76,19934,964.6790733
103,2018,Scotland,Aberdeenshire,382,6787,7169,81.9694993,396.7,8.48806366,5.26,93.58,16259,640.0506971
104,2018,Scotland,Aberdeenshire,530,5690,6220,93.9092148,385,12.11072664,5.33,90.48,16273,587.2063968
105,2018,Scotland,Aberdeenshire,175,3996,4171,102.4736713,373.6,5.794947994,5.69,95.48,16835,884.9189863
106,2018,Scotland,Aberdeenshire,404,1946,2350,106.365561,451.3,24.56140351,4.38,89.77,18812,1771.986971
107,2018,Scotland,Aberdeenshire,345,2315,2660,103.7157513,477.7,19.02313625,5.33,87.9,29861,2758.830694
108,2018,Scotland,Aberdeenshire,737,2830,3567,104.8484848,611.1,28.92804699,4.94,84,26111,3647.881171
109,2018,Scotland,Angus,246,5280,5526,101.4842752,270,10.04514673,5.93,93.91,15079,524.9030719
110,2018,Scotland,Angus,214,6036,6250,94.92372296,311.7,8.68878357,5.72,96.24,20335,570.5944798
111,2018,Scotland,Angus,140,2659,2799,101.5558699,242.2,7.5,5.48,94.34,18803,326.0869565
112,2018,Scotland,Angus,226,4536,4762,97.18913768,314.7,6.083086053,5.83,94.12,23954,255.1408987
113,2018,Scotland,Angus,529,4796,5325,97.0604548,420.1,16.66666667,5.33,90.45,23868,674.6031746
114,2018,Scotland,Angus,267,5147,5414,101.7368193,233.2,11.20906801,5.64,93.75,16899,348.2417207
115,2018,Scotland,Angus,134,2646,2780,97.41307701,224.8,9.04109589,5.86,92,18211,611.2054329
116,2018,Scotland,Angus,616,5012,5628,103.7422793,428.9,18.26923077,5.57,93.46,18271,560
117,2018,Scotland,Angus,360,3259,3619,102.4112028,410.2,18.96162528,5.76,93.33,18428,1115.839243
118,2018,Scotland,Angus,1027,3706,4733,101.4250931,703.1,26.90513219,5.11,85.09,23649,2423.537234
119,2018,Scotland,Angus,866,4226,5092,95.91769439,430,23.79518072,5.07,87.86,20104,893.3811542
120,2018,Scotland,Angus,936,3737,4673,104.8563364,454.5,29.53091684,5.16,87.39,22581,1353.758461
121,2018,Scotland,Angus,222,2659,2881,104.0375587,338.9,10.59602649,5.48,96.97,17710,1042.873696
122,2018,Scotland,Angus,842,4704,5546,103.8139478,545.5,27.20105125,5.23,90.5,25896,1331.782495
123,2018,Scotland,Angus,573,4141,4714,102.2591645,419.7,20.44887781,5.5,89.85,21572,752.0891365
124,2018,Scotland,Angus,255,3571,3826,96.07425171,312.2,13.79310345,5.68,96.91,18253,621.6216216
125,2018,Scotland,Angus,216,3254,3470,100.8653014,263.4,8.921933086,5.64,91.1,14548,785.1239669
126,2018,Scotland,Angus,629,2876,3505,103.6120208,559,28.20895522,5.14,81.7,24257,1524.789523
127,2018,Scotland,Angus,333,3532,3865,99.6464298,330.4,13.16239316,5.47,91.94,20020,1049.601417
128,2018,Scotland,Angus,367,5055,5422,98.62183021,278,10.14669927,5.72,98.14,20072,1041.990669
129,2018,Scotland,Angus,294,4102,4396,93.09415025,390,12.81669151,5.4,96.75,21133,725.7120562
130,2018,Scotland,Angus,812,3939,4751,102.7191413,476,29.18978912,4.94,88.68,22632,1997.162114
131,2018,Scotland,Angus,597,4288,4885,103.1340605,399.5,18.93644617,5.01,87.26,22685,606.271777
132,2018,Scotland,Angus,197,2684,2881,98.74836095,367.4,5.714285714,5.74,94.5,19011,493.7570942
133,2018,Scotland,Angus,636,5395,6031,101.7648038,419.5,15.72327044,5.7,92.98,22288,1010.758777
134,2018,Scotland,Angus,210,3296,3506,103.3912715,314,14.44241316,5.69,98.18,23129,831.376233
135,2018,Scotland,Argyll and Bute,247,3588,3835,98.35584263,361.4,15.00815661,5.87,96.95,19637,434.7826087
136,2018,Scotland,Argyll and Bute,628,5169,5797,101.0066149,520.3,17.71539206,5.3,95.93,31603,1333.694768
137,2018,Scotland,Argyll and Bute,194,2516,2710,106.9130819,357.8,11.97007481,5.55,93.27,22782,1811.926606
138,2018,Scotland,Argyll and Bute,340,5258,5598,94.28369379,356.4,12.86549708,5.62,88.93,22142,630.5770375
139,2018,Scotland,Argyll and Bute,146,2091,2237,98.13529922,248.7,12.77372263,5.55,98.73,22875,785.0330154
140,2018,Scotland,Argyll and Bute,225,2848,3073,100.6451613,348.5,15.05882353,5.34,94.78,19077,810.8108108
141,2018,Scotland,Argyll and Bute,405,3254,3659,102.4859663,542.8,13.09707242,5.28,96.95,27218,1921.881935
142,2018,Scotland,Argyll and Bute,169,2256,2425,100.6729475,278.1,14.77987421,5.56,94.44,18464,555.9322034
143,2018,Scotland,Argyll and Bute,267,3071,3338,101.4415116,375,8.829568789,5.55,97.44,16916,520.7811718
144,2018,Scotland,Argyll and Bute,246,2612,2858,101.0350318,299.6,22.16494845,5.7,97.22,19949,540.5405405
145,2018,Scotland,Argyll and Bute,747,3896,4643,106.1460225,475.1,13.71280724,5.48,92.7,29840,1437.35588
146,2018,Scotland,Argyll and Bute,196,2326,2522,105.9261193,306.5,10.4,5.81,94.67,16481,488.8888889
147,2018,Scotland,Argyll and Bute,870,2752,3622,103.5330825,618.5,31.26079447,5.29,85.38,22917,1416.100873
148,2018,Scotland,Argyll and Bute,191,2458,2649,97.2306525,276.5,16.61341853,5.54,94.59,22906,525.9365994
149,2018,Scotland,Argyll and Bute,252,2919,3171,105.489335,330.5,23.18435754,5.78,95.83,23013,1909.799555
150,2018,Scotland,Argyll and Bute,686,4362,5048,103.8953296,487.2,19.21965318,5.41,96.02,24890,1201.90546
151,2018,Scotland,Argyll and Bute,801,3560,4361,105.5808656,497.9,19.50509461,5.51,92.96,26749,2030.651341
152,2018,Scotland,Argyll and Bute,410,6415,6825,90.04646613,330.3,17.23700887,5.68,91.98,17462,355.573312
153,2018,Scotland,Argyll and Bute,201,3993,4194,99.89869077,223.5,9.509658247,5.93,97.12,23493,823.9700375
154,2018,Scotland,Argyll and Bute,214,4077,4291,102.0924687,237.2,9.042553191,6.07,93.12,20930,499.3909866
155,2018,Scotland,Argyll and Bute,398,2602,3000,102.3103033,435.2,14.0625,5.8,92.38,23557,2731.788079
156,2018,Scotland,Argyll and Bute,478,3480,3958,97.01337177,498.7,12.55868545,5.61,93.89,25276,952.0123839
157,2018,Scotland,Argyll and Bute,139,2857,2996,101.0949721,274.8,6.681034483,6.09,93.33,16351,1376.044568
158,2018,Scotland,Clackmannanshire,583,3745,4328,100.9926895,406.6,15.590743,5.14,89.83,25369,1032.950759
159,2018,Scotland,Clackmannanshire,819,4561,5380,98.06668706,418,24.10071942,5.12,88.24,22511,944.276695
160,2018,Scotland,Clackmannanshire,181,2693,2874,97.21166033,296.4,4.634581105,5.51,94.44,20408,535.2941176
161,2018,Scotland,Clackmannanshire,606,3959,4565,102.0612613,391.9,20.08995502,5.5,91.24,22520,801.8049288
162,2018,Scotland,Clackmannanshire,304,1928,2232,93.03135889,480.1,23.75690608,5.43,86.11,24689,864.3710471
163,2018,Scotland,Clackmannanshire,670,3984,4654,104.8674803,397.7,23.86018237,5.52,92.12,20389,1157.706093
164,2018,Scotland,Clackmannanshire,146,3488,3634,99.69984054,234.1,6.919275124,6.15,86.89,17024,294.2618931
165,2018,Scotland,Clackmannanshire,518,4315,4833,91.76422543,466.7,17.30103806,5.38,90.87,19348,951.7684887
166,2018,Scotland,Clackmannanshire,898,4320,5218,102.0480682,512.9,25.24167562,5.11,86.04,22863,1251.178875
167,2018,Scotland,Clackmannanshire,1567,3047,4614,103.1778905,696.1,35.63348416,4.64,83.33,24397,3963.237665
168,2018,Scotland,Clackmannanshire,740,4984,5724,97.72515709,415.4,16.48351648,5.31,89.84,22385,949.9041883
169,2018,Scotland,Clackmannanshire,273,3121,3394,102.3577955,437.4,10.91954023,5.73,98.29,25957,863.3733867
170,2018,Scotland,Dumfries and Galloway,848,2949,3797,99.19522561,519.5,30.42212518,5.21,91.57,26024,1768.321513
171,2018,Scotland,Dumfries and Galloway,473,2157,2630,109.0363019,644.3,28.03030303,5.31,87.61,19872,4254.071661
172,2018,Scotland,Dumfries and Galloway,602,2825,3427,104.6383648,662.2,24.54268293,5.13,91.93,24303,1109.974425
173,2018,Scotland,Dumfries and Galloway,408,3244,3652,107.6110741,322.6,19.86899563,5.33,97.39,15234,1900.152827
174,2018,Scotland,Dumfries and Galloway,288,1796,2084,102.8723576,369.4,19.76744186,5.25,98.75,17851,388.185654
175,2018,Scotland,Dumfries and Galloway,305,2266,2571,106.8660775,286.9,23.40425532,5.56,95.28,24963,591.1330049
176,2018,Scotland,Dumfries and Galloway,687,4206,4893,102.8770112,331.5,23.65439093,5.66,95.81,21364,531.238309
177,2018,Scotland,Dumfries and Galloway,729,4695,5424,102.7984259,379.6,19.49152542,5.52,93.24,21297,1057.563588
178,2018,Scotland,Dumfries and Galloway,298,3312,3610,96.58824632,299,17.33333333,5.65,91.61,15201,394.0634596
179,2018,Scotland,Dumfries and Galloway,432,4888,5320,104.5705382,329.5,15.47445255,5.63,94.03,20163,682.6178747
180,2018,Scotland,Dumfries and Galloway,550,4268,4818,101.5349354,403.9,18.48852901,5.73,93.75,23658,1126.503828
181,2018,Scotland,Dumfries and Galloway,495,3661,4156,102.1788069,428.7,13.78151261,5.7,92.64,25441,820.0944611
182,2018,Scotland,Dumfries and Galloway,96,2307,2403,103.1584884,308.7,9.411764706,5.69,96.3,16782,304.9257232
183,2018,Scotland,Dumfries and Galloway,413,3356,3769,100.17232,303.3,19.45606695,5.68,90.73,18433,789.9807322
184,2018,Scotland,Dumfries and Galloway,776,3830,4606,103.3413061,529,25.40272615,5.52,91.26,25899,1090.775988
185,2018,Scotland,Dumfries and Galloway,389,3615,4004,102.7789474,358,12.11573237,6.07,95.27,20704,922.2661397
186,2018,Scotland,Dumfries and Galloway,286,4184,4470,102.3899561,299.3,18.05555556,5.68,93.49,20625,422.5878833
187,2018,Scotland,Dumfries and Galloway,303,3243,3546,91.6058048,336.7,12.91666667,5.47,92.41,23609,565.0764243
188,2018,Scotland,Dumfries and Galloway,1457,4331,5788,107.5696021,630,32.54593176,4.9,85.71,32885,1923.076923
189,2018,Scotland,Dumfries and Galloway,806,3768,4574,104.5451287,418.9,23.17880795,5.44,86.36,26183,2081.494058
190,2018,Scotland,Dumfries and Galloway,316,3223,3539,103.0091921,215.5,12.32032854,5.86,95,23658,541.4470532
191,2018,Scotland,Dumfries and Galloway,289,3055,3344,106.7078106,343.2,12.28448276,5.45,92.48,22759,990.7597536
192,2018,Scotland,Dumfries and Galloway,254,2878,3132,105.932848,526,10.76555024,5.74,95.76,25403,1093.579978
193,2018,Scotland,Dumfries and Galloway,121,2625,2746,105.6387346,317,5.985037406,5.89,92.59,17529,238.372093
194,2018,Scotland,Dumfries and Galloway,117,2656,2773,103.4491047,293.4,8.483290488,5.86,96.26,26960,299.6941896
195,2018,Scotland,Dumfries and Galloway,678,2592,3270,98.81847476,672.2,23.52941176,5.16,82.24,36726,7395.153774
196,2018,Scotland,Dumfries and Galloway,321,3101,3422,103.1760436,409.1,14.28571429,5.8,93.55,26934,2001.906578
197,2018,Scotland,Dumfries and Galloway,280,2664,2944,104.3321719,409.1,17.67337808,5.27,91.96,26075,618.3115339
198,2018,Scotland,Dumfries and Galloway,139,2719,2858,106.8002863,291.5,15.13002364,5.91,93.97,27350,314.4300955
199,2018,Scotland,Dumfries and Galloway,159,3533,3692,76.52242884,302.4,10.17964072,5.74,93.75,24354,693.1530008
200,2018,Scotland,Dumfries and Galloway,252,3040,3292,99.66108658,348.8,14.19878296,5.72,94.85,20140,514.0434552
201,2018,Scotland,Dumfries and Galloway,588,4414,5002,99.18661244,372.5,17.70700637,5.32,94.05,26766,1693.158258
202,2018,Scotland,Dumfries and Galloway,319,3464,3783,103.60702,364.9,21.38047138,5.82,92.05,26243,816.9149447
203,2018,Scotland,Dumfries and Galloway,372,3392,3764,105.2583944,157.6,16.28440367,5.73,80.49,9083,621.4689266
204,2018,Scotland,Dumfries and Galloway,356,3559,3915,102.5184542,391.7,22.41681261,5.34,93.33,20506,979.6839729
205,2018,Scotland,Dumfries and Galloway,185,2332,2517,105.2518469,293.4,18.68421053,5.64,99,23163,655.4054054
206,2018,Scotland,Dumfries and Galloway,404,2710,3114,106.6695871,383.2,19.24686192,5.31,90.35,28590,2227.146814
207,2018,Scotland,Dumfries and Galloway,719,4866,5585,100.6443842,414,21.75969726,5.3,89.05,27148,1030.74141
208,2018,Scotland,Dumfries and Galloway,195,2751,2946,103.3186354,286.3,18.00947867,5.77,95.51,21793,910.1796407
209,2018,Scotland,Dumfries and Galloway,379,3641,4020,104.4581156,346.9,20.68345324,5.42,89.66,16450,1470.08547
210,2018,Scotland,Dundee City,212,5521,5733,102.2837735,242.4,6.285714286,5.87,95.52,21146,310.1957793
211,2018,Scotland,Dundee City,633,6604,7237,97.39349034,758.1,13.64605544,4.98,94.12,39498,944.5367992
212,2018,Scotland,Dundee City,828,4844,5672,102.5658014,575.2,22.3880597,5.34,88.46,24712,855.0548112
213,2018,Scotland,Dundee City,760,4200,4960,98.11231713,949,24.89177489,5.42,74.12,19461,4541.597926
214,2018,Scotland,Dundee City,929,4551,5480,97.41697417,725.8,28.13559322,4.78,81.48,30292,2712.464589
215,2018,Scotland,Dundee City,1295,3361,4656,102.7139115,976.4,30.80291971,4.52,80.27,35655,2084.155161
216,2018,Scotland,Dundee City,1309,3539,4848,97.27463312,828.7,28.61491629,4.73,84.68,27145,1883.69935
217,2018,Scotland,Dundee City,1265,4427,5692,100.696553,692.4,29.43548387,4.72,82.63,29151,1764.705882
218,2018,Scotland,Dundee City,210,3029,3239,102.9261689,293.3,20.59405941,5.86,91.6,22979,767.6869042
219,2018,Scotland,Dundee City,598,3803,4401,102.0742358,404.5,16.76082863,5.42,92.8,28282,958.2999198
220,2018,Scotland,Dundee City,1203,3280,4483,103.8473424,735.1,29.46530148,4.58,80,34101,1790.935673
221,2018,Scotland,Dundee City,153,3034,3187,99.15245145,249.5,13.55498721,6.08,98.55,23327,755.5282555
222,2018,Scotland,Dundee City,732,2021,2753,103.9184763,599.2,24.96050553,4.78,87.2,29940,1437.384331
223,2018,Scotland,Dundee City,329,4796,5125,99.07212424,323.4,10.32357473,5.87,93.96,24398,1187.262028
224,2018,Scotland,Dundee City,196,3526,3722,101.8433594,215.7,6.148282098,5.79,94.33,23285,239.608802
225,2018,Scotland,Dundee City,295,4154,4449,98.28943385,319.5,5.238095238,5.91,93.96,19385,413.2569558
226,2018,Scotland,Dundee City,246,6378,6624,98.7804266,399.2,3.70634355,5.86,95.42,17857,413.7303933
227,2018,Scotland,Dundee City,1620,4460,6080,100.4838534,689.4,23.71134021,4.63,84.44,27358,1606.334842
228,2018,Scotland,Dundee City,1025,5277,6302,95.32433148,541.6,17.35428946,4.97,89.32,27859,1246.691371
229,2018,Scotland,Dundee City,1694,3607,5301,99.80051119,883.8,23.09486781,4.29,80.43,32344,2961.411905
230,2018,Scotland,Dundee City,534,2723,3257,101.1669203,405.7,16.47058824,4.96,90.56,23077,2594.780896
231,2018,Scotland,Dundee City,901,3145,4046,96.24011619,522.6,22.46603971,4.51,85.95,30769,1556.642217
232,2018,Scotland,Dundee City,485,4324,4809,103.9662624,387.4,13.90644753,5.18,93.75,23435,610.8202443
233,2018,Scotland,Dundee City,424,3223,3647,100.3768382,420,12.36162362,5.3,89.52,28448,1934.192975
234,2018,Scotland,Dundee City,1063,3790,4853,101.2717819,639.3,22.38562092,5.13,85.99,36891,1450.758913
235,2018,Scotland,Dundee City,365,3367,3732,96.03611738,364.9,16.33393829,5.63,96.91,21468,688.4057971
236,2018,Scotland,Dundee City,930,3530,4460,102.4451363,937.1,25.14898689,4.71,89.58,29726,2400.137741
237,2018,Scotland,Dundee City,1181,3130,4311,100.7097177,605.4,30.5785124,4.51,85.2,28371,2031.425365
238,2018,Scotland,Dundee City,1420,4176,5596,97.68482606,741,23.34593573,4.52,87.23,27778,2372.486156
239,2018,Scotland,Dundee City,1441,4648,6089,97.51162155,593.4,21.08792846,4.86,89.15,28125,1667.560322
240,2018,Scotland,Dundee City,115,3851,3966,93.32558526,213.4,4.104477612,5.74,96.64,20930,0
241,2018,Scotland,East Ayrshire,850,2332,3182,105.4827175,817.8,32.32758621,5,82.86,39286,1750.3884
242,2018,Scotland,East Ayrshire,682,3455,4137,99.7725796,569.9,26.85950413,5.01,83.33,33447,682.1766562
243,2018,Scotland,East Ayrshire,723,4275,4998,104.3118644,374.4,18.69510665,5.45,91.12,35269,925.867006
244,2018,Scotland,East Ayrshire,473,2651,3124,102.4023062,445.5,28.11501597,5.34,90.34,31886,805.8608059
245,2018,Scotland,East Ayrshire,417,3555,3972,105.5222089,456.2,18.44331641,5.55,87.58,35730,672.2689076
246,2018,Scotland,East Ayrshire,795,3945,4740,103.8469835,378.4,24.83311081,5.3,83.78,31569,1171.652422
247,2018,Scotland,East Ayrshire,574,2101,2675,106.3440321,599.8,34.19689119,5.3,89.01,44578,1284.461153
248,2018,Scotland,East Ayrshire,982,3856,4838,104.7258322,536.3,25.18440464,5.15,86.09,30248,1295.85998
249,2018,Scotland,East Ayrshire,510,3359,3869,103.735859,537.1,21.3028169,5.5,87.2,32120,1727.153476
250,2018,Scotland,East Ayrshire,782,2915,3697,102.8227631,551.4,27.62186115,5.03,86.23,31762,1476.449275
251,2018,Scotland,East Ayrshire,295,5728,6023,87.98106377,252.2,8.915441176,5.85,95.85,24544,1094.811193
252,2018,Scotland,East Ayrshire,385,3742,4127,103.266043,315.4,10.70911722,5.93,92.99,30769,762.5099285
253,2018,Scotland,East Ayrshire,312,2147,2459,105.5777423,511.2,15,5.4,92.31,26286,669.7612732
254,2018,Scotland,East Ayrshire,441,3402,3843,101.8467303,336.2,17.20930233,5.55,88.34,23853,695.2595937
255,2018,Scotland,East Ayrshire,539,2258,2797,108.4383026,570.6,28.92156863,5.46,87.61,26929,1027.479092
256,2018,Scotland,East Ayrshire,740,4032,4772,98.88355003,444.9,19.18678526,5.35,93.4,34181,717.9139858
257,2018,Scotland,East Ayrshire,898,4755,5653,106.3935591,519.5,23.11621967,5.47,88.84,29438,2208.004356
258,2018,Scotland,East Ayrshire,1403,2978,4381,103.2729752,741.5,36.02875112,4.49,84.62,33280,1549.870226
259,2018,Scotland,East Ayrshire,768,3406,4174,102.760541,577.9,25.52301255,5.38,88.62,35227,985.2774632
260,2018,Scotland,East Ayrshire,496,2341,2837,104.7749464,431,21.36498516,5.34,89.29,33903,4030.612245
261,2018,Scotland,East Ayrshire,298,2913,3211,102.3731674,373.9,9.5,5.82,93.26,23465,1497.035573
262,2018,Scotland,East Ayrshire,463,2444,2907,106.3075833,372.7,22.82157676,5.42,86.79,29428,1367.684478
263,2018,Scotland,East Ayrshire,579,3054,3633,104.9786761,423.6,19.34477379,5.23,87.85,27632,725.9849491
264,2018,Scotland,East Ayrshire,139,5716,5855,99.96570253,216.7,7.541899441,6.05,96.3,21443,478.9626885
265,2018,Scotland,East Ayrshire,1115,3478,4593,98.71637701,690.9,34.61928934,4.93,85.17,36000,947.6902174
266,2018,Scotland,East Ayrshire,1294,3402,4696,99.0887734,726.1,26.62601626,4.62,84.07,37411,2015.281757
267,2018,Scotland,East Ayrshire,713,3245,3958,98.34775767,544.3,18.78787879,5.31,84,35548,6210.826211
268,2018,Scotland,East Ayrshire,161,5650,5811,97.04531277,267.3,5.572441743,6.03,99.19,24466,711.5594329
269,2018,Scotland,East Ayrshire,369,3864,4233,85.12079476,645.9,12.19512195,5.31,87.94,35238,1372.827244
270,2018,Scotland,East Ayrshire,336,2409,2745,104.3943732,487.5,17.73049645,5.69,94.34,35577,626.9020085
271,2018,Scotland,East Dunbartonshire,88,2665,2753,103.422835,323.9,5.202312139,6.2,96.38,16700,437.8283713
272,2018,Scotland,East Dunbartonshire,354,3123,3477,99.08501716,219.4,12.11267606,5.73,93.75,24341,421.9409283
273,2018,Scotland,East Dunbartonshire,107,3206,3313,99.13697943,214.8,6.271777003,6.22,96.15,18523,646.5517241
274,2018,Scotland,East Dunbartonshire,238,3763,4001,98.70410367,299.7,3.281519862,6.28,96.09,23265,1365.330848
275,2018,Scotland,East Dunbartonshire,57,2870,2927,95.42371056,227.2,2.003338898,6.44,99.19,20232,391.3551402
276,2018,Scotland,East Dunbartonshire,123,3634,3757,94.75121092,118.3,3.203342618,6.42,100,29120,435.2030948
277,2018,Scotland,East Dunbartonshire,136,4345,4481,93.44015647,184.2,4.981773998,6.15,98.65,21292,377.5834658
278,2018,Scotland,East Dunbartonshire,199,4015,4214,98.5407793,248.2,6.748466258,6.29,97.83,18031,607.3838825
279,2018,Scotland,East Dunbartonshire,135,2747,2882,96.45274212,309,10.53719008,5.96,95.54,17829,503.1810295
280,2018,Scotland,East Dunbartonshire,125,3515,3640,100.9657837,250,3.377110694,6.14,99.19,21853,503.0849549
281,2018,Scotland,East Dunbartonshire,80,3163,3243,100.0206186,208,3.658536585,6.24,98.65,18967,837.3786408
282,2018,Scotland,East Dunbartonshire,80,2799,2879,98.51054079,181.8,3.859649123,6.24,97.87,17308,659.6614127
283,2018,Scotland,East Dunbartonshire,123,2684,2807,101.6011302,221.1,6.997742664,6.28,97.12,20370,550.5107832
284,2018,Scotland,East Dunbartonshire,202,4919,5121,101.8898558,216.7,4.292929293,6.16,99.07,22171,276.4823451
285,2018,Scotland,East Dunbartonshire,306,6241,6547,95.65129245,267.5,6.741573034,6.02,95.4,24723,1751.576904
286,2018,Scotland,East Dunbartonshire,786,4862,5648,89.40032795,469.7,15.60035057,5.92,95.36,31323,713.5046473
287,2018,Scotland,East Dunbartonshire,81,2309,2390,99.57886157,206.2,7.01754386,6.12,95.69,14781,211.8100128
288,2018,Scotland,East Dunbartonshire,182,3865,4047,100.9099033,326.1,9,6.23,97.45,20434,213.5374698
289,2018,Scotland,East Dunbartonshire,314,4807,5121,103.3867514,274.4,7.986870897,6.1,96.41,21849,525.787006
290,2018,Scotland,East Dunbartonshire,89,3153,3242,103.5551041,229.7,1.489757914,6.31,99.32,19371,267.0157068
291,2018,Scotland,East Dunbartonshire,342,3120,3462,96.60151262,448,8.090614887,5.83,93.08,29461,832.9477094
292,2018,Scotland,East Dunbartonshire,525,3734,4259,99.18173317,489.5,8.13253012,5.98,95,33160,2144.219763
293,2018,Scotland,East Dunbartonshire,1068,3079,4147,97.33312041,596.4,23.39667458,5.47,91.79,31719,0
294,2018,Scotland,East Dunbartonshire,284,4657,4941,65.1333591,274.2,7.638888889,6.03,96.75,19946,367.8724709
295,2018,Scotland,East Dunbartonshire,321,2539,2860,98.67163831,399.2,21.13821138,5.88,93.22,31776,828.2379099
296,2018,Scotland,East Dunbartonshire,513,2701,3214,105.9072623,430.5,15.51401869,5.69,90.54,34412,678.0538302
297,2018,Scotland,East Dunbartonshire,278,3770,4048,102.0430378,367.6,8.153078203,5.79,86.96,21888,324.4353183
298,2018,Scotland,East Dunbartonshire,599,4110,4709,101.7657993,472.8,15.2368758,5.76,91.4,29291,882.452004
299,2018,Scotland,East Lothian,827,5830,6657,85.09476084,502.6,17.46268657,5.13,92.2,27899,746.3900752
300,2018,Scotland,East Lothian,452,4092,4544,98.83620067,367.1,15.07246377,5.51,94.87,19707,882.1571238
301,2018,Scotland,East Lothian,167,2861,3028,102.6936776,226.5,7.382550336,5.89,96.27,21093,851.970181
302,2018,Scotland,East Lothian,781,4143,4924,100.0539556,465.4,16.54879774,5.4,89.15,32588,1727.411945
303,2018,Scotland,East Lothian,776,3846,4622,92.17195803,384.9,18.12080537,5.38,93.41,28337,1342.988808
304,2018,Scotland,East Lothian,438,1935,2373,90.75862069,440,18.93939394,5.16,91,25080,1121.733588
305,2018,Scotland,East Lothian,849,4748,5597,90.86953966,414.7,17.76027997,4.88,92.68,20838,1215.133941
306,2018,Scotland,East Lothian,548,3735,4283,98.13731527,505.7,18.11680572,5.18,91.72,28859,869.0869087
307,2018,Scotland,East Lothian,479,5284,5763,103.0885579,303.8,9.758897819,5.46,96.18,22727,693.9550014
308,2018,Scotland,East Lothian,921,5875,6796,92.13472303,387,18.82621951,5.31,89.35,24260,1655.844156
309,2018,Scotland,East Lothian,656,5362,6018,96.5324262,400.8,12.30769231,5.63,94.02,25000,741.7012448
310,2018,Scotland,East Lothian,372,2535,2907,99.67320261,482,16.66666667,5.34,94.39,19320,573.7704918
311,2018,Scotland,East Lothian,425,5357,5782,95.93882753,295.8,12.18529708,5.64,97.8,19009,552.6161082
312,2018,Scotland,East Lothian,334,5428,5762,90.89532872,251,8.66489832,5.96,98.37,17914,366.4081305
313,2018,Scotland,East Lothian,308,3927,4235,95.25955859,351.4,6.212664277,5.93,97.03,17411,410.7485605
314,2018,Scotland,East Lothian,645,4150,4795,98.68421053,425.5,18.24907522,5.37,93.3,22968,1430.555556
315,2018,Scotland,East Lothian,200,4193,4393,97.00443222,258.4,7.387140903,5.92,96.39,16440,370.8281829
316,2018,Scotland,East Lothian,130,3145,3275,101.2953368,226.6,4.867256637,6.1,97,18340,646.6069142
317,2018,Scotland,East Lothian,247,3941,4188,80.7855471,302.4,8.421052632,6.14,97.8,17604,413.3784292
318,2018,Scotland,East Lothian,248,4883,5131,92.8670273,302.6,6.954689146,5.88,96.3,17682,615.6299841
319,2018,Scotland,East Lothian,509,4596,5105,79.6951484,329.6,12.16105177,5.61,94.9,20214,764.9599013
320,2018,Scotland,East Lothian,399,4263,4662,101.2074326,334,8.531317495,5.81,97.4,17938,825.0460405
321,2018,Scotland,East Renfrewshire,569,5715,6284,100.2155286,406.9,13.73976342,5.96,94.3,17998,543.9642325
322,2018,Scotland,East Renfrewshire,174,3310,3484,103.130352,370.6,6.570841889,6.1,97.04,18654,295.4971857
323,2018,Scotland,East Renfrewshire,1355,4825,6180,100.1038933,642.1,24.97512438,5.21,89.39,30386,1730.146876
324,2018,Scotland,East Renfrewshire,391,3607,3998,96.5452003,422.2,15.53719008,5.76,93.83,24194,454.0023895
325,2018,Scotland,East Renfrewshire,775,3390,4165,99.35735785,532.4,24.91730981,5.48,88.04,31022,967.0079636
326,2018,Scotland,East Renfrewshire,385,7604,7989,73.69618197,241.4,8.120531154,6.25,97.7,22754,605.1752922
327,2018,Scotland,East Renfrewshire,450,5720,6170,101.7023822,306,10.78651685,6.31,96.77,18304,627.0881521
328,2018,Scotland,East Renfrewshire,61,3782,3843,95.27172509,149.1,3.679369251,6.17,98.65,17189,425.5319149
329,2018,Scotland,East Renfrewshire,230,6190,6420,93.36346095,225.9,7.478797224,6.37,98.28,25364,755.4245915
330,2018,Scotland,East Renfrewshire,281,4797,5078,91.10299393,293.4,5.838739574,6.03,97.63,16599,508.8717777
331,2018,Scotland,East Renfrewshire,111,3213,3324,92.92560024,228.3,6.056129985,6.16,98.08,22527,579.7101449
332,2018,Scotland,East Renfrewshire,312,3336,3648,96.21787912,420.4,10.95890411,6.11,94.92,22612,626.1261261
333,2018,Scotland,East Renfrewshire,124,6126,6250,100.2735611,221.3,3.759398496,6.3,99.69,20000,435.1308062
334,2018,Scotland,East Renfrewshire,47,3208,3255,92.43121612,291.7,1.302083333,6.21,99.37,16319,323.4086242
335,2018,Scotland,East Renfrewshire,118,3616,3734,100.1262285,188.9,3.672316384,6.2,95.24,22946,434.0124004
336,2018,Scotland,East Renfrewshire,130,4587,4717,100.2052226,233.5,1.219512195,6.47,98.82,21875,385.5232101
337,2018,Scotland,East Renfrewshire,175,4691,4866,100.1094841,222.4,5.561735261,6.38,98.94,19751,347.6033663
338,2018,Scotland,East Renfrewshire,49,3430,3479,98.6364955,175.7,2.553191489,6.5,98.66,22653,404.9014385
339,2018,Scotland,East Renfrewshire,308,3526,3834,97.48864547,332.3,5.47112462,6.01,96.06,29187,1155.900923
340,2018,Scotland,East Renfrewshire,379,3663,4042,99.35369203,330.6,18.58304297,6.11,95.65,24642,938.4615385
341,2018,Scotland,"Edinburgh, City of",219,5612,5831,99.94280812,184.9,5.5028463,5.83,98.35,18201,491.355778
342,2018,Scotland,"Edinburgh, City of",135,6091,6226,85.99441341,268.8,6.855439642,5.73,94.96,18470,176.1426979
343,2018,Scotland,"Edinburgh, City of",96,3203,3299,89.49010432,180.5,4.020100503,5.85,99.15,23412,562.5313913
344,2018,Scotland,"Edinburgh, City of",113,4180,4293,94.20199013,280.3,3.597122302,5.88,97.83,23104,642.2396048
345,2018,Scotland,"Edinburgh, City of",88,4569,4657,91.79020189,151.7,2.894211577,6.31,98.44,16631,565.9697188
346,2018,Scotland,"Edinburgh, City of",122,4595,4717,100.9250036,227.5,4.290822408,6.07,95.58,24863,453.2577904
347,2018,Scotland,"Edinburgh, City of",871,2760,3631,93.07806969,836.2,30.54968288,4.95,87.44,35565,1393.408427
348,2018,Scotland,"Edinburgh, City of",1047,3518,4565,101.6143633,782.6,25.30253025,4.91,85.98,28466,1656.420765
349,2018,Scotland,"Edinburgh, City of",1203,2601,3804,101.3173435,722.2,27.32843137,4.78,79.25,23291,2857.725234
350,2018,Scotland,"Edinburgh, City of",269,2843,3112,100.6055268,361.4,13.66120219,5.3,87.85,23827,1554.862194
351,2018,Scotland,"Edinburgh, City of",709,3007,3716,93.88634527,763.4,23.55828221,5.02,86.12,29461,1613.172155
352,2018,Scotland,"Edinburgh, City of",1075,4871,5946,101.113226,656.1,15.57093426,5.24,89.44,34587,1308.31643
353,2018,Scotland,"Edinburgh, City of",480,4028,4508,99.63455635,524.8,14.11229135,5.12,88.96,25744,1805.869074
354,2018,Scotland,"Edinburgh, City of",445,4660,5105,94.33777429,417.4,12.57861635,5.58,89.47,27078,1463.873221
355,2018,Scotland,"Edinburgh, City of",544,4871,5415,86.49807939,566.1,13.4057971,4.89,88.61,25882,1382.15103
356,2018,Scotland,"Edinburgh, City of",387,3661,4048,95.50571837,687.6,10.70336391,4.44,81.58,20330,904.6001852
357,2018,Scotland,"Edinburgh, City of",142,5250,5392,94.7309417,260.2,5.78778135,6.03,96.77,16588,455.320185
358,2018,Scotland,"Edinburgh, City of",66,4962,5028,96.51224707,181.6,1.515151515,5.93,98.02,18730,518.3439919
359,2018,Scotland,"Edinburgh, City of",140,4554,4694,96.33959231,273,2.718168813,6.01,99.07,18786,494.3596549
360,2018,Scotland,"Edinburgh, City of",54,4305,4359,99.02609754,97.2,1.829268293,6.36,97.52,14629,610.7171001
361,2018,Scotland,"Edinburgh, City of",592,3483,4075,99.11437881,511.3,15.11470985,5.19,91.72,26261,1278.079009
362,2018,Scotland,"Edinburgh, City of",492,2174,2666,97.46619564,470.2,17.24845996,5.16,92.79,33259,1052.328925
363,2018,Scotland,"Edinburgh, City of",73,5080,5153,106.8562092,182.8,4.617253949,6.12,96.32,18048,715.4797727
364,2018,Scotland,"Edinburgh, City of",75,5571,5646,88.24055844,204.5,2.446724546,6.28,95.98,13108,378.3948734
365,2018,Scotland,"Edinburgh, City of",167,2884,3051,81.87566884,343.4,7.366482505,5.28,95.92,17914,807.0781183
366,2018,Scotland,"Edinburgh, City of",103,2445,2548,105.414394,234.4,12.17712177,5.69,91.8,19130,974.6588694
367,2018,Scotland,"Edinburgh, City of",1254,4633,5887,92.19217491,655,23.0651341,4.86,89.9,32148,1839.049419
368,2018,Scotland,"Edinburgh, City of",688,3133,3821,95.98210369,508,15.99479844,5.11,87.65,30869,1196.895425
369,2018,Scotland,"Edinburgh, City of",709,3577,4286,97.03627598,580.9,16.875,5.19,88.89,30515,1416.760616
370,2018,Scotland,"Edinburgh, City of",745,2561,3306,100.553015,661.4,18.73990307,5.04,88.8,21306,2193.211488
371,2018,Scotland,"Edinburgh, City of",107,3125,3232,106.041062,374.9,9.478672986,6.05,94.79,24163,1510.681587
372,2018,Scotland,"Edinburgh, City of",193,3066,3259,87.54981048,313.4,4.921700224,6.2,96.23,20463,729.6587927
373,2018,Scotland,"Edinburgh, City of",859,4148,5007,97.67362995,508.1,18.59459459,5.32,90.68,31242,1069.651741
374,2018,Scotland,"Edinburgh, City of",255,6597,6852,96.27852959,275.7,4.946996466,6.09,96.94,19434,1017.195447
375,2018,Scotland,"Edinburgh, City of",368,3021,3389,102.6078334,488,14.9870801,5.93,94.52,23043,582.3117338
376,2018,Scotland,"Edinburgh, City of",195,5735,5930,90.2287234,291.4,5.381944444,6.13,89.06,23568,512.5797972
377,2018,Scotland,"Edinburgh, City of",174,5653,5827,97.7210468,169.9,1.446051168,6.36,96.88,19403,768.7959299
378,2018,Scotland,"Edinburgh, City of",149,4986,5135,102.4131016,397.6,4.508196721,6.06,97.4,19908,544.5665446
379,2018,Scotland,"Edinburgh, City of",73,4767,4840,102.955665,177.6,1.761252446,6.34,98.59,13054,468.2358896
380,2018,Scotland,"Edinburgh, City of",173,5918,6091,96.94028156,217.6,2.408376963,6.4,95,12610,635.7477853
381,2018,Scotland,"Edinburgh, City of",153,4932,5085,98.61996451,302.1,3.25443787,6.4,92,21270,1055.127445
382,2018,Scotland,"Edinburgh, City of",235,5940,6175,98.20855163,307.9,5.752212389,6.48,95.28,22020,482.5966261
383,2018,Scotland,"Edinburgh, City of",258,4575,4833,98.96952745,227.5,5.924170616,5.93,95.74,22423,428.1842818
384,2018,Scotland,"Edinburgh, City of",769,7052,7821,88.36929387,565.6,14.68682505,5.33,80,31667,1136.638452
385,2018,Scotland,"Edinburgh, City of",497,5870,6367,95.73637357,670.1,14.24802111,5.68,84.13,22901,2434.281599
386,2018,Scotland,"Edinburgh, City of",330,7174,7504,85.09596638,328.6,11.02362205,5.83,98.21,22167,1086.318262
387,2018,Scotland,"Edinburgh, City of",600,5920,6520,93.2118027,622.6,13.46153846,5.4,75,20811,8990.120746
388,2018,Scotland,"Edinburgh, City of",864,7516,8380,74.70479082,679.2,25.40045767,5.03,87.78,22103,2506.696743
389,2018,Scotland,"Edinburgh, City of",334,2573,2907,91.71805102,593.2,16.19047619,5.8,75,26722,734.8242812
390,2018,Scotland,"Edinburgh, City of",355,4590,4945,88.88888889,490.6,7.983193277,5.51,95.24,22821,1465.425532
391,2018,Scotland,"Edinburgh, City of",299,4886,5185,105.077481,327.4,8.963585434,5.56,90.24,19244,648.8549618
392,2018,Scotland,"Edinburgh, City of",1019,3482,4501,66.54676259,1567.4,24.36363636,5.19,86.71,31325,3007.58214
393,2018,Scotland,"Edinburgh, City of",1446,3131,4577,95.3370539,877.3,27.68102658,5.03,90.08,36673,1541.131552
394,2018,Scotland,"Edinburgh, City of",1029,2660,3689,100.3133352,665.1,21.09256449,4.8,87.88,33506,1537.408759
395,2018,Scotland,"Edinburgh, City of",294,3562,3856,81.08684945,424.1,12.46786632,5.5,94.2,22645,2631.578947
396,2018,Scotland,"Edinburgh, City of",246,5150,5396,98.4330394,314.9,5.017921147,6.1,92.82,23304,560.1527689
397,2018,Scotland,"Edinburgh, City of",461,3690,4151,94.01039584,404.4,14.17910448,5.31,88,23266,1589.451176
398,2018,Scotland,"Edinburgh, City of",162,3906,4068,96.62022916,258.9,5.9972106,5.78,96,22706,1048.705573
399,2018,Scotland,"Edinburgh, City of",129,2444,2573,97.76889347,252.3,9.31372549,5.71,97.83,23538,1135.902637
400,2018,Scotland,"Edinburgh, City of",527,3101,3628,98.8801054,508.8,16.10305958,4.74,85.51,28722,1092.294666
401,2018,Scotland,"Edinburgh, City of",86,2738,2824,101.5961882,207.1,8.418367347,5.58,96.04,20364,647.7987421
402,2018,Scotland,"Edinburgh, City of",673,2849,3522,106.0378888,628.4,17.76859504,4.94,84.82,26596,1222.765674
403,2018,Scotland,"Edinburgh, City of",1071,3346,4417,105.277295,864.7,25.26158445,4.74,87.82,30538,1709.166092
404,2018,Scotland,"Edinburgh, City of",308,4328,4636,102.5116144,404.5,5.906040268,5.9,97.35,27706,660.130719
405,2018,Scotland,"Edinburgh, City of",370,3711,4081,71.76648614,548.6,15.12859304,5.32,90.32,15929,2084.001282
406,2018,Scotland,"Edinburgh, City of",844,4322,5166,98.92875581,703.4,12.25895317,5.31,92.86,33726,1476.650143
407,2018,Scotland,"Edinburgh, City of",539,4740,5279,100.7800106,506.4,14.41774492,5.23,92.86,16369,867.371456
408,2018,Scotland,"Edinburgh, City of",845,4552,5397,97.27207466,678.2,20.87591241,5.02,87.5,31608,2463.841665
409,2018,Scotland,"Edinburgh, City of",618,4768,5386,102.4182077,635.7,20.42801556,5.54,86.46,37624,1456.214339
410,2018,Scotland,"Edinburgh, City of",296,3341,3637,100.4705656,356.8,11.88405797,5.33,90.48,28033,818.1505672
411,2018,Scotland,"Edinburgh, City of",384,3116,3500,97.56097561,747.4,26.02230483,4.97,92.31,30671,820.8955224
412,2018,Scotland,"Edinburgh, City of",289,5250,5539,98.68213633,346.2,7.373271889,5.81,89.58,21339,818.6599588
413,2018,Scotland,"Edinburgh, City of",364,3161,3525,99.51845907,481.3,15.27777778,5.47,87.88,20420,697.8527607
414,2018,Scotland,"Edinburgh, City of",365,3413,3778,94.99908576,693.8,15.86345382,5.34,93.26,29921,1215.77218
415,2018,Scotland,"Edinburgh, City of",128,3697,3825,96.19064035,208.7,4.096045198,6.25,97.67,16309,802.1172638
416,2018,Scotland,"Edinburgh, City of",171,4578,4749,97.08351426,333,2.770780856,6.02,94.81,18687,708.7172218
417,2018,Scotland,"Edinburgh, City of",115,3770,3885,100.9197475,236.2,4.181818182,6.41,96.49,26417,628.5967242
418,2018,Scotland,"Edinburgh, City of",252,3939,4191,95.18062397,348.2,7.368421053,5.72,98.15,23620,602.6716372
419,2018,Scotland,"Edinburgh, City of",154,4597,4751,97.61994144,258.9,7.034220532,5.64,97.01,29442,656.3485239
420,2018,Scotland,"Edinburgh, City of",100,2713,2813,105.3762179,338.5,6.008583691,6.37,90.32,17114,1195.698925
421,2018,Scotland,"Edinburgh, City of",149,3346,3495,105.3156823,267,5.070422535,6,100,20194,1020.499109
422,2018,Scotland,"Edinburgh, City of",66,3156,3222,102.9340112,192.2,4.377104377,6,95.45,15864,525.2525253
423,2018,Scotland,"Edinburgh, City of",241,5535,5776,104.293962,265.7,4.074074074,5.86,93.94,20370,625.9241005
424,2018,Scotland,"Edinburgh, City of",59,3999,4058,96.85914261,211,2.584814216,5.76,100,22441,616.6419019
425,2018,Scotland,"Edinburgh, City of",213,6678,6891,94.8981691,305.8,4.136947218,5.22,90.24,21328,2677.561282
426,2018,Scotland,"Edinburgh, City of",234,4104,4338,100.752463,292.4,7.433628319,6,93.98,23347,910.0837277
427,2018,Scotland,"Edinburgh, City of",51,4392,4443,96.25822058,164.8,0.659630607,5.92,96.43,15993,626.746507
428,2018,Scotland,"Edinburgh, City of",88,4596,4684,93.98241568,328.1,4.426002766,6.09,97.59,20975,1269.949066
429,2018,Scotland,"Edinburgh, City of",125,5918,6043,97.25290127,205.7,2.092414996,6.15,96.76,16820,703.3822209
430,2018,Scotland,"Edinburgh, City of",809,4044,4853,98.90039728,442.6,19.19406151,4.79,87.7,31191,1478.896643
431,2018,Scotland,"Edinburgh, City of",1065,4109,5174,89.01055668,632.2,23.84341637,4.98,82.78,25000,1771.527979
432,2018,Scotland,"Edinburgh, City of",385,5162,5547,93.87780016,355.9,11.19842829,5.53,91.16,26734,932.2944653
433,2018,Scotland,"Edinburgh, City of",820,2221,3041,100.5426625,796.9,22.42990654,4.8,82.29,28125,1680.30551
434,2018,Scotland,"Edinburgh, City of",729,3237,3966,89.38486204,614.5,26.44978784,5.2,85.09,43080,1565.714286
435,2018,Scotland,"Edinburgh, City of",656,3568,4224,96.62156622,637.3,24.20681551,4.98,88.46,33148,1959.833795
436,2018,Scotland,"Edinburgh, City of",1396,4160,5556,84.65287684,849.8,25.05263158,5.01,87.7,31542,1727.652901
437,2018,Scotland,"Edinburgh, City of",123,4446,4569,97.41702958,282.9,5.733944954,5.94,96.63,20247,1242.211838
438,2018,Scotland,"Edinburgh, City of",56,2704,2760,92.41354116,179.6,2.272727273,6.15,100,19316,428.5714286
439,2018,Scotland,"Edinburgh, City of",72,3968,4040,95.04620764,174,3.055555556,6.26,96.36,24979,588.7984682
440,2018,Scotland,"Edinburgh, City of",815,5372,6187,97.61132728,395.8,17.03835861,5.34,92.27,29942,1030.486269
441,2018,Scotland,"Edinburgh, City of",420,3873,4293,98.34598482,333,11.42020498,5.63,91.4,23592,526.8975682
442,2018,Scotland,"Edinburgh, City of",119,5135,5254,95.96681557,229,5.573080967,5.93,93.3,19499,481.3172894
443,2018,Scotland,"Edinburgh, City of",118,3701,3819,87.23422872,237.6,4.296875,6.08,96,24211,643.8896189
444,2018,Scotland,"Edinburgh, City of",190,5408,5598,98.88077859,284.4,4.093567251,5.95,97.83,24553,818.5162477
445,2018,Scotland,"Edinburgh, City of",182,2626,2808,102.179803,283.2,10.86474501,5.22,91.84,22148,421.9877846
446,2018,Scotland,"Edinburgh, City of",274,4149,4423,93.71291219,312.4,8.549222798,5.42,91.76,21008,630.6913997
447,2018,Scotland,"Edinburgh, City of",278,4614,4892,99.68654221,360.7,5.952380952,5.64,92.31,22527,2124.336145
448,2018,Scotland,"Edinburgh, City of",208,3285,3493,96.43064423,407.5,6.103286385,5.73,95.15,20684,1807.228916
449,2018,Scotland,"Edinburgh, City of",562,7021,7583,68.0442035,338,7.831325301,5.75,95.81,21958,863.3379749
450,2018,Scotland,"Edinburgh, City of",290,4526,4816,98.06040454,327.4,10.553814,5.7,90.48,17949,840.9942118
451,2018,Scotland,"Edinburgh, City of",160,3795,3955,101.4697137,332.8,7.01986755,5.81,96.25,17695,466.3009404
452,2018,Scotland,Eilean Siar,299,2726,3025,101.9350607,515.3,12.47637051,5.63,97.39,27456,75.36231884
453,2018,Scotland,Eilean Siar,225,2683,2908,104.0630473,406.6,12.29508197,5.41,98.11,25485,78.50241546
454,2018,Scotland,Eilean Siar,186,1666,1852,102.5491624,469.7,15.32258065,6.25,100,23793,89.91008991
455,2018,Scotland,Eilean Siar,281,2225,2506,102.8460716,320,12.13872832,5.88,97.89,21082,41.75365344
456,2018,Scotland,Eilean Siar,447,3326,3773,106.6166622,420.9,11.85031185,5.75,97.79,21368,49.84141368
457,2018,Scotland,Eilean Siar,260,3419,3679,100.7936508,311.6,6.355932203,5.67,98.36,30962,23.37540907
458,2018,Scotland,Eilean Siar,450,2776,3226,104.822227,511.6,14.98973306,5.66,96.75,40857,314.5611365
459,2018,Scotland,Eilean Siar,263,2530,2793,110.1211073,604.8,12.36842105,5.68,95.74,24970,103.2258065
460,2018,Scotland,Eilean Siar,226,2962,3188,100.7831778,301.9,9.171075838,5.57,96.49,31655,92.24091156
461,2018,Scotland,Falkirk,455,2734,3189,102.3326044,531.9,18.42105263,5.47,91.6,25596,1224.987799
462,2018,Scotland,Falkirk,500,3961,4461,89.47819871,439.9,13.75722543,5.52,91.3,24260,1186.440678
463,2018,Scotland,Falkirk,575,3534,4109,100.9889661,455.3,24.96626181,5.37,90.13,20605,756.097561
464,2018,Scotland,Falkirk,174,2881,3055,100.6947508,298.8,10.1532567,5.81,93.33,19011,476.1904762
465,2018,Scotland,Falkirk,435,3622,4057,97.92842105,476,19.25287356,5.42,94.37,20051,610.7784431
466,2018,Scotland,Falkirk,619,4240,4859,101.3003182,535.7,18.32917706,5.54,88.7,26993,1048.020766
467,2018,Scotland,Falkirk,324,3360,3684,93.83511894,345.6,12.3197903,5.66,92.59,29401,872.167593
468,2018,Scotland,Falkirk,401,6560,6961,82.83923837,438.9,10.19509125,5.9,97.36,23810,1319.751993
469,2018,Scotland,Falkirk,179,3717,3896,101.8249118,424.9,4.606240713,6.1,96.43,21472,451.0638298
470,2018,Scotland,Falkirk,553,2546,3099,101.560387,641.8,32.72727273,5.44,91.28,29208,1465.942744
471,2018,Scotland,Falkirk,298,3129,3427,103.6658477,352.4,15.08078995,5.66,95.33,22699,839.1284191
472,2018,Scotland,Falkirk,137,3167,3304,105.2588332,231.4,7.366071429,6.07,97.14,18709,348.8943489
473,2018,Scotland,Falkirk,151,2497,2648,105.3159097,356.7,9.329446064,6,95.73,21250,441.6037188
474,2018,Scotland,Falkirk,308,2420,2728,103.8082158,531.6,17.13709677,5.49,91.16,28729,565.0969529
475,2018,Scotland,Falkirk,314,4140,4454,78.48283819,413.7,8.033826638,5.53,90.45,20405,1170.03079
476,2018,Scotland,Falkirk,976,2752,3728,100.1889169,858.3,36.38850889,4.64,80.86,30037,2237.903226
477,2018,Scotland,Falkirk,455,4205,4660,93.81794463,445.3,14.28571429,5.82,95.71,24181,1503.184713
478,2018,Scotland,Falkirk,593,2843,3436,98.90432401,615.8,26.31578947,5.67,95.33,29469,4195.059625
479,2018,Scotland,Falkirk,743,3888,4631,102.536677,476.5,26.41752577,5.38,89.89,30655,1637.504127
480,2018,Scotland,Falkirk,473,3053,3526,104.1526483,495.9,20.48192771,5.84,89.86,32454,4908.077994
481,2018,Scotland,Falkirk,300,3284,3584,99.15527715,323.2,13.53790614,5.6,92.47,24969,3251.277288
482,2018,Scotland,Falkirk,662,2304,2966,102.3828435,796.2,21.12299465,5.25,84.88,30588,2548.921224
483,2018,Scotland,Falkirk,530,2241,2771,103.9203713,635.7,29.02584493,5.15,92.25,36842,1416.712784
484,2018,Scotland,Falkirk,431,2284,2715,101.025451,523.3,18.9119171,5.35,88.66,32796,1438.313701
485,2018,Scotland,Falkirk,99,3646,3745,100.5921407,170.2,3.933434191,6.23,98.01,15456,530.4600083
486,2018,Scotland,Falkirk,656,2525,3181,99.8852134,458.8,26.88330871,5.23,89.78,24089,1470.009833
487,2018,Scotland,Falkirk,234,2229,2463,106.4164482,332.7,17.17171717,5.76,97.87,26368,687.5383671
488,2018,Scotland,Falkirk,737,4078,4815,101.3623209,428.3,23.24263039,5.23,89.81,23945,844.2650521
489,2018,Scotland,Falkirk,128,4598,4726,67.01327131,220.8,7.67903365,5.96,95.6,16807,916.3229228
490,2018,Scotland,Falkirk,232,3945,4177,100.7937794,252.8,8.606557377,5.88,95.86,20050,300.4291845
491,2018,Scotland,Falkirk,523,4710,5233,89.00792105,398.6,18.26923077,5.59,91.89,18146,560.4900459
492,2018,Scotland,Falkirk,152,3895,4047,102.494613,224.8,8.559498956,5.89,98.36,18858,678.5859407
493,2018,Scotland,Falkirk,359,2916,3275,106.7791249,425.7,15.11627907,5.24,92.59,22493,775.4688292
494,2018,Scotland,Falkirk,433,2848,3281,100.6263477,481.9,27.05882353,5.24,88.29,22614,1128.078818
495,2018,Scotland,Falkirk,702,4059,4761,103.9080621,544.4,24.80916031,5.27,88.89,27604,1623.529412
496,2018,Scotland,Falkirk,409,2675,3084,107.3800331,474.7,14.73429952,5.42,92.45,29125,1372.239748
497,2018,Scotland,Falkirk,641,3546,4187,105.0211206,494.8,25.54179567,5.03,85.71,27910,1627.906977
498,2018,Scotland,Falkirk,691,3048,3739,104.0470208,581.9,28.09917355,5.52,83.33,29585,1844.701845
499,2018,Scotland,Falkirk,326,3997,4323,103.1505888,354.2,14.71389646,5.64,96.53,24650,647.0137825
500,2018,Scotland,Falkirk,293,2739,3032,103.5455543,348.9,13.06715064,5.5,95.16,18576,489.7739505
501,2018,Scotland,Falkirk,397,2773,3170,99.89222977,441.1,23.0125523,5.17,89.11,26107,1156.217883
502,2018,Scotland,Falkirk,451,4492,4943,96.76708303,399.4,17.92559188,5.37,91.97,20296,625.199362
503,2018,Scotland,Fife,285,2704,2989,99.16201117,408.8,19.34673367,5.55,89,24128,495.1033732
504,2018,Scotland,Fife,579,3440,4019,100.5631936,449,25.57251908,5.11,88.04,28036,763.8072855
505,2018,Scotland,Fife,218,2975,3193,94.46604846,460.6,12.0240481,5.71,97.2,17338,638.511815
506,2018,Scotland,Fife,443,3065,3508,99.07321594,375.2,18.87675507,5.22,94.59,28473,872.6625111
507,2018,Scotland,Fife,134,2728,2862,100.8933751,285.7,11.78861789,5.75,97.06,23389,411.1111111
508,2018,Scotland,Fife,125,4100,4225,96.89805633,193.4,6.18066561,6.1,97.95,18856,512.4892334
509,2018,Scotland,Fife,211,3449,3660,98.22341857,318.1,12.164297,5.78,94.81,18182,580.4311774
510,2018,Scotland,Fife,640,3069,3709,94.61012312,650.1,21.2962963,5.49,91.38,39655,1732.377539
511,2018,Scotland,Fife,661,3946,4607,96.53798798,446,20,5.38,94.22,26275,1247.880638
512,2018,Scotland,Fife,279,2833,3112,102.6972065,399.3,17.25067385,5.86,90.82,16465,5177.736202
513,2018,Scotland,Fife,434,2866,3300,100.6008759,528.5,27.02702703,5.05,85,21631,1455.847255
514,2018,Scotland,Fife,74,2978,3052,104.5322292,269.8,7.407407407,6.17,95.62,18459,350.3893215
515,2018,Scotland,Fife,345,4832,5177,103.0722659,362.1,10.88516746,5.76,96,27451,859.6973865
516,2018,Scotland,Fife,259,4984,5243,61.51434772,223.9,10.06622517,5.77,96.35,20436,725.0341997
517,2018,Scotland,Fife,623,2302,2925,94.26347971,622.9,27.70897833,4.92,87.12,39498,1324.742268
518,2018,Scotland,Fife,895,3014,3909,90.88381498,737.3,31.44508671,4.71,86.24,32240,1884.343037
519,2018,Scotland,Fife,321,2561,2882,99.87227125,422,17.8057554,5.01,89.84,27579,515.4639175
520,2018,Scotland,Fife,117,3912,4029,101.4622884,293.7,6.425339367,5.7,95.57,22892,444.0078585
521,2018,Scotland,Fife,48,3021,3069,72.89846026,152.5,5.071664829,6.06,97.22,15707,154.7388781
522,2018,Scotland,Fife,73,3672,3745,103.8953963,223.4,5.918057663,5.98,97.53,19643,493.8271605
523,2018,Scotland,Fife,84,2438,2522,106.0802594,237.3,6.148867314,5.94,96.04,26206,979.6186719
524,2018,Scotland,Fife,280,2672,2952,104.5837663,300.7,16.79841897,5.5,91.38,28167,902.9345372
525,2018,Scotland,Fife,329,2718,3047,103.6606751,489.8,17.78202677,5.39,91.1,29749,476.6786263
526,2018,Scotland,Fife,473,3094,3567,98.65532382,494.6,18.64686469,5.06,93.92,31011,914.2359599
527,2018,Scotland,Fife,315,3707,4022,99.00315667,302.1,19.50904393,5.12,90.86,32308,554.4077135
528,2018,Scotland,Fife,243,2869,3112,105.2811266,373.3,12.83783784,5.44,89.52,22756,624.6973366
529,2018,Scotland,Fife,403,2458,2861,109.3229351,525.4,28.76984127,5.05,87.62,28750,504.0091638
530,2018,Scotland,Fife,54,2584,2638,106.0179758,245.3,2.173913043,6.21,97.78,14381,327.2101033
531,2018,Scotland,Fife,136,4243,4379,103.1625455,193.7,6.324786325,5.93,96.2,24786,245.0166113
532,2018,Scotland,Fife,107,2497,2604,105.0104932,297.4,8.29015544,5.78,96.43,21651,657.8026592
533,2018,Scotland,Fife,398,3114,3512,93.41815747,416.1,17.6882662,5.63,93.2,33243,1438.450899
534,2018,Scotland,Fife,608,2594,3202,101.4337662,563.4,31.20689655,5.01,87.42,26631,1390.958768
535,2018,Scotland,Fife,636,2460,4859,100.5108696,583.8,32.75193798,4.71,88.89,35694,1824.618736
536,2018,Scotland,Fife,575,4284,2663,89.61553972,428.8,15.11017838,5.14,93.37,34179,1204.273228
537,2018,Scotland,Fife,547,2116,3934,99.9634191,570,31.00511073,5.02,84.56,23013,847.8653037
538,2018,Scotland,Fife,505,3429,2813,94.86940299,481,17.55102041,5,89.52,23346,665.5710764
539,2018,Scotland,Fife,607,2206,2916,101.550293,608.1,31.91011236,5.03,84.25,35375,1378.04878
540,2018,Scotland,Fife,782,2134,6198,99.59774739,479.5,31.75572519,4.97,83.23,32787,1101.321586
541,2018,Scotland,Fife,1081,5117,4369,94.68658309,443.1,24.76190476,5.3,87.46,33983,1455.312418
542,2018,Scotland,Fife,634,3735,3120,100.9367322,437.4,18.80794702,5.42,90.11,35323,1024.709302
543,2018,Scotland,Fife,740,2380,3410,103.5675558,619.3,31.03448276,4.8,84.68,34622,1573.552025
544,2018,Scotland,Fife,242,3168,4079,88.77025739,379.3,8.13559322,6.06,94.35,21554,1856.258924
545,2018,Scotland,Fife,557,3522,2590,94.31893688,470.4,18.50060459,5.66,90.36,30371,1282.154341
546,2018,Scotland,Fife,180,2410,2801,104.7500328,284.2,13.35012594,5.52,92.13,23379,475.2206382
547,2018,Scotland,Fife,223,2578,4539,102.4875015,360.4,16.93548387,5.57,90.57,28439,435.3312303
548,2018,Scotland,Fife,1054,3485,3203,100.6563246,641.2,31.20649652,5.31,86.04,25373,1928.59643
549,2018,Scotland,Fife,337,2866,3013,98.94876505,529.1,17.96690307,5.78,87.91,28140,5705
550,2018,Scotland,Fife,332,2681,2925,100.0767796,447.4,23.01136364,5.8,86.17,23607,958.5492228
551,2018,Scotland,Fife,455,2470,3096,100.0793831,326,31.3059034,5.48,86.84,24413,1002.317497
552,2018,Scotland,Fife,82,2478,2560,104.9363266,265.9,5.235602094,5.95,99.06,17349,410.15625
553,2018,Scotland,Fife,307,2695,3002,101.7015281,291.9,12.7744511,5.25,87.8,22193,699.4963626
554,2018,Scotland,Fife,554,2426,2980,99.88901221,568.8,32.4958124,5.19,83.33,28029,1968.631693
555,2018,Scotland,Fife,1193,3670,4863,103.9361409,513.1,36.42261353,4.93,86.36,29057,1719.745223
556,2018,Scotland,Fife,94,3130,3224,103.2398302,217.9,7.072691552,5.67,94.69,18779,437.6367615
557,2018,Scotland,Fife,432,4867,5299,94.54464626,411.5,16.47254576,5.69,89.87,28010,1725.406068
558,2018,Scotland,Fife,838,2839,3677,100,804.3,32.89315726,4.86,84.66,24959,3220.568336
559,2018,Scotland,Fife,286,2718,3004,100.3529546,329.8,22.43589744,5.63,97.37,24812,1964.483907
560,2018,Scotland,Fife,1270,2950,4220,87.63143959,772.7,34.65346535,4.97,81.44,31620,4339.622642
561,2018,Scotland,Fife,701,2945,3646,97.8543504,625,32.01970443,5.44,89.8,29677,1278.096078
562,2018,Scotland,Fife,454,2645,3099,91.34315964,538.9,18.67219917,5.39,90.16,26225,1617.426139
563,2018,Scotland,Fife,654,3534,4188,99.90196078,407.2,24.26470588,5.13,89.66,25360,1355.283308
564,2018,Scotland,Fife,567,3690,4257,98.500595,501.2,24.11924119,5.4,86.55,26644,914.7528221
565,2018,Scotland,Fife,1094,3010,4104,102.8022876,547.9,33.96648045,4.95,83.33,23161,1553.359684
566,2018,Scotland,Fife,314,1874,2188,100.8490275,396.7,16.75675676,5.67,90.77,30237,1147.540984
567,2018,Scotland,Fife,615,3860,4475,103.881825,459.7,19.42446043,5.25,84.47,28875,1126.559715
568,2018,Scotland,Fife,778,2550,3328,102.772157,636.8,28.5935085,5.03,78.45,29304,5042.613636
569,2018,Scotland,Fife,348,3085,3433,107.1762079,371.2,20.54176072,5.4,89.78,20105,1254.807692
570,2018,Scotland,Fife,565,4414,4979,102.4524457,384,19.02231668,5.37,91.15,26728,982.6782145
571,2018,Scotland,Fife,323,2398,2721,100.4530982,468.6,16.09657948,5.35,91.13,39652,587.1212121
572,2018,Scotland,Fife,104,3502,3606,104.174143,292.7,5.102040816,5.79,96.48,17310,421.686747
573,2018,Scotland,Fife,578,1606,2184,105.8537327,604,32,4.91,89.06,29474,1112.727273
574,2018,Scotland,Fife,396,1680,2076,105.6495372,495.5,24.59893048,5.32,89.29,34359,967.9878049
575,2018,Scotland,Fife,297,2543,2840,109.0920398,361.8,17.63285024,5.86,93.02,25000,752.3696682
576,2018,Scotland,Fife,255,4053,4308,96.16419402,302.5,9.384164223,5.69,93.1,21162,1659.687857
577,2018,Scotland,Fife,226,3114,3340,103.6832042,328.3,15.27494908,5.68,92.02,19107,662.8242075
578,2018,Scotland,Fife,1222,3492,4714,103.6210526,589.1,27.66798419,4.86,80.19,27700,2030.048917
579,2018,Scotland,Fife,1037,3434,4471,105.6350693,546.4,32.54716981,4.91,87.36,36234,1344.046749
580,2018,Scotland,Fife,762,1646,2408,104.7229917,852.3,36.15560641,4.52,77.78,31274,3460.750853
581,2018,Scotland,Fife,988,2483,3471,96.89201227,745.6,34.22619048,4.51,76.77,28811,3293.441838
582,2018,Scotland,Fife,501,2503,3004,101.1081852,667.6,17.68115942,5.71,89.53,30907,4187.432286
583,2018,Scotland,Fife,519,3006,3525,89.40866564,485.2,22.13114754,4.97,88.61,26000,1218.431546
584,2018,Scotland,Fife,318,2272,2590,101.718169,452.1,24.56575682,5.37,87.18,25767,775.2442997
585,2018,Scotland,Fife,216,2611,2827,97.24106219,285.3,16.36904762,5.81,92.86,20562,569.2031156
586,2018,Scotland,Fife,954,4500,5454,98.78424968,399.7,23.79487179,4.96,85.1,22931,1288.14554
587,2018,Scotland,Fife,293,3902,4195,101.9817073,309,17.29452055,5.54,92.26,24451,924.5357566
588,2018,Scotland,Fife,137,2463,2600,99.94681558,207.6,9.948979592,5.65,86.21,25434,1049.424509
589,2018,Scotland,Fife,310,3865,4175,102.2360852,355.1,14.20204978,5.53,91.57,22130,695.404636
590,2018,Scotland,Fife,260,2621,2881,101.2238593,366.5,20.14925373,5.39,96.91,22905,478.9719626
591,2018,Scotland,Fife,272,3658,3930,98.99049382,329.3,8.998548621,5.8,95.71,21013,773.4342161
592,2018,Scotland,Fife,444,2792,3236,103.7048472,555.6,23.57859532,5.52,91.34,32162,1023.054755
593,2018,Scotland,Fife,241,3623,3864,105.3032959,326.1,8.8,5.86,91.88,19678,841.1654135
594,2018,Scotland,Fife,157,2707,2864,99.70691676,232.2,11.39534884,5.8,92.92,21145,497.6580796
595,2018,Scotland,Fife,187,2092,2279,98.06248123,239.8,19.85815603,5.79,94.32,20399,554.2168675
596,2018,Scotland,Fife,320,2374,2694,103.4817913,376.2,19.94818653,5.46,86.73,22527,825.4568368
597,2018,Scotland,Fife,433,3829,4262,90.37054336,360,16.29834254,5.57,95.54,19343,900.3215434
598,2018,Scotland,Fife,139,2324,2463,102.5355252,286,12.62458472,5.91,94.59,18519,503.3809166
599,2018,Scotland,Fife,337,3822,4159,101.467702,421,22.08121827,5.2,86.42,22418,492.1540656
600,2018,Scotland,Fife,223,6000,6223,87.35450333,451.6,8.849557522,4.75,82.61,20112,781.2203003
601,2018,Scotland,Fife,101,4221,4322,102.6039548,203,6.378986867,6.06,91.82,14165,361.7463617
602,2018,Scotland,Fife,72,5199,5271,102.6469994,238.4,1.754385965,6.14,98.8,16491,376.9784173
603,2018,Scotland,Fife,195,3849,4044,91.16601934,416.4,14.58590853,5.55,87.27,19121,260.6551603
604,2018,Scotland,Fife,113,3544,3657,101.3447653,293.8,7.948243993,5.72,93.94,16246,728.021978
605,2018,Scotland,Fife,388,3393,3781,101.0497333,430.1,15.39708266,5.55,93.24,23288,559.6707819
606,2018,Scotland,Fife,212,4072,4284,102.0089286,296.2,6.23100304,6.09,97.13,22928,406.0276266
607,2018,Scotland,Glasgow City,1045,4103,5148,100.2336137,528.9,32.05479452,5.64,83.87,29595,896.4264082
608,2018,Scotland,Glasgow City,541,2757,3298,77.42707279,638.6,24.43324937,5.73,88.3,40217,1470.588235
609,2018,Scotland,Glasgow City,536,4962,5498,92.0809393,567.8,25.18518519,5.86,86.82,26195,832.1658728
610,2018,Scotland,Glasgow City,1983,4080,6063,94.49531401,857.5,32.86969253,4.99,84.44,37500,2995.770092
611,2018,Scotland,Glasgow City,1116,2066,3182,100.562701,853.3,36.523126,5.11,85.17,44886,1588.962892
612,2018,Scotland,Glasgow City,703,2424,3127,99.74017538,620.3,28.48948375,4.95,85.19,31895,899.2094862
613,2018,Scotland,Glasgow City,338,5599,5937,91.2177406,264.8,12.87297528,5.94,93.3,19506,438.2374187
614,2018,Scotland,Glasgow City,1593,4228,5821,103.457538,624.2,28.67132867,5.26,85.32,39125,1253.613666
615,2018,Scotland,Glasgow City,545,2570,3115,113.1510269,673.4,13.75464684,5.27,91.86,36995,2073.170732
616,2018,Scotland,Glasgow City,1168,3233,4401,99.64238514,537.4,24.53703704,5.33,85.86,38121,1388.478582
617,2018,Scotland,Glasgow City,719,4534,5253,100.6427561,385.1,18.54304636,5.56,90.16,27250,1204.819277
618,2018,Scotland,Glasgow City,1300,4015,5315,100.9291448,761.7,19.06443071,5.13,85.02,36199,720.0964146
619,2018,Scotland,Glasgow City,568,2832,3400,103.4343633,479,19.62209302,5.16,84.87,26465,1172.01426
620,2018,Scotland,Glasgow City,1438,4834,6272,101.7318346,1100.9,22.96918768,5.42,88.58,39163,2549.588776
621,2018,Scotland,Glasgow City,1736,4316,6052,93.37356597,980.3,41.44144144,5.1,83.96,35315,3634.033829
622,2018,Scotland,Glasgow City,869,2641,3510,95.03864135,601.5,30.63380282,5.21,93.13,39329,4736.379613
623,2018,Scotland,Glasgow City,746,4335,5081,101.3132963,528.9,17.0045045,5.41,90.59,33412,1140.324963
624,2018,Scotland,Glasgow City,1182,2343,3525,93.15149718,1003.7,34.34022258,4.93,83.85,36179,3430.335097
625,2018,Scotland,Glasgow City,691,2551,3242,91.59034138,1014.3,31.29411765,5.34,87.21,33811,2604.474462
626,2018,Scotland,Glasgow City,586,3659,4245,92.26934706,754.7,24.86956522,5.28,87.06,42691,1956.87158
627,2018,Scotland,Glasgow City,721,2950,3671,100.6484484,479.7,30.13435701,5.66,91.57,23941,3008.196721
628,2018,Scotland,Glasgow City,693,3967,4660,104.260995,277.9,36.41674781,5.55,93.3,21098,943.3344252
629,2018,Scotland,Glasgow City,756,4300,5056,100.9886241,564.4,41.84731385,5.38,91.67,33141,1434.820647
630,2018,Scotland,Glasgow City,1392,4304,5696,96.05373636,679.2,87.34375,5.15,83.33,25397,2741.465996
631,2018,Scotland,Glasgow City,1190,3246,4436,89.71907633,663.5,60.53384175,5.49,85.89,31532,1584.754263
632,2018,Scotland,Glasgow City,590,4492,5082,98.58577848,583.6,23.2449298,6.04,92.19,30948,1703.022339
633,2018,Scotland,Glasgow City,665,5073,5738,103.1635389,615.6,60.89517079,5.26,86.11,22139,1825.265643
634,2018,Scotland,Glasgow City,345,5483,5828,101.4026918,311.4,20.62827225,5.86,92.76,23213,1021.762208
635,2018,Scotland,Glasgow City,301,3448,3749,98.85475368,373.8,28.53025937,5.34,91.07,26650,1543.786777
636,2018,Scotland,Glasgow City,332,3164,3496,99.39770932,408.6,19.20903955,5.73,90.16,27874,840.2100525
637,2018,Scotland,Glasgow City,316,4222,4538,95.12642273,329.6,12.13872832,5.81,93.65,19377,368.4372122
638,2018,Scotland,Glasgow City,1039,3347,4386,101.0020196,618.1,31.36288998,5.54,84.96,41436,2341.9041
639,2018,Scotland,Glasgow City,1297,2955,4252,110.3381952,795.8,44.49938195,5.22,88.36,32000,1751.592357
640,2018,Scotland,Glasgow City,681,2482,3163,101.6762817,485.5,26.54109589,5.58,86.67,24953,980.1929914
641,2018,Scotland,Glasgow City,666,4722,5388,100.7863205,301.9,21.14583333,5.78,88.65,20747,778.6762504
642,2018,Scotland,Glasgow City,318,3101,3419,100.4560008,309.3,20.21276596,5.85,93.07,24483,700.4066878
643,2018,Scotland,Glasgow City,316,4432,4748,104.8590796,344.6,10.51094891,6.11,97.12,25506,573.2484076
644,2018,Scotland,Glasgow City,139,2679,2818,102.2931442,247.9,8.866995074,6.27,95.65,20031,635.7388316
645,2018,Scotland,Glasgow City,838,2977,3815,100.0266335,473.4,26.90909091,5.4,84.38,30469,1285.087719
646,2018,Scotland,Glasgow City,1859,3180,5039,105.0765236,902.6,33.71169126,5.06,82.76,27800,1463.639153
647,2018,Scotland,Glasgow City,1481,2808,4289,99.79976896,1190.6,35.16260163,5.05,87.07,40000,2085.034014
648,2018,Scotland,Glasgow City,1157,3711,4868,102.0735879,688.2,26.9804822,5.56,91.5,33808,1224.489796
649,2018,Scotland,Glasgow City,444,3661,4105,103.7239778,334.3,14.19098143,5.67,93.14,19292,679.7583082
650,2018,Scotland,Glasgow City,369,3817,4186,105.5324017,316,19.75308642,5.85,93.02,20785,570.9935287
651,2018,Scotland,Glasgow City,626,4652,5278,92.92337411,458.4,15.29968454,5.85,87.29,21932,797.1014493
652,2018,Scotland,Glasgow City,607,3733,4340,101.086262,585,21.57598499,5.72,89.29,22742,1156.484809
653,2018,Scotland,Glasgow City,1516,4745,6261,84.05017011,584,28.05642633,5.22,88.09,41047,2092.757597
654,2018,Scotland,Glasgow City,1728,4457,6185,98.67394696,878.4,30.38379531,5.22,84.95,38219,1468.464131
655,2018,Scotland,Glasgow City,884,4863,5747,90.33918837,733.5,30.60200669,5.24,79,37799,3971.856559
656,2018,Scotland,Glasgow City,785,3643,4428,97.11854884,706.5,27.55681818,5.35,90.63,41957,4037.304452
657,2018,Scotland,Glasgow City,990,3009,3999,101.3685877,789.7,40.03294893,4.53,84.95,33976,1321.483771
658,2018,Scotland,Glasgow City,1332,2318,3650,66.05253879,928.6,43.11594203,5.08,87.29,39052,1558.130244
659,2018,Scotland,Glasgow City,2292,4909,7201,83.85973282,1194.2,31.71428571,4.85,86.36,52361,4959.332192
660,2018,Scotland,Glasgow City,925,2618,3543,94.77738869,728,28.7414966,5.12,81.74,39233,1770.61532
661,2018,Scotland,Glasgow City,1672,4662,6334,90.00683743,953.5,31.53558052,5.29,81.42,35954,1729.830272
662,2018,Scotland,Glasgow City,426,3433,3859,106.1535669,486.5,12.71186441,5.65,96,33432,1447.838159
663,2018,Scotland,Glasgow City,441,2190,2631,104.9261084,635.7,16.11253197,5.31,94.05,32965,909.0909091
664,2018,Scotland,Glasgow City,191,3366,3557,106.5683646,353.9,10.45130641,6.03,94.5,26498,508.7076077
665,2018,Scotland,Glasgow City,697,2972,3669,105.4146612,485.4,16.93121693,5.38,89.66,32381,1086.363636
666,2018,Scotland,Glasgow City,752,5600,6352,82.47889023,483.3,10.34743202,5.62,90.07,31390,1183.010896
667,2018,Scotland,Glasgow City,239,3876,4115,106.117374,274.5,9.604519774,5.94,95.17,26265,1069.943289
668,2018,Scotland,Glasgow City,275,4011,4286,102.1636507,273.7,15.74074074,5.74,96.02,26263,596.9148223
669,2018,Scotland,Glasgow City,773,2351,3124,106.2371955,873.7,29.46593002,5.34,89.26,39848,1000.99108
670,2018,Scotland,Glasgow City,917,1550,2467,107.2568746,936,34.7107438,4.98,82.96,46765,1584.92823
671,2018,Scotland,Glasgow City,800,3785,4585,83.20481751,614,22.04155375,5.19,90.37,34670,2430.759205
672,2018,Scotland,Glasgow City,1377,2154,3531,97.44932596,895.4,34.28201811,4.73,83.86,40828,2343.883661
673,2018,Scotland,Glasgow City,1412,3323,4735,99.05958265,742,35.15358362,5.22,91.86,38086,1403.174603
674,2018,Scotland,Glasgow City,1170,3990,5160,102.9852709,610.6,19.97336884,5.4,93.2,36760,1310.152127
675,2018,Scotland,Glasgow City,1512,3159,4671,103.2578558,804.6,27.85829308,5.46,90.98,36341,3074.301295
676,2018,Scotland,Glasgow City,985,2909,3894,97.00388385,672.2,29.5133438,5.27,90.65,41288,1789.164217
677,2018,Scotland,Glasgow City,1408,3151,4559,80.52486188,920.5,28.2388664,4.93,85.56,47078,2157.983193
678,2018,Scotland,Glasgow City,798,2648,3446,102.9758338,729.9,15.87628866,5.24,92.86,39532,1845.771144
679,2018,Scotland,Glasgow City,1951,4501,6452,99.33304877,900.5,32.40270728,5.1,89.3,33903,2334.857724
680,2018,Scotland,Glasgow City,1591,3966,5557,94.14511274,785.8,32.18390805,4.91,86.22,34086,1172.657631
681,2018,Scotland,Glasgow City,1349,4399,5748,98.83821744,642.2,28.65792129,4.87,90.38,37998,2303.267974
682,2018,Scotland,Glasgow City,1138,3475,4613,95.94058692,656.3,22.96072508,5.17,89.47,31870,1502.234445
683,2018,Scotland,Glasgow City,371,5691,6062,97.39456717,398.3,13.33333333,6.06,90.76,27489,1153.585162
684,2018,Scotland,Glasgow City,841,2553,3394,103.4807334,697.4,25.22686025,5.12,85.71,40412,1145.21301
685,2018,Scotland,Glasgow City,783,2215,2998,93.4439834,686.8,35.37735849,5.07,82.73,44366,1931.88163
686,2018,Scotland,Glasgow City,864,2708,3572,128.4002591,768,28.30578512,5.47,84.52,32613,1538.106236
687,2018,Scotland,Glasgow City,1350,3134,4484,100.3866073,853.2,27.60351317,5.16,87.73,45278,3159.698424
688,2018,Scotland,Glasgow City,1377,3323,4700,104.7955783,670.5,38.80407125,5.45,86.49,34448,3195.050946
689,2018,Scotland,Glasgow City,1120,2874,3994,97.15548191,915.3,34.16370107,5.06,89.6,38800,2254.516889
690,2018,Scotland,Glasgow City,214,639,853,239.3593681,746.5,50.4,4.83,87.8,16854,5618.181818
691,2018,Scotland,Glasgow City,1784,4069,5853,101.0745153,827.2,37.92250618,5.14,92.03,46505,1875.639713
692,2018,Scotland,Glasgow City,466,4077,4543,98.33750303,535.3,19.84536082,5.55,87.32,45080,1096.385542
693,2018,Scotland,Glasgow City,484,2119,2603,103.7183869,726.6,30.12048193,5.28,98.31,34949,1595.744681
694,2018,Scotland,Glasgow City,1448,3315,4763,105.27897,858.6,37.73841962,5.14,85.11,38071,2436.924904
695,2018,Scotland,Glasgow City,539,3820,4359,100.7667732,642.6,24.3718593,5.66,88.61,34483,865.6368406
696,2018,Scotland,Glasgow City,910,5337,6247,82.29334818,678.4,27.71084337,5.35,84.87,38526,1589.403974
697,2018,Scotland,Glasgow City,1091,8724,9815,88.70321962,1087.9,29.62962963,5.62,97.59,42415,4192.51573
698,2018,Scotland,Glasgow City,747,4479,5226,84.07079646,847.8,16.62707838,4.56,85.71,32067,6022.313297
699,2018,Scotland,Glasgow City,379,3392,3771,85.82984393,789,31.27147766,4.8,85,12281,24509.41526
700,2018,Scotland,Glasgow City,613,4512,5125,91.44491751,597.9,19.2248062,5.29,90.91,30256,1548.484089
701,2018,Scotland,Glasgow City,583,8874,9457,77.06568759,626,15.76271186,5.71,92.54,26648,1037.622813
702,2018,Scotland,Glasgow City,603,6771,7374,89.89329481,466.9,27.46585736,5.81,91.74,25296,953.0888669
703,2018,Scotland,Glasgow City,828,2719,3547,100.3776508,774.9,35.79234973,5.3,87.67,42393,2802.573382
704,2018,Scotland,Glasgow City,1050,5289,6339,95.72438744,550.4,40.24390244,5.42,93.79,35570,1379.607674
705,2018,Scotland,Glasgow City,1596,3309,4905,96.35607202,768.5,32.37858032,5.12,77.29,28524,2423.208191
706,2018,Scotland,Glasgow City,1276,6280,7556,93.62385119,669.6,27.69953052,5.32,86.71,37176,2041.356493
707,2018,Scotland,Glasgow City,1864,4158,6022,99.4836785,949.1,31.56843157,5.26,85.96,54870,2245.785753
708,2018,Scotland,Glasgow City,1391,2959,4350,95.79478553,649.7,25.87570621,5.09,88.32,36986,2060.193479
709,2018,Scotland,Glasgow City,947,2092,3039,111.7923521,862.6,35.07462687,5.43,88.97,37245,1529.656608
710,2018,Scotland,Glasgow City,713,3724,4437,94.83532365,490.4,17.28081321,5.59,93.06,35606,769.2307692
711,2018,Scotland,Glasgow City,693,2970,3663,109.6750369,497.9,18.5840708,5.67,92.45,35054,1376.875552
712,2018,Scotland,Glasgow City,1036,2396,3432,98.47806625,721.6,35.38011696,5.11,83.33,34773,1268.115942
713,2018,Scotland,Glasgow City,806,2221,3027,96.77158999,781.1,28.84615385,5.43,94.85,41379,1461.988304
714,2018,Scotland,Glasgow City,1563,2615,4178,91.47332769,724.8,38.26458037,4.59,78.86,33026,3201.639955
715,2018,Scotland,Glasgow City,241,5931,6172,98.59984863,192.9,8.383961118,5.95,98.29,20328,582.1352816
716,2018,Scotland,Glasgow City,224,3895,4119,94.74631751,306.6,5.333333333,6.11,90.41,21495,793.6507937
717,2018,Scotland,Glasgow City,322,6014,6336,94.17106653,420.5,10.80074488,5.87,93.65,15066,1320.790216
718,2018,Scotland,Glasgow City,820,6406,7226,86.26632623,709.7,12.45421245,5.31,87.8,39785,556.3331001
719,2018,Scotland,Glasgow City,548,4735,5283,94.6517246,544.9,12.98701299,5.39,85.71,26415,1113.500597
720,2018,Scotland,Glasgow City,690,3268,3958,98.36766088,586.5,13.48837209,5.42,92.42,33526,1083.165661
721,2018,Scotland,Glasgow City,219,5506,5725,99.60152254,298.7,5.972696246,6.26,97.73,20292,465.727251
722,2018,Scotland,Glasgow City,168,4358,4526,93.85154964,242.6,5.287356322,6.04,96.83,15321,1279.47096
723,2018,Scotland,Glasgow City,221,5492,5713,99.74495848,351.5,4.261106074,6.43,98.2,22852,1368.451188
724,2018,Scotland,Glasgow City,344,4160,4504,98.89969101,316.5,8.710217755,5.91,96.12,23224,748.2993197
725,2018,Scotland,Glasgow City,179,2558,2737,98.61959443,251.6,4.222648752,6.45,96.69,24190,621.3017751
726,2018,Scotland,Glasgow City,1052,2637,3689,98.81521116,587.9,26.54545455,5.18,90.09,35778,1535.6711
727,2018,Scotland,Glasgow City,676,3816,4492,99.76883957,456.2,23.1511254,5.77,94.3,23566,1172.861783
728,2018,Scotland,Glasgow City,1106,2491,3597,99.7053512,563.1,43.13432836,5.21,92.95,32346,2027.631044
729,2018,Scotland,Glasgow City,1107,3675,4782,98.74619253,660.6,32.02380952,5.16,89.53,25734,1055.363322
730,2018,Scotland,Glasgow City,531,2452,2983,102.0065752,690.1,21.15384615,5.4,87.84,43353,846.5909091
731,2018,Scotland,Glasgow City,597,2023,2620,106.02537,636.2,20.25,5.45,92.04,35680,669.0561529
732,2018,Scotland,Glasgow City,943,3007,3950,103.2552532,688.1,27.88605697,5.44,88.29,32925,1461.754105
733,2018,Scotland,Glasgow City,827,2454,3281,108.045977,620.7,27.64044944,5.55,88.3,41467,1977.261493
734,2018,Scotland,Glasgow City,816,2897,3713,100.9765085,544.1,36.09898108,5.39,90.67,32194,997.0796829
735,2018,Scotland,Glasgow City,303,3939,4242,104.2342044,373.9,12.65560166,5.99,96.39,20000,1174.991017
736,2018,Scotland,Glasgow City,869,5694,6563,96.56852581,604,12.51384275,5.18,84.62,37692,1133.214126
737,2018,Scotland,Glasgow City,1358,4286,5644,101.9517452,731.3,21.13821138,5.13,89.57,33333,986.0290167
738,2018,Scotland,Glasgow City,272,2641,2913,100.1249858,339.6,10.22964509,5.55,90,28439,1788.113695
739,2018,Scotland,Glasgow City,776,1777,2553,104.8688635,852.8,33.10225303,4.82,84.16,29837,1985.343105
740,2018,Scotland,Glasgow City,1277,2088,3365,103.3651528,857.3,35.01683502,5.09,76.33,42945,1513.802315
741,2018,Scotland,Glasgow City,1116,2048,3164,108.9395944,1023.4,33.33333333,5.08,81.45,47575,2787.474333
742,2018,Scotland,Glasgow City,943,2651,3594,97.58132558,829.1,24.57212714,5.32,85.19,30252,855.5926544
743,2018,Scotland,Highland,298,4492,4790,98.18295739,397.2,13.3243607,6.05,98.27,18826,30.83247688
744,2018,Scotland,Highland,394,4235,4629,99.78297041,437.9,13.63636364,5.35,96.24,28686,294.0121907
745,2018,Scotland,Highland,608,5098,5706,101.0439019,564.3,15.80487805,5.27,90.58,29352,364.9440597
746,2018,Scotland,Highland,362,4407,4769,100.9567731,357.3,15.15994437,5.67,96.53,20613,48.40940526
747,2018,Scotland,Highland,274,3578,3852,102.2786167,269.8,10.7606679,5.66,91.98,26224,17.88109075
748,2018,Scotland,Highland,366,4905,5271,99.90852065,300.2,12.77139208,5.81,94.74,17801,112.5646486
749,2018,Scotland,Highland,296,4419,4715,101.359462,209.7,16.0968661,5.81,94.58,22941,40.75583549
750,2018,Scotland,Highland,239,4484,4723,90.08235377,221.4,7.434052758,5.68,94.18,19455,59.96472663
751,2018,Scotland,Highland,513,3512,4025,106.356113,510.2,19.14529915,5.37,91.38,24788,379.0688092
752,2018,Scotland,Highland,415,4162,4577,103.4956117,353.8,8.89261745,5.81,94.44,21125,245.5445545
753,2018,Scotland,Highland,393,5114,5507,95.3366017,337.2,14.20824295,5.58,92.7,21037,83.17161076
754,2018,Scotland,Highland,251,3744,3995,105.1608015,323.3,11.94690265,5.59,96.57,25382,204.4989775
755,2018,Scotland,Highland,375,2779,3154,102.8249194,431.5,17.86372007,5.43,88.89,29644,246.9733656
756,2018,Scotland,Highland,381,5798,6179,95.1512242,377.8,9.045643154,5.71,94.44,22178,130.2931596
757,2018,Scotland,Highland,253,5350,5603,82.71190505,223,8.242612753,5.83,93.78,25326,216.925549
758,2018,Scotland,Highland,117,3254,3371,80.42715038,171.8,6.766055046,5.87,96.03,17582,170.9027169
759,2018,Scotland,Highland,207,4805,5012,93.56275046,309.9,6.698564593,6.01,95.92,23538,141.524606
760,2018,Scotland,Highland,490,3085,3575,101.3332081,414.9,16,5.31,93.42,27817,340.1969561
761,2018,Scotland,Highland,539,3322,3861,99.81368113,505.8,16.40058055,5,91.49,28713,498.5087346
762,2018,Scotland,Highland,79,2247,2326,107.7619664,242.8,4.972375691,5.92,94.62,24125,104.2390549
763,2018,Scotland,Highland,657,3541,4198,101.3633158,765.8,18.23599523,5.08,89.94,23341,1231.079717
764,2018,Scotland,Highland,269,4103,4372,103.2230963,380.4,6.333973129,5.97,92.57,23369,142.3076923
765,2018,Scotland,Highland,894,3622,4516,105.1431562,756,22.67657993,4.87,88.76,33835,734.204024
766,2018,Scotland,Highland,626,3308,3934,103.8326931,512.1,21.83673469,5.37,90.52,33157,417.4431606
767,2018,Scotland,Highland,1225,2226,3451,96.3182117,942.2,32.78271919,4.74,88.33,35356,1244.121419
768,2018,Scotland,Highland,186,2797,2983,106.047836,365.4,13.19648094,5.53,93.33,27674,141.2275937
769,2018,Scotland,Highland,525,3450,3975,83.37440447,428.6,12.33421751,5.42,89.73,20129,329.9962922
770,2018,Scotland,Highland,495,6216,6711,94.58181999,318.7,12.5556545,5.79,94.08,21384,64.87025948
771,2018,Scotland,Highland,325,4298,4623,99.67210726,244.8,14.28571429,5.76,96.77,15822,82.05494113
772,2018,Scotland,Highland,214,2467,2681,99.09809736,407.5,18.90547264,5.79,95.71,27538,85.57457213
773,2018,Scotland,Highland,249,3238,3487,97.13057295,338.3,19.4214876,5.45,96.92,19823,51.04408353
774,2018,Scotland,Highland,391,3226,3617,97.79138827,410.1,12.74685817,5.37,95.3,26803,227.0663034
775,2018,Scotland,Highland,205,3153,3358,97.31950695,284.8,11.70212766,5.48,96.69,19717,39.76143141
776,2018,Scotland,Highland,190,2801,2991,102.3989188,354.4,15.85014409,5.91,94.5,19667,71.81328546
777,2018,Scotland,Highland,218,3002,3220,100.2600104,352.1,17.47126437,5.67,96.15,16686,165.717245
778,2018,Scotland,Highland,289,3407,3696,102.2969343,283.4,12.52302026,5.42,97.73,20115,95.02262443
779,2018,Scotland,Highland,197,3024,3221,103.3804291,337.3,9.426229508,5.45,92.81,19071,104.9868766
780,2018,Scotland,Highland,292,3141,3433,96.4330233,412.3,13.77633712,5.34,96.73,23784,98.45288326
781,2018,Scotland,Highland,281,3481,3762,94.42333186,417.7,15.70605187,5.49,94.35,17320,203.539823
782,2018,Scotland,Highland,634,4787,5421,100.9589804,414.8,14.83146067,5.21,94.74,25043,219.4168921
783,2018,Scotland,Highland,417,6385,6802,93.5471217,280.2,9.783631232,5.87,95.82,16589,65.11394941
784,2018,Scotland,Highland,157,3456,3613,101.3199188,252.5,10.12658228,5.67,96.11,16401,13.93404552
785,2018,Scotland,Highland,1111,4825,5936,98.76701629,479.1,25.5658005,5.09,93.77,20669,515.8951478
786,2018,Scotland,Highland,733,3562,4295,99.51683411,553.7,20.24390244,5.05,92.31,24153,445.7876842
787,2018,Scotland,Highland,529,3842,4371,102.9445595,352.1,24.33936022,5.08,93.02,20455,223.5067437
788,2018,Scotland,Highland,527,3188,3715,102.814242,412.1,16.32653061,5.26,93.75,22554,560.4446503
789,2018,Scotland,Highland,562,5610,6172,100.0381867,323,14.28571429,5.62,94.74,18352,87.46355685
790,2018,Scotland,Highland,498,3573,4071,105.6047198,343.9,18.8172043,5.49,94.44,24428,70.98491571
791,2018,Scotland,Highland,315,2568,2883,99.0236149,245.1,17.86542923,5.35,94.85,18344,110.27278
792,2018,Scotland,Highland,613,2889,3502,104.7569013,602,26.00969305,4.93,89.4,27086,1384.335155
793,2018,Scotland,Highland,490,2754,3244,102.6367694,455.2,15.58219178,4.96,89.8,30478,436.7934224
794,2018,Scotland,Highland,275,3319,3594,103.3856089,349.9,11.34751773,5.43,96.08,24722,66.85768863
795,2018,Scotland,Highland,388,4761,5149,102.5671881,271.1,11.7791411,5.61,90.43,22552,115.5115512
796,2018,Scotland,Highland,328,2280,2608,109.5925735,621.3,20.77151335,5.68,88.46,25645,517.1339564
797,2018,Scotland,Highland,504,4131,4635,102.4696645,375.7,17.09090909,5.36,93.3,23340,370.7627119
798,2018,Scotland,Highland,257,3043,3300,105.5482032,494.2,12.99019608,5.74,97.22,20455,20.6291903
799,2018,Scotland,Inverclyde,114,2467,2581,100.9848387,279.6,3.51758794,5.81,77.27,24526,295.1510892
800,2018,Scotland,Inverclyde,220,2975,3195,101.949359,358.7,7.269155206,6.05,93.44,24313,718.75
801,2018,Scotland,Inverclyde,229,5857,6086,95.66570228,222.1,7.772511848,6.1,96.67,16718,352.6818516
802,2018,Scotland,Inverclyde,101,2976,3077,104.4946308,173.2,2.816901408,6.32,98.06,22032,574.4680851
803,2018,Scotland,Inverclyde,331,3775,4106,101.510574,323.8,12.43697479,5.97,93.25,28229,447.2477064
804,2018,Scotland,Inverclyde,560,3442,4002,106.5288908,489.9,12.57995736,5.67,96,26832,997.196636
805,2018,Scotland,Inverclyde,1503,4748,6251,99.40785373,723.2,19.52131638,5.14,91.21,35862,1276.908023
806,2018,Scotland,Inverclyde,1160,3533,4693,104.1437426,710.7,18.46689895,5.29,91.73,37533,1200.642055
807,2018,Scotland,Inverclyde,268,4639,4907,102.0785531,400.3,6.02006689,5.97,97.7,27839,485.4368932
808,2018,Scotland,Inverclyde,879,4736,5615,104.1852978,519,14.86842105,5.82,92.27,30626,1808.988764
809,2018,Scotland,Inverclyde,590,3687,4277,108.8100143,503.7,18.92393321,5.78,90.91,26904,1195.613725
810,2018,Scotland,Inverclyde,1089,2532,3621,107.7278674,714.8,25.54455446,5.24,83.76,28209,1984.313725
811,2018,Scotland,Inverclyde,1761,3109,4870,98.50219112,718.6,21.93732194,5.01,79.84,36581,4710.460772
812,2018,Scotland,Inverclyde,1866,4854,6720,95.12424512,682.3,19.0622598,5.4,88.36,31608,1125.812963
813,2018,Scotland,Inverclyde,947,4553,5500,100.2091675,516.4,15.3674833,5.56,90.52,27346,1469.422424
814,2018,Scotland,Inverclyde,1129,3329,4458,108.0704384,697.8,24.68265162,5.34,88.51,31270,902.2556391
815,2018,Scotland,Inverclyde,1198,3603,4801,103.6980924,577,20.85747393,5.45,92.31,27513,677.6803776
816,2018,Scotland,Midlothian,194,3165,3359,77.20797721,312.4,5.96797671,5.9,96.59,20871,686.7891514
817,2018,Scotland,Midlothian,370,3470,3840,101.1162066,368.4,11.61048689,5.56,96.08,19688,917.5084175
818,2018,Scotland,Midlothian,271,3519,3790,103.245544,322.3,10.62091503,5.66,99.31,16201,802.1390374
819,2018,Scotland,Midlothian,406,2393,2799,95.84184593,525,24.45255474,5.08,92.44,27440,1253.713607
820,2018,Scotland,Midlothian,243,3243,3486,100.8030231,352,11.85840708,5.65,95.45,16812,505.1449953
821,2018,Scotland,Midlothian,100,2925,3025,72.8605104,245.5,8.244274809,5.57,95.96,12874,531.4685315
822,2018,Scotland,Midlothian,299,3029,3328,99.33100349,380.6,12.02185792,5.46,97.96,22765,630.1502666
823,2018,Scotland,Midlothian,287,2191,2478,100.0802032,450.7,13.97849462,5.22,90.43,24333,3075.880759
824,2018,Scotland,Midlothian,445,3403,3848,98.95470383,456.5,13.84615385,5.55,97.58,23897,1093.817553
825,2018,Scotland,Midlothian,522,4232,4754,101.2523746,446.1,14.53416149,5.55,91.79,26858,723.2173031
826,2018,Scotland,Midlothian,690,5059,5749,99.47729121,501.4,14.79869423,5.51,96.14,24543,1345.646438
827,2018,Scotland,Midlothian,336,7883,8219,76.1038961,276.5,6.25,5.76,95.13,21674,418.1622398
828,2018,Scotland,Midlothian,178,4760,4938,91.29428874,301.5,3.280680437,6.15,97.67,20062,1987.683886
829,2018,Scotland,Midlothian,359,3500,3859,84.22081476,401.1,13.68970013,5.48,92.21,20272,1253.21573
830,2018,Scotland,Midlothian,649,3521,4170,85.58496881,505.2,21.57303371,5.31,89.89,26870,1138.790036
831,2018,Scotland,Midlothian,699,2180,2879,97.61385798,594.5,26.05932203,4.79,87.1,27046,4121.475054
832,2018,Scotland,Midlothian,606,6676,7282,75.16098947,267.4,10.01855288,5.63,94.4,19201,625.5195345
833,2018,Scotland,Midlothian,521,2483,3004,98.74730022,370.2,23.47826087,4.85,90.2,24385,1012.725345
834,2018,Scotland,Midlothian,838,3761,4599,100.6702795,521.7,22.15384615,5.18,93.48,29032,1166.497118
835,2018,Scotland,Midlothian,538,3629,4167,96.15233916,416.6,13.20224719,5.17,92.39,25897,1238.811314
836,2018,Scotland,Midlothian,517,2410,2927,85.52364685,436,18.03278689,5.05,93.8,28062,1476.166069
837,2018,Scotland,Midlothian,665,2925,3590,101.7948949,454.1,24.50331126,5.37,94.18,28283,1490.893689
838,2018,Scotland,Moray,270,3970,4240,105.0028425,308.1,18.29855538,5.3,95.15,18607,525.8964143
839,2018,Scotland,Moray,227,3514,3741,104.9911866,369.7,12.01478743,5.5,96.5,15897,505.6179775
840,2018,Scotland,Moray,179,2959,3138,100.9464752,307.9,13.5523614,5.31,90.21,15123,652.8497409
841,2018,Scotland,Moray,527,4064,4591,104.8413405,456.4,19.44444444,5.34,94.15,18858,1491.22807
842,2018,Scotland,Moray,498,5135,5633,101.8774397,297.8,20.58823529,5.6,91.88,14656,545.7967378
843,2018,Scotland,Moray,460,2899,3359,103.5363655,496.2,19.46308725,5.54,88.15,18288,1343.283582
844,2018,Scotland,Moray,422,4348,4770,95.05482992,391.2,11.51898734,5.5,88.95,15582,1128.864189
845,2018,Scotland,Moray,217,3429,3646,103.5829079,328.2,18.30985915,5.66,90.91,19729,289.0995261
846,2018,Scotland,Moray,185,2269,2454,95.91139067,219.1,15.51312649,5.36,90.63,18080,1002.886003
847,2018,Scotland,Moray,308,4284,4592,66.10495588,303.9,10.27944112,5.69,88.12,17260,842.8175946
848,2018,Scotland,Moray,278,3050,3328,97.48589528,308.4,16.66666667,5.44,88.62,19127,746.1977186
849,2018,Scotland,Moray,614,3675,4289,101.5846203,586.8,22.7154047,5.06,87.97,22928,2017.336485
850,2018,Scotland,Moray,525,3521,4046,102.6192134,550.8,24.77763659,5.16,87.1,23550,1176.708451
851,2018,Scotland,Moray,298,3834,4132,104.4434968,379.4,15.39568345,5.24,92.05,20174,681.724846
852,2018,Scotland,Moray,155,2987,3142,103.6741214,315.7,6.730769231,5.97,97.24,20424,2356.225572
853,2018,Scotland,Moray,306,2987,3293,102.4429476,520.4,15.45988258,5.27,92.47,24263,2001.803427
854,2018,Scotland,Moray,193,3008,3201,103.2904451,430.5,7.232704403,5.38,84.56,17416,503.5246727
855,2018,Scotland,Moray,230,3281,3511,100.6560909,463.8,10.47008547,5.39,93.4,18424,805.6872038
856,2018,Scotland,Moray,354,3887,4241,97.82980709,431.2,12.64516129,5.27,85.21,18218,726.5968233
857,2018,Scotland,Moray,268,5147,5415,103.9387309,299.6,7.534246575,5.61,94.5,15688,574.8148148
858,2018,Scotland,Moray,282,3659,3941,95.09034817,257,17.31343284,5.33,94.29,15917,351.450756
859,2018,Scotland,Moray,339,3334,3673,100.247661,368.6,15.42288557,5.81,84.82,16918,1911.487759
860,2018,Scotland,Moray,737,4643,5380,104.1711913,416.5,21.47887324,5.02,90.75,15947,943.8202247
861,2018,Scotland,Moray,245,3779,4024,85.18427518,355.2,12.2962963,5.67,96.35,15547,299.8442368
862,2018,Scotland,North Ayrshire,291,4248,4539,101.4100887,297.4,15.07092199,6.09,95.76,25941,510.8910891
863,2018,Scotland,North Ayrshire,381,2340,2721,91.96815361,510.8,15.0462963,5.43,94.68,32343,1995.626025
864,2018,Scotland,North Ayrshire,300,2509,2809,105.8556405,430.3,13.73056995,5.89,92.74,34046,1178.194607
865,2018,Scotland,North Ayrshire,437,3071,3508,103.5918991,385.3,18.43971631,5.15,91.43,33865,1139.11779
866,2018,Scotland,North Ayrshire,640,2156,2796,104.6622033,477.1,26.9035533,5.16,88.2,22444,888.8888889
867,2018,Scotland,North Ayrshire,586,1700,2286,104.2798715,594.5,31.33462282,5.21,91.67,33938,1356.78392
868,2018,Scotland,North Ayrshire,609,3556,4165,100.8960855,357,14.21800948,5.64,93.29,33606,682.7309237
869,2018,Scotland,North Ayrshire,480,4523,5003,106.3522618,363.8,15.77142857,5.8,94.4,32361,538.9768575
870,2018,Scotland,North Ayrshire,918,2626,3544,102.9076397,617.1,30.80939948,5.18,88.34,28442,1459.747818
871,2018,Scotland,North Ayrshire,989,2341,3330,95.01980198,588.4,26.5060241,5.14,78.77,46996,1423.918101
872,2018,Scotland,North Ayrshire,623,2482,3105,98.94519356,512.5,29.90291262,5.17,94.02,35798,1229.891022
873,2018,Scotland,North Ayrshire,720,2494,3214,99.50310559,550.9,30.72289157,5.08,87.5,32345,4847.229415
874,2018,Scotland,North Ayrshire,1018,2023,3041,104.8957493,808.8,36.34204276,4.9,84.34,37573,4977.9978
875,2018,Scotland,North Ayrshire,645,2338,2983,79.12137174,652.9,18.94409938,5.44,89.68,38051,1972.57384
876,2018,Scotland,North Ayrshire,1125,2668,3793,104.0772339,766.9,29.18287938,5.14,89.19,40000,4738.70682
877,2018,Scotland,North Ayrshire,1021,2136,3157,101.0566763,690,35.22458629,5.11,86.21,30694,2729.985082
878,2018,Scotland,North Ayrshire,266,2811,3077,101.6976644,283.4,15.32033426,6.03,96.97,23422,581.3953488
879,2018,Scotland,North Ayrshire,902,3400,4302,105.2383528,552.5,30.44469783,5.15,89.08,31378,780.9662187
880,2018,Scotland,North Ayrshire,285,3301,3586,106.3839924,345.7,8.20610687,5.93,96.09,25060,716.2921348
881,2018,Scotland,North Ayrshire,1052,4111,5163,103.08138,613.5,24.48797863,5.18,90.23,29897,829.8887122
882,2018,Scotland,North Ayrshire,555,2248,2803,107.1717543,649.1,21.97183099,5.35,85.06,29772,2326.503635
883,2018,Scotland,North Ayrshire,1036,3016,4052,103.8630523,537.6,32.90398126,5.24,83.26,31023,1778.45918
884,2018,Scotland,North Ayrshire,205,4866,5071,103.8745875,300.1,6.206088993,5.9,96.65,24754,361.8817853
885,2018,Scotland,North Ayrshire,759,2291,3050,98.87566138,529.1,29.05027933,5.15,89.69,35698,1238.605898
886,2018,Scotland,North Ayrshire,988,3113,4101,102.5501639,681,23.00884956,4.96,84.14,39672,1084.942085
887,2018,Scotland,North Ayrshire,813,3019,3832,100.8117444,470.4,26.43678161,5.44,89.47,41154,1628.006873
888,2018,Scotland,North Ayrshire,500,2367,2867,105.025653,548.9,16.87344913,5.36,91.23,26184,1475.315729
889,2018,Scotland,North Ayrshire,548,2380,2928,104.6066135,447.9,24.75442043,5.53,96.48,33272,891.8918919
890,2018,Scotland,North Ayrshire,167,2464,2631,84.98112317,235.4,13.27231121,5.92,96.46,20741,1574.519231
891,2018,Scotland,North Ayrshire,414,4282,4696,102.4928161,336.1,14.07894737,5.88,94.21,27335,432.5798909
892,2018,Scotland,North Ayrshire,246,3489,3735,102.3783881,370.5,10.32110092,6.01,92.54,19715,687.2294372
893,2018,Scotland,North Ayrshire,828,3955,4783,104.0231917,389.4,26.19439868,5.65,88.3,22271,1186.317322
894,2018,Scotland,North Ayrshire,201,3787,3988,101.7627006,273.7,7.884615385,5.88,98.46,17361,492.6108374
895,2018,Scotland,North Ayrshire,186,2735,2921,102.5289779,242.4,14.65517241,5.92,92.98,17497,782.8282828
896,2018,Scotland,North Ayrshire,535,2724,3259,102.8205128,452.7,22.03947368,5.42,92.31,24103,890.4109589
897,2018,Scotland,North Ayrshire,972,3003,3975,104.3525571,662.9,24.68553459,5.29,90.5,31746,1656.370656
898,2018,Scotland,North Ayrshire,429,2670,3099,105.1806031,360.1,11.4,5.53,89.21,26876,905.370844
899,2018,Scotland,North Ayrshire,389,3488,3877,100.8711992,360.9,12.82051282,5.74,94.62,28306,1339.137645
900,2018,Scotland,North Lanarkshire,596,3245,3841,107.4803505,648.8,20.93802345,5.46,94.01,24691,1583.333333
901,2018,Scotland,North Lanarkshire,448,3014,3462,103.2170014,591.3,15.7989228,5.44,87.58,30267,686.0902256
902,2018,Scotland,North Lanarkshire,671,3630,4301,100.4318774,580.7,18.1372549,5.55,88.08,38672,1320.754717
903,2018,Scotland,North Lanarkshire,713,6073,6786,90.97653804,333.3,12.86173633,5.75,94.49,29787,2027.47618
904,2018,Scotland,North Lanarkshire,1488,3246,4734,94.24199288,1089.3,32.92797007,4.38,79.92,38379,3320.958488
905,2018,Scotland,North Lanarkshire,720,3234,3954,100.6189361,555.3,27.03379224,5.06,86.41,28366,1697.542533
906,2018,Scotland,North Lanarkshire,1051,3839,4890,102.2826087,598.4,25.61768531,5.14,88.84,34809,2459.226095
907,2018,Scotland,North Lanarkshire,920,5190,6110,99.48849105,475.8,19.77800202,5.45,90.91,36371,2328.165375
908,2018,Scotland,North Lanarkshire,607,3173,3780,101.3872935,439.4,21.47937411,5.1,92.36,27077,1385.846672
909,2018,Scotland,North Lanarkshire,260,2543,2803,103.174413,375,20.40816327,5.55,92.62,24464,1181.619256
910,2018,Scotland,North Lanarkshire,1085,4465,5550,102.9874873,528,25.49575071,4.89,86.36,30439,1276.958002
911,2018,Scotland,North Lanarkshire,268,3578,3846,93.87267905,433.4,12.18045113,5.62,92.31,27885,1448.776758
912,2018,Scotland,North Lanarkshire,613,3754,4367,101.1451819,549.7,25,5.11,91.49,29418,1216.167449
913,2018,Scotland,North Lanarkshire,508,2317,2825,100.1166317,599.1,22.2,5.33,91.51,21882,1177.696717
914,2018,Scotland,North Lanarkshire,891,4475,5366,93.80463479,526,22.1449851,5.19,90.95,27522,2160.424818
915,2018,Scotland,North Lanarkshire,490,4085,4575,79.30092845,516.6,14.01015228,5.62,92.65,33169,898.1481481
916,2018,Scotland,North Lanarkshire,493,2565,3058,104.9233779,491,25,5.19,92,30998,1005.128205
917,2018,Scotland,North Lanarkshire,560,3361,3921,98.14908722,599.4,17.45827985,5.38,91.89,32596,824.7814519
918,2018,Scotland,North Lanarkshire,460,2808,3268,87.21862622,448,14.85013624,5.46,92.86,30169,1466.548516
919,2018,Scotland,North Lanarkshire,846,4489,5335,94.35228104,422.3,22.82780411,5.35,90.17,32423,1083.973655
920,2018,Scotland,North Lanarkshire,1007,2789,3796,99.20201232,720.2,35.96153846,5.23,82.76,40406,7472.620051
921,2018,Scotland,North Lanarkshire,163,3922,4085,99.00803023,225.2,5.833333333,6,97.08,23618,1287.356322
922,2018,Scotland,North Lanarkshire,726,3357,4083,100.5626223,614.3,23.13341493,5.28,86.53,40028,786.6043614
923,2018,Scotland,North Lanarkshire,687,2453,3140,101.2703197,859.1,24.45820433,4.84,88.18,42894,1402.737048
924,2018,Scotland,North Lanarkshire,1067,3788,4855,101.3896458,679.8,31.81818182,5.05,88.07,48691,2694.235589
925,2018,Scotland,North Lanarkshire,787,4529,5316,97.77141434,451.5,23.36065574,5.28,88.14,28483,1261.111111
926,2018,Scotland,North Lanarkshire,846,4157,5003,102.7547272,466.4,22.56169213,5.42,91.67,28079,1308.948005
927,2018,Scotland,North Lanarkshire,993,4061,5054,104.617528,545.4,27.04471101,5.26,91.44,33495,995.4614221
928,2018,Scotland,North Lanarkshire,923,3804,4727,104.1030055,706.2,27.23631509,5.31,86.79,32466,2319.587629
929,2018,Scotland,North Lanarkshire,232,2242,2474,104.4353777,655.4,18.0878553,5.8,92.13,26095,770.7253886
930,2018,Scotland,North Lanarkshire,653,2786,3439,101.0866429,624.5,24.42622951,5.23,89.68,36928,2105.263158
931,2018,Scotland,North Lanarkshire,725,4131,4856,99.23612519,502.9,19.29382093,5.56,83.77,24167,1727.895392
932,2018,Scotland,North Lanarkshire,1137,4564,5701,98.98720991,689.7,26.44098811,5.02,86.51,33962,1008.108108
933,2018,Scotland,North Lanarkshire,287,4439,4726,106.3048683,304.6,12.30769231,5.79,89.08,25962,765.4239525
934,2018,Scotland,North Lanarkshire,1138,5136,6274,102.0259796,493.4,18.64548495,5.29,87.8,30412,866.1417323
935,2018,Scotland,North Lanarkshire,1117,4798,5915,103.7163703,625.4,24.01055409,5.23,88.89,36353,1019.932695
936,2018,Scotland,North Lanarkshire,1181,5031,6212,102.0388084,639.4,21.33458647,5.23,90.71,28935,1296.732026
937,2018,Scotland,North Lanarkshire,350,2109,2459,109.2888644,471.9,17.5,5.62,96.08,27149,1463.890696
938,2018,Scotland,North Lanarkshire,779,3377,4156,100.0886811,447.7,17.42021277,5.27,88.28,37372,1490.825688
939,2018,Scotland,North Lanarkshire,973,3674,4647,101.4540271,701.6,26.23318386,4.88,86.61,35286,1171.797418
940,2018,Scotland,North Lanarkshire,568,3376,3944,102.9700435,505.7,21.38613861,5.2,90.91,32482,2192.94847
941,2018,Scotland,North Lanarkshire,653,2455,3108,111.1162737,676.4,29.01098901,5.08,88.6,34615,8328.173375
942,2018,Scotland,North Lanarkshire,592,2550,3142,88.55280578,565.9,26.59053834,4.52,86.76,38600,1240.384615
943,2018,Scotland,North Lanarkshire,791,5278,6069,94.78651935,456.8,16.58692185,5.48,89.38,29970,760.7632094
944,2018,Scotland,North Lanarkshire,328,2106,2434,104.0946189,489.5,17.48251748,5.07,90.22,30297,901.5256588
945,2018,Scotland,North Lanarkshire,368,2160,2528,101.3738441,507.1,18.94273128,5.17,93.53,25065,699.4665086
946,2018,Scotland,North Lanarkshire,342,3737,4079,97.24200016,381.7,11.57894737,5.51,91.67,22746,693.8159879
947,2018,Scotland,North Lanarkshire,294,3221,3515,106.4914112,336.3,12.33552632,5.57,93.88,25185,623.4203875
948,2018,Scotland,North Lanarkshire,932,2963,3895,102.3333049,630.8,27.26130653,4.87,82.97,28620,1403.091558
949,2018,Scotland,North Lanarkshire,752,2304,3056,104.6270487,604.4,29.19020716,4.83,90.51,35780,1298.153034
950,2018,Scotland,North Lanarkshire,353,4359,4712,102.4337867,279,9.623430962,5.66,93.58,27689,2100.95498
951,2018,Scotland,North Lanarkshire,816,4890,5706,98.56422879,556.7,16.86972821,5.53,91.53,37045,2529.633621
952,2018,Scotland,North Lanarkshire,1152,4193,5345,101.9013777,652.6,24.76851852,5.22,85.17,35047,1209.700428
953,2018,Scotland,North Lanarkshire,1440,3910,5350,108.7815017,671,36.08247423,4.75,87.11,42350,1868.460389
954,2018,Scotland,North Lanarkshire,637,3748,4385,96.73232555,516.5,19.03030303,5.13,88.24,29060,1718.807508
955,2018,Scotland,North Lanarkshire,1095,4752,5847,97.98627262,654.6,25.72373863,5.15,88.85,31934,1988.442343
956,2018,Scotland,North Lanarkshire,509,5269,5778,78.0943301,381,9.72927242,5.64,93.58,34194,704.5108971
957,2018,Scotland,North Lanarkshire,488,5820,6308,88.77029925,463.4,9.326788219,5.7,94.98,28202,1017.552182
958,2018,Scotland,North Lanarkshire,351,4410,4761,93.17932547,324.7,9.615384615,5.74,97.62,23764,381.6793893
959,2018,Scotland,North Lanarkshire,128,2551,2679,83.83932742,211.6,8.608058608,5.99,92.31,24782,941.2435824
960,2018,Scotland,North Lanarkshire,422,3761,4183,97.65508588,475.9,14.89071038,5.5,96.34,30419,954.1697971
961,2018,Scotland,North Lanarkshire,521,3010,3531,101.4929525,555.9,23.47560976,5.23,90.97,26572,1099.47644
962,2018,Scotland,North Lanarkshire,223,3376,3599,104.187121,340,8.630952381,5.83,96,25577,618.5121107
963,2018,Scotland,North Lanarkshire,498,5897,6395,97.99376299,383.4,12.43822076,5.59,94.97,23553,576.5595463
964,2018,Scotland,North Lanarkshire,409,4295,4704,105.9352903,433.5,14.64872945,5.56,93.43,26381,644.3298969
965,2018,Scotland,North Lanarkshire,433,3362,3795,103.1476786,509.8,18.57355126,5.48,92.74,22925,1485.355649
966,2018,Scotland,North Lanarkshire,652,2823,3475,98.79823491,510.4,22.58522727,5.28,87.37,35656,1001.796945
967,2018,Scotland,North Lanarkshire,1017,3470,4487,104.4050897,547.3,29.83425414,4.77,82.55,41888,4445.599446
968,2018,Scotland,North Lanarkshire,593,3464,4057,106.25,431.6,23.08845577,5.2,92.53,26982,1103.474609
969,2018,Scotland,North Lanarkshire,628,3209,3837,105.6432039,553.5,18.18181818,5.36,88.27,29068,1282.051282
970,2018,Scotland,North Lanarkshire,470,3778,4248,104.8580743,415.2,19.06779661,5.32,90.96,25365,757.2383073
971,2018,Scotland,North Lanarkshire,465,3130,3595,96.26099028,532.8,25.35971223,4.97,89.06,26970,2221.242838
972,2018,Scotland,North Lanarkshire,221,4767,4988,104.4230243,300.3,5.913978495,5.96,95.02,18843,224.2822967
973,2018,Scotland,North Lanarkshire,124,3452,3576,103.6877395,317.3,5.272407733,6.05,93.75,29146,337.2755147
974,2018,Scotland,North Lanarkshire,246,2460,2706,107.8157797,268.9,12.5,5.6,92.68,25667,547.3808122
975,2018,Scotland,North Lanarkshire,915,6624,7539,79.05907173,471.5,13.79097093,5.62,91.7,28329,1161.226508
976,2018,Scotland,North Lanarkshire,457,2739,3196,101.6220176,450,23.03030303,5.11,93.96,25563,1242.802303
977,2018,Scotland,North Lanarkshire,555,3163,3718,103.056691,407.8,27.03862661,5.01,89.29,29286,1040.781648
978,2018,Scotland,Orkney Islands,166,3013,3179,100.5949851,412.5,10.8490566,5.86,97.64,17457,47.7960701
979,2018,Scotland,Orkney Islands,210,4020,4230,99.44876783,295.3,14.28571429,5.64,95.05,16497,71.28712871
980,2018,Scotland,Orkney Islands,202,4129,4331,85.38628375,258.1,11.46496815,5.58,95.45,17734,152.190052
981,2018,Scotland,Orkney Islands,349,3376,3725,105.0155025,461.8,12.6953125,5.64,93.28,29207,310.7466552
982,2018,Scotland,Orkney Islands,200,2168,2368,104.7931526,396.2,12.90322581,5.42,92.94,26938,299.3197279
983,2018,Scotland,Orkney Islands,377,3790,4167,100.648561,343,24.16666667,5.71,96.43,16626,34.46790177
984,2018,Scotland,Perth and Kinross,166,3914,4080,90.92335646,285.2,10.36585366,6.05,96.73,17712,459.5363969
985,2018,Scotland,Perth and Kinross,283,4623,4906,97.13114754,256.8,10.66666667,5.93,95.37,19680,670.7317073
986,2018,Scotland,Perth and Kinross,197,3545,3742,94.08797239,287.8,10.98901099,5.81,97.63,16329,527.9783394
987,2018,Scotland,Perth and Kinross,186,3986,4172,86.9185585,294.9,10.35805627,5.69,96.36,16554,616.5180302
988,2018,Scotland,Perth and Kinross,240,3917,4157,98.88906909,219.3,11.88455008,5.3,93.7,22348,664.3508467
989,2018,Scotland,Perth and Kinross,239,3594,3833,101.4956117,341.6,11.76470588,5.64,97.03,18421,632.4868232
990,2018,Scotland,Perth and Kinross,137,2959,3096,104.7844259,266.3,9.905660377,5.98,96.77,25479,448.7989886
991,2018,Scotland,Perth and Kinross,505,3588,4093,100.5094614,338.2,16.34877384,5.72,93.57,26299,675.3990995
992,2018,Scotland,Perth and Kinross,268,4310,4578,88.55838505,287.9,10.73657928,5.72,94.86,17965,1030.927835
993,2018,Scotland,Perth and Kinross,162,4320,4482,87.68640189,273.4,9.006928406,5.73,94.21,18873,409.950946
994,2018,Scotland,Perth and Kinross,344,4955,5299,97.03703704,334.5,10.23965142,5.36,93.33,19281,476.0383387
995,2018,Scotland,Perth and Kinross,447,3683,4130,104.6234394,421.7,21.4849921,5.23,97.07,26969,1505.569529
996,2018,Scotland,Perth and Kinross,311,5452,5763,100.5037929,342.7,9.322033898,5.98,96.31,19440,628.3013622
997,2018,Scotland,Perth and Kinross,121,4104,4225,102.0290781,228.2,5.976676385,6.09,98.36,17113,588.4975479
998,2018,Scotland,Perth and Kinross,100,4105,4205,103.3072662,281.6,7.810107198,5.86,95.11,21396,473.2107939
999,2018,Scotland,Perth and Kinross,1019,4556,5575,103.6876617,434.4,28.255093,4.9,89.25,24943,777.99943
1000,2018,Scotland,Perth and Kinross,1010,4923,5933,99.73158195,574.4,23.74798061,5.21,88.46,23225,1044.619423
1001,2018,Scotland,Perth and Kinross,457,2810,3267,102.2330702,532,21.41527002,5.14,91.22,19416,1082.184788
1002,2018,Scotland,Perth and Kinross,481,2746,3227,93.40714645,562.9,26.34146341,5.24,89.68,19475,1196.581197
1003,2018,Scotland,Perth and Kinross,282,2020,2302,99.83363581,628.7,22.91666667,5.24,82.76,33182,2820.172528
1004,2018,Scotland,Perth and Kinross,786,3858,4644,99.98522459,589.6,36.875,5.17,88.16,30057,3259.803922
1005,2018,Scotland,Perth and Kinross,308,3395,3703,100.8236478,374.8,9.563409563,5.73,95.31,23539,1017.745303
1006,2018,Scotland,Perth and Kinross,308,4766,5074,99.69491975,351.4,10.43478261,5.86,95.29,24005,363.2320237
1007,2018,Scotland,Perth and Kinross,222,3829,4051,100.1351694,326.8,8.173076923,5.88,95.62,18463,1501.014199
1008,2018,Scotland,Perth and Kinross,236,4117,4353,92.28390167,357.1,6.637649619,5.48,99,22597,602.3135221
1009,2018,Scotland,Perth and Kinross,174,3645,3819,98.85327078,291.8,7.80141844,6.03,91.38,20671,1076.46305
1010,2018,Scotland,Perth and Kinross,450,4803,5253,100.2584146,313.2,17.76061776,5.16,93.89,19107,659.2
1011,2018,Scotland,Perth and Kinross,328,2760,3088,98.61459583,324.6,18.89596603,5.4,89.69,18916,527.5099263
1012,2018,Scotland,Perth and Kinross,213,3882,4095,96.26811301,328.8,12.56637168,5.78,97.97,16096,733.3333333
1013,2018,Scotland,Perth and Kinross,484,2480,2964,100.1803427,440.6,28.54166667,4.67,88.89,22529,510.6621773
1014,2018,Scotland,Perth and Kinross,433,5220,5653,100.0779704,390.3,12.16407355,5.4,95,19158,922.2484012
1015,2018,Scotland,Perth and Kinross,291,4319,4610,98.29393479,340.1,12.39554318,5.58,91.23,19519,429.9534217
1016,2018,Scotland,Perth and Kinross,400,5727,6127,95.64001316,275.9,10.96997691,5.86,94.29,20904,410.3616312
1017,2018,Scotland,Perth and Kinross,194,3694,3888,100.0088684,328.5,17.96116505,5.98,94.59,18229,594.3268798
1018,2018,Scotland,Perth and Kinross,264,4449,4713,105.0836268,360.2,19.27512356,5.63,91.62,19529,777.3188134
1019,2018,Scotland,Renfrewshire,235,2463,2698,100.1938689,368.2,8.428246014,5.95,93.4,24329,216.8815944
1020,2018,Scotland,Renfrewshire,185,3682,3867,98.78133103,504.6,4.285714286,6.08,94.01,28652,772.4080958
1021,2018,Scotland,Renfrewshire,191,5503,5694,56.45858464,258.5,4.364183597,5.84,94.34,23945,1696.582247
1022,2018,Scotland,Renfrewshire,253,2984,3237,105.3791249,311.9,11.64383562,6.1,97.54,21985,323.2323232
1023,2018,Scotland,Renfrewshire,984,4532,5516,93.5338785,464.4,22.4522293,5.29,85.77,27523,861.1111111
1024,2018,Scotland,Renfrewshire,914,2585,3499,98.80541297,734.7,18.68131868,5.16,86.86,35334,1280.851064
1025,2018,Scotland,Renfrewshire,658,2939,3597,106.538426,670.7,21.20582121,5.5,91.3,32924,2272.926722
1026,2018,Scotland,Renfrewshire,560,3141,3701,111.7835244,452.7,14.5631068,5.22,90.41,28892,932.3813524
1027,2018,Scotland,Renfrewshire,426,4746,5172,96.3021793,416,9.673366834,5.56,91.4,24084,1436.79903
1028,2018,Scotland,Renfrewshire,1466,2730,4196,98.1779958,602.3,32.70241851,4.88,84.96,37076,2104.722793
1029,2018,Scotland,Renfrewshire,985,2599,3584,96.27525253,821.1,30.29126214,5.32,85.29,32369,2884.31677
1030,2018,Scotland,Renfrewshire,868,4670,5538,99.91052255,541.4,23.90608324,5.38,88.69,29486,878.771837
1031,2018,Scotland,Renfrewshire,968,3885,4853,101.2853645,561.5,21.85185185,5.55,89.29,29905,1056.556868
1032,2018,Scotland,Renfrewshire,170,4515,4685,103.9684834,296.9,4.411764706,6.18,93.09,18519,446.7713787
1033,2018,Scotland,Renfrewshire,639,3420,4059,101.0122449,593.4,23.82271468,5.44,92.2,35507,635.9734686
1034,2018,Scotland,Renfrewshire,484,2828,3312,100.5598114,348.8,17.36227045,5.74,90.45,28790,672.5011515
1035,2018,Scotland,Renfrewshire,143,3470,3613,102.6842625,378.4,4.424778761,5.98,96.03,23356,1027.287319
1036,2018,Scotland,Renfrewshire,1049,4859,5908,97.74360126,592.9,18.48635236,5.47,86.59,30648,1093.375898
1037,2018,Scotland,Renfrewshire,190,3731,3921,87.92549246,325.8,5.350318471,6.01,94.64,19782,341.9131771
1038,2018,Scotland,Renfrewshire,749,3310,4059,97.32848561,611.2,22.58992806,5.39,92.11,37313,1034.482759
1039,2018,Scotland,Renfrewshire,1187,5695,6882,94.0255576,703.9,20.38834951,5.38,86.96,30368,4983.018868
1040,2018,Scotland,Renfrewshire,1036,5014,6050,97.53420124,555.7,19.94917408,5.45,91.86,33762,1324.649791
1041,2018,Scotland,Renfrewshire,165,4600,4765,103.6471168,178.1,7.338129496,6.08,97.06,20517,371.1558855
1042,2018,Scotland,Renfrewshire,1466,4057,5523,101.8258945,652.4,26.39842983,4.9,84.31,31823,1690.835267
1043,2018,Scotland,Renfrewshire,984,4108,5092,88.99664068,735.6,21.37486574,5.33,87.23,27741,4784.053156
1044,2018,Scotland,Renfrewshire,999,5866,6865,98.77521264,595,24.28681573,5.47,91.95,22974,957.0882948
1045,2018,Scotland,Renfrewshire,615,4372,4987,104.2246825,398.6,13.8028169,5.56,92.59,29020,918.1141439
1046,2018,Scotland,Renfrewshire,344,4985,5329,103.5605543,358.6,11.00543478,5.93,94.98,22753,694.1176471
1047,2018,Scotland,Renfrewshire,692,5482,6174,69.49997482,569.6,18.57876712,5.38,94.19,33290,2881.715863
1048,2018,Scotland,Renfrewshire,225,5477,5702,104.9143399,333.9,5.791106515,5.9,97.24,20000,284.2585143
1049,2018,Scotland,Renfrewshire,473,4512,4985,103.1827928,415.3,10.93366093,5.62,93.6,25172,612.7206127
1050,2018,Scotland,Renfrewshire,504,5058,5562,103.6264194,332.2,10.99899092,5.56,94.98,22767,406.2059238
1051,2018,Scotland,Renfrewshire,141,4291,4432,103.2998671,271.7,5.769230769,5.99,94.59,15014,263.6330805
1052,2018,Scotland,Renfrewshire,995,3078,4073,96.47577093,697.6,27,5.18,87.21,30340,1317.798313
1053,2018,Scotland,Renfrewshire,623,3928,4551,102.0761752,467.5,17.45334797,5.52,91.85,26868,677.2486772
1054,2018,Scotland,Renfrewshire,67,3131,3198,104.8520085,151.7,5.523809524,6.19,98.7,18151,137.0533529
1055,2018,Scotland,Renfrewshire,120,3103,3223,96.22776528,292.5,5.555555556,6.21,96.32,23447,433.4677419
1056,2018,Scotland,Renfrewshire,334,4394,4728,100.186477,319.4,7.227615965,5.8,94.61,19960,504.7748977
1057,2018,Scotland,Scottish Borders,304,5872,6176,92.98617913,210.3,6.790123457,6.16,96.12,17301,348.0589023
1058,2018,Scotland,Scottish Borders,385,3847,4232,99.62030221,415.9,16.61237785,5.67,90.34,22798,1067.41573
1059,2018,Scotland,Scottish Borders,177,4126,4303,100.0642983,262.8,6.718346253,5.62,94.42,16098,322.1704112
1060,2018,Scotland,Scottish Borders,438,5271,5709,93.5590704,324.6,9.505334627,5.68,92.75,21174,409.6728307
1061,2018,Scotland,Scottish Borders,338,5262,5600,85.55967126,272.1,13.66972477,5.9,96.28,22630,455.5808656
1062,2018,Scotland,Scottish Borders,398,3269,3667,97.87476947,417.7,18.49192101,5.5,90.28,26168,1722.802942
1063,2018,Scotland,Scottish Borders,426,2626,3052,100.9619542,453.1,21.72949002,5.32,90.43,37879,1166.347992
1064,2018,Scotland,Scottish Borders,335,2907,3242,99.79685119,398.5,20.4845815,5.67,93,25144,2017.634855
1065,2018,Scotland,Scottish Borders,576,2066,2642,103.8339871,539.1,36.68032787,5.05,86.99,39243,1504.739336
1066,2018,Scotland,Scottish Borders,371,5003,5374,97.79407234,291.3,9.182530795,5.91,94.95,19623,336.2664991
1067,2018,Scotland,Scottish Borders,138,2894,3032,95.78936033,210.8,5.801526718,5.88,94.07,23993,317.887931
1068,2018,Scotland,Scottish Borders,291,3871,4162,97.19974615,370.4,12.35795455,5.86,95.21,23379,291.2239276
1069,2018,Scotland,Scottish Borders,259,2497,2756,96.20577281,438.4,14.69979296,5.42,95.16,20226,751.0348906
1070,2018,Scotland,Scottish Borders,292,3421,3713,99.11933069,335.1,16.76413255,5.79,95.24,20669,547.1530249
1071,2018,Scotland,Scottish Borders,461,3096,3557,98.83398112,430.8,18.06896552,5.3,92.62,23749,1225.710015
1072,2018,Scotland,Scottish Borders,296,3710,4006,97.32243066,250,12.73792094,5.87,95.77,25224,311.2203112
1073,2018,Scotland,Scottish Borders,269,2482,2751,98.5944505,331.5,14.03508772,5.67,90.59,21429,567.423231
1074,2018,Scotland,Scottish Borders,266,4425,4691,99.2211838,198.2,11.5497076,5.53,93.04,17647,683.3457804
1075,2018,Scotland,Scottish Borders,342,2936,3278,102.6835287,470.4,21.26789366,5.56,94.81,16531,851.0638298
1076,2018,Scotland,Scottish Borders,273,2079,2352,95.4620462,397.9,20.63492063,5.38,90.14,19716,1647.770219
1077,2018,Scotland,Scottish Borders,159,2792,2951,100.6723079,260.8,10.68493151,5.81,93.55,15469,176.7825575
1078,2018,Scotland,Scottish Borders,260,3394,3654,97.32634571,326.2,12.74509804,5.65,94.84,23093,370.0319781
1079,2018,Scotland,Scottish Borders,526,3356,3882,100.544708,366.8,22.85714286,5.35,88.69,24327,959.0792839
1080,2018,Scotland,Scottish Borders,304,3749,4053,95.61650446,262.4,16.16541353,5.79,94.66,20938,444.817457
1081,2018,Scotland,Scottish Borders,766,2247,3013,102.87964,621.4,35.98937583,4.5,85.35,40460,1467.422096
1082,2018,Scotland,Scottish Borders,553,3640,4193,100.7804493,471.8,23.31606218,5.22,91.03,28899,1633.960753
1083,2018,Scotland,Scottish Borders,379,2955,3334,99.28507596,419.7,12.35697941,5.53,94.53,21130,1136.363636
1084,2018,Scotland,Scottish Borders,450,2899,3349,104.0300546,449.4,18.49056604,5.32,89.21,32073,1962.927757
1085,2018,Scotland,Scottish Borders,111,2625,2736,101.9112963,420,12.46753247,5.84,94.85,17601,977.6902887
1086,2018,Scotland,Scottish Borders,668,4892,5560,102.9730215,387.2,16.84334511,5.36,88.79,26035,940.0123686
1087,2018,Scotland,Shetland Islands,141,3239,3380,97.55906284,304.2,6.917293233,5.75,95.21,23408,14.33349259
1088,2018,Scotland,Shetland Islands,205,3199,3404,101.3792438,312.4,8.660351827,5.8,95.77,23832,300.0968054
1089,2018,Scotland,Shetland Islands,354,4265,4619,107.6350365,458.3,11.32637854,5.6,93.01,24673,484.702647
1090,2018,Scotland,Shetland Islands,168,3257,3425,94.06887133,260.4,8.112094395,5.61,97.1,21793,92.33610342
1091,2018,Scotland,Shetland Islands,123,2765,2888,99.07080687,291.7,7.457627119,5.84,98.48,16196,40.43905257
1092,2018,Scotland,Shetland Islands,138,2483,2621,100.5344871,382.3,10.12931034,5.73,98.23,18889,107.7844311
1093,2018,Scotland,Shetland Islands,158,2585,2743,103.7469287,378.2,7.75862069,5.8,94.87,13342,33.26679973
1094,2018,Scotland,South Ayrshire,596,4764,5360,103.1919601,353.4,26.01744186,5.53,95.52,27464,674.6287928
1095,2018,Scotland,South Ayrshire,706,2565,3271,102.5351252,492.6,29.01134522,5.55,87.2,32906,872.2421755
1096,2018,Scotland,South Ayrshire,515,2703,3218,102.1541357,520.1,19.58041958,5.58,88.06,33264,1287.837094
1097,2018,Scotland,South Ayrshire,712,3966,4678,104.7601797,389.3,23.75328084,5.64,85.97,32803,998.2174688
1098,2018,Scotland,South Ayrshire,326,4056,4382,91.3027193,410.8,10.38961039,5.99,95.21,27374,1135.25665
1099,2018,Scotland,South Ayrshire,280,3482,3762,99.56564134,405.5,8.269525268,5.4,91.67,35723,1595.881596
1100,2018,Scotland,South Ayrshire,167,5839,6006,102.1251608,213.2,4.811443433,6.26,96.49,22668,493.7010555
1101,2018,Scotland,South Ayrshire,609,3581,4190,104.2815388,522.7,21.02425876,5.58,93.84,32390,676.0886173
1102,2018,Scotland,South Ayrshire,408,4988,5396,102.6223237,381,11.53358682,5.84,92.52,31610,462.1309371
1103,2018,Scotland,South Ayrshire,380,4597,4977,101.9126233,257.1,11.69513798,5.65,93.33,32163,756.0725282
1104,2018,Scotland,South Ayrshire,637,4713,5350,100.5171984,477.2,15.14629948,6.07,89.03,37055,5303.131246
1105,2018,Scotland,South Ayrshire,1421,3137,4558,105.9496568,863.4,40.77834179,5.15,76.16,42279,4504.240052
1106,2018,Scotland,South Ayrshire,467,2168,2635,101.0215958,546.4,22.84946237,5.64,92.22,37197,1597.005614
1107,2018,Scotland,South Ayrshire,872,2090,2962,101.5188406,712.1,33.87096774,4.67,82.55,47850,1450.599657
1108,2018,Scotland,South Ayrshire,1225,2967,4192,101.6737407,605.9,33.61445783,4.86,85.57,34913,2432.126697
1109,2018,Scotland,South Ayrshire,434,3755,4189,101.0573178,370.6,18.53658537,5.69,93.42,33921,965.9090909
1110,2018,Scotland,South Ayrshire,554,3906,4460,97.05270973,455.5,14.35643564,5.74,93.93,37486,1122.230164
1111,2018,Scotland,South Ayrshire,180,3859,4039,103.0110405,344.3,5.212355212,6.11,96.62,29442,1179.307321
1112,2018,Scotland,South Ayrshire,387,5003,5390,102.8944381,288.8,11.83844011,5.72,95.45,25923,540.9782961
1113,2018,Scotland,South Ayrshire,260,2901,3161,88.89709763,412.4,13.46153846,5.52,96.97,32740,1671.15903
1114,2018,Scotland,South Ayrshire,793,5129,5922,100.3476116,425,24.18181818,5.42,91.08,31311,755.7654904
1115,2018,Scotland,South Ayrshire,506,5326,5832,89.44113222,406.3,12.42661448,5.65,92.24,23197,666.8542487
1116,2018,Scotland,South Ayrshire,357,4960,5317,103.5763933,290.6,14.52702703,5.75,95.06,23371,530.9734513
1117,2018,Scotland,South Ayrshire,606,3333,3939,102.9700435,452.9,21.51462995,5.51,90.37,32853,986.6071429
1118,2018,Scotland,South Ayrshire,386,5108,5494,101.6177389,333.6,14.49704142,5.95,91.33,26070,1538.193233
1119,2018,Scotland,South Lanarkshire,202,2221,2423,105.0547371,373,20.11661808,5.74,91.67,19349,4191.315293
1120,2018,Scotland,South Lanarkshire,402,5458,5860,94.79870535,276.8,12.27477477,5.81,96.51,22214,658.2278481
1121,2018,Scotland,South Lanarkshire,641,4115,4756,102.1267665,388.2,18.63354037,5.22,93.04,36168,804.7073791
1122,2018,Scotland,South Lanarkshire,474,3197,3671,101.1339926,356.4,16.89655172,5.5,93.87,29924,873.3246866
1123,2018,Scotland,South Lanarkshire,342,3388,3730,101.2766717,373.9,12.94642857,5.56,94.34,28550,711.9205298
1124,2018,Scotland,South Lanarkshire,156,2718,2874,99.2992533,312.8,7.913669065,5.78,95.41,19777,610.1511879
1125,2018,Scotland,South Lanarkshire,430,1967,2397,97.7744402,512.6,19.16010499,5.25,89.02,27393,1427.600272
1126,2018,Scotland,South Lanarkshire,651,3439,4090,99.84621611,489,14.21383648,5.44,90.86,30303,811.5282518
1127,2018,Scotland,South Lanarkshire,395,2921,3316,95.84361734,453.7,15.48507463,5.14,86.61,26288,1161.688004
1128,2018,Scotland,South Lanarkshire,167,2374,2541,96.06602135,364,5.555555556,5.78,94.44,23549,833.3333333
1129,2018,Scotland,South Lanarkshire,240,2410,2650,99.57200403,318.6,11.61473088,5.73,93.33,25681,1551.610782
1130,2018,Scotland,South Lanarkshire,302,1897,2199,101.6051364,553.6,20.2247191,5.26,94.32,28216,930.5555556
1131,2018,Scotland,South Lanarkshire,493,3401,3894,97.62486313,469.6,11.65644172,5.75,95.78,25231,2416.598861
1132,2018,Scotland,South Lanarkshire,388,3585,3973,95.09080355,291.5,11.34020619,5.58,95.86,21795,1130.470016
1133,2018,Scotland,South Lanarkshire,867,3400,4267,106.774772,513.9,26.18025751,5.34,86.96,32202,1387.46551
1134,2018,Scotland,South Lanarkshire,623,3185,3808,99.65768454,394,21.30898021,5.44,92.96,25635,962.0362381
1135,2018,Scotland,South Lanarkshire,517,3765,4282,99.74933417,404.9,13.94472362,5.43,95.12,26573,779.8507463
1136,2018,Scotland,South Lanarkshire,469,2356,2825,94.88361633,592.4,22.30088496,5.13,92.11,28388,1235.710397
1137,2018,Scotland,South Lanarkshire,350,2947,3297,103.9595877,364.7,11.21495327,5.77,97.6,33028,738.9635317
1138,2018,Scotland,South Lanarkshire,493,3321,3814,100.967969,411.3,16.08247423,5.4,93.43,28830,2563.115105
1139,2018,Scotland,South Lanarkshire,809,3210,4019,102.6860194,476.4,23.83808096,5.34,93.44,25597,1575.883576
1140,2018,Scotland,South Lanarkshire,956,2620,3576,98.9358749,728.6,24.15254237,4.94,82.16,32520,1449.148843
1141,2018,Scotland,South Lanarkshire,681,5062,5743,98.12798802,506.2,17.68774704,5.39,93.46,34779,650.0274273
1142,2018,Scotland,South Lanarkshire,319,4289,4608,101.3685666,342.6,13.03797468,5.92,96,28230,695.8762887
1143,2018,Scotland,South Lanarkshire,165,2613,2778,101.9398304,363.7,5.471698113,6.19,95.65,29021,421.8222722
1144,2018,Scotland,South Lanarkshire,124,2965,3089,89.29762506,382.4,10.66907776,5.85,94.52,19419,618.3574879
1145,2018,Scotland,South Lanarkshire,221,3635,3856,76.69044916,273.7,11.91709845,5.96,92.55,19712,1174.471299
1146,2018,Scotland,South Lanarkshire,336,3228,3564,103.5332404,383.2,13.66459627,5.61,94.34,25939,388.4711779
1147,2018,Scotland,South Lanarkshire,629,2168,2797,97.89896128,652.3,27.41935484,5.73,89.63,37842,1903.093987
1148,2018,Scotland,South Lanarkshire,234,2566,2800,102.6171782,335.7,10.44776119,5.87,95.69,23127,1358.560794
1149,2018,Scotland,South Lanarkshire,499,3750,4249,96.88115303,376.9,14.7751606,6.08,88.79,28358,6302.263138
1150,2018,Scotland,South Lanarkshire,673,2981,3654,101.6326158,559.2,19.23743501,5.26,91.45,28205,1343.59401
1151,2018,Scotland,South Lanarkshire,614,1489,2103,101.3524264,790,33.82045929,4.94,85.93,28710,1894.409938
1152,2018,Scotland,South Lanarkshire,477,2303,2780,102.2509984,374.1,17.35074627,5.28,85.83,29868,795.5215085
1153,2018,Scotland,South Lanarkshire,454,6008,6462,96.55085726,334.5,10.0625,5.78,97.21,26667,404.3188606
1154,2018,Scotland,South Lanarkshire,143,3933,4076,97.57462687,248.5,7.232704403,5.7,97.14,20168,301.1818528
1155,2018,Scotland,South Lanarkshire,1031,3171,4202,98.27967172,573.3,30.911188,4.85,85.94,35520,1306.078148
1156,2018,Scotland,South Lanarkshire,814,3096,3910,104.0787746,650,19.48051948,5.19,89.16,31222,1844.001696
1157,2018,Scotland,South Lanarkshire,859,3321,4180,103.8187495,651.9,20.44444444,5.22,91.85,30328,1582.157835
1158,2018,Scotland,South Lanarkshire,338,2908,3246,102.9034575,420.5,12.09213052,5.58,94.74,27900,494.4255938
1159,2018,Scotland,South Lanarkshire,525,2444,2969,103.4266517,495.9,19.74248927,5.07,84.43,27138,1118.697479
1160,2018,Scotland,South Lanarkshire,964,4000,4964,100.0339859,533,23.89580974,5.37,86.4,27969,1593.73152
1161,2018,Scotland,South Lanarkshire,1153,3360,4513,102.4101697,750.6,26.37075718,4.85,85.99,40028,2426.372155
1162,2018,Scotland,South Lanarkshire,488,3326,3814,96.31505414,512.2,12.22410866,5.64,95,37143,1349.826389
1163,2018,Scotland,South Lanarkshire,890,3038,3928,100.0603032,496.6,23.04409673,4.44,82.35,33861,2981.760508
1164,2018,Scotland,South Lanarkshire,133,3234,3367,100.4912074,207.1,NA,5.73,94.59,25453,1448.525608
1165,2018,Scotland,South Lanarkshire,351,2744,3095,98.66138359,344.8,12.86231884,5.46,87.5,28137,625.6157635
1166,2018,Scotland,South Lanarkshire,478,6016,6494,84.32465295,315.1,8.057296329,5.85,95,29020,968.5171834
1167,2018,Scotland,South Lanarkshire,520,6387,6907,75.87816807,393.8,8.041014571,5.77,94.5,28309,548.8043904
1168,2018,Scotland,South Lanarkshire,987,5336,6323,96.41213389,447.3,18.91891892,5.31,90.14,29255,1073.01143
1169,2018,Scotland,South Lanarkshire,874,3285,4159,95.80838323,611.8,19.09212283,5.39,84.66,28352,1054.820416
1170,2018,Scotland,South Lanarkshire,741,4085,4826,103.8558609,415.3,15.96998928,5.45,90.16,23874,901.6393443
1171,2018,Scotland,South Lanarkshire,453,3387,3840,99.22533999,443.4,11.72529313,5.8,92.31,34717,1674.226804
1172,2018,Scotland,South Lanarkshire,494,5200,5694,102.8618152,359.2,10,5.67,94.71,26894,493.4210526
1173,2018,Scotland,South Lanarkshire,680,2689,3369,96.29955087,645.6,21.81818182,5.28,90.53,33244,2636.7713
1174,2018,Scotland,South Lanarkshire,741,2846,3587,103.1438936,822.5,29.45205479,5.37,88.29,29005,3272.41819
1175,2018,Scotland,South Lanarkshire,761,2562,3323,100.6936765,633.2,30.3030303,5.02,84.91,27994,1609.802979
1176,2018,Scotland,South Lanarkshire,339,2775,3114,103.0344974,369.4,20.29598309,5.59,97.06,23350,669.6208764
1177,2018,Scotland,South Lanarkshire,627,2044,2671,97.45772461,581,29.96108949,5.35,87.93,26825,980.1762115
1178,2018,Scotland,South Lanarkshire,132,3579,3711,90.65576653,211.7,2.210884354,5.95,96.26,21698,740.1105912
1179,2018,Scotland,South Lanarkshire,686,3696,4382,103.1176693,536.5,23.89380531,5.74,93.55,31262,1332.068311
1180,2018,Scotland,South Lanarkshire,934,3557,4491,89.35448174,497,21.9895288,5.29,88.41,31994,800.9543286
1181,2018,Scotland,South Lanarkshire,563,5555,6118,71.13346682,477.1,8.204768583,5.87,94.44,37887,1348.646805
1182,2018,Scotland,South Lanarkshire,447,3090,3537,102.1188009,401.5,14.79099678,5.71,92.31,27222,728.5595337
1183,2018,Scotland,South Lanarkshire,555,3222,3777,104.4820183,460.4,15.84582441,5.43,97,30991,888.144114
1184,2018,Scotland,South Lanarkshire,453,3656,4109,100.2567394,496.8,13.97694524,5.59,94.38,41494,1086.32041
1185,2018,Scotland,South Lanarkshire,353,4462,4815,98.82557331,321,10.49046322,5.83,93.53,28997,581.6993464
1186,2018,Scotland,South Lanarkshire,331,4275,4606,101.2288348,286.5,10.8974359,5.63,95.29,29830,2146.490336
1187,2018,Scotland,South Lanarkshire,362,2659,3021,97.91711402,406,14.81481481,5.62,94.57,30962,3091.738469
1188,2018,Scotland,South Lanarkshire,343,2751,3094,100.2113459,407.6,12.00873362,5.95,92.17,31356,2612.752722
1189,2018,Scotland,South Lanarkshire,57,2645,2702,105.4168747,303.2,8.042895442,6.26,97.52,27273,172.5129385
1190,2018,Scotland,South Lanarkshire,217,3807,4024,102.145323,339.6,7.122093023,6.03,97.22,25985,1188.990826
1191,2018,Scotland,South Lanarkshire,63,4056,4119,95.1098454,206.6,2.290076336,6.21,94.5,23126,413.2841328
1192,2018,Scotland,South Lanarkshire,309,3531,3840,96.70846395,514.9,10.90604027,6.07,94,32306,1509.90099
1193,2018,Scotland,South Lanarkshire,175,2507,2682,103.887582,338.2,11.77944862,5.98,93.28,17944,153.8461538
1194,2018,Scotland,South Lanarkshire,506,4903,5409,90.03297911,460.6,15.78512397,5.76,96.09,34633,712.1749409
1195,2018,Scotland,South Lanarkshire,697,3448,4145,99.09960159,498.8,19.20289855,5.19,91.09,32614,1265.322262
1196,2018,Scotland,South Lanarkshire,498,2651,3149,103.8883035,451.8,21.20200334,5.35,88.04,30500,1171.954964
1197,2018,Scotland,South Lanarkshire,424,3723,4147,104.0123702,345.3,18.15431165,5.51,90.43,28453,828.5094067
1198,2018,Scotland,South Lanarkshire,423,3062,3485,97.89017341,437.2,15.97222222,5.46,90.83,35556,1043.280182
1199,2018,Scotland,South Lanarkshire,532,3077,3609,101.8435703,384.5,22.97551789,5.38,90.85,38776,851.4261388
1200,2018,Scotland,South Lanarkshire,458,3424,3882,104.1944302,330.4,18.41269841,5.4,94.32,30195,1013.046815
1201,2018,Scotland,Stirling,190,5177,5367,99.5512861,231.6,6.186726659,6.13,97.32,17621,819.2371476
1202,2018,Scotland,Stirling,235,4150,4385,92.90979558,288.9,11.46496815,6,96.21,17310,749.4322483
1203,2018,Scotland,Stirling,147,3100,3247,100.6468031,246.1,8.884688091,5.91,98.21,18483,604.7966632
1204,2018,Scotland,Stirling,209,3592,3801,100.3243828,205.9,8.566978193,6.04,96.2,19542,500.6418485
1205,2018,Scotland,Stirling,426,2647,3073,95.2991453,613.6,21.31979695,4.92,91.3,31720,1658.21501
1206,2018,Scotland,Stirling,398,2344,2742,97.69744986,470.5,23.98042414,5.19,84.21,24737,765.6341321
1207,2018,Scotland,Stirling,435,2431,2866,100.943285,634.5,24.70784641,5.17,94,31354,971.9934102
1208,2018,Scotland,Stirling,314,3083,3397,105.5125239,441.5,12.95896328,5.63,96.32,23983,703.564728
1209,2018,Scotland,Stirling,472,3028,3500,102.8554779,468.5,20.75471698,5.15,89.53,28462,826.2236192
1210,2018,Scotland,Stirling,657,4629,5286,104.5955765,464.2,15.60846561,5.63,94.15,25636,1013.770876
1211,2018,Scotland,Stirling,651,3418,4069,94.78537894,465.7,20.49079755,5.41,90.36,29217,1250
1212,2018,Scotland,Stirling,146,4011,4157,91.28650736,245.1,2.192242833,6.19,95.97,22048,794.4962273
1213,2018,Scotland,Stirling,335,2106,2441,101.5727209,598.6,18.95734597,5.52,90.36,25167,2941.176471
1214,2018,Scotland,Stirling,380,3711,4091,101.1440227,497,20.07722008,5.44,80,11111,3181.398214
1215,2018,Scotland,Stirling,991,2275,3266,83.88302972,890,32.71162123,4.83,82.27,32106,1887.287025
1216,2018,Scotland,Stirling,436,2726,3162,104.0690377,575.8,18.5520362,5.46,91.72,20558,1146.853147
1217,2018,Scotland,Stirling,98,2710,2808,89.78886282,177.9,4.033970276,6.08,95.71,17103,568.2520074
1218,2018,Scotland,Stirling,241,7024,7265,103.6064628,330.3,6.480304956,6,98.63,18582,408.3333333
1219,2018,Scotland,Stirling,171,2783,2954,94.75128236,348.5,10.32258065,5.87,94.52,17347,2318.355641
1220,2018,Scotland,Stirling,156,5499,5655,95.37122187,221.7,3.046875,6.36,99.28,15033,371.2072305
1221,2018,Scotland,Stirling,254,4283,4537,101.465371,287,7.112970711,6.11,96.67,15295,386.4168618
1222,2018,Scotland,Stirling,286,4623,4909,90.44067333,231.9,7.79363337,6.14,96.81,17986,708.319412
1223,2018,Scotland,Stirling,294,3446,3740,99.71697252,273.3,9.660107335,5.87,94.96,19014,1279.620853
1224,2018,Scotland,Stirling,228,3054,3282,104.3528425,340.1,10.90146751,5.54,97.3,17198,1429.298067
1225,2018,Scotland,West Dunbartonshire,947,3130,4077,109.9448423,713.4,26.85714286,5.3,91.71,32977,1634.908537
1226,2018,Scotland,West Dunbartonshire,1120,3413,4533,96.53835307,991.9,25.11848341,5.22,85.52,40145,3872.42268
1227,2018,Scotland,West Dunbartonshire,1516,4044,5560,99.916978,631.3,31.28598848,5.14,87.36,28854,2305.547812
1228,2018,Scotland,West Dunbartonshire,912,3676,4588,95.78825905,540,17.30769231,5.33,90.29,33839,1021.724372
1229,2018,Scotland,West Dunbartonshire,397,3188,3585,103.8205365,349.2,13.33333333,5.52,96,29463,1334.81153
1230,2018,Scotland,West Dunbartonshire,1229,4018,5247,103.7843311,616.5,29.84693878,5.22,89.82,27814,857.1428571
1231,2018,Scotland,West Dunbartonshire,445,3945,4390,102.3545393,288.9,13.66711773,5.71,94.57,20862,831.758034
1232,2018,Scotland,West Dunbartonshire,1292,4185,5477,99.19582308,678.8,27.78969957,5.12,88.79,34720,1721.311475
1233,2018,Scotland,West Dunbartonshire,393,4524,4917,107.8898706,345.3,10.16949153,5.87,94.53,23523,627.6923077
1234,2018,Scotland,West Dunbartonshire,325,3913,4238,100.5754936,444.4,9.900990099,5.74,97.89,25402,961.1687812
1235,2018,Scotland,West Dunbartonshire,806,4186,4992,103.0667387,584.1,20.45454545,5.46,90.7,26068,873.3087331
1236,2018,Scotland,West Dunbartonshire,613,6397,7010,90.29393897,456.1,7.104795737,5.99,94.52,26820,2364.374199
1237,2018,Scotland,West Dunbartonshire,1251,4266,5517,101.5488984,675.5,25.944334,5.48,84,25287,1469.926925
1238,2018,Scotland,West Dunbartonshire,772,4322,5094,102.362666,403.4,17.25888325,5.56,87.17,23543,1081.081081
1239,2018,Scotland,West Dunbartonshire,1134,4662,5796,100.0057964,567.9,21.59468439,5.2,87.95,27660,1311.383929
1240,2018,Scotland,West Dunbartonshire,863,3265,4128,98.48447205,598.7,18.83289125,5.39,80.23,40598,1996.798719
1241,2018,Scotland,West Dunbartonshire,877,5113,5990,101.1385306,473.6,17.24137931,5.53,90.15,27919,1895.16129
1242,2018,Scotland,West Dunbartonshire,836,3635,4471,100.8973682,491.6,20.32828283,5.11,88.55,27729,993.1875224
1243,2018,Scotland,West Lothian,785,4019,4804,102.6446398,525.5,23.8267148,5.48,91.88,32768,1322.83992
1244,2018,Scotland,West Lothian,598,4259,4857,102.2870172,433.4,21.28712871,5.25,91.67,25993,1532.434973
1245,2018,Scotland,West Lothian,769,4684,5453,101.4618974,528.4,18.75647668,5.39,93.87,27973,848.830234
1246,2018,Scotland,West Lothian,288,4431,4719,101.1927858,235.3,7.462686567,5.98,96.1,25038,944.4618764
1247,2018,Scotland,West Lothian,119,5196,5315,101.5703437,285.1,6.304347826,6.09,96.23,18642,222.1581073
1248,2018,Scotland,West Lothian,868,4547,5415,100.4406365,588.4,24.60829493,5.19,87.46,30492,2106.606181
1249,2018,Scotland,West Lothian,233,5716,5949,99.5127823,302.1,6.792058516,5.84,90.34,18462,433.3418302
1250,2018,Scotland,West Lothian,397,5336,5733,83.14776478,354.9,11.11111111,5.66,94.12,24975,376.633359
1251,2018,Scotland,West Lothian,335,2405,2740,98.76240657,366.5,15.69506726,5.57,92.05,30387,1625.874126
1252,2018,Scotland,West Lothian,1266,4695,5961,103.4049548,505.7,26.64884135,4.97,86,27282,1222.313372
1253,2018,Scotland,West Lothian,705,3880,4585,98.12030075,535,22.27272727,5.47,90.48,29900,2521.885522
1254,2018,Scotland,West Lothian,319,5034,5353,98.40418822,316.5,10.09433962,5.84,96.58,20730,329.8969072
1255,2018,Scotland,West Lothian,1089,3935,5024,99.42455671,500.5,29.6875,5.36,87.58,26837,1452.937461
1256,2018,Scotland,West Lothian,794,4885,5679,102.3776561,466.7,21.73553719,5.18,85.94,28295,791.7109458
1257,2018,Scotland,West Lothian,139,3617,3756,103.9405743,255.2,10.32786885,5.93,98.04,19710,639.4615061
1258,2018,Scotland,West Lothian,511,2249,2760,103.2323232,647.1,24.95667244,5.16,85.89,31788,989.2594686
1259,2018,Scotland,West Lothian,653,5296,5949,101.0317598,448.6,13.20272572,5.37,93.73,25616,1096.242923
1260,2018,Scotland,West Lothian,260,1940,2200,101.1764706,426.6,24.55242967,5.67,95.08,19118,752.6080477
1261,2018,Scotland,West Lothian,1008,3901,4909,96.66576124,480.4,25,5.08,92.23,32500,1492.489613
1262,2018,Scotland,West Lothian,836,5212,6048,100.4512535,448.4,18.3127572,5.59,92.19,24736,773.1137088
1263,2018,Scotland,West Lothian,1096,3762,4858,102.7946622,550.9,29.44572748,5.15,84.11,33481,1961.307538
1264,2018,Scotland,West Lothian,425,3788,4213,68.40566674,419.7,16.22516556,5.51,90.7,23737,982.2978133
1265,2018,Scotland,West Lothian,743,4946,5689,102.898292,483.2,15.42443064,5.55,87.45,25246,1121.936817
1266,2018,Scotland,West Lothian,825,5507,6332,101.6136893,484.9,15.34356237,5.39,92.16,28117,898.3392048
1267,2018,Scotland,West Lothian,381,6392,6773,65.78534288,389.3,7.891949153,5.65,96.24,25078,838.1939944
1268,2018,Scotland,West Lothian,713,3603,4316,102.2512418,456.2,25.47169811,5.25,90.56,27778,1052.631579
1269,2018,Scotland,West Lothian,904,5517,6421,101.6140238,635,21.47239264,5.48,92.99,27987,2438.118812
1270,2018,Scotland,West Lothian,659,5390,6049,103.4208433,422.8,12.35849057,5.68,93.56,21824,834.6134153
1271,2018,Scotland,West Lothian,407,3236,3643,97.32891222,327.6,16.57060519,5.36,89.92,22305,827.0342374
1272,2018,Scotland,West Lothian,295,5604,5899,102.1084509,235.2,7.608695652,6.13,98.21,16737,391.7116094
1273,2018,Scotland,West Lothian,284,4142,4426,101.654426,260.3,5.532503458,6.01,97.44,24528,678.2273603
1274,2018,Scotland,West Lothian,71,3466,3537,105.1586154,184.1,3.606557377,6.24,98.81,16876,432.3308271
1275,2018,Scotland,West Lothian,503,4777,5280,79.96738737,364.4,17.83496007,5.42,96.23,20936,650.7530548
1276,2018,Scotland,West Lothian,522,3767,4289,97.626435,442.4,18.53188929,5.68,89.81,31090,1073.943662
1277,2018,Scotland,West Lothian,629,5066,5695,102.8358297,372,14.73354232,5.4,90.32,21732,901.4248328
1278,2018,Scotland,West Lothian,204,3736,3940,100.7686261,272.7,7.639836289,5.8,93.46,23963,627.3369339
1279,2018,Scotland,West Lothian,286,2455,2741,97.4988202,495.3,20,5.47,88.78,29730,1214.247167
