,year,country,la,inc.n,noninc.n,pop,Depop,EM,CP,Attain,PD,EA,crime
1,2019,Scotland,Aberdeen City,317,4492,4809,104.7057141,335.6,11.21372032,5.835,94.87,18200,317.2942817
2,2019,Scotland,Aberdeen City,74,4334,4408,86.05860446,224.5,5.831533477,6.23913,96.41,16683,341.5154749
3,2019,Scotland,Aberdeen City,208,6657,6865,98.20683903,237.6,3.861308117,6.35542,97.45,17209,233.0623306
4,2019,Scotland,Aberdeen City,713,4784,5497,97.37286545,532.9,20.69795427,4.9902,85.33,31663,1276.247614
5,2019,Scotland,Aberdeen City,132,4383,4515,108.5606243,245.9,4.013961606,5.9375,93.65,24254,603.1406138
6,2019,Scotland,Aberdeen City,88,3958,4046,99.95721376,192.8,1.883561644,6.08197,100,22158,426.9366197
7,2019,Scotland,Aberdeen City,84,4866,4950,99.22641645,204.4,3.034682081,5.97959,95.59,23545,258.1329562
8,2019,Scotland,Aberdeen City,270,4914,5184,87.84040909,234.2,6.560636183,5.98795,95.1,26153,829.8256164
9,2019,Scotland,Aberdeen City,461,3434,3895,106.1682749,531.9,20.98138748,5.425,87.9,30538,1382.978723
10,2019,Scotland,Aberdeen City,136,4456,4592,99.23932124,597.5,3.831891224,6.07216,98.54,23747,1118.033922
11,2019,Scotland,Aberdeen City,399,5334,5733,109.8284128,428.9,10.88709677,6.19608,90.72,21348,805.3849787
12,2019,Scotland,Aberdeen City,64,3611,3675,100.6871882,193.8,3.305785124,6.37879,100,25771,1978.858351
13,2019,Scotland,Aberdeen City,159,6192,6351,105.9965734,289.7,5.269922879,6.3125,99.31,28956,656.656208
14,2019,Scotland,Aberdeen City,263,3744,4007,105.2740792,744.2,20.74829932,5.28571,82.93,34104,5424.795469
15,2019,Scotland,Aberdeen City,238,2440,2678,106.586499,742.8,25.5,4.41667,59.52,38053,8644.14843
16,2019,Scotland,Aberdeen City,184,4943,5127,106.9977427,329.3,7.662082515,5.9,90.91,25822,492.6510615
17,2019,Scotland,Aberdeen City,236,4765,5001,104.1100812,416,5.422647528,5.38636,91.57,20396,632.1473952
18,2019,Scotland,Aberdeen City,501,3449,3950,108.8750556,541.9,21.81528662,5.22222,88.72,28705,1250.529886
19,2019,Scotland,Aberdeen City,373,4529,4902,80.42645894,350.9,13.33333333,5.07519,90.06,30055,1521.346963
20,2019,Scotland,Aberdeen City,101,3853,3954,106,345.8,5.623100304,5.74038,94.74,17304,339.4255875
21,2019,Scotland,Aberdeen City,169,3372,3541,108.9995022,458.3,15.57377049,5.43529,94.79,19831,1452.586207
22,2019,Scotland,Aberdeen City,877,4595,5472,112.3698432,719.8,31.93504736,4.73913,80.46,33100,1664.826063
23,2019,Scotland,Aberdeen City,1000,3582,4582,108.9864078,722.9,41.32596685,4.51266,83.86,28852,2125.984252
24,2019,Scotland,Aberdeen City,389,2908,3297,104.6242171,684,16.47940075,5.33333,87.18,27500,2258.064516
25,2019,Scotland,Aberdeen City,281,3899,4180,102.7516051,613,16.74208145,5.375,81.25,15566,1320.649133
26,2019,Scotland,Aberdeen City,737,6364,7101,102.9926026,819,22.76119403,5.02222,85.71,27689,2098.065377
27,2019,Scotland,Aberdeen City,422,3314,3736,102.0255474,748.8,14.13043478,5.47917,93.94,36080,3631.165118
28,2019,Scotland,Aberdeen City,440,5276,5716,97.27371208,434.7,28.90625,5.24528,87.34,24064,1016.465423
29,2019,Scotland,Aberdeen City,652,3823,4475,99.90593343,797.3,36.1038961,5.11429,89.58,37931,1286.863271
30,2019,Scotland,Aberdeen City,456,4149,4605,112.4507797,666.7,32.68765133,5,88.31,30435,1097.381583
31,2019,Scotland,Aberdeen City,1012,4556,5568,91.66461765,676.8,32.4912892,5.07207,80,27769,2041.884817
32,2019,Scotland,Aberdeen City,872,3145,4017,105.047346,976.9,38.37837838,5,81.95,36245,2440.061872
33,2019,Scotland,Aberdeen City,502,5592,6094,101.3755312,387.2,18.19277108,5.89231,90.27,25573,667.4876847
34,2019,Scotland,Aberdeen City,814,4651,5465,104.4735477,633.6,22.50608273,5.25253,83.04,31294,1682.827651
35,2019,Scotland,Aberdeen City,806,3911,4717,105.5913821,510.1,24.23887588,5.17241,85.64,33199,1614.864865
36,2019,Scotland,Aberdeen City,664,4250,4914,103.1327973,586.1,19.67213115,5.06723,83.93,28718,1201.232033
37,2019,Scotland,Aberdeen City,552,2953,3505,104.5688291,566.9,27.85185185,4.83871,78.01,32903,1396.244584
38,2019,Scotland,Aberdeen City,923,4469,5392,104.3227848,587.3,27.1711092,4.86058,81.76,27020,1452.581032
39,2019,Scotland,Aberdeen City,924,3975,4899,110.2470328,793.8,30.82251082,5.00599,84.23,33333,1636.303412
40,2019,Scotland,Aberdeen City,152,5497,5649,93.61182154,241.8,5.352798054,6.00704,95.08,14819,832.0126783
41,2019,Scotland,Aberdeen City,298,3722,4020,74.02161215,475.6,10.94890511,5.19118,89.87,29815,1353.383459
42,2019,Scotland,Aberdeen City,397,4870,5267,85.75332257,389.9,15.15486726,5.3985,87.72,22934,1685.925926
43,2019,Scotland,Aberdeen City,367,4894,5261,105.2067875,404,10.51344743,5.48819,93.22,26051,1072.482781
44,2019,Scotland,Aberdeen City,97,3965,4062,105.0732807,357.9,6.361829026,5.67901,96.43,20085,602.6058632
45,2019,Scotland,Aberdeen City,147,4245,4392,95.41107569,233.1,6.151645207,5.63551,93.01,17987,194.565582
46,2019,Scotland,Aberdeen City,144,4756,4900,103.5819225,280.8,9.362279512,5.73288,95.02,20289,436.312456
47,2019,Scotland,Aberdeen City,284,3348,3632,99.08822988,329.9,12.20400729,5.5977,93.27,20112,666.3602941
48,2019,Scotland,Aberdeen City,107,2555,2662,108.0195534,254.7,9.919571046,5.47059,96,23697,1309.210526
49,2019,Scotland,Aberdeen City,124,3416,3540,75.60422302,372.3,4.503311258,5.89286,90,27221,553.1062124
50,2019,Scotland,Aberdeenshire,167,2903,3070,101.2356384,263.8,15.08951407,5.63235,97.17,14950,578.3267827
51,2019,Scotland,Aberdeenshire,256,5069,5325,95.09245633,248.6,10.21052632,5.8314,98.07,17071,624.5890861
52,2019,Scotland,Aberdeenshire,244,4077,4321,95.77050663,382.7,10.24229075,5.76923,93.21,17758,6392.572944
53,2019,Scotland,Aberdeenshire,297,3782,4079,96.82526728,268.2,12.27217497,5.6,92.5,18717,439.516129
54,2019,Scotland,Aberdeenshire,341,5442,5783,96.01891308,329.1,8.039376538,5.83158,96.28,20227,1079.87754
55,2019,Scotland,Aberdeenshire,105,4289,4394,73.29908359,253.3,5.369127517,5.85517,96.45,18404,664.9451259
56,2019,Scotland,Aberdeenshire,381,4947,5328,106.1412487,381.8,9.886363636,5.91716,93.67,15494,660.0249066
57,2019,Scotland,Aberdeenshire,268,5401,5669,104.7808528,241.3,5.280528053,6.05,94.87,19246,785.5877141
58,2019,Scotland,Aberdeenshire,87,2883,2970,107.5894988,311,6.862745098,6,93.1,14625,235.3616533
59,2019,Scotland,Aberdeenshire,102,4192,4294,107.6581928,258,7.213114754,5.61165,93.71,17391,398.4206748
60,2019,Scotland,Aberdeenshire,233,5646,5879,79.20514973,309.1,7.61223162,5.54037,96.55,20000,599.4266354
61,2019,Scotland,Aberdeenshire,144,4964,5108,95.74964364,241.6,6.015779093,6,94.86,15568,499.0700558
62,2019,Scotland,Aberdeenshire,182,3923,4105,100.6428513,261.6,9.652076319,5.88435,90.91,19090,498.7531172
63,2019,Scotland,Aberdeenshire,114,2895,3009,106.4147528,253.5,3.603603604,6.33962,96.64,16025,832.3281062
64,2019,Scotland,Aberdeenshire,114,4169,4283,96.57791699,241.9,6.145966709,6.16312,96.37,14299,432.6123128
65,2019,Scotland,Aberdeenshire,195,3883,4078,104.2175732,258.6,12.34567901,5.75168,93.26,19085,375.6260434
66,2019,Scotland,Aberdeenshire,275,5928,6203,88.834476,277.7,8.709175739,5.71674,94.7,15253,400.3059663
67,2019,Scotland,Aberdeenshire,322,3232,3554,104.7076982,459.2,19.93620415,5.376,90.8,15858,882.6382153
68,2019,Scotland,Aberdeenshire,334,5136,5470,104.0413475,301.4,12.64367816,5.70492,92.7,22379,649.7005988
69,2019,Scotland,Aberdeenshire,524,4814,5338,102.3815588,400.4,17.16906946,5.2406,90.73,23697,2377.622378
70,2019,Scotland,Aberdeenshire,162,6203,6365,72.50584385,236.5,6.546929316,5.68333,96.86,9207,410.2452789
71,2019,Scotland,Aberdeenshire,174,5775,5949,99.60656859,244.3,5.384615385,5.81461,96.43,17598,613.5142776
72,2019,Scotland,Aberdeenshire,107,3310,3417,97.61533969,312.5,4.449648712,5.75962,94.66,14905,1036.970243
73,2019,Scotland,Aberdeenshire,103,4940,5043,83.59198833,272.5,2.537593985,6.01212,95.02,17161,297.6744186
74,2019,Scotland,Aberdeenshire,95,3793,3888,109.2161854,201.4,6.525573192,5.81319,96.95,20764,496.4539007
75,2019,Scotland,Aberdeenshire,134,3835,3969,102.1639002,201.7,4.382022472,5.96094,96.72,16629,506.7837191
76,2019,Scotland,Aberdeenshire,152,4078,4230,101.0435324,253.9,8.198489752,5.46875,93.62,18789,506.9801616
77,2019,Scotland,Aberdeenshire,184,5082,5266,100.4701015,253.8,7.196261682,5.70886,93.04,19170,434.1361879
78,2019,Scotland,Aberdeenshire,252,5841,6093,95.98088203,357,6.6439523,5.90173,93.25,17158,620.7616067
79,2019,Scotland,Aberdeenshire,252,3841,4093,106.460054,366.6,9.090909091,5.4955,94.16,21203,372.1881391
80,2019,Scotland,Aberdeenshire,168,4378,4546,95.0382782,232.9,10.23142509,5.76389,92.39,17460,910.9311741
81,2019,Scotland,Aberdeenshire,249,5777,6026,93.70602879,273.6,7.258064516,5.58757,90.44,18744,291.7214192
82,2019,Scotland,Aberdeenshire,185,4877,5062,99.98005982,290,10.08249313,5.69767,94.92,21642,586.7182463
83,2019,Scotland,Aberdeenshire,203,3725,3928,99.26152279,366.3,8.510638298,5.4697,92.68,17984,368.1472589
84,2019,Scotland,Aberdeenshire,216,4825,5041,93.6327609,252.7,8.191808192,5.70345,89.47,16024,419.1224623
85,2019,Scotland,Aberdeenshire,253,4400,4653,98.63855951,284.2,14.46540881,5.71687,91.94,21103,719.3479802
86,2019,Scotland,Aberdeenshire,488,3843,4331,104.2946238,488.4,21.73913043,5.23276,88.37,21558,1238.53211
87,2019,Scotland,Aberdeenshire,110,2748,2858,101.1853448,217.8,10.67961165,5.51961,92.81,17474,437.4307863
88,2019,Scotland,Aberdeenshire,404,4204,4608,108.9647327,422.8,17.14697406,5.26207,90.55,29646,1114.206128
89,2019,Scotland,Aberdeenshire,288,2925,3213,102.2612537,437,19.79591837,5.11765,88.52,21327,831.9467554
90,2019,Scotland,Aberdeenshire,305,3505,3810,98.46299159,361.9,11.99376947,5.30275,93.23,18575,477.2329247
91,2019,Scotland,Aberdeenshire,511,3568,4079,103.111633,473.2,17.72151899,5.27941,88.71,25127,1834.517342
92,2019,Scotland,Aberdeenshire,468,3439,3907,103.911388,428.7,14.78129713,5.48438,88.14,26152,737.23229
93,2019,Scotland,Aberdeenshire,251,2876,3127,103.5037578,330.4,15.234375,5.55319,92.56,22028,757.9859231
94,2019,Scotland,Aberdeenshire,281,2747,3028,103.6002271,368.6,13.37209302,5.31818,91.87,19544,532.7413984
95,2019,Scotland,Aberdeenshire,332,4708,5040,90.53204036,301.5,11.38669673,5.45181,91.78,19757,445.4203262
96,2019,Scotland,Aberdeenshire,289,2350,2639,104.8679974,417.7,12.64108352,5.14607,93.16,21190,1223.513329
97,2019,Scotland,Aberdeenshire,136,2973,3109,91.68074324,307.3,8.427876823,5.81319,90.4,14630,392.0570265
98,2019,Scotland,Aberdeenshire,364,4136,4500,101.1932311,387.5,17.47815231,5.34091,89.9,18124,811.7564731
99,2019,Scotland,Aberdeenshire,317,4222,4539,98.66461222,403.4,21.99730094,5.23967,84.95,19009,1319.468121
100,2019,Scotland,Aberdeenshire,364,2148,2512,106.0453743,519.4,22.99465241,5.10345,83.78,26412,1637.228261
101,2019,Scotland,Aberdeenshire,1143,5140,6283,102.5160944,741.8,27.63401109,4.84153,80.16,30476,3112.631322
102,2019,Scotland,Aberdeenshire,333,3918,4251,105.325018,394.7,16.2406015,5.25397,87.03,16883,1234.567901
103,2019,Scotland,Aberdeenshire,382,6787,7169,79.60244648,399.7,10.91811414,5.31222,92.13,16320,715.470759
104,2019,Scotland,Aberdeenshire,530,5690,6220,92.92049168,397.9,15.70026762,5.34171,90.34,16249,783.2377151
105,2019,Scotland,Aberdeenshire,175,3996,4171,104.460719,358.2,5.487804878,5.45736,91.95,19556,862.9441624
106,2019,Scotland,Aberdeenshire,404,1946,2350,107.5342466,536.2,28.60411899,4.17105,84.95,24570,1449.965963
107,2019,Scotland,Aberdeenshire,345,2315,2660,105.350108,468.7,17.57105943,5.29487,85.98,30769,2106.860959
108,2019,Scotland,Aberdeenshire,737,2830,3567,106.6050453,641.7,25.66371681,4.59813,83.13,27190,3624.434389
109,2019,Scotland,Angus,246,5280,5526,102.3873819,257.6,9.56618465,5.84324,92.62,16315,587.5227135
110,2019,Scotland,Angus,214,6036,6250,92.88463539,282.8,6.951871658,5.69802,94.92,19396,600.5695056
111,2019,Scotland,Angus,140,2659,2799,102.1337127,240.6,7.746478873,5.72414,93.69,18668,349.2884864
112,2019,Scotland,Angus,226,4536,4762,95.62713453,319.4,8.066759388,5.74336,93.75,22242,311.7870722
113,2019,Scotland,Angus,529,4796,5325,96.64355403,472.9,18.73747495,5.3869,92.66,20447,581.0769699
114,2019,Scotland,Angus,267,5147,5414,102.5609072,230.2,12.40409207,5.72,93.6,18054,442.1416235
115,2019,Scotland,Angus,134,2646,2780,94.81404481,185,11.72069825,5.8209,96.43,14937,653.6284097
116,2019,Scotland,Angus,616,5012,5628,106.2779156,419.3,19.30232558,5.68966,88.85,21117,631.2900274
117,2019,Scotland,Angus,360,3259,3619,103.4085589,397.7,14.85587583,5.93478,88.89,21435,1030.627127
118,2019,Scotland,Angus,1027,3706,4733,102.2968581,690.3,30.56910569,5.05102,86.18,20385,2626.228397
119,2019,Scotland,Angus,866,4226,5092,96.10784379,443.2,25.8971872,5.04145,88.85,22268,960.9708101
120,2019,Scotland,Angus,936,3737,4673,105.7827103,443.3,36.28318584,5.07447,88.03,21653,1475.05423
121,2019,Scotland,Angus,222,2659,2881,104.2455604,285.3,18.10154525,5.54412,91.92,20123,1190.615836
122,2019,Scotland,Angus,842,4704,5546,105.4379539,547.7,29.68152866,5.22727,88.36,25295,1609.093593
123,2019,Scotland,Angus,573,4141,4714,103.0867292,421.3,20.91254753,5.41497,91.79,23996,995.362112
124,2019,Scotland,Angus,255,3571,3826,97.04826844,304.6,13.07277628,5.53509,92.9,18856,1076.436002
125,2019,Scotland,Angus,216,3254,3470,101.1083269,262.2,10.3250478,5.45455,91.34,16332,792.9104478
126,2019,Scotland,Angus,629,2876,3505,103.8220249,585.4,32.2533137,5.0303,78.91,23306,1046.511628
127,2019,Scotland,Angus,333,3532,3865,100.2516051,355.3,18.35334477,5.46465,92.31,21512,773.3333333
128,2019,Scotland,Angus,367,5055,5422,98.57352761,306.2,12.40409207,5.66,95.26,19529,1473.38403
129,2019,Scotland,Angus,294,4102,4396,92.93405114,398.4,15.16452074,5.25758,89.35,21500,867.386276
130,2019,Scotland,Angus,812,3939,4751,103.6836403,448.9,31.97199533,4.84496,85.71,26887,2021.543986
131,2019,Scotland,Angus,597,4288,4885,103.8004586,402.6,22.75132275,5.22464,86.06,24567,843.5421771
132,2019,Scotland,Angus,197,2684,2881,99.83128465,363.8,13.28502415,5.7027,90.22,16519,509.7806758
133,2019,Scotland,Angus,636,5395,6031,102.2471284,459.9,21.18644068,5.51232,92.01,22870,833.5728658
134,2019,Scotland,Angus,210,3296,3506,103.2352386,291.5,13.25757576,5.77778,90.83,17439,1114.832536
135,2019,Scotland,Argyll and Bute,247,3588,3835,98.57911552,343.7,19.1011236,5.71698,97.66,21632,558.8993981
136,2019,Scotland,Argyll and Bute,628,5169,5797,101.5028902,559.7,19.408867,5.18478,96.48,32772,1335.172414
137,2019,Scotland,Argyll and Bute,194,2516,2710,109.2279933,427.8,18.52861035,5.55556,96.91,26176,2245.737801
138,2019,Scotland,Argyll and Bute,340,5258,5598,94.16161497,411.4,14.03301887,5.61446,97.16,23239,456.4439141
139,2019,Scotland,Argyll and Bute,146,2091,2237,97.44509832,221.7,21.75572519,5.55556,93.75,20066,760.4832978
140,2019,Scotland,Argyll and Bute,225,2848,3073,100.0534474,343.3,16.03563474,5.61607,96.06,22086,827.436037
141,2019,Scotland,Argyll and Bute,405,3254,3659,103.0922291,476,17.37849779,5.23134,94.55,28386,1382.077575
142,2019,Scotland,Argyll and Bute,169,2256,2425,100.3892095,303.4,17.82477341,5.73077,92.86,16887,706.8607069
143,2019,Scotland,Argyll and Bute,267,3071,3338,100.8814413,306.4,11.56186613,5.50435,94.93,17532,537.4183827
144,2019,Scotland,Argyll and Bute,246,2612,2858,100.1578532,306.2,23.69791667,5.57143,93.39,20954,600.2331002
145,2019,Scotland,Argyll and Bute,747,3896,4643,107.5524476,510.3,19.58333333,5.47826,93.83,30088,1478.159126
146,2019,Scotland,Argyll and Bute,196,2326,2522,107.0015823,307.5,10.74074074,5.7551,94.44,14208,510.5105105
147,2019,Scotland,Argyll and Bute,870,2752,3622,104.9976733,643.3,26.36203866,5.39024,89.76,20480,1675.675676
148,2019,Scotland,Argyll and Bute,191,2458,2649,97.93656859,320.7,22.40802676,5.78261,91.89,20170,531.3653137
149,2019,Scotland,Argyll and Bute,252,2919,3171,107.0791764,325,22.5,5.68605,98.94,20829,1932.960894
150,2019,Scotland,Argyll and Bute,686,4362,5048,104.8679371,500,23.31460674,5.36364,93.26,24827,1485.547018
151,2019,Scotland,Argyll and Bute,801,3560,4361,106.2098992,545.6,22.42595205,5.47414,93.45,26419,1990.70488
152,2019,Scotland,Argyll and Bute,410,6415,6825,90.19646269,320.8,18.63979849,5.71818,93.59,18519,427.9279279
153,2019,Scotland,Argyll and Bute,201,3993,4194,99.1952333,243.1,7.471264368,6.07563,95.97,19537,668.0412371
154,2019,Scotland,Argyll and Bute,214,4077,4291,103.0437146,271.7,8.996088657,5.95172,95.81,17470,573.089701
155,2019,Scotland,Argyll and Bute,398,2602,3000,102.7603651,438.9,18.38006231,5.84932,93.14,23776,2851.627137
156,2019,Scotland,Argyll and Bute,478,3480,3958,96.28099174,462.6,15.43859649,5.65517,95.03,28571,930.7692308
157,2019,Scotland,Argyll and Bute,139,2857,2996,101.4463505,272.8,7.852193995,6.26582,93.69,19897,1413.793103
158,2019,Scotland,Clackmannanshire,583,3745,4328,102.1322957,443.3,20.68095839,5.06618,91.25,29603,1171.672228
159,2019,Scotland,Clackmannanshire,819,4561,5380,98.37967225,424.2,25.82368655,5.07738,86.15,27219,1158.322057
160,2019,Scotland,Clackmannanshire,181,2693,2874,97.46996303,351.3,10.51724138,5.6044,91.18,24662,445.2466907
161,2019,Scotland,Clackmannanshire,606,3959,4565,101.7094017,417,21.74556213,5.52672,92.93,29422,970.4941344
162,2019,Scotland,Clackmannanshire,304,1928,2232,92.38754325,477.9,20.51948052,5.61404,86.67,26008,882.3529412
163,2019,Scotland,Clackmannanshire,670,3984,4654,105.4462276,409.1,23.16715543,5.19549,93.17,22388,1157.626502
164,2019,Scotland,Clackmannanshire,146,3488,3634,100.2452136,217.2,5.10708402,6.15714,94.12,18043,293.6708861
165,2019,Scotland,Clackmannanshire,518,4315,4833,90.37404478,436.3,22.07207207,5.36538,87.02,22677,1141.769743
166,2019,Scotland,Clackmannanshire,898,4320,5218,103.0534351,564.5,29.98897464,4.95402,89.67,26616,1788.976378
167,2019,Scotland,Clackmannanshire,1567,3047,4614,103.9499245,769.6,45.47619048,4.69231,85.46,28632,3771.671573
168,2019,Scotland,Clackmannanshire,740,4984,5724,97.62859634,446.4,25.11312217,5.27976,92.92,27619,1082.767978
169,2019,Scotland,Clackmannanshire,273,3121,3394,101.9571387,350.8,11.97718631,5.78899,97.6,23200,479.7867614
170,2019,Scotland,Dumfries and Galloway,848,2949,3797,100.4027091,533.3,35.48387097,5.06667,86.83,26121,1596.356663
171,2019,Scotland,Dumfries and Galloway,473,2157,2630,110.8897742,590.7,40.20100503,5.34667,92.08,24920,4371.657754
172,2019,Scotland,Dumfries and Galloway,602,2825,3427,105.0409391,628.2,28.37837838,4.9375,91.98,26868,1196.493038
173,2019,Scotland,Dumfries and Galloway,408,3244,3652,108.9167068,338.6,21.70212766,5.31,96.75,15622,2301.710731
174,2019,Scotland,Dumfries and Galloway,288,1796,2084,101.6098183,356.1,19.1011236,5.41818,92.11,20550,273.4051367
175,2019,Scotland,Dumfries and Galloway,305,2266,2571,109.4402673,266.6,22.08201893,5.65,93.27,27601,669.0391459
176,2019,Scotland,Dumfries and Galloway,687,4206,4893,102.9542198,356.3,26.3622975,5.51724,93.12,21129,475.4601227
177,2019,Scotland,Dumfries and Galloway,729,4695,5424,103.1140351,387.4,23.28106152,5.46939,92.54,22581,1025.471386
178,2019,Scotland,Dumfries and Galloway,298,3312,3610,96.98823529,303.4,23.31406551,5.55769,84.51,19963,372.6708075
179,2019,Scotland,Dumfries and Galloway,432,4888,5320,105.9671053,348.8,20.56213018,5.58156,97.44,20533,636.8515206
180,2019,Scotland,Dumfries and Galloway,550,4268,4818,101.9171779,410,19.43319838,5.7479,91.11,25386,1055.147059
181,2019,Scotland,Dumfries and Galloway,495,3661,4156,102.4754072,434.1,19.56882255,5.65,88.05,25532,600.6914434
182,2019,Scotland,Dumfries and Galloway,96,2307,2403,103.8172272,280.5,11.98830409,5.69444,96.59,22414,299.2125984
183,2019,Scotland,Dumfries and Galloway,413,3356,3769,101.1632167,321.6,23.5908142,5.64762,90.28,20674,595.521677
184,2019,Scotland,Dumfries and Galloway,776,3830,4606,103.0872677,503.8,30.73110285,5.37179,91.92,29455,1238.872404
185,2019,Scotland,Dumfries and Galloway,389,3615,4004,103.3883947,347.3,19.52983725,6.10236,96.57,23704,534.9977708
186,2019,Scotland,Dumfries and Galloway,286,4184,4470,102.7162367,303.6,20.47244094,5.86441,93.79,22676,670.2412869
187,2019,Scotland,Dumfries and Galloway,303,3243,3546,91.68407063,330.2,15.74585635,5.39837,94.2,22741,555.2873008
188,2019,Scotland,Dumfries and Galloway,1457,4331,5788,109.1873863,646,40.2014652,5.01622,83.4,32179,2135.221034
189,2019,Scotland,Dumfries and Galloway,806,3768,4574,103.7419079,443.5,31.42112125,5.552,82.45,28872,2384.329618
190,2019,Scotland,Dumfries and Galloway,316,3223,3539,104.4852292,245.4,20.68965517,5.98039,97.08,25000,680.1736614
191,2019,Scotland,Dumfries and Galloway,289,3055,3344,106.3205645,353.3,18.08510638,5.36047,91.45,21864,1184.486373
192,2019,Scotland,Dumfries and Galloway,254,2878,3132,107.167198,492.9,14.92146597,5.7375,98.17,27758,804.0201005
193,2019,Scotland,Dumfries and Galloway,121,2625,2746,106.0227824,325.1,10.85858586,5.89041,91.51,15938,198.7142022
194,2019,Scotland,Dumfries and Galloway,117,2656,2773,103.8860729,289.1,13.88174807,5.91781,93.75,20246,220.1834862
195,2019,Scotland,Dumfries and Galloway,678,2592,3270,97.18620955,700.2,27.57973734,5.18182,82.73,35471,6209.06236
196,2019,Scotland,Dumfries and Galloway,321,3101,3422,104.0891059,394.8,16.63113006,5.8,93.71,29294,2416.007905
197,2019,Scotland,Dumfries and Galloway,280,2664,2944,105.2613077,405.7,21.1663067,5.375,92.16,27663,603.1363088
198,2019,Scotland,Dumfries and Galloway,139,2719,2858,108.4959399,267.5,16.36363636,6,95.24,27695,466.7444574
199,2019,Scotland,Dumfries and Galloway,159,3533,3692,74.23270924,269,10.31518625,5.81982,94.31,26240,646.4811784
200,2019,Scotland,Dumfries and Galloway,252,3040,3292,99.85593744,328.2,18.77394636,5.66667,93.02,24343,710.1218866
201,2019,Scotland,Dumfries and Galloway,588,4414,5002,99.4385402,389.3,22.26415094,5.31496,89.82,27192,1586.303284
202,2019,Scotland,Dumfries and Galloway,319,3464,3783,104.075124,389.1,22.06654991,5.82407,91.72,25435,767.7356657
203,2019,Scotland,Dumfries and Galloway,372,3392,3764,105.5449678,150,20,5.67416,85,11160,449.5977283
204,2019,Scotland,Dumfries and Galloway,356,3559,3915,102.5184542,419.9,24.90974729,5.33663,93.18,21448,726.2065855
205,2019,Scotland,Dumfries and Galloway,185,2332,2517,106.6993464,239.6,20.56338028,5.6,91.75,25719,878.3783784
206,2019,Scotland,Dumfries and Galloway,404,2710,3114,107.0682643,404.7,21.01769912,5.35135,88.89,26065,2223.469961
207,2019,Scotland,Dumfries and Galloway,719,4866,5585,100.7839826,455.1,26.59069326,5.36905,86.35,23435,1171.471927
208,2019,Scotland,Dumfries and Galloway,195,2751,2946,104.4580009,270.3,18.7012987,5.73134,93.64,19802,656.0392397
209,2019,Scotland,Dumfries and Galloway,379,3641,4020,104.2648048,316.2,31.08108108,5.3964,89.58,16123,1114.51049
210,2019,Scotland,Dundee City,212,5521,5733,101.7475389,235.3,6.119402985,5.90722,97.58,20385,419.6337742
211,2019,Scotland,Dundee City,633,6604,7237,94.97247549,768.7,14.31623932,5.1087,82.86,34348,837.77938
212,2019,Scotland,Dundee City,828,4844,5672,103.2749105,547.9,23.50993377,5.31081,85.29,23077,906.653668
213,2019,Scotland,Dundee City,760,4200,4960,98.19838057,925,28.57142857,5.29167,85.54,19255,5059.637405
214,2019,Scotland,Dundee City,929,4551,5480,97.29132117,752.9,25.63667233,4.83117,80.53,31818,2613.159123
215,2019,Scotland,Dundee City,1295,3361,4656,102.3638605,1001.7,33.99390244,4.43137,83.89,33848,2015.923567
216,2019,Scotland,Dundee City,1309,3539,4848,97.42441209,863.8,34.15007657,4.68235,87.6,28132,1849.693252
217,2019,Scotland,Dundee City,1265,4427,5692,100.4811976,702.3,33.68841545,4.9322,75.41,25047,1941.507312
218,2019,Scotland,Dundee City,210,3029,3239,103.8235294,304.8,17.21311475,5.74725,95.5,24542,725.1521298
219,2019,Scotland,Dundee City,598,3803,4401,103.699596,428.1,22.00772201,5.46809,90.91,27635,1122.284795
220,2019,Scotland,Dundee City,1203,3280,4483,105.3530841,751.8,30,4.33071,83.23,33237,2069.347104
221,2019,Scotland,Dundee City,153,3034,3187,100.3910493,270.1,15.12820513,5.89063,94.67,20404,722.5063939
222,2019,Scotland,Dundee City,732,2021,2753,104.4888997,687.9,27.94830372,4.80392,86.82,36747,1867.245658
223,2019,Scotland,Dundee City,329,4796,5125,99.1504215,275.9,10.98901099,5.74194,92.53,21604,1095.456147
224,2019,Scotland,Dundee City,196,3526,3722,102.4977376,221.9,10.11450382,5.76923,97.14,22711,250.3681885
225,2019,Scotland,Dundee City,295,4154,4449,98.96357263,313,5.591054313,5.92308,93.89,22300,406.7660089
226,2019,Scotland,Dundee City,246,6378,6624,98.85981215,416.8,6.848306333,5.82819,94.9,20155,316.1512027
227,2019,Scotland,Dundee City,1620,4460,6080,100.2060179,642.3,28.60184528,4.58065,84.85,27419,1249.044099
228,2019,Scotland,Dundee City,1025,5277,6302,94.92222515,522.5,23.34605598,5.10714,90.85,29454,1496.774194
229,2019,Scotland,Dundee City,1694,3607,5301,99.08398836,828.3,30.6870229,4.30222,83.23,37446,3397.002645
230,2019,Scotland,Dundee City,534,2723,3257,101.1361331,421.3,16.87116564,5.07937,87.01,28595,2461.841457
231,2019,Scotland,Dundee City,901,3145,4046,95.3629677,568.7,25.82987552,4.67358,86.08,26367,1694.577352
232,2019,Scotland,Dundee City,485,4324,4809,103.9445258,396.1,19.51871658,5.44444,90.29,24686,829.8898072
233,2019,Scotland,Dundee City,424,3223,3647,100.0458043,443.8,13.16793893,5.31959,90.98,26481,2078.774617
234,2019,Scotland,Dundee City,1063,3790,4853,102.8104715,664.1,30,4.75581,81.48,33493,1430.635838
235,2019,Scotland,Dundee City,365,3367,3732,95.96679599,420.3,16.86956522,5.63415,96.97,24778,821.4920071
236,2019,Scotland,Dundee City,930,3530,4460,103.0791565,1001.2,25.06234414,4.87879,84.03,31369,2544.502618
237,2019,Scotland,Dundee City,1181,3130,4311,101.1356516,628.5,32.1025641,4.61224,83.78,27304,1845.01845
238,2019,Scotland,Dundee City,1420,4176,5596,97.63821793,747.7,24.65116279,4.70857,85.14,32590,2459.349593
239,2019,Scotland,Dundee City,1441,4648,6089,97.95088722,558.2,24.80916031,4.88995,87.23,29447,1753.681392
240,2019,Scotland,Dundee City,115,3851,3966,89.84974425,247.3,6.527093596,5.63559,95.3,18225,0
241,2019,Scotland,East Ayrshire,850,2332,3182,106.6732413,795,32.06751055,4.93878,88.97,38537,1520.932697
242,2019,Scotland,East Ayrshire,682,3455,4137,99.61884681,557.9,29.11392405,5.22951,78.33,38143,957.3612228
243,2019,Scotland,East Ayrshire,723,4275,4998,104.7878499,377.8,23.41220423,5.29412,85.56,33828,1046.622265
244,2019,Scotland,East Ayrshire,473,2651,3124,102.8525469,421.9,30.95238095,5.08929,86.03,29568,708.2452431
245,2019,Scotland,East Ayrshire,417,3555,3972,106.5915981,443.6,18.71838111,5.61017,91.61,34448,638.9239176
246,2019,Scotland,East Ayrshire,795,3945,4740,104.3421718,411,31.1914324,5.30252,85.63,29094,1211.349582
247,2019,Scotland,East Ayrshire,574,2101,2675,107.2856059,557.1,38.65336658,5.32787,91.4,40875,931.9899244
248,2019,Scotland,East Ayrshire,982,3856,4838,105.8141984,538.5,24.22954304,5.04348,85.97,31793,1341.798216
249,2019,Scotland,East Ayrshire,510,3359,3869,104.2110827,542.2,28.91986063,5.53077,92.55,34063,1976.950355
250,2019,Scotland,East Ayrshire,782,2915,3697,103.4969493,544.1,30.97744361,4.87387,82.78,34272,1787.960467
251,2019,Scotland,East Ayrshire,295,5728,6023,86.96872935,265.7,10.34172662,5.85034,95.11,22134,780.8292946
252,2019,Scotland,East Ayrshire,385,3742,4127,104.5356371,271.1,13.97849462,5.84028,90.7,30787,743.1082701
253,2019,Scotland,East Ayrshire,312,2147,2459,103.9041006,509.9,16.84901532,5.47143,88.51,28922,390.2116402
254,2019,Scotland,East Ayrshire,441,3402,3843,102.7635251,335.7,25.15625,5.54,91.22,22060,571.4285714
255,2019,Scotland,East Ayrshire,539,2258,2797,110.2860697,619.2,29.5,5.3625,87.1,26489,971.2230216
256,2019,Scotland,East Ayrshire,740,4032,4772,99.38214615,429.7,24.55242967,5.42963,91.53,33299,708.205652
257,2019,Scotland,East Ayrshire,898,4755,5653,107.5909962,521.7,25.3298153,5.36,85.94,31186,1984.753607
258,2019,Scotland,East Ayrshire,1403,2978,4381,103.0855328,719.9,39.54545455,4.4375,84.4,33333,1732.98624
259,2019,Scotland,East Ayrshire,768,3406,4174,101.4052442,637.1,27.5,5.34862,85.37,36234,1276.674025
260,2019,Scotland,East Ayrshire,496,2341,2837,105.4403835,524.6,24.48377581,5.44444,83.78,30429,4665.905197
261,2019,Scotland,East Ayrshire,298,2913,3211,102.9814324,352.4,8.040201005,5.79245,88.37,25068,1734.592445
262,2019,Scotland,East Ayrshire,463,2444,2907,107.7070369,406.9,29.5154185,5.57692,87.13,26112,1143.208359
263,2019,Scotland,East Ayrshire,579,3054,3633,105.4774103,442.4,27.42424242,5.26582,88.89,25816,568.0317041
264,2019,Scotland,East Ayrshire,139,5716,5855,100.3615495,224.4,8.647654094,6.00483,96.36,19903,475.5507792
265,2019,Scotland,East Ayrshire,1115,3478,4593,98.95901106,774.5,37.05941591,5.01399,83.64,35319,1149.110807
266,2019,Scotland,East Ayrshire,1294,3402,4696,98.36749117,680,32.41025641,4.69697,86.24,35587,1957.688664
267,2019,Scotland,East Ayrshire,713,3245,3958,100.7342407,522.1,22.66949153,5.36585,85.83,31529,6575.174109
268,2019,Scotland,East Ayrshire,161,5650,5811,95.68329233,257.1,7.692307692,6.06011,96.71,20886,614.0113606
269,2019,Scotland,East Ayrshire,369,3864,4233,82.2425829,644.2,14.73684211,5.38525,89.66,28339,1160.931526
270,2019,Scotland,East Ayrshire,336,2409,2745,106.326867,463.4,18.7654321,5.59259,88.68,29173,627.3764259
271,2019,Scotland,East Dunbartonshire,88,2665,2753,103.623364,344.6,7.662835249,6.27174,98.37,16038,371.4622642
272,2019,Scotland,East Dunbartonshire,354,3123,3477,99.18900868,274.7,16.54357459,5.70732,93.55,28130,592.4510272
273,2019,Scotland,East Dunbartonshire,107,3206,3313,99.57665558,202.6,3.770197487,6.26667,96.15,18661,489.3964111
274,2019,Scotland,East Dunbartonshire,238,3763,4001,97.77814352,296.5,3.571428571,6.26882,100,26077,1147.994467
275,2019,Scotland,East Dunbartonshire,57,2870,2927,91.17283951,216.1,3.286384977,6.42157,100,16233,350.0846979
276,2019,Scotland,East Dunbartonshire,123,3634,3757,94.83472896,142.6,3.760445682,6.44186,98.33,25988,399.2210321
277,2019,Scotland,East Dunbartonshire,136,4345,4481,94.39884481,175.2,4.433497537,6.24675,98.58,23727,310.6091166
278,2019,Scotland,East Dunbartonshire,199,4015,4214,98.56410256,234.5,7.038834951,6.37778,97.09,16487,447.3475851
279,2019,Scotland,East Dunbartonshire,135,2747,2882,97.32721064,329.8,10.14198783,5.84058,91.35,17331,498.7980769
280,2019,Scotland,East Dunbartonshire,125,3515,3640,101.1705069,266.3,3.486238532,6.125,97.74,20551,502.8735632
281,2019,Scotland,East Dunbartonshire,80,3163,3243,100.3620565,202.4,3.536345776,6.25862,98.63,19793,821.7522659
282,2019,Scotland,East Dunbartonshire,80,2799,2879,98.01641587,185.8,7.300509338,6.28571,100,17638,535.6091819
283,2019,Scotland,East Dunbartonshire,123,2684,2807,101.7208864,261.3,7.01754386,6.21,97.71,22003,730.4643262
284,2019,Scotland,East Dunbartonshire,202,4919,5121,102.355167,210.7,5,6.14388,98.51,23488,283.0809743
285,2019,Scotland,East Dunbartonshire,306,6241,6547,96.26115787,272.9,9.364548495,5.96923,95.92,23977,1598.251154
286,2019,Scotland,East Dunbartonshire,786,4862,5648,88.82294758,417.7,19.00175131,6.05641,95.35,29233,795.7342084
287,2019,Scotland,East Dunbartonshire,81,2309,2390,98.8403452,214.6,8.405172414,6.16883,96.33,18162,242.1924793
288,2019,Scotland,East Dunbartonshire,182,3865,4047,100.1370526,300.8,11.27214171,6.31304,96.34,22116,270.0490998
289,2019,Scotland,East Dunbartonshire,314,4807,5121,103.993996,235.9,9.371554576,6.18713,97.74,23392,650.5700872
290,2019,Scotland,East Dunbartonshire,89,3153,3242,102.5344463,221.6,3.652173913,6.17857,98.45,22034,257.0828961
291,2019,Scotland,East Dunbartonshire,342,3120,3462,97.75370242,383.1,11.31756757,5.7381,92.19,27632,1104.265403
292,2019,Scotland,East Dunbartonshire,525,3734,4259,99.25908595,508.8,13.354531,6.03906,95.43,29332,2467.98603
293,2019,Scotland,East Dunbartonshire,1068,3079,4147,97.40311626,633.7,28.74109264,5.57317,92.49,34098,0
294,2019,Scotland,East Dunbartonshire,284,4657,4941,62.6860119,291.5,10.64175467,6.06993,95,19359,492.978787
295,2019,Scotland,East Dunbartonshire,321,2539,2860,98.27085993,423.5,19.71830986,5.7381,94.12,28214,723.9819005
296,2019,Scotland,East Dunbartonshire,513,2701,3214,107.5467641,475.8,21.49901381,5.80682,90.85,30585,790.5759162
297,2019,Scotland,East Dunbartonshire,278,3770,4048,103.4023418,391,10.61643836,5.76238,89.42,25519,407.1246819
298,2019,Scotland,East Dunbartonshire,599,4110,4709,102.3879738,420.8,20.95115681,5.83125,92.81,28733,937.0771313
299,2019,Scotland,East Lothian,827,5830,6657,82.8592572,509.2,19.59459459,5.07383,91,29564,696.0744638
300,2019,Scotland,East Lothian,452,4092,4544,99.12280702,339.8,14.28571429,5.44915,92,23536,803.3964729
301,2019,Scotland,East Lothian,167,2861,3028,104.1191739,229.9,6.398104265,5.91579,96.72,23031,1010.928962
302,2019,Scotland,East Lothian,781,4143,4924,101.0352108,390.6,20.76023392,5.55914,88.52,31135,1853.898097
303,2019,Scotland,East Lothian,776,3846,4622,91.00020179,400.7,19.12955466,5.31034,91.71,30349,1189.01454
304,2019,Scotland,East Lothian,438,1935,2373,91.12311314,431.3,23.30827068,5.19048,84.78,22801,830.6709265
305,2019,Scotland,East Lothian,849,4748,5597,90.99793936,418.3,21.48209825,4.94857,90.52,21979,1253.105161
306,2019,Scotland,East Lothian,548,3735,4283,98.79891515,510.7,22.40373396,5.19828,91.77,29787,942.7732942
307,2019,Scotland,East Lothian,479,5284,5763,103.8258038,289.5,15.58441558,5.44712,96.2,23227,807.0271754
308,2019,Scotland,East Lothian,921,5875,6796,90.78115343,366.8,19.86656783,5.37736,89.55,24390,1474.40273
309,2019,Scotland,East Lothian,656,5362,6018,96.31576066,367.7,13.74819103,5.51786,95.14,23770,970.5730511
310,2019,Scotland,East Lothian,372,2535,2907,98.54055258,449.8,17.58691207,5.51786,96.47,23030,735.619469
311,2019,Scotland,East Lothian,425,5357,5782,95.82484725,269.9,15.47017189,5.63429,95.56,19444,588.0588059
312,2019,Scotland,East Lothian,334,5428,5762,86.26404639,236.5,7.717041801,5.7619,94.44,16869,348.7179487
313,2019,Scotland,East Lothian,308,3927,4235,94.01748734,330.6,10.52631579,5.8481,95.39,21212,576.9230769
314,2019,Scotland,East Lothian,645,4150,4795,98.94867038,426.9,23.875,5.18367,94.9,24871,1397.624039
315,2019,Scotland,East Lothian,200,4193,4393,96.27607129,244.4,9.893048128,5.83019,96.43,15249,354.7579299
316,2019,Scotland,East Lothian,130,3145,3275,102.7865405,212.1,7.256235828,6.18667,95.37,16694,768.2291667
317,2019,Scotland,East Lothian,247,3941,4188,76.36200221,273.5,10.77075099,6.1383,98.19,21588,562.5676163
318,2019,Scotland,East Lothian,248,4883,5131,90.16733846,330,8.13253012,5.84892,96.02,18065,427.955665
319,2019,Scotland,East Lothian,509,4596,5105,76.91663677,337,15.08379888,5.70588,93.56,23824,632.720699
320,2019,Scotland,East Lothian,399,4263,4662,102.4218921,309,10.81081081,5.75595,97.4,17758,802.8116907
321,2019,Scotland,East Renfrewshire,569,5715,6284,100.0209864,405.2,15.82336707,5.97143,94.16,25225,542.3047954
322,2019,Scotland,East Renfrewshire,174,3310,3484,102.7490757,357.8,11.04294479,6.14286,96.06,25251,372.99339
323,2019,Scotland,East Renfrewshire,1355,4825,6180,100.8816884,595.9,33.19544984,5.26875,89.41,30518,1932.794341
324,2019,Scotland,East Renfrewshire,391,3607,3998,95.05183026,407.9,17.81437126,5.83898,92.16,24158,653.6964981
325,2019,Scotland,East Renfrewshire,775,3390,4165,100.1393785,544.3,25.73289902,5.47143,89.06,26412,950.3816794
326,2019,Scotland,East Renfrewshire,385,7604,7989,71.86027169,218.8,11.18195194,6.23529,98.46,24633,591.7402918
327,2019,Scotland,East Renfrewshire,450,5720,6170,102.6627869,307.1,10.96196868,6.40996,98.1,19913,458.6426299
328,2019,Scotland,East Renfrewshire,61,3782,3843,95.18974271,139.1,4.249667995,6.25424,97.33,20604,432.5816843
329,2019,Scotland,East Renfrewshire,230,6190,6420,90.84486166,175,7.062359128,6.37557,98.61,24280,650.2775575
330,2019,Scotland,East Renfrewshire,281,4797,5078,91.15055798,271.1,7.03052729,6.08485,99.05,20178,522.1843003
331,2019,Scotland,East Renfrewshire,111,3213,3324,90.97504353,206.4,7.402234637,6.12712,98.72,27674,435
332,2019,Scotland,East Renfrewshire,312,3336,3648,95.94875034,413.6,14.74530831,6.05556,96.83,22036,486.1730598
333,2019,Scotland,East Renfrewshire,124,6126,6250,101.0213456,210.7,4.901960784,6.27481,98.13,16411,446.8825261
334,2019,Scotland,East Renfrewshire,47,3208,3255,92.47851003,290.8,2.723735409,6.22835,96.97,22326,409.3264249
335,2019,Scotland,East Renfrewshire,118,3616,3734,100.0720916,216.5,5.379310345,6.28099,97.18,19568,396.0836671
336,2019,Scotland,East Renfrewshire,130,4587,4717,100.2477876,235.3,1.160337553,6.63068,98.42,21702,255.6036178
337,2019,Scotland,East Renfrewshire,175,4691,4866,100.1780334,217.4,8.035714286,6.35338,98.87,18332,446.0966543
338,2019,Scotland,East Renfrewshire,49,3430,3479,99.33774834,154.1,3.566121842,6.49242,98.13,17667,507.7498664
339,2019,Scotland,East Renfrewshire,308,3526,3834,98.71055005,301.4,7.886435331,6.11,97.18,32495,1582.309582
340,2019,Scotland,East Renfrewshire,379,3663,4042,98.62068966,317.4,17.41071429,6.06522,96.72,22436,991.1978569
341,2019,Scotland,"Edinburgh, City of",219,5612,5831,99.4649667,177.8,4.565801253,5.86842,95.97,17481,360.0360036
342,2019,Scotland,"Edinburgh, City of",135,6091,6226,86.83364359,257.7,6.49867374,5.88034,95.8,20660,210.6678619
343,2019,Scotland,"Edinburgh, City of",96,3203,3299,87.81211136,188.4,4.92845787,6.0122,99.17,23412,594.0108002
344,2019,Scotland,"Edinburgh, City of",113,4180,4293,94.4239378,241,6.76056338,5.76,97.08,22643,736.0936847
345,2019,Scotland,"Edinburgh, City of",88,4569,4657,91.12123336,158,1.398601399,6.47423,97.67,19182,605.5177356
346,2019,Scotland,"Edinburgh, City of",122,4595,4717,102.4485374,239.9,4.951690821,6.11765,95.8,23303,429.6296296
347,2019,Scotland,"Edinburgh, City of",871,2760,3631,94.45074683,792.5,40.6283857,4.87342,88.61,31020,1660.501439
348,2019,Scotland,"Edinburgh, City of",1047,3518,4565,101.5301123,792.7,28.19672131,5.15455,84.76,28492,1488.095238
349,2019,Scotland,"Edinburgh, City of",1203,2601,3804,101.4925373,713.8,31.6953317,4.8062,83.87,28469,3081.2778
350,2019,Scotland,"Edinburgh, City of",269,2843,3112,100.7053119,339.7,20,5.26027,90,23853,1488.372093
351,2019,Scotland,"Edinburgh, City of",709,3007,3716,92.30361871,706.2,28.81987578,5.24051,90.54,33676,1607.574537
352,2019,Scotland,"Edinburgh, City of",1075,4871,5946,101.3119112,701.7,19.95163241,5.15179,87.86,37752,1288.52956
353,2019,Scotland,"Edinburgh, City of",480,4028,4508,98.57545737,521.8,18.20895522,5.30973,85.71,29340,1607.142857
354,2019,Scotland,"Edinburgh, City of",445,4660,5105,93.29587289,422.8,14.47811448,5.75862,93.06,29172,1384.574183
355,2019,Scotland,"Edinburgh, City of",544,4871,5415,85.5993411,527.9,15.22157996,5.02273,89.61,31124,1443.462497
356,2019,Scotland,"Edinburgh, City of",387,3661,4048,96.21062106,718.3,14.03508772,4.84615,88.89,13830,741.0852713
357,2019,Scotland,"Edinburgh, City of",142,5250,5392,94.48378681,262,5.434782609,6.02083,100,17949,423.6043095
358,2019,Scotland,"Edinburgh, City of",66,4962,5028,96.4801384,173,2.744630072,6.10606,96.59,20499,672.1820062
359,2019,Scotland,"Edinburgh, City of",140,4554,4694,95.72413793,300.8,4.005524862,5.92188,96.19,17914,656.9825025
360,2019,Scotland,"Edinburgh, City of",54,4305,4359,99.00349916,96.2,0.980392157,6.39216,96.09,15044,589.8653998
361,2019,Scotland,"Edinburgh, City of",592,3483,4075,100.0759237,539,16.17440225,5.36154,91.12,30572,1515.618974
362,2019,Scotland,"Edinburgh, City of",492,2174,2666,97.27659574,505.5,19.70649895,5.23188,91.23,35897,1287.964004
363,2019,Scotland,"Edinburgh, City of",73,5080,5153,107.2346845,156.6,5.43881335,6.12097,94.63,19954,622.6734349
364,2019,Scotland,"Edinburgh, City of",75,5571,5646,88.17742801,185.1,3.423566879,6.36538,97.67,16378,333.4334635
365,2019,Scotland,"Edinburgh, City of",167,2884,3051,70.99713177,307,10.54172767,5.37647,92.23,17928,918.6351706
366,2019,Scotland,"Edinburgh, City of",103,2445,2548,106.4624479,217.2,12.4,5.70588,90.14,18269,985.0543478
367,2019,Scotland,"Edinburgh, City of",1254,4633,5887,91.95936639,658.8,28.76280536,4.9345,89.46,34974,1623.273114
368,2019,Scotland,"Edinburgh, City of",688,3133,3821,95.94002105,483.1,20.47244094,4.92683,89.87,37285,976.3779528
369,2019,Scotland,"Edinburgh, City of",709,3577,4286,97.73143357,597.3,20.55137845,5.00847,89.02,32190,1566.679404
370,2019,Scotland,"Edinburgh, City of",745,2561,3306,101.1879281,622.5,23.82495948,4.86667,88.8,17556,1659.856997
371,2019,Scotland,"Edinburgh, City of",107,3125,3232,108.3232678,369.1,12.22493888,6.13043,97.94,24929,1370.505472
372,2019,Scotland,"Edinburgh, City of",193,3066,3259,84.62983841,336.8,4.430379747,5.92453,96.49,22997,669.6428571
373,2019,Scotland,"Edinburgh, City of",859,4148,5007,97.56114084,504.1,22.37442922,5.32203,90.85,33735,859.7285068
374,2019,Scotland,"Edinburgh, City of",255,6597,6852,96.17654477,272.8,4.513888889,6.0922,95.41,25976,1000
375,2019,Scotland,"Edinburgh, City of",368,3021,3389,102.9856688,504.6,12.8,6.01695,94.03,32042,616.8549088
376,2019,Scotland,"Edinburgh, City of",195,5735,5930,86.03672144,271.1,5,6.2,92.75,24138,488.459474
377,2019,Scotland,"Edinburgh, City of",174,5653,5827,97.72674283,157.7,1.254275941,6.44828,95.58,20591,559.6175478
378,2019,Scotland,"Edinburgh, City of",149,4986,5135,103.9487075,380.2,9.677419355,5.95918,96.3,20667,443.374715
379,2019,Scotland,"Edinburgh, City of",73,4767,4840,103.4866928,188.5,4.933586338,6.40816,98.53,13948,450.0775996
380,2019,Scotland,"Edinburgh, City of",173,5918,6091,97.64423352,190,2.362204724,6.61818,94,17274,604.8600106
381,2019,Scotland,"Edinburgh, City of",153,4932,5085,98.39365329,287.1,3.703703704,6.44444,93.98,22463,896.6745843
382,2019,Scotland,"Edinburgh, City of",235,5940,6175,99.42964695,341.5,5.34351145,6.42029,94.95,21044,430.9969525
383,2019,Scotland,"Edinburgh, City of",258,4575,4833,99.4453073,298.5,11.13801453,6.25,93.88,29825,357.0469799
384,2019,Scotland,"Edinburgh, City of",769,7052,7821,87.39143852,586.3,16.22222222,5.35484,81.67,22472,961.2217398
385,2019,Scotland,"Edinburgh, City of",497,5870,6367,92.88347896,706.1,16.51917404,5.5,92.31,34719,2160.769495
386,2019,Scotland,"Edinburgh, City of",330,7174,7504,82.24185579,361,10.09708738,5.76596,96.43,16114,960.0560617
387,2019,Scotland,"Edinburgh, City of",600,5920,6520,93.65271437,661.3,14.08450704,5.7,85.19,22572,8637.028906
388,2019,Scotland,"Edinburgh, City of",864,7516,8380,74.2196338,706.6,28.57142857,5.21818,89.29,26556,2415.628063
389,2019,Scotland,"Edinburgh, City of",334,2573,2907,91.55201545,513.6,16.34615385,5.92308,86.36,25474,714.9122807
390,2019,Scotland,"Edinburgh, City of",355,4590,4945,87.7529875,485.6,12.08530806,5.75,91.94,24726,1370.708155
391,2019,Scotland,"Edinburgh, City of",299,4886,5185,105.5717504,356.6,7.920792079,5.69231,89.38,22844,730.5669199
392,2019,Scotland,"Edinburgh, City of",1019,3482,4501,59.62755163,1501.6,29.95090016,5.24427,87.28,36338,3111.281266
393,2019,Scotland,"Edinburgh, City of",1446,3131,4577,93.82814194,939.3,27.59856631,4.89024,87.61,36499,1737.671922
394,2019,Scotland,"Edinburgh, City of",1029,2660,3689,101.2275644,679.7,31.60377358,4.78992,90.28,37891,1892.012494
395,2019,Scotland,"Edinburgh, City of",294,3562,3856,76.56177337,418.5,16.99029126,5.45133,90.6,21429,2137.327499
396,2019,Scotland,"Edinburgh, City of",246,5150,5396,100.5443235,318.3,5.727923628,6.08527,95.72,25096,752.0798669
397,2019,Scotland,"Edinburgh, City of",461,3690,4151,92.13888236,431.4,14.978602,5.2987,93.69,21594,1302.390024
398,2019,Scotland,"Edinburgh, City of",162,3906,4068,96.77179657,245.2,6.695156695,5.92174,95.45,26190,1033.421284
399,2019,Scotland,"Edinburgh, City of",129,2444,2573,98.16133627,258.8,8.578431373,5.67143,97.56,27300,1127.04918
400,2019,Scotland,"Edinburgh, City of",527,3101,3628,100.8542907,500.9,19.33333333,4.88119,88.32,30521,1237.645037
401,2019,Scotland,"Edinburgh, City of",86,2738,2824,101.6930965,219.6,9.921671018,5.80822,95.05,22665,658.489348
402,2019,Scotland,"Edinburgh, City of",673,2849,3522,106.980785,645.7,21.83673469,5.08824,91.57,36691,1233.480176
403,2019,Scotland,"Edinburgh, City of",1071,3346,4417,107.234248,876.2,27.18894009,4.88496,86.59,35591,1819.112628
404,2019,Scotland,"Edinburgh, City of",308,4328,4636,103.0426852,382.6,8.507670851,5.96581,94.16,24098,795.4173486
405,2019,Scotland,"Edinburgh, City of",370,3711,4081,68.35836747,494.3,20.50898204,5.25,90.41,23747,2114.524307
406,2019,Scotland,"Edinburgh, City of",844,4322,5166,97.85522788,696.8,19.97126437,5.6,90.65,30046,1392.958108
407,2019,Scotland,"Edinburgh, City of",539,4740,5279,100.3884902,460,19.76744186,5.43396,90.22,19792,915.1099551
408,2019,Scotland,"Edinburgh, City of",845,4552,5397,97.12628698,630.5,24.5398773,4.88889,89.9,32044,2164.369576
409,2019,Scotland,"Edinburgh, City of",618,4768,5386,102.9306648,635.5,20.81712062,5.45283,90,52632,1372.935667
410,2019,Scotland,"Edinburgh, City of",296,3341,3637,98.67949444,306,20.60606061,5.1875,88.57,29237,824.4680851
411,2019,Scotland,"Edinburgh, City of",384,3116,3500,98.91936825,680.4,28.57142857,5.28125,95.92,36061,656.4141035
412,2019,Scotland,"Edinburgh, City of",289,5250,5539,96.9700725,303.5,6.935123043,5.97143,86.96,16367,931.6909295
413,2019,Scotland,"Edinburgh, City of",364,3161,3525,99.72856138,532.5,18.3908046,5.25,91.03,22067,750.1904037
414,2019,Scotland,"Edinburgh, City of",365,3413,3778,93.97666637,611.1,13.67346939,5.63636,88.17,35507,1064.213564
415,2019,Scotland,"Edinburgh, City of",128,3697,3825,95.6301945,214.5,4.570637119,6.375,96.63,18194,651.9065191
416,2019,Scotland,"Edinburgh, City of",171,4578,4749,97.62753802,341.5,2.457956016,6.16176,95.29,19878,612.3175507
417,2019,Scotland,"Edinburgh, City of",115,3770,3885,102.1167883,253.5,5.626134301,6.45455,98.18,30590,499.7728305
418,2019,Scotland,"Edinburgh, City of",252,3939,4191,93.3113329,311.8,7.204610951,5.97143,92.59,16737,598.4440455
419,2019,Scotland,"Edinburgh, City of",154,4597,4751,96.17575264,270.5,7.736943907,5.83333,90,22108,621.3592233
420,2019,Scotland,"Edinburgh, City of",100,2713,2813,105.8608491,309.8,10.82251082,6.38889,81.48,17925,1636.839808
421,2019,Scotland,"Edinburgh, City of",149,3346,3495,107.9991646,250.9,5.757575758,6.6,93.75,21801,1011.984021
422,2019,Scotland,"Edinburgh, City of",66,3156,3222,103.3060487,150.5,3.717472119,5.69231,90.48,22222,549.3183641
423,2019,Scotland,"Edinburgh, City of",241,5535,5776,104.5895905,247.2,3.467153285,5.52381,91.43,21436,510.7860154
424,2019,Scotland,"Edinburgh, City of",59,3999,4058,96.85914261,261.1,4.270462633,5.72,96.97,22376,479.8818752
425,2019,Scotland,"Edinburgh, City of",213,6678,6891,95.11830507,291.8,3.053435115,5.30769,89.66,17238,2458.394776
426,2019,Scotland,"Edinburgh, City of",234,4104,4338,100.7290213,277.8,4.981549815,5.83607,95.35,25570,843.4163701
427,2019,Scotland,"Edinburgh, City of",51,4392,4443,96.68210462,153.5,NA,6.2381,96.15,16999,590.0990099
428,2019,Scotland,"Edinburgh, City of",88,4596,4684,93.57106981,332.7,5.786350148,6.17143,94.44,19958,1569.368132
429,2019,Scotland,"Edinburgh, City of",125,5918,6043,98.04442435,201.4,2.512998267,6.18548,98.88,18547,771.5400781
430,2019,Scotland,"Edinburgh, City of",809,4044,4853,99.25952296,399,23.2718894,4.88079,87.3,34646,1410.512309
431,2019,Scotland,"Edinburgh, City of",1065,4109,5174,87.3777034,592.5,29.65165675,4.98454,86.17,29204,1859.678783
432,2019,Scotland,"Edinburgh, City of",385,5162,5547,93.22907195,424.7,12.53616201,5.47727,92.13,26695,831.1275807
433,2019,Scotland,"Edinburgh, City of",820,2221,3041,102.0149953,761.7,29.8245614,4.84932,87.38,31701,1569.148936
434,2019,Scotland,"Edinburgh, City of",729,3237,3966,87.71218018,688.5,22.85298399,5.25,88.79,41525,1486.732097
435,2019,Scotland,"Edinburgh, City of",656,3568,4224,96.83596318,645.4,30.70175439,5.16964,85.63,28378,1984.864121
436,2019,Scotland,"Edinburgh, City of",1396,4160,5556,82.57668,801.9,28.41726619,5.07729,87.65,27115,1436.88338
437,2019,Scotland,"Edinburgh, City of",123,4446,4569,98.13918306,244.2,6.61345496,5.91603,96.07,20104,986.6352201
438,2019,Scotland,"Edinburgh, City of",56,2704,2760,92.25626064,160.3,4.193548387,6.25424,95.6,20133,293.7420179
439,2019,Scotland,"Edinburgh, City of",72,3968,4040,95.45150502,180.7,3.274215553,6.34667,98.1,21549,565.4048874
440,2019,Scotland,"Edinburgh, City of",815,5372,6187,97.53753105,426.8,17.32758621,5.28767,91.59,40058,978.4784785
441,2019,Scotland,"Edinburgh, City of",420,3873,4293,97.84561571,348.3,8.797653959,5.61905,93.1,30925,498.1549815
442,2019,Scotland,"Edinburgh, City of",119,5135,5254,95.59468565,215.9,5.235042735,6.08403,92.59,23670,623.4256927
443,2019,Scotland,"Edinburgh, City of",118,3701,3819,87.46381262,233.4,5.95084088,5.99029,96,21131,655.8810669
444,2019,Scotland,"Edinburgh, City of",190,5408,5598,99.9938488,277.4,2.679658952,5.98113,99.29,24754,799.0012484
445,2019,Scotland,"Edinburgh, City of",182,2626,2808,103.6995376,277.6,11.84510251,5.28947,92.47,22574,497.7375566
446,2019,Scotland,"Edinburgh, City of",274,4149,4423,92.68256445,352.4,11.24183007,5.56522,92.95,22652,761.5230461
447,2019,Scotland,"Edinburgh, City of",278,4614,4892,99.07234337,318.9,10.2393617,5.60256,96.18,20095,1887.89652
448,2019,Scotland,"Edinburgh, City of",208,3285,3493,95.66260436,395.2,8.217054264,5.51282,92.98,28192,3289.112534
449,2019,Scotland,"Edinburgh, City of",562,7021,7583,65.32548643,324.5,7.980997625,5.64368,93.81,27179,855.3893364
450,2019,Scotland,"Edinburgh, City of",290,4526,4816,96.91243924,335.7,11.1834962,5.78947,90.91,23110,801.9639935
451,2019,Scotland,"Edinburgh, City of",160,3795,3955,102.050581,288.9,8.625336927,5.96522,92.99,18995,410.5803395
452,2019,Scotland,Eilean Siar,299,2726,3025,101.4139656,535.7,17.9389313,5.78261,98.28,29302,17.13306682
453,2019,Scotland,Eilean Siar,225,2683,2908,104.5635852,348.9,14.16490486,5.54412,97.85,29861,78.88349515
454,2019,Scotland,Eilean Siar,186,1666,1852,103.624655,383.2,12.70491803,6.2439,95.77,22892,10
455,2019,Scotland,Eilean Siar,281,2225,2506,102.7774069,296.8,22.1875,5.88136,93.98,19421,55.28680028
456,2019,Scotland,Eilean Siar,447,3326,3773,107.3354908,418.3,14.28571429,5.78571,97.12,24015,22.98850575
457,2019,Scotland,Eilean Siar,260,3419,3679,101.6378187,270,8.005617978,5.66912,94.12,29589,27.43484225
458,2019,Scotland,Eilean Siar,450,2776,3226,107.2424308,535.4,17.68421053,5.59596,91.41,40948,323.0932203
459,2019,Scotland,Eilean Siar,263,2530,2793,112.7974684,586.8,18.94150418,5.58904,94.62,34870,150.5817933
460,2019,Scotland,Eilean Siar,226,2962,3188,100.7291443,338.5,15.0779896,5.50467,96.75,32143,16.49257834
461,2019,Scotland,Falkirk,455,2734,3189,102.035095,501.6,26.61737523,5.45556,89.92,26101,1239.02439
462,2019,Scotland,Falkirk,500,3961,4461,86.08761433,437.8,20.73039742,5.55639,93.25,26923,1239.076155
463,2019,Scotland,Falkirk,575,3534,4109,100.7008965,463.4,28.35616438,5.45736,90.51,21382,796.8620974
464,2019,Scotland,Falkirk,174,2881,3055,101.0849109,320.7,11.6,5.81111,98.13,21835,442.7480916
465,2019,Scotland,Falkirk,435,3622,4057,98.76847291,470.8,22.49283668,5.40164,94,25182,1620.521173
466,2019,Scotland,Falkirk,619,4240,4859,101.2023217,539.4,20.4865557,5.48765,91.36,28165,980.7126512
467,2019,Scotland,Falkirk,324,3360,3684,93.63109259,358.7,15.30612245,5.58268,91.81,26370,1027.881814
468,2019,Scotland,Falkirk,401,6560,6961,82.30758178,417.4,10.95804634,5.97266,96.41,24873,1285.40305
469,2019,Scotland,Falkirk,179,3717,3896,101.545197,424.1,5.547226387,6.11966,98.1,26347,473.1727926
470,2019,Scotland,Falkirk,553,2546,3099,100.7325629,665.1,31.97389886,5.33058,86.08,41205,1519.434629
471,2019,Scotland,Falkirk,298,3129,3427,104.1469194,349.7,17.57246377,5.6092,93.8,30263,876.0484623
472,2019,Scotland,Falkirk,137,3167,3304,105.7694292,206.6,13.92111369,5.82022,97.35,25129,506.2034739
473,2019,Scotland,Falkirk,151,2497,2648,105.9071192,338.8,18.1547619,5.83562,94.74,27273,553.5924617
474,2019,Scotland,Falkirk,308,2420,2728,104.2115819,523.1,20.79207921,5.57609,92.91,32153,498.063088
475,2019,Scotland,Falkirk,314,4140,4454,75.53088133,398.3,9.852216749,5.58519,91.25,30303,1066.319896
476,2019,Scotland,Falkirk,976,2752,3728,101.1075806,794,35.09272468,4.88785,79.25,34107,2068.116537
477,2019,Scotland,Falkirk,455,4205,4660,94.83516484,481.4,14.95877503,5.72109,95.39,26929,1284.521516
478,2019,Scotland,Falkirk,593,2843,3436,99.54706577,581.7,32.5415677,5.83824,88.57,26613,3941.29979
479,2019,Scotland,Falkirk,743,3888,4631,102.9907085,540.3,25.56675063,5.40299,91.3,35627,1570.544151
480,2019,Scotland,Falkirk,473,3053,3526,105.0208394,476.3,20.06269592,5.85965,90,35546,4870.786517
481,2019,Scotland,Falkirk,300,3284,3584,99.16468913,337.3,13.78026071,5.83505,95.62,32085,3451.612903
482,2019,Scotland,Falkirk,662,2304,2966,103.6292638,817.3,24,5.19048,83.95,30369,2828.644501
483,2019,Scotland,Falkirk,530,2241,2771,105.3224409,628.7,38.36978131,5.29808,92.36,29367,2061.572292
484,2019,Scotland,Falkirk,431,2284,2715,101.5902597,571.6,24.53825858,5.61972,90.43,36454,1511.919699
485,2019,Scotland,Falkirk,99,3646,3745,100.8273381,163.9,4.704097117,6.26016,97.42,15813,269.8215027
486,2019,Scotland,Falkirk,656,2525,3181,100.3459482,483.7,29.92592593,5.25926,89.51,27711,1615.308151
487,2019,Scotland,Falkirk,234,2229,2463,106.622425,353,14.24802111,5.77778,96.8,24198,634.7230865
488,2019,Scotland,Falkirk,737,4078,4815,101.8078695,471.2,29.20353982,5.24309,86.3,30467,934.4861989
489,2019,Scotland,Falkirk,128,4598,4726,65.85546218,219.1,10.4770017,5.96104,98.33,20157,648.0674223
490,2019,Scotland,Falkirk,232,3945,4177,101.4346267,308.7,9.230769231,5.86029,97.02,25420,272.7981294
491,2019,Scotland,Falkirk,523,4710,5233,89.10048096,417.2,16.37010676,5.56701,93.54,30905,580.7453416
492,2019,Scotland,Falkirk,152,3895,4047,103.7761182,240.9,8.280254777,6.15278,93.4,22427,908.7119633
493,2019,Scotland,Falkirk,359,2916,3275,108.5065352,405.7,21.44288577,5.26136,90.7,28198,791.9254658
494,2019,Scotland,Falkirk,433,2848,3281,100.7815714,448.9,31.09756098,5.22449,87.18,25406,1279.411765
495,2019,Scotland,Falkirk,702,4059,4761,104.9556266,600.4,26.92307692,5.27869,90,33751,1773.265651
496,2019,Scotland,Falkirk,409,2675,3084,108.5172798,467.5,16.95760599,5.59091,90.2,25968,1181.390486
497,2019,Scotland,Falkirk,641,3546,4187,105.0797448,463.4,32.82208589,5.24107,85.35,26002,1337.555887
498,2019,Scotland,Falkirk,691,3048,3739,104.9986417,633.9,29.16666667,5.43103,90.7,31727,1864.771748
499,2019,Scotland,Falkirk,326,3997,4323,103.8715251,313.5,16.61971831,5.54688,96.39,32387,652.7723162
500,2019,Scotland,Falkirk,293,2739,3032,103.3753425,381,19.25925926,5.44444,94.35,25684,497.5922953
501,2019,Scotland,Falkirk,397,2773,3170,101.3670166,447.9,28.47965739,5.36364,89.47,35925,1289.825283
502,2019,Scotland,Falkirk,451,4492,4943,95.54808073,409,17.15526602,5.47059,94.93,23158,642.3448706
503,2019,Scotland,Fife,285,2704,2989,98.43611358,455.9,22.14452214,5.51389,94.62,30067,713.5193133
504,2019,Scotland,Fife,579,3440,4019,100.6882826,449.8,33.8770389,5.14729,91.01,23795,822.1872541
505,2019,Scotland,Fife,218,2975,3193,89.60559917,444.6,18.2320442,5.71111,93.97,16114,649.1646778
506,2019,Scotland,Fife,443,3065,3508,97.33224074,462.8,22.95597484,5.15556,89.21,25308,683.6108677
507,2019,Scotland,Fife,134,2728,2862,101.0105703,305.3,12.15686275,5.74699,94.03,23132,523.7315876
508,2019,Scotland,Fife,125,4100,4225,97.24522293,208.7,8.484848485,5.93269,96.99,15100,296.7741935
509,2019,Scotland,Fife,211,3449,3660,97.81967653,315,12.5,5.90909,94.61,20375,547.3684211
510,2019,Scotland,Fife,640,3069,3709,94.92176777,664.9,26.5625,5.61905,93.85,33538,1612.771183
511,2019,Scotland,Fife,661,3946,4607,96.88181422,461.4,26.83923706,5.42241,89.94,28183,1035.522788
512,2019,Scotland,Fife,279,2833,3112,103.0280253,403.7,19.42857143,5.95745,92.5,21976,5040.611562
513,2019,Scotland,Fife,434,2866,3300,100.4065867,532.9,23.30097087,5.14444,89.47,22902,1109.004739
514,2019,Scotland,Fife,74,2978,3052,104.9786469,254.3,10.41162228,6.11236,97.56,20263,252.1008403
515,2019,Scotland,Fife,345,4832,5177,102.6425502,358.1,14.31980907,5.67586,95.1,25818,560.6837607
516,2019,Scotland,Fife,259,4984,5243,58.32190215,219,10.76826196,5.70968,96.76,18182,501.4289426
517,2019,Scotland,Fife,623,2302,2925,93.55621759,686.8,33.73702422,5.04587,80.67,29018,1024.590164
518,2019,Scotland,Fife,895,3014,3909,90.74619332,786.9,34.99420626,4.85926,88.83,27957,1276.09295
519,2019,Scotland,Fife,321,2561,2882,100.1630371,429.3,20.45454545,5,88,22385,868.6091259
520,2019,Scotland,Fife,117,3912,4029,102.4699888,327.7,9.013282732,5.84906,95.87,18008,479.5321637
521,2019,Scotland,Fife,48,3021,3069,69.21861108,159.8,5.502645503,5.99074,97.46,21717,148.381295
522,2019,Scotland,Fife,73,3672,3745,105.4853877,228.7,8.662613982,5.968,94.44,20348,326.3825929
523,2019,Scotland,Fife,84,2438,2522,106.8454001,282.1,9.904153355,5.86301,94.68,17666,1028.345419
524,2019,Scotland,Fife,280,2672,2952,104.7894493,323.4,21.11324376,5.26804,90.35,29195,764.5089286
525,2019,Scotland,Fife,329,2718,3047,104.0140768,492.8,22.13279678,5.35065,87.79,26644,576.7250257
526,2019,Scotland,Fife,473,3094,3567,99.35513588,451,23.48993289,5.14286,89.93,28591,796.5367965
527,2019,Scotland,Fife,315,3707,4022,99.27530196,337.5,22.32142857,5.06849,91.26,19825,405.3109713
528,2019,Scotland,Fife,243,2869,3112,105.0569573,373.1,17.88990826,5.34783,93.2,26164,821.1856171
529,2019,Scotland,Fife,403,2458,2861,109.9334601,463.6,32.37547893,5.2,86.27,32918,1104.118993
530,2019,Scotland,Fife,54,2584,2638,108.1882228,249.4,5.081300813,6.15833,94.51,15987,293.255132
531,2019,Scotland,Fife,136,4243,4379,103.8953942,203,8.319467554,5.81373,97.14,21785,238.3993189
532,2019,Scotland,Fife,107,2497,2604,106.0818868,294.7,8.398950131,5.83333,93.75,22493,450.3216583
533,2019,Scotland,Fife,398,3114,3512,93.74100029,402.6,19.41074523,5.38053,89.86,26139,1451.762523
534,2019,Scotland,Fife,608,2594,3202,99.38918864,606.2,33.33333333,5.02913,89.86,27663,1226.81883
535,2019,Scotland,Fife,636,2460,4859,100.8067154,607.1,32.93885602,4.67708,88.36,28833,1858.500528
536,2019,Scotland,Fife,575,4284,2663,88.69154527,429.8,20.66381156,5.28859,93.84,40865,971.6470213
537,2019,Scotland,Fife,547,2116,3934,99.35765362,534,30.96446701,5.11504,89.04,21519,837.7581121
538,2019,Scotland,Fife,505,3429,2813,94.77295832,414.9,17.26105563,5.10476,90.65,25096,676.2886598
539,2019,Scotland,Fife,607,2206,2916,102.4633576,624.3,33.83297645,5.05556,82.76,27753,1236.093943
540,2019,Scotland,Fife,782,2134,6198,99.46057615,471.7,41.93548387,4.94167,88.75,27907,1504.961411
541,2019,Scotland,Fife,1081,5117,4369,93.46990363,409.9,30.29010239,5.35242,87.99,31687,1977.10718
542,2019,Scotland,Fife,634,3735,3120,100.5968779,412.4,24.32082794,5.5641,93.41,27966,1055.129609
543,2019,Scotland,Fife,740,2380,3410,103.8716694,580.1,33.57142857,5.02083,87.39,34526,1488.491049
544,2019,Scotland,Fife,242,3168,4079,86.90620625,371.7,12.72141707,6.11,95.2,23058,958.2760202
545,2019,Scotland,Fife,557,3522,2590,94.62544788,443.6,19.75308642,5.60833,90.96,30861,1332.503113
546,2019,Scotland,Fife,180,2410,2801,104.9014455,316.5,17.13554987,5.59701,86.9,26951,422.3433243
547,2019,Scotland,Fife,223,2578,4539,103.3698192,377,24.79784367,5.59756,92.23,20443,774.6478873
548,2019,Scotland,Fife,1054,3485,3203,101.0406528,583.8,34.28571429,5.28,86.76,26122,2220.655622
549,2019,Scotland,Fife,337,2866,3013,97.58429794,433.2,20.80679406,5.8125,85.32,32010,4990.069513
550,2019,Scotland,Fife,332,2681,2925,100.6508549,492.5,24.41176471,5.85714,89.53,24041,1174.920969
551,2019,Scotland,Fife,455,2470,3096,100.1020871,376.2,34.45825933,5.4557,88.79,28819,1104.082806
552,2019,Scotland,Fife,82,2478,2560,104.2655883,231.4,9.090909091,6.07317,96.58,18932,629.5081967
553,2019,Scotland,Fife,307,2695,3002,101.7015281,291.1,17.64705882,5.44048,90.23,24310,507.3649755
554,2019,Scotland,Fife,554,2426,2980,99.11894273,575.9,33.44370861,4.97436,87.39,31393,1772.151899
555,2019,Scotland,Fife,1193,3670,4863,104.4247788,479.8,35.0140056,4.78142,85.28,34763,1901.01606
556,2019,Scotland,Fife,94,3130,3224,103.6367415,203.5,9.864603482,5.7027,98.25,17269,235.8225716
557,2019,Scotland,Fife,432,4867,5299,94.07266983,359.6,18.85856079,5.66667,95.69,25690,1577.005841
558,2019,Scotland,Fife,838,2839,3677,99.79340699,775.2,32.64812576,4.71329,83.62,33167,3163.94167
559,2019,Scotland,Fife,286,2718,3004,100.4444444,306.5,20.83333333,5.56164,91.11,26781,1288.343558
560,2019,Scotland,Fife,1270,2950,4220,86.4155166,771.1,39.65702036,4.7,77.91,40304,3797.653959
561,2019,Scotland,Fife,701,2945,3646,97.31464738,592.3,36.9205298,5.04255,87.59,27157,1135.964912
562,2019,Scotland,Fife,454,2645,3099,89.06882591,572.4,19.72920696,5.14458,90.76,31497,1782.226563
563,2019,Scotland,Fife,654,3534,4188,101.016109,436.7,23.69077307,4.94231,90.41,23994,1116.389549
564,2019,Scotland,Fife,567,3690,4257,99.53503287,453.6,29.5148248,5.4569,91.08,25000,967.6129548
565,2019,Scotland,Fife,1094,3010,4104,101.9609432,620.4,33.26039387,5.0303,82.67,23184,1701.112878
566,2019,Scotland,Fife,314,1874,2188,101.1456882,397.8,22.74052478,5.70238,92.86,35466,1131.296449
567,2019,Scotland,Fife,615,3860,4475,104.5858434,469.2,24.81296758,5.35333,92.04,29268,957.3323772
568,2019,Scotland,Fife,778,2550,3328,103.6530612,681.6,36.11987382,5.02804,77.16,32847,4314.381271
569,2019,Scotland,Fife,348,3085,3433,109.3856832,403.3,22.55125285,5.5,89.06,21066,1176.470588
570,2019,Scotland,Fife,565,4414,4979,102.8787775,399.7,20.64171123,5.44385,92.34,28417,1002.066116
571,2019,Scotland,Fife,323,2398,2721,100.9972913,526.1,21.14285714,5.48315,93.65,32330,594.5604048
572,2019,Scotland,Fife,104,3502,3606,105.2375501,287.3,8.366533865,5.87,97.16,16854,659.3927894
573,2019,Scotland,Fife,578,1606,2184,105.2774837,535.1,33.20825516,5.02083,87.5,25407,1215.022091
574,2019,Scotland,Fife,396,1680,2076,107.1024106,506.5,31.86813187,5.36232,90,34300,895.9757024
575,2019,Scotland,Fife,297,2543,2840,111.5761354,402.8,17.82178218,5.84884,91.3,29932,642.6426426
576,2019,Scotland,Fife,255,4053,4308,95.14755096,327.1,12.28070175,5.77193,94.74,29286,1231.802912
577,2019,Scotland,Fife,226,3114,3340,103.9656912,335,19.70338983,5.53846,94.33,25714,459.9904169
578,2019,Scotland,Fife,1222,3492,4714,104.0958759,637.8,34.99308437,4.83333,82.49,29493,1990.32481
579,2019,Scotland,Fife,1037,3434,4471,105.6667416,568.9,35.82089552,4.85806,86.78,32769,1300.8428
580,2019,Scotland,Fife,762,1646,2408,104.3904459,907.9,43.93592677,4.47126,79.82,37236,3360.488798
581,2019,Scotland,Fife,988,2483,3471,97.27715393,751.4,32.1529745,4.46429,78.99,28922,3468.490474
582,2019,Scotland,Fife,501,2503,3004,100.7544282,739.6,21.00591716,5.50847,85.23,30359,4078.516903
583,2019,Scotland,Fife,519,3006,3525,87.54002134,513.5,19.1025641,4.94872,89.12,25836,1090.754154
584,2019,Scotland,Fife,318,2272,2590,101.3283944,446.8,22.38442822,5.27711,85.71,22204,891.3467794
585,2019,Scotland,Fife,216,2611,2827,95.42019177,291.2,14.07624633,5.83099,97,20870,468.6584651
586,2019,Scotland,Fife,954,4500,5454,98.52799228,432.9,27.3100616,4.67066,85.54,25774,1143.617021
587,2019,Scotland,Fife,293,3902,4195,102.764977,308.2,19.69949917,5.60294,99.39,23327,1247.524752
588,2019,Scotland,Fife,137,2463,2600,101.7185386,206.6,11.34020619,5.47368,97.53,24924,689.4150418
589,2019,Scotland,Fife,310,3865,4175,102.4435785,347.6,14.32835821,5.4876,92.77,17928,504.511895
590,2019,Scotland,Fife,260,2621,2881,101.1637573,393.4,17.91044776,5.59701,96.74,20082,478.7552364
591,2019,Scotland,Fife,272,3658,3930,98.10738703,316.3,10.9352518,5.75781,95.03,26437,974.16349
592,2019,Scotland,Fife,444,2792,3236,104.4356928,617.6,31.96046129,5.56522,89.52,31834,1212.415131
593,2019,Scotland,Fife,241,3623,3864,106.0563256,321.3,13.96303901,5.93396,92.57,22573,622.887494
594,2019,Scotland,Fife,157,2707,2864,99.6601828,265.4,13.88235294,5.7381,92.62,19433,328.6384977
595,2019,Scotland,Fife,187,2092,2279,100.107329,278.9,14.73684211,5.80645,96.1,21255,760.9594706
596,2019,Scotland,Fife,320,2374,2694,103.6347955,422.8,24.3315508,5.4507,94.29,20054,483.7683004
597,2019,Scotland,Fife,433,3829,4262,90.08302941,349,18.55263158,5.68992,94.97,26052,671.2494945
598,2019,Scotland,Fife,139,2324,2463,103.1968592,305,19.0647482,5.8,92.98,18321,672.4003127
599,2019,Scotland,Fife,337,3822,4159,104.2156004,424.8,29.30107527,5.48611,89.77,21967,500.1894657
600,2019,Scotland,Fife,223,6000,6223,88.8148446,479.6,13.19148936,4.85714,80,20075,744.5544554
601,2019,Scotland,Fife,101,4221,4322,104.1463616,210.8,8.302583026,6.08108,92.66,16023,358.3617747
602,2019,Scotland,Fife,72,5199,5271,100.4746835,238.7,5.47112462,6.40323,94.74,20740,339.1126976
603,2019,Scotland,Fife,195,3849,4044,90.1454486,403.1,18.73417722,5.45122,92.59,23573,363.6993419
604,2019,Scotland,Fife,113,3544,3657,101.2533814,268.5,9.345794393,5.94318,93.7,17815,640.4862085
605,2019,Scotland,Fife,388,3393,3781,100.5479452,456.4,16.4495114,5.42609,92.11,21297,526.5306122
606,2019,Scotland,Fife,212,4072,4284,103.0024954,305.3,8.430232558,6.24074,91.77,20588,308.8803089
607,2019,Scotland,Glasgow City,1045,4103,5148,100.2603819,525.5,35.31746032,5.61932,86.52,29513,1157.44938
608,2019,Scotland,Glasgow City,541,2757,3298,73.55538072,623.7,26.81704261,5.82014,91.74,38734,1502.1628
609,2019,Scotland,Glasgow City,536,4962,5498,92.74705919,587.4,26.72064777,5.89773,91.38,23973,814.0192199
610,2019,Scotland,Glasgow City,1983,4080,6063,91.96414531,931.5,37.69063181,4.95062,85.1,39928,3001.690413
611,2019,Scotland,Glasgow City,1116,2066,3182,95.54176611,784,41.65477889,5.20395,79.14,44123,2176.258993
612,2019,Scotland,Glasgow City,703,2424,3127,100.184863,551.2,31.4453125,5.00909,85.71,31061,1400.990099
613,2019,Scotland,Glasgow City,338,5599,5937,89.1572097,271.5,15.55929352,5.91589,94.14,24204,418.6265287
614,2019,Scotland,Glasgow City,1593,4228,5821,102.4852808,658.1,35.42009885,5.16588,87.37,45074,1435.306443
615,2019,Scotland,Glasgow City,545,2570,3115,113.6669326,617.8,20.46783626,5.19643,89.61,36068,2119.168072
616,2019,Scotland,Glasgow City,1168,3233,4401,100.8339234,635,30.40380048,5.44586,85.58,34337,1393.016345
617,2019,Scotland,Glasgow City,719,4534,5253,101.9865824,391.6,24.70277411,5.5942,89.69,28778,1334.16072
618,2019,Scotland,Glasgow City,1300,4015,5315,101.0952833,714.4,24.61677187,5.25604,86.17,39643,799.0459153
619,2019,Scotland,Glasgow City,568,2832,3400,103.8328559,497.4,28.86115445,5.44348,89.78,24260,1012.658228
620,2019,Scotland,Glasgow City,1438,4834,6272,102.0556815,1097,25.69573284,5.52486,89.73,35974,2969.012731
621,2019,Scotland,Glasgow City,1736,4316,6052,93.4070532,964.4,40.30274361,5.16923,84.97,31311,3253.319714
622,2019,Scotland,Glasgow City,869,2641,3510,94.65032307,619.1,33.58348968,5.09195,91.67,40000,5409.268081
623,2019,Scotland,Glasgow City,746,4335,5081,100.7602833,494.6,21.56640182,5.38854,90.58,32865,1066.78487
624,2019,Scotland,Glasgow City,1182,2343,3525,93.03197789,1051.3,34.71760797,4.99107,81.95,36364,3398.352839
625,2019,Scotland,Glasgow City,691,2551,3242,89.42180673,901.4,37.03703704,5.43333,85.56,42899,2753.565769
626,2019,Scotland,Glasgow City,586,3659,4245,92.03619172,721.8,30.15873016,5.39706,87.78,41723,2057.877814
627,2019,Scotland,Glasgow City,721,2950,3671,99.78875827,540.8,37.86982249,5.47619,89.9,26274,2977.099237
628,2019,Scotland,Glasgow City,693,3967,4660,104.1708688,328.3,36.93599161,5.63399,94.59,21343,1206.504065
629,2019,Scotland,Glasgow City,756,4300,5056,99.79925054,579.2,49.28229665,5.45912,91.48,31733,1760.268231
630,2019,Scotland,Glasgow City,1392,4304,5696,96.3252541,703.2,85.59577677,4.98824,82.76,23563,2815.533981
631,2019,Scotland,Glasgow City,1190,3246,4436,87.93426553,770,67.70538244,5.66667,87.86,25594,1535.380507
632,2019,Scotland,Glasgow City,590,4492,5082,98.16411134,602.2,21.57809984,5.98876,94.78,33166,1877.465159
633,2019,Scotland,Glasgow City,665,5073,5738,103.0714286,549.9,62.21142163,5.24752,85.93,20217,1908.290875
634,2019,Scotland,Glasgow City,345,5483,5828,101.3681521,327,19.73140496,5.76027,93.71,25314,1092.23301
635,2019,Scotland,Glasgow City,301,3448,3749,97.20260971,425.6,32.15258856,5.75,92.16,22277,1364.251862
636,2019,Scotland,Glasgow City,332,3164,3496,99.33885929,433.4,26.66666667,5.79545,94.44,23214,859.1445428
637,2019,Scotland,Glasgow City,316,4222,4538,95.57175748,291.1,9.960159363,5.80702,92.42,24958,469.2260817
638,2019,Scotland,Glasgow City,1039,3347,4386,100.3937616,626.5,33.66834171,5.61538,88.6,39877,2077.47686
639,2019,Scotland,Glasgow City,1297,2955,4252,110.4089816,781.4,49.93997599,5.33871,84.18,36989,1493.342929
640,2019,Scotland,Glasgow City,681,2482,3163,102.5469316,561.9,32.67504488,5.52336,90.35,28906,938.4460141
641,2019,Scotland,Glasgow City,666,4722,5388,101.6810426,311.7,22.96858072,5.90714,91.1,24541,1011.778919
642,2019,Scotland,Glasgow City,318,3101,3419,99.84570878,324.9,16.17161716,5.88776,95.15,27673,623.8698011
643,2019,Scotland,Glasgow City,316,4432,4748,105.4156804,312.8,12.37113402,6.15306,94.57,23494,562.7118644
644,2019,Scotland,Glasgow City,139,2679,2818,101.465588,257.2,9.132420091,6.25352,94.19,20593,733.5243553
645,2019,Scotland,Glasgow City,838,2977,3815,101.4222702,503.6,29.48557089,5.32143,84.09,26074,2043.248014
646,2019,Scotland,Glasgow City,1859,3180,5039,105.227506,850.9,36.54761905,5.14557,85.65,32821,1152.552736
647,2019,Scotland,Glasgow City,1481,2808,4289,99.42458186,1212.7,40.64171123,5.13772,88.53,35062,1838.335607
648,2019,Scotland,Glasgow City,1157,3711,4868,101.5277778,676.5,35.61946903,5.5098,88.57,34347,1271.268058
649,2019,Scotland,Glasgow City,444,3661,4105,105.0659498,307.8,17.84287617,5.7594,91.26,21416,747.6635514
650,2019,Scotland,Glasgow City,369,3817,4186,106.6479478,354.9,25.43741588,5.80672,90.57,25465,769.2307692
651,2019,Scotland,Glasgow City,626,4652,5278,91.95233847,386.9,20.50473186,5.68132,93.27,23711,728.6821705
652,2019,Scotland,Glasgow City,607,3733,4340,100.8526576,611.4,21.55339806,5.64516,96.52,26025,1454.005935
653,2019,Scotland,Glasgow City,1516,4745,6261,81.17704757,637,33.10502283,5.30337,88.89,37778,2138.186574
654,2019,Scotland,Glasgow City,1728,4457,6185,98.93854749,899.1,39.1025641,5.25243,87.98,40312,1036.46833
655,2019,Scotland,Glasgow City,884,4863,5747,88.50581533,668.8,35.85185185,5.12676,84.03,29147,4552.915767
656,2019,Scotland,Glasgow City,785,3643,4428,95.4785765,660.5,33.67346939,5.5,96.36,40558,3494.830133
657,2019,Scotland,Glasgow City,990,3009,3999,101.1613862,824.9,43.68932039,4.69512,88.24,35696,1685.349826
658,2019,Scotland,Glasgow City,1332,2318,3650,64.28448868,916.9,48.67052023,5.08257,88.89,41609,1408.06827
659,2019,Scotland,Glasgow City,2292,4909,7201,83.37839761,1137.2,36.747851,4.86175,86.97,44025,4713.525027
660,2019,Scotland,Glasgow City,925,2618,3543,95.08180267,708.7,35.2530541,5.25,78.18,44507,1464.540495
661,2019,Scotland,Glasgow City,1672,4662,6334,88.64083705,948.5,33.18777293,5.25146,88.13,39142,1448.544579
662,2019,Scotland,Glasgow City,426,3433,3859,107.7078921,486.8,15.23178808,5.63333,95.17,33140,1617.766911
663,2019,Scotland,Glasgow City,441,2190,2631,105.7348138,625.1,21.07969152,5.64615,87.65,26730,873.4746307
664,2019,Scotland,Glasgow City,191,3366,3557,106.9164265,335.9,12.03703704,6.06522,94.57,26413,518.0388529
665,2019,Scotland,Glasgow City,697,2972,3669,106.5687284,477.5,23.86156648,5.3619,91.55,32246,1081.952118
666,2019,Scotland,Glasgow City,752,5600,6352,78.5430527,558.8,12.82410652,5.60294,93.59,31243,1163.038839
667,2019,Scotland,Glasgow City,239,3876,4115,107.1028194,243.9,11.27819549,6.02632,92.37,24228,866.8968163
668,2019,Scotland,Glasgow City,275,4011,4286,103.5982129,316.9,20.78559738,5.7707,94.05,30063,625.2147029
669,2019,Scotland,Glasgow City,773,2351,3124,106.2734829,757.9,26.44135189,5.52083,87.1,35308,915.4929577
670,2019,Scotland,Glasgow City,917,1550,2467,107.0271717,966.2,41.50537634,5.17284,89.17,38028,1711.327649
671,2019,Scotland,Glasgow City,800,3785,4585,81.91743186,621.5,22.74368231,5.32,92.23,32773,2689.236666
672,2019,Scotland,Glasgow City,1377,2154,3531,97.43042762,907.2,39.92146597,4.90196,83.98,43732,1758.708581
673,2019,Scotland,Glasgow City,1412,3323,4735,96.61890734,702.7,37.51058425,5.19231,91.3,37338,1502.132846
674,2019,Scotland,Glasgow City,1170,3990,5160,103.6052127,597.1,24.14698163,5.32667,93.65,35886,1305.449937
675,2019,Scotland,Glasgow City,1512,3159,4671,104.521712,823.8,30.97913323,5.2973,90.4,39490,2912.621359
676,2019,Scotland,Glasgow City,985,2909,3894,97.25570184,711.6,37.7388535,5.14433,83.94,42424,1651.639344
677,2019,Scotland,Glasgow City,1408,3151,4559,77.94666104,881.4,32.97244094,5,84.54,43780,1658.014276
678,2019,Scotland,Glasgow City,798,2648,3446,103.3680834,698.8,26,5.2987,93.64,31477,1908.091908
679,2019,Scotland,Glasgow City,1951,4501,6452,99.7054413,840.3,39.03697334,5.06084,87.67,36529,1840.506329
680,2019,Scotland,Glasgow City,1591,3966,5557,94.13354629,755.1,35.8490566,4.98571,90.24,37041,1583.841906
681,2019,Scotland,Glasgow City,1349,4399,5748,98.93543161,620.8,33.47502657,4.87413,89.16,37986,1743.412952
682,2019,Scotland,Glasgow City,1138,3475,4613,95.96826542,667.9,26.41315519,5.09449,89.2,35211,1311.923471
683,2019,Scotland,Glasgow City,371,5691,6062,94.96058123,359,13.92508143,6.05419,93.85,27831,1101.977338
684,2019,Scotland,Glasgow City,841,2553,3394,103.0865403,671.1,33.62521891,5.38776,84.34,40865,983.7545126
685,2019,Scotland,Glasgow City,783,2215,2998,94.13591305,716.4,35.8677686,5.12088,85.84,43897,1499.717035
686,2019,Scotland,Glasgow City,864,2708,3572,131.0310641,714.2,34.84162896,5.40659,87.94,32972,1173.469388
687,2019,Scotland,Glasgow City,1350,3134,4484,99.92738891,916.7,28.82562278,5.28889,84.85,44459,2420.338983
688,2019,Scotland,Glasgow City,1377,3323,4700,106.5625258,694.7,40.90909091,5.35484,89.29,32508,2871.946706
689,2019,Scotland,Glasgow City,1120,2874,3994,98.20415,875.9,45.77205882,5.12222,90.68,38632,2358.599461
690,2019,Scotland,Glasgow City,214,639,853,239.4644425,632.5,56.55737705,4.81818,86.05,26316,5181.818182
691,2019,Scotland,Glasgow City,1784,4069,5853,99.91340992,894.3,39.5250212,5.17347,89.41,43976,1558.808423
692,2019,Scotland,Glasgow City,466,4077,4543,98.76793386,573.8,26.44628099,5.62791,88,45833,1281.42987
693,2019,Scotland,Glasgow City,484,2119,2603,103.1823745,668,22.90076336,5.31818,91.38,36250,1472.053127
694,2019,Scotland,Glasgow City,1448,3315,4763,105.7251634,850.9,45.59023066,5.06061,86.36,33160,2416.891285
695,2019,Scotland,Glasgow City,539,3820,4359,101.3414732,626.2,22.5,5.56098,91.04,33803,968.9585147
696,2019,Scotland,Glasgow City,910,5337,6247,81.98303111,678.6,35.12931034,5.30769,90.68,33266,1461.872778
697,2019,Scotland,Glasgow City,1091,8724,9815,86.44909542,1171.1,29.67032967,5.4386,89.36,36893,3938.969161
698,2019,Scotland,Glasgow City,747,4479,5226,80.64516129,790.5,20.63882064,5,89.36,35092,5349.537535
699,2019,Scotland,Glasgow City,379,3392,3771,85.75639441,816.2,52.9209622,5.26667,85.71,21714,23827.04098
700,2019,Scotland,Glasgow City,613,4512,5125,89.9313052,558.3,22.78664731,5.30159,95.29,29367,1578.181818
701,2019,Scotland,Glasgow City,583,8874,9457,76.02381123,579.3,19.52554745,5.44231,90.14,26446,1113.606809
702,2019,Scotland,Glasgow City,603,6771,7374,89.90167296,442.5,27.0096463,5.85366,88.28,19002,1142.065819
703,2019,Scotland,Glasgow City,828,2719,3547,100.9544215,758.2,36.08247423,5.64,86.76,45199,2614.641995
704,2019,Scotland,Glasgow City,1050,5289,6339,96.51265613,564.8,42.31707317,5.54717,89.4,32836,1236.410147
705,2019,Scotland,Glasgow City,1596,3309,4905,96.82837166,741,38.40206186,4.93333,84.62,29006,2326.219512
706,2019,Scotland,Glasgow City,1276,6280,7556,93.12833523,683.9,32.58426966,5.38333,84,36325,1940.200427
707,2019,Scotland,Glasgow City,1864,4158,6022,98.39423513,961.9,31.97969543,5.35065,84.42,50046,1912.123678
708,2019,Scotland,Glasgow City,1391,2959,4350,95.87542088,605.4,28.65497076,5.07692,89.5,38973,1693.121693
709,2019,Scotland,Glasgow City,947,2092,3039,109.7640273,847.8,35.6792144,5.29808,83.82,42034,1045.43234
710,2019,Scotland,Glasgow City,713,3724,4437,94.49033725,523.8,25.3101737,5.67284,90.4,27505,848.9347966
711,2019,Scotland,Glasgow City,693,2970,3663,111.6751269,492.6,25.13661202,5.68966,95,33693,1443.802754
712,2019,Scotland,Glasgow City,1036,2396,3432,97.8744439,871.5,43.5745938,5.2439,86.29,38041,1097.72423
713,2019,Scotland,Glasgow City,806,2221,3027,97.50232342,777.8,35.09803922,5.42391,92.59,35312,1569.595262
714,2019,Scotland,Glasgow City,1563,2615,4178,90.89608751,758.6,28.16091954,4.59494,78.45,32381,2991.266376
715,2019,Scotland,Glasgow City,241,5931,6172,98.40302131,213.4,10.02506266,6.06494,96.43,19273,581.9477435
716,2019,Scotland,Glasgow City,224,3895,4119,94.4603084,305.7,7.392996109,6.13462,93.33,23733,877.5313404
717,2019,Scotland,Glasgow City,322,6014,6336,93.33821759,416.8,13.51351351,5.98182,94.37,18372,1122.336517
718,2019,Scotland,Glasgow City,820,6406,7226,83.53461392,761.8,16.16766467,5.40476,81.82,31405,603.960396
719,2019,Scotland,Glasgow City,548,4735,5283,94.68984962,500.5,13.75545852,4.97619,84.75,22166,1056.890633
720,2019,Scotland,Glasgow City,690,3268,3958,97.53410728,534.7,21.30750605,5.4,90.14,34185,1120.373458
721,2019,Scotland,Glasgow City,219,5506,5725,99.46546297,278.5,4.663212435,6.33784,95.45,20944,429.7994269
722,2019,Scotland,Glasgow City,168,4358,4526,92.74952253,232.1,4.308390023,6,95.38,12598,1222.065064
723,2019,Scotland,Glasgow City,221,5492,5713,100.1548449,318.5,4.605263158,6.46386,98.28,22553,1176.470588
724,2019,Scotland,Glasgow City,344,4160,4504,98.1525804,290.2,10.0660066,6.06742,92.8,24763,1013.513514
725,2019,Scotland,Glasgow City,179,2558,2737,99.62976675,223.3,2.51450677,6.45918,98.39,22388,653.917335
726,2019,Scotland,Glasgow City,1052,2637,3689,99.85517042,681.1,31.46067416,5.30137,90.99,33261,1647.294589
727,2019,Scotland,Glasgow City,676,3816,4492,99.38593798,473.1,25.98091198,5.93966,91.23,25375,1237.71387
728,2019,Scotland,Glasgow City,1106,2491,3597,99.45956196,642.7,43.31395349,5.18644,86.39,25062,2081.447964
729,2019,Scotland,Glasgow City,1107,3675,4782,99.06900718,666.9,38.2244143,5.21014,87.43,23684,867.5400291
730,2019,Scotland,Glasgow City,531,2452,2983,102.4245874,732.9,25,5.40816,86.9,39051,1114.237479
731,2019,Scotland,Glasgow City,597,2023,2620,108.2568807,628.5,25.67901235,5.39286,91.82,35377,1010.161387
732,2019,Scotland,Glasgow City,943,3007,3950,103.3264392,611.8,32.67477204,5.33333,90.48,33702,1308.752026
733,2019,Scotland,Glasgow City,827,2454,3281,108.2533589,695.9,34.46712018,5.61017,91.75,40393,2237.932716
734,2019,Scotland,Glasgow City,816,2897,3713,100.2561054,575,35.73529412,5.29577,94,31786,1153.526971
735,2019,Scotland,Glasgow City,303,3939,4242,105.1735648,409.5,13.15240084,6.03704,94.94,22280,1062.455133
736,2019,Scotland,Glasgow City,869,5694,6563,95.96662031,559,15.47884187,5.31496,91.36,37920,1123.133521
737,2019,Scotland,Glasgow City,1358,4286,5644,103.1685448,702.5,24.84008529,5.20455,87.55,34292,904.6052632
738,2019,Scotland,Glasgow City,272,2641,2913,98.91121338,317.5,17.73195876,5.68269,94.78,25551,1553.049718
739,2019,Scotland,Glasgow City,776,1777,2553,106.3275603,854.7,37.10482529,4.74074,79.59,28859,1884.253028
740,2019,Scotland,Glasgow City,1277,2088,3365,103.4549315,830.6,40.18058691,5.112,77.85,45562,1535.730138
741,2019,Scotland,Glasgow City,1116,2048,3164,107.4940178,983.1,36.61538462,5.07826,79.31,36342,2429.718876
742,2019,Scotland,Glasgow City,943,2651,3594,98.01318267,888,28.98734177,5.4,85.26,26471,1069.924179
743,2019,Scotland,Highland,298,4492,4790,98.40904333,369.8,14.74966171,6.02113,96.13,17069,30.48780488
744,2019,Scotland,Highland,394,4235,4629,99.73246565,465.5,16.32653061,5.34161,93.5,28399,145.7725948
745,2019,Scotland,Highland,608,5098,5706,101.6807704,595.9,19.65376782,5.27473,92.83,26375,325.1814028
746,2019,Scotland,Highland,362,4407,4769,100.9359301,375.7,20,5.728,97.06,20017,86.44536653
747,2019,Scotland,Highland,274,3578,3852,103.7245129,255.8,15.96153846,5.60163,92.76,24626,160.4032997
748,2019,Scotland,Highland,366,4905,5271,101.3052408,305.6,18.09775429,5.73643,95.63,20197,147.0128245
749,2019,Scotland,Highland,296,4419,4715,101.5577453,201.5,18.52387844,5.74615,92.06,22388,52.69100489
750,2019,Scotland,Highland,239,4484,4723,88.37787446,183.3,10.09280742,5.75758,94.61,17854,117.4033149
751,2019,Scotland,Highland,513,3512,4025,107.8933703,526.6,27.27272727,5.48333,90.63,22848,285.2277565
752,2019,Scotland,Highland,415,4162,4577,105.0479671,344.9,8.591065292,5.89928,91.85,23855,345.3880536
753,2019,Scotland,Highland,393,5114,5507,94.10445559,342.8,14.80709072,5.54857,91.23,20132,102.94936
754,2019,Scotland,Highland,251,3744,3995,105.6321353,292.2,12.62848752,5.56637,88.89,19244,233.7228715
755,2019,Scotland,Highland,375,2779,3154,104.4517185,426.9,20.40816327,5.34091,90.08,25875,431.0776942
756,2019,Scotland,Highland,381,5798,6179,94.19654644,351.9,9.982935154,5.74112,92.86,20478,169.6606786
757,2019,Scotland,Highland,253,5350,5603,81.999168,219.4,8.222396241,5.66292,92.56,17658,166.2644141
758,2019,Scotland,Highland,117,3254,3371,78.61773117,220.3,9.215017065,5.81111,92.31,16279,210.2607233
759,2019,Scotland,Highland,207,4805,5012,89.60160819,298.1,9.171270718,6.04196,94.55,21359,172.7929626
760,2019,Scotland,Highland,490,3085,3575,103.2427779,418.8,18.86477462,5.54464,91.39,26404,344.3526171
761,2019,Scotland,Highland,539,3322,3861,101.5801354,513,19.03409091,5.09901,93.04,23916,455.5314534
762,2019,Scotland,Highland,79,2247,2326,108.8414634,348.4,10.83333333,5.92982,94.51,26378,91.42053446
763,2019,Scotland,Highland,657,3541,4198,102.9114629,792.7,21.93877551,5.21359,83.63,26652,1205.821206
764,2019,Scotland,Highland,269,4103,4372,103.3177892,375.7,7.82778865,6.0087,94.15,26041,209.383482
765,2019,Scotland,Highland,894,3622,4516,106.1509434,719.1,27.61780105,4.85915,87.57,34289,692.6406926
766,2019,Scotland,Highland,626,3308,3934,105.5902778,496.8,21.44329897,5.375,84.91,30201,492.4389298
767,2019,Scotland,Highland,1225,2226,3451,96.49040271,889.6,38.96424168,4.704,77.97,33584,1288.292069
768,2019,Scotland,Highland,186,2797,2983,107.517321,399.4,16.06060606,5.43636,90.7,24439,65.89785832
769,2019,Scotland,Highland,525,3450,3975,82.38636364,442.9,15.27599487,5.43529,88.06,20155,251.0151347
770,2019,Scotland,Highland,495,6216,6711,94.16485041,288.1,15.266486,5.86957,95.79,21681,75.4527163
771,2019,Scotland,Highland,325,4298,4623,99.84671533,259.2,17.88491446,5.80892,93.78,18135,39.56834532
772,2019,Scotland,Highland,214,2467,2681,99.59026571,385.2,17.23300971,5.78431,97.67,24548,36.83241252
773,2019,Scotland,Highland,249,3238,3487,96.24895804,327.2,20.77393075,5.50538,92.09,22762,41.74397032
774,2019,Scotland,Highland,391,3226,3617,98.70738104,383,16.90909091,5.47,89.93,25029,194.8051948
775,2019,Scotland,Highland,205,3153,3358,96.90239626,282.6,13.73390558,5.52,93.69,18192,24.55795678
776,2019,Scotland,Highland,190,2801,2991,102.4450704,293.5,20.92307692,6.0375,92.55,17008,30.24803388
777,2019,Scotland,Highland,218,3002,3220,100.249584,311.1,16.62921348,5.85,88.46,14088,126.1829653
778,2019,Scotland,Highland,289,3407,3696,102.5914917,341,13.93596987,5.52778,95.54,18685,50.69124424
779,2019,Scotland,Highland,197,3024,3221,104.462775,325.9,11.2936345,5.44444,96.4,20024,85.1970181
780,2019,Scotland,Highland,292,3141,3433,95.36317087,418.1,16.58841941,5.31818,95.63,24679,135.450724
781,2019,Scotland,Highland,281,3481,3762,93.47331584,472.4,13.63636364,5.53623,96.95,19730,174.4439599
782,2019,Scotland,Highland,634,4787,5421,102.236702,471,21.3963964,5.24571,91.95,24957,222.8244505
783,2019,Scotland,Highland,417,6385,6802,93.04525946,271.8,11.40035907,5.89316,94.7,16807,55.08262394
784,2019,Scotland,Highland,157,3456,3613,101.5260821,248.4,9.219858156,5.7541,97.19,19197,23.50728726
785,2019,Scotland,Highland,1111,4825,5936,98.71744828,513.8,33.38968724,5.10244,88.28,24629,641.9960751
786,2019,Scotland,Highland,733,3562,4295,98.81958724,570.8,24.09937888,5.15328,86.39,23439,411.1111111
787,2019,Scotland,Highland,529,3842,4371,103.3169155,382.3,30.16997167,5.07937,91.67,20412,194.598888
788,2019,Scotland,Highland,527,3188,3715,103.231922,430.8,20.056899,5.28829,90.26,20578,326.0869565
789,2019,Scotland,Highland,562,5610,6172,100.3612084,353.4,18.79106439,5.62252,92.75,18243,55.84950029
790,2019,Scotland,Highland,498,3573,4071,105.821496,367.4,23.49914237,5.66412,93.29,23292,284.8242101
791,2019,Scotland,Highland,315,2568,2883,98.12127348,234.9,21.64705882,5.35802,90.91,23154,91.27210496
792,2019,Scotland,Highland,613,2889,3502,105.5026455,561.5,28.03278689,5.064,91.67,26940,1197.771588
793,2019,Scotland,Highland,490,2754,3244,103.5830278,400.3,19.57295374,5.15686,92.67,24898,484.1228527
794,2019,Scotland,Highland,275,3319,3594,103.8069655,316.9,17.31448763,5.46667,95.14,23454,52.25653207
795,2019,Scotland,Highland,388,4761,5149,103.7532968,265.3,12.04516939,5.74497,88.21,19792,133.2445037
796,2019,Scotland,Highland,328,2280,2608,110.8358326,600.9,18.67816092,5.59322,94.74,24543,422.0980757
797,2019,Scotland,Highland,504,4131,4635,102.7704202,411.3,21.74940898,5.38356,92.79,21266,436.7897727
798,2019,Scotland,Highland,257,3043,3300,107.0079472,537.8,17.98029557,5.71951,94.95,14743,15.33742331
799,2019,Scotland,Inverclyde,114,2467,2581,102.3778245,280.7,4.221635884,5.9375,84.62,25591,418.7725632
800,2019,Scotland,Inverclyde,220,2975,3195,102.8977759,411.5,7.862903226,6.03333,94.03,23387,976.6454352
801,2019,Scotland,Inverclyde,229,5857,6086,95.99583699,250,8.673978066,6.13478,96.26,20741,333.914777
802,2019,Scotland,Inverclyde,101,2976,3077,106.8727355,205.8,4.545454545,6.2,98.04,19035,536.3984674
803,2019,Scotland,Inverclyde,331,3775,4106,100.9407858,335,11.34185304,5.9,94.52,26931,446.969697
804,2019,Scotland,Inverclyde,560,3442,4002,108.0232658,504,13.40206186,5.74286,93.55,31765,918.8544153
805,2019,Scotland,Inverclyde,1503,4748,6251,99.0067253,719.6,24.55357143,5.28302,89.59,34615,1163.761355
806,2019,Scotland,Inverclyde,1160,3533,4693,104.9256245,683.4,19.76744186,5.34591,87.82,37225,1244.003838
807,2019,Scotland,Inverclyde,268,4639,4907,102.5282993,395.7,7.41989882,6.09934,96.75,29085,408.839779
808,2019,Scotland,Inverclyde,879,4736,5615,105.7360683,544,15.52878179,5.77165,98.9,32954,1770.922594
809,2019,Scotland,Inverclyde,590,3687,4277,111.0356537,449.4,23.39181287,5.79464,89.7,32683,1106.243154
810,2019,Scotland,Inverclyde,1089,2532,3621,105.8536167,745.8,29.96031746,5.10345,93.07,31258,1863.81323
811,2019,Scotland,Inverclyde,1761,3109,4870,97.55781564,764.6,25.44951591,5.16484,85.71,37510,5079.217148
812,2019,Scotland,Inverclyde,1866,4854,6720,95.81193598,618.2,20.64220183,5.39013,89.1,33841,1110.60846
813,2019,Scotland,Inverclyde,947,4553,5500,100.8177008,511.3,20.2259887,5.63934,91.83,28066,1507.006005
814,2019,Scotland,Inverclyde,1129,3329,4458,108.985113,709.2,25,5.46479,89.25,28541,1032.588795
815,2019,Scotland,Inverclyde,1198,3603,4801,104.3520444,585.6,25.82480091,5.44737,87.28,27932,543.2937182
816,2019,Scotland,Midlothian,194,3165,3359,74.60084419,342.3,8.516483516,5.80597,94.68,27979,510.8225108
817,2019,Scotland,Midlothian,370,3470,3840,102.2665617,327.2,10.9375,5.58559,95.33,24131,1034.482759
818,2019,Scotland,Midlothian,271,3519,3790,104.8729959,323.3,17.18494272,5.76923,91.95,20460,750
819,2019,Scotland,Midlothian,406,2393,2799,96.84274438,486.8,26.46502836,5.01053,92.37,34438,1289.742052
820,2019,Scotland,Midlothian,243,3243,3486,101.6287265,364.6,10.97972973,5.77451,96.69,20741,428.7045666
821,2019,Scotland,Midlothian,100,2925,3025,68.66608712,266,11.09530583,5.62338,91.84,15435,515.5555556
822,2019,Scotland,Midlothian,299,3029,3328,99.50985296,383.6,12.07207207,5.64894,91.41,24792,674.1028128
823,2019,Scotland,Midlothian,287,2191,2478,100.4831566,456,19.29347826,5.29577,93.2,27520,3562.374917
824,2019,Scotland,Midlothian,445,3403,3848,99.68409968,437.5,15.1142355,5.62766,92.67,24444,960.69869
825,2019,Scotland,Midlothian,522,4232,4754,101.6600735,456.4,17.85283474,5.44203,92.23,28063,770.2702703
826,2019,Scotland,Midlothian,690,5059,5749,100.351535,538.5,19.57494407,5.50781,93.2,25892,1380.441264
827,2019,Scotland,Midlothian,336,7883,8219,74.3226104,282.3,6.551889048,5.81752,94.33,21701,403.8972542
828,2019,Scotland,Midlothian,178,4760,4938,91.16773384,288.7,4.671717172,6.04494,95.16,23369,1815.320042
829,2019,Scotland,Midlothian,359,3500,3859,77.96597901,401.2,15.11111111,5.5124,92.81,25864,1124.538436
830,2019,Scotland,Midlothian,649,3521,4170,83.00258207,528.9,22.28144989,5.25,90.06,30349,1178.497588
831,2019,Scotland,Midlothian,699,2180,2879,97.22349177,578.6,31.12033195,4.81928,83.9,29286,3579.514825
832,2019,Scotland,Midlothian,606,6676,7282,73.4134386,298.8,10.86828116,5.68208,92.24,22605,549.3839628
833,2019,Scotland,Midlothian,521,2483,3004,97.6088813,356.7,28.20143885,4.8,91.08,26096,949.1701245
834,2019,Scotland,Midlothian,838,3761,4599,100.9510189,505.6,24.6687054,5.14483,90.69,35620,965.0016989
835,2019,Scotland,Midlothian,538,3629,4167,96.37134779,457.1,19.66527197,5.22124,93.68,23625,866.0550459
836,2019,Scotland,Midlothian,517,2410,2927,82.61317933,417.2,20.90784044,5,93.38,32823,1364.082434
837,2019,Scotland,Midlothian,665,2925,3590,101.5567354,449.4,25.65104167,5.30172,95.35,39933,1326.442722
838,2019,Scotland,Moray,270,3970,4240,106.6045515,346.8,21.30872483,5.36842,95.03,18883,496.742671
839,2019,Scotland,Moray,227,3514,3741,106.8145352,392.5,17.52380952,5.61856,92.9,19507,654.028436
840,2019,Scotland,Moray,179,2959,3138,101.5985985,315.3,17.34693878,5.3908,95.2,17906,589.7840969
841,2019,Scotland,Moray,527,4064,4591,106.0283422,428.6,27.19546742,5.47015,91.96,20642,1017.274472
842,2019,Scotland,Moray,498,5135,5633,103.8463968,310.5,22.88135593,5.63636,89.14,14327,535.3183402
843,2019,Scotland,Moray,460,2899,3359,103.5467388,472.7,24.74576271,5.375,89.19,22405,1053.427419
844,2019,Scotland,Moray,422,4348,4770,93.9718271,369.4,12.70983213,5.4589,92.66,17411,1331.953071
845,2019,Scotland,Moray,217,3429,3646,104.6913816,310.8,17.14285714,5.73077,93.67,16878,381.6046967
846,2019,Scotland,Moray,185,2269,2454,95.45454545,292.1,17.33021077,5.21333,92.78,16854,835.1488744
847,2019,Scotland,Moray,308,4284,4592,62.30615308,342.9,10.90909091,5.7622,88.61,16332,770.3363035
848,2019,Scotland,Moray,278,3050,3328,96.1722488,316.7,17.71523179,5.52055,94.44,18060,576.2871989
849,2019,Scotland,Moray,614,3675,4289,103.3300605,626.5,26.68500688,5.21111,86.43,18989,2081.320451
850,2019,Scotland,Moray,525,3521,4046,104.2429064,520.9,28.37837838,5.22556,87.96,21653,1294.642857
851,2019,Scotland,Moray,298,3834,4132,106.4684403,373.5,14.11411411,5.18584,90,18392,892.9327127
852,2019,Scotland,Moray,155,2987,3142,103.8289249,247.3,6.912442396,6.00917,97.16,16741,2291.904219
853,2019,Scotland,Moray,306,2987,3293,102.1963695,476,22.56809339,5.27059,86.62,23117,2363.060208
854,2019,Scotland,Moray,193,3008,3201,103.1490258,442.3,9.12,5.48611,90,20364,329.4475418
855,2019,Scotland,Moray,230,3281,3511,102.298965,466.4,14.03508772,5.30208,93.64,16587,446.6019417
856,2019,Scotland,Moray,354,3887,4241,97.89834203,431.9,20.28061224,5.0885,88.44,15886,690
857,2019,Scotland,Moray,268,5147,5415,103.7765293,282.8,10.34870641,5.49686,93.69,18094,509.383378
858,2019,Scotland,Moray,282,3659,3941,96.96207083,250.7,14.87839771,5.28125,93.69,12816,486.420754
859,2019,Scotland,Moray,339,3334,3673,101.110186,384,16.41791045,5.61333,91,17346,1695.416461
860,2019,Scotland,Moray,737,4643,5380,105.8479912,422.6,24.66091245,4.92994,87.56,18433,974.671369
861,2019,Scotland,Moray,245,3779,4024,83.48852143,381.3,12.79229711,5.68116,91.67,15726,397.0981291
862,2019,Scotland,North Ayrshire,291,4248,4539,101.476471,279.8,21.4028777,6.02479,95.45,22583,588.9423077
863,2019,Scotland,North Ayrshire,381,2340,2721,89.68942681,482.5,22.27074236,5.52,91.11,27516,2441.73141
864,2019,Scotland,North Ayrshire,300,2509,2809,102.7252696,456.5,13.93034826,5.82895,93.81,25411,1102.227299
865,2019,Scotland,North Ayrshire,437,3071,3508,104.3695861,420.2,21.32616487,5.48684,89.62,31633,1284.9436
866,2019,Scotland,North Ayrshire,640,2156,2796,106.0695781,504.5,30.78291815,5.23276,92.81,21957,818.9158016
867,2019,Scotland,North Ayrshire,586,1700,2286,104.8773322,561.7,39.59183673,5.31959,90.48,31671,1381.578947
868,2019,Scotland,North Ayrshire,609,3556,4165,100.7298124,367.8,25.38461538,5.71579,89.23,32194,760.6679035
869,2019,Scotland,North Ayrshire,480,4523,5003,108.4016537,432.3,19.80558931,5.85465,92.61,28723,483.5651075
870,2019,Scotland,North Ayrshire,918,2626,3544,103.6661242,645.1,38.99868248,5.24138,89.16,32209,1669.88417
871,2019,Scotland,North Ayrshire,989,2341,3330,95.84540098,603,34.03656821,5.35165,84.21,43534,1598.513011
872,2019,Scotland,North Ayrshire,623,2482,3105,99.31237721,546.2,32.5443787,5.25,94.07,29573,1058.763931
873,2019,Scotland,North Ayrshire,720,2494,3214,99.01112485,582,38.44580777,5.29268,86.44,36108,4737.113402
874,2019,Scotland,North Ayrshire,1018,2023,3041,109.1715622,790.5,43.14720812,4.81333,89.16,35683,5824.175824
875,2019,Scotland,North Ayrshire,645,2338,2983,78.76826955,531.6,23.22274882,5.51961,87.22,38581,1489.806587
876,2019,Scotland,North Ayrshire,1125,2668,3793,105.5176181,833.6,37.40458015,5.16346,87.32,43459,4222.717149
877,2019,Scotland,North Ayrshire,1021,2136,3157,102.0148691,779.5,38.00475059,5.06494,86,28350,3034.800409
878,2019,Scotland,North Ayrshire,266,2811,3077,101.6317268,257.5,20.2247191,6,96.12,24970,624.3329776
879,2019,Scotland,North Ayrshire,902,3400,4302,105.0678803,480.1,34.44700461,5.18785,86.94,32006,923.5784136
880,2019,Scotland,North Ayrshire,285,3301,3586,107.7806738,348.5,8.052434457,5.84962,96.02,26800,895.5223881
881,2019,Scotland,North Ayrshire,1052,4111,5163,104.4987318,650.4,28.28828829,5.15426,91.46,27547,875.399361
882,2019,Scotland,North Ayrshire,555,2248,2803,108.2466568,619.1,24.71590909,5.44262,91.01,32746,2018.716578
883,2019,Scotland,North Ayrshire,1036,3016,4052,104.7137484,555.5,41.76755448,5.18824,82.13,34708,1721.9836
884,2019,Scotland,North Ayrshire,205,4866,5071,104.6551839,305.5,9.341317365,5.97546,93.81,21292,355.250857
885,2019,Scotland,North Ayrshire,759,2291,3050,100.5830904,492.6,30.97982709,5.06667,88.94,34649,952.1188773
886,2019,Scotland,North Ayrshire,988,3113,4101,101.9957064,711.4,31.85595568,4.81319,81.94,35897,1031.562741
887,2019,Scotland,North Ayrshire,813,3019,3832,101.2928416,492.7,28.3286119,5.44628,92.02,33969,1468.682505
888,2019,Scotland,North Ayrshire,500,2367,2867,104.9399977,545.9,25.56390977,5.5,88.24,24930,1787.549971
889,2019,Scotland,North Ayrshire,548,2380,2928,105.0137363,441.8,26.13636364,5.6,91.22,26047,1088.621444
890,2019,Scotland,North Ayrshire,167,2464,2631,81.48190045,272.7,11.72566372,5.9186,92.45,19828,1355.060034
891,2019,Scotland,North Ayrshire,414,4282,4696,103.2195051,353.3,18.03278689,5.82313,94.18,22774,496.4257347
892,2019,Scotland,North Ayrshire,246,3489,3735,103.474238,330.6,10.62801932,5.98958,93.43,18458,830.168204
893,2019,Scotland,North Ayrshire,828,3955,4783,104.7639393,415,25.29711375,5.56296,90.66,26443,1254.585473
894,2019,Scotland,North Ayrshire,201,3787,3988,102.5041876,291.8,7.228915663,5.97849,93.33,20177,471.363406
895,2019,Scotland,North Ayrshire,186,2735,2921,103.2665094,263.7,16.27218935,5.85897,92.98,25652,797.011208
896,2019,Scotland,North Ayrshire,535,2724,3259,103.6925941,404.4,25.95673877,5.42742,91.03,36054,1389.980354
897,2019,Scotland,North Ayrshire,972,3003,3975,104.3263598,657.6,32.2528363,5.38211,90.17,32853,1490.34749
898,2019,Scotland,North Ayrshire,429,2670,3099,106.7847931,346.5,17.14876033,5.51765,92.37,27899,899.4145822
899,2019,Scotland,North Ayrshire,389,3488,3877,100.6391138,378,16.54545455,5.73684,91.45,28999,939.1808026
900,2019,Scotland,North Lanarkshire,596,3245,3841,111.7299023,660.5,22.30347349,5.61111,91.61,30229,1591.103507
901,2019,Scotland,North Lanarkshire,448,3014,3462,103.6920968,556.8,19.14132379,5.5,87.67,29933,895.8038661
902,2019,Scotland,North Lanarkshire,671,3630,4301,102.802569,589.8,21.73913043,5.58621,88.11,32735,1368.653422
903,2019,Scotland,North Lanarkshire,713,6073,6786,90.50129397,319.6,14.8177496,5.72059,93.31,30215,2404.080727
904,2019,Scotland,North Lanarkshire,1488,3246,4734,94.09465605,1061.5,39.58135109,4.32353,78.48,37209,4148.501362
905,2019,Scotland,North Lanarkshire,720,3234,3954,101.0075567,639.4,24.74093264,5.16418,86.41,39223,2052.154195
906,2019,Scotland,North Lanarkshire,1051,3839,4890,102.0054201,666.8,29.8835705,5.28324,83.56,36779,2584.772873
907,2019,Scotland,North Lanarkshire,920,5190,6110,99.38033375,500,22.69076305,5.45963,92.34,36075,2024.571282
908,2019,Scotland,North Lanarkshire,607,3173,3780,101.8010824,414.8,23.58757062,5.1028,87.97,32771,1268.436578
909,2019,Scotland,North Lanarkshire,260,2543,2803,103.9966192,409.5,26.91292876,5.59494,96.33,24483,1003.325942
910,2019,Scotland,North Lanarkshire,1085,4465,5550,102.919708,570.2,29.60784314,5.1358,84.77,32210,1407.092199
911,2019,Scotland,North Lanarkshire,268,3578,3846,94.43209108,414.1,18.35147745,5.49412,92.79,23443,1259.20186
912,2019,Scotland,North Lanarkshire,613,3754,4367,100.9626231,536.3,28.88601036,5.11719,86.89,32604,1001.814882
913,2019,Scotland,North Lanarkshire,508,2317,2825,99.24846803,621,26.19047619,5.39506,94.85,22989,1069.40874
914,2019,Scotland,North Lanarkshire,891,4475,5366,89.96736439,526.2,27.32290708,5.29605,86.36,32538,1976.346912
915,2019,Scotland,North Lanarkshire,490,4085,4575,75.39430129,534.7,14.42125237,5.66463,89.7,26645,957.5688073
916,2019,Scotland,North Lanarkshire,493,2565,3058,105.6236324,429.1,27.32673267,5.19417,93.33,29931,874.0359897
917,2019,Scotland,North Lanarkshire,560,3361,3921,97.39181483,567,23.32112332,5.41045,92.31,24510,767.7760968
918,2019,Scotland,North Lanarkshire,460,2808,3268,84.12225121,456.7,17.40787802,5.46491,92.52,29980,1463.414634
919,2019,Scotland,North Lanarkshire,846,4489,5335,93.82581271,433.1,26.38331997,5.28384,91.3,28808,1071.038251
920,2019,Scotland,North Lanarkshire,1007,2789,3796,99.82543423,772.3,35.6870229,5.38462,81.36,42176,7902.249135
921,2019,Scotland,North Lanarkshire,163,3922,4085,96.21299059,193.8,7.987220447,6.10317,92.64,24234,1590.405904
922,2019,Scotland,North Lanarkshire,726,3357,4083,100.5298337,609.1,26.07594937,5.44,86.21,37209,915.8222915
923,2019,Scotland,North Lanarkshire,687,2453,3140,102.6292821,800.1,27.3993808,4.90196,85.58,39791,1885.964912
924,2019,Scotland,North Lanarkshire,1067,3788,4855,101.5418202,764.8,39.65517241,5.15854,87.92,45408,2763.40694
925,2019,Scotland,North Lanarkshire,787,4529,5316,97.93602295,479.9,23.15010571,5.24561,90.95,27106,1884.464386
926,2019,Scotland,North Lanarkshire,846,4157,5003,103.9210291,506.7,23.73678026,5.24837,91.3,28628,1632.275947
927,2019,Scotland,North Lanarkshire,993,4061,5054,104.8052639,569.4,33.03471445,5.18182,88.8,34040,847.6658477
928,2019,Scotland,North Lanarkshire,923,3804,4727,105.311661,699.1,22.59358289,5.41406,90.86,29714,2270.019854
929,2019,Scotland,North Lanarkshire,232,2242,2474,104.2296073,572.2,16.87041565,5.9375,92.45,24740,736.3576594
930,2019,Scotland,North Lanarkshire,653,2786,3439,100.9701277,645.9,30.43478261,5.29,89.39,33227,2403.802626
931,2019,Scotland,North Lanarkshire,725,4131,4856,98.30576575,565.6,17.61006289,5.51974,90.21,24547,2012.326656
932,2019,Scotland,North Lanarkshire,1137,4564,5701,98.40630574,703.9,30.76923077,5.07254,81.59,39407,851.684797
933,2019,Scotland,North Lanarkshire,287,4439,4726,107.719453,327.8,13.64275668,5.95484,87.25,22261,886.8808568
934,2019,Scotland,North Lanarkshire,1138,5136,6274,102.6901969,557.1,22.56452956,5.32314,85.58,31303,942.8431851
935,2019,Scotland,North Lanarkshire,1117,4798,5915,104.6709618,625.3,28.99353647,5.28571,87.41,34495,944.228275
936,2019,Scotland,North Lanarkshire,1181,5031,6212,102.7464362,641.8,24.0543162,5.21127,92.76,32388,1328.432659
937,2019,Scotland,North Lanarkshire,350,2109,2459,110.9711727,459.5,22.71662763,5.39241,94.59,31929,1591.203105
938,2019,Scotland,North Lanarkshire,779,3377,4156,101.3966024,493,21.61785216,5.2314,92,35995,2117.692605
939,2019,Scotland,North Lanarkshire,973,3674,4647,101.1871757,676.9,31.08108108,4.87195,89.43,36271,1016.007841
940,2019,Scotland,North Lanarkshire,568,3376,3944,103.7581699,498.2,24.55445545,5.15789,94.23,32235,2498.051442
941,2019,Scotland,North Lanarkshire,653,2455,3108,117.4174543,764.9,31.29411765,4.91667,86.14,39880,7734.288864
942,2019,Scotland,North Lanarkshire,592,2550,3142,86.71586716,579,29.08545727,4.73404,84.85,41536,1350.97493
943,2019,Scotland,North Lanarkshire,791,5278,6069,94.5345811,444.2,20.31620553,5.4,86.76,31341,923.6752552
944,2019,Scotland,North Lanarkshire,328,2106,2434,105.2153244,524.3,23.68421053,4.90909,83.33,34307,874.7375787
945,2019,Scotland,North Lanarkshire,368,2160,2528,101.454257,519.9,18.84700665,5.15625,93.18,26601,860.9271523
946,2019,Scotland,North Lanarkshire,342,3737,4079,97.55336617,387.3,14.34599156,5.67429,95.81,29058,730.2307983
947,2019,Scotland,North Lanarkshire,294,3221,3515,106.9991418,308.5,17.22319859,5.52482,95.65,26937,429.0569244
948,2019,Scotland,North Lanarkshire,932,2963,3895,103.0617496,669.5,35.77981651,4.80303,87.3,29568,1490.36571
949,2019,Scotland,North Lanarkshire,752,2304,3056,105.950096,572.7,33.02238806,5.00901,82.78,37750,1245.343268
950,2019,Scotland,North Lanarkshire,353,4359,4712,103.0979827,322.4,12.32294618,5.768,96.2,25756,2086.956522
951,2019,Scotland,North Lanarkshire,816,4890,5706,99.32089288,530.3,21.6744186,5.49171,86.9,39381,2712.373668
952,2019,Scotland,North Lanarkshire,1152,4193,5345,103.0708115,672.9,28.65566038,4.98693,86.81,31491,1501.154734
953,2019,Scotland,North Lanarkshire,1440,3910,5350,111.9369068,709.2,36.95906433,4.60638,82.81,42826,2061.068702
954,2019,Scotland,North Lanarkshire,637,3748,4385,97.11044685,534.3,18.47437426,4.90076,89.6,28234,1530.499076
955,2019,Scotland,North Lanarkshire,1095,4752,5847,97.43907942,584,29.04347826,5.13,88.77,33588,1554.917819
956,2019,Scotland,North Lanarkshire,509,5269,5778,76.87848507,380.6,14.47811448,5.52174,91.76,32910,744.2089699
957,2019,Scotland,North Lanarkshire,488,5820,6308,83.22401494,466.5,10.44025157,5.66529,92.95,28914,915.2765584
958,2019,Scotland,North Lanarkshire,351,4410,4761,91.83218484,363.8,10.58823529,5.75497,94.71,22656,465.555206
959,2019,Scotland,North Lanarkshire,128,2551,2679,79.09231108,206.3,8.387096774,5.91667,96.97,25209,611.5879828
960,2019,Scotland,North Lanarkshire,422,3761,4183,97.57091365,454.2,17.52305665,5.47518,94.55,25814,756.837767
961,2019,Scotland,North Lanarkshire,521,3010,3531,101.681531,488.9,27.90697674,5.16038,89.26,33435,1047.326906
962,2019,Scotland,North Lanarkshire,223,3376,3599,106.1384585,296.2,12.9969419,5.94215,89.82,21573,591.1111111
963,2019,Scotland,North Lanarkshire,498,5897,6395,98.12125943,348.5,13.71872304,5.75115,95.86,28173,638.4505022
964,2019,Scotland,North Lanarkshire,409,4295,4704,107.2606306,375.1,20.91603053,5.51351,94.57,26991,686.4216054
965,2019,Scotland,North Lanarkshire,433,3362,3795,103.3102724,481.2,16.47230321,5.47107,90.86,27461,1801.687764
966,2019,Scotland,North Lanarkshire,652,2823,3475,98.88178914,562.3,26.3868066,5.25984,89.33,34697,1242.095754
967,2019,Scotland,North Lanarkshire,1017,3470,4487,104.0566597,542.7,34.68950749,4.81081,79.52,51719,3797.823798
968,2019,Scotland,North Lanarkshire,593,3464,4057,107.7901161,435.8,27.41679873,5.30645,91.23,29452,1358.844201
969,2019,Scotland,North Lanarkshire,628,3209,3837,106.3345258,580.7,29.13043478,5.49265,89.89,29332,1357.054199
970,2019,Scotland,North Lanarkshire,470,3778,4248,106.1152237,442.8,20.76813656,5.33588,92.59,30169,880.5970149
971,2019,Scotland,North Lanarkshire,465,3130,3595,96.05652013,511.6,26.19469027,5.01408,88.33,28676,1985.84697
972,2019,Scotland,North Lanarkshire,221,4767,4988,105.0477959,303.8,11.2849162,5.95413,98.18,24379,247.1772963
973,2019,Scotland,North Lanarkshire,124,3452,3576,105.6303669,328.7,6.21669627,6.10769,98.34,24233,371.032633
974,2019,Scotland,North Lanarkshire,246,2460,2706,109.313971,270.7,21.40992167,5.58586,97.14,24682,751.5151515
975,2019,Scotland,North Lanarkshire,915,6624,7539,76.2162382,433.2,15.22781775,5.60163,92.55,29976,1096.358118
976,2019,Scotland,North Lanarkshire,457,2739,3196,101.803124,524,27.42616034,5.22727,92.91,23885,1309.811503
977,2019,Scotland,North Lanarkshire,555,3163,3718,103.4242911,412.6,28.9017341,5.16364,86.71,26816,1187.392055
978,2019,Scotland,Orkney Islands,166,3013,3179,100.5522515,336.3,14.21800948,5.84884,98.48,14385,91.05516872
979,2019,Scotland,Orkney Islands,210,4020,4230,99.96740548,277.4,11.39817629,5.64,96,15690,41.39072848
980,2019,Scotland,Orkney Islands,202,4129,4331,83.21428571,245.3,13.54903943,5.56489,96.99,14200,110.7538407
981,2019,Scotland,Orkney Islands,349,3376,3725,105.2650823,486.9,14.31372549,5.56863,92.09,30095,325.5208333
982,2019,Scotland,Orkney Islands,200,2168,2368,105.0779574,462,17.68115942,5.61667,89.66,18367,380.0967519
983,2019,Scotland,Orkney Islands,377,3790,4167,100.68121,363.3,27.5862069,5.62857,97.01,14967,34.98032357
984,2019,Scotland,Perth and Kinross,166,3914,4080,88.50389903,300.5,9.861111111,6.08333,93.46,17754,619.5043965
985,2019,Scotland,Perth and Kinross,283,4623,4906,96.873084,256.8,13.63636364,5.82353,95.79,20671,859.5988539
986,2019,Scotland,Perth and Kinross,197,3545,3742,93.17265557,284.8,11.36,5.78912,96.63,18301,852.2727273
987,2019,Scotland,Perth and Kinross,186,3986,4172,85.20737686,263.9,9.911054638,5.79412,95.51,19697,833.3333333
988,2019,Scotland,Perth and Kinross,240,3917,4157,99.51852456,248.7,11.48648649,5.32468,94.17,23798,482.300885
989,2019,Scotland,Perth and Kinross,239,3594,3833,103.2243374,367,10.61776062,5.83544,98.99,20889,625.3077302
990,2019,Scotland,Perth and Kinross,137,2959,3096,105.5506315,279.7,13.33333333,5.84314,97.01,25785,407.239819
991,2019,Scotland,Perth and Kinross,505,3588,4093,100.4850837,382.3,19.86111111,5.76991,94.15,29136,773.5697019
992,2019,Scotland,Perth and Kinross,268,4310,4578,86.98850897,278.5,12.8992629,5.82836,94.22,19128,1109.238031
993,2019,Scotland,Perth and Kinross,162,4320,4482,85.37339179,292.4,11.4416476,5.9697,90.3,17536,520.1916496
994,2019,Scotland,Perth and Kinross,344,4955,5299,97.83042555,292.5,13.39869281,5.5461,93.63,22534,427.9782817
995,2019,Scotland,Perth and Kinross,447,3683,4130,105.9029759,467.6,21.95892575,5.41228,92.02,27937,1844.023324
996,2019,Scotland,Perth and Kinross,311,5452,5763,100.7371293,323,11.63043478,6.11194,95.65,21949,772.4484105
997,2019,Scotland,Perth and Kinross,121,4104,4225,102.5451626,229,7.331378299,6.08088,96.28,17033,713.3303611
998,2019,Scotland,Perth and Kinross,100,4105,4205,104.0873276,301.8,11.52647975,5.9469,93.85,20044,246.618934
999,2019,Scotland,Perth and Kinross,1019,4556,5575,104.5746875,455.9,30.28933092,5.07107,89.2,31726,968.5714286
1000,2019,Scotland,Perth and Kinross,1010,4923,5933,100.1778339,577,30.18563358,5.24138,89.85,23381,1191.489362
1001,2019,Scotland,Perth and Kinross,457,2810,3267,103.4037189,513.8,31.63636364,4.95556,85.52,22174,918.5262065
1002,2019,Scotland,Perth and Kinross,481,2746,3227,89.60988799,562.5,32.98816568,5.27778,93.79,26392,1373.04605
1003,2019,Scotland,Perth and Kinross,282,2020,2302,101.164751,575.6,23.34801762,5.375,87.5,30603,3729.946524
1004,2019,Scotland,Perth and Kinross,786,3858,4644,100.9171576,684.3,37.52665245,5.21429,77.11,31303,3475.329451
1005,2019,Scotland,Perth and Kinross,308,3395,3703,101.7736721,324.5,13.9874739,5.8,94.92,25000,740.9381663
1006,2019,Scotland,Perth and Kinross,308,4766,5074,99.86712729,358.5,14.26799007,5.784,92.74,21120,519.9698568
1007,2019,Scotland,Perth and Kinross,222,3829,4051,101.0141469,340,11.54446178,5.83019,97.79,22034,1079.166667
1008,2019,Scotland,Perth and Kinross,236,4117,4353,93.20784942,367.1,6.97167756,5.54839,93.27,19430,721.0548002
1009,2019,Scotland,Perth and Kinross,174,3645,3819,99.56251641,300.7,6.866197183,6.16667,89.36,21697,1261.802575
1010,2019,Scotland,Perth and Kinross,450,4803,5253,101.2064693,331.5,21.52230971,5.112,91.95,22315,705.4212933
1011,2019,Scotland,Perth and Kinross,328,2760,3088,99.5814056,341.9,21.76724138,5.50633,96.74,23247,764.774044
1012,2019,Scotland,Perth and Kinross,213,3882,4095,93.84469697,296.3,16.07418856,5.80734,97.83,20604,808.6143844
1013,2019,Scotland,Perth and Kinross,484,2480,2964,100.5543614,426.3,29.01878914,4.9878,82.81,19130,744.6808511
1014,2019,Scotland,Perth and Kinross,433,5220,5653,100.4212807,395.8,14.5323741,5.55738,92.46,20257,938.7755102
1015,2019,Scotland,Perth and Kinross,291,4319,4610,97.74982027,307.1,14.03269755,5.73786,95.15,19818,2849.964106
1016,2019,Scotland,Perth and Kinross,400,5727,6127,95.09242598,246.5,14.65416178,5.78808,96.14,19970,541.7314671
1017,2019,Scotland,Perth and Kinross,194,3694,3888,101.521426,314.9,21.56862745,5.94737,98.17,19913,610.2635229
1018,2019,Scotland,Perth and Kinross,264,4449,4713,106.1425608,379.3,19.56521739,5.78102,93.71,19860,765.1313285
1019,2019,Scotland,Renfrewshire,235,2463,2698,100.4128719,369.2,12.30068337,6.01351,97.06,18695,401.1627907
1020,2019,Scotland,Renfrewshire,185,3682,3867,97.29292585,518.1,6.591865358,6.072,96.49,28993,750.1002808
1021,2019,Scotland,Renfrewshire,191,5503,5694,50.04232191,308.1,4.482323232,5.9359,91.82,18589,1468.007704
1022,2019,Scotland,Renfrewshire,253,2984,3237,106.4027575,325.4,9.71563981,6.125,98.28,23710,444.3282802
1023,2019,Scotland,Renfrewshire,984,4532,5516,92.30458843,458.4,24.85690924,5.34466,89.08,29405,663.5590897
1024,2019,Scotland,Renfrewshire,914,2585,3499,99.38978596,741.2,28.57142857,5.24742,84.85,38776,1416.952055
1025,2019,Scotland,Renfrewshire,658,2939,3597,107.7038145,684.4,21.10655738,5.41111,85.27,33171,1774.758983
1026,2019,Scotland,Renfrewshire,560,3141,3701,112.0224419,480,21.78861789,5.42857,88.11,29920,1040.609137
1027,2019,Scotland,Renfrewshire,426,4746,5172,96.00329364,379,13.64221364,5.59836,91.43,25302,1471.480583
1028,2019,Scotland,Renfrewshire,1466,2730,4196,98.47703843,663.6,32.76955603,5.02762,88.61,40827,1813.489332
1029,2019,Scotland,Renfrewshire,985,2599,3584,95.88610437,877.3,33.00970874,5.2963,80.53,36909,2605.740181
1030,2019,Scotland,Renfrewshire,868,4670,5538,100.9219089,528.6,27.75956284,5.51765,88.37,36207,782.7009817
1031,2019,Scotland,Renfrewshire,968,3885,4853,101.7073004,528.7,24.7706422,5.46212,85.64,32181,958.8617383
1032,2019,Scotland,Renfrewshire,170,4515,4685,105.6951793,332.1,6.495726496,6.12857,99.44,22311,442.4778761
1033,2019,Scotland,Renfrewshire,639,3420,4059,101.1857061,550.1,26.47887324,5.3787,88.46,29878,529.5950156
1034,2019,Scotland,Renfrewshire,484,2828,3312,100.767641,393,22.16828479,5.78261,91.14,28333,691.2442396
1035,2019,Scotland,Renfrewshire,143,3470,3613,102.261958,342.7,5.944055944,5.93519,95.14,25500,1242.55657
1036,2019,Scotland,Renfrewshire,1049,4859,5908,98.3064243,606.2,23.67758186,5.5045,92,36336,1093.624967
1037,2019,Scotland,Renfrewshire,190,3731,3921,87.39963952,336.4,5.486284289,6.04651,95.32,25772,295.6989247
1038,2019,Scotland,Renfrewshire,749,3310,4059,95.79897308,643.6,27.82608696,5.28676,89.02,38835,925.9259259
1039,2019,Scotland,Renfrewshire,1187,5695,6882,93.09056956,652.6,22.42744063,5.48276,82.67,29197,4657.914201
1040,2019,Scotland,Renfrewshire,1036,5014,6050,97.45893507,566,25.98425197,5.58871,90.96,31029,1354.502605
1041,2019,Scotland,Renfrewshire,165,4600,4765,104.2120912,219.5,7.080924855,6.15672,96.49,22032,371.4184648
1042,2019,Scotland,Renfrewshire,1466,4057,5523,102.7991559,664.8,33.26612903,4.95531,88.24,33155,1783.43949
1043,2019,Scotland,Renfrewshire,984,4108,5092,86.40083687,657.9,24.54282964,5.23529,89.13,32677,4663.7122
1044,2019,Scotland,Renfrewshire,999,5866,6865,99.73499534,592,26.83486239,5.42979,88.54,26188,839.4730967
1045,2019,Scotland,Renfrewshire,615,4372,4987,105.2252623,378.3,19.80474198,5.47244,89.39,29918,932.6241135
1046,2019,Scotland,Renfrewshire,344,4985,5329,103.4255927,338.1,13.21525886,5.89796,92.86,24252,691.3280776
1047,2019,Scotland,Renfrewshire,692,5482,6174,65.61133295,509.8,20.78025478,5.35897,90.5,27451,2646.766169
1048,2019,Scotland,Renfrewshire,225,5477,5702,106.6851528,332.1,8.724832215,5.96585,97.46,23239,230.876217
1049,2019,Scotland,Renfrewshire,473,4512,4985,104.251574,416.6,11.32075472,5.65663,93.44,29793,633.5903453
1050,2019,Scotland,Renfrewshire,504,5058,5562,104.1278375,378,15.14841351,5.57216,94.96,29299,570.0510493
1051,2019,Scotland,Renfrewshire,141,4291,4432,103.6518519,257.7,7.014681892,5.976,97.78,19158,349.3125232
1052,2019,Scotland,Renfrewshire,995,3078,4073,97.35737219,675.7,28.80116959,5.22314,88.57,32324,1384.305835
1053,2019,Scotland,Renfrewshire,623,3928,4551,102.6540215,418.7,24.12626832,5.46154,94.82,31800,683.8209376
1054,2019,Scotland,Renfrewshire,67,3131,3198,106.4042051,196.4,5.378486056,6.11,96.32,22651,133.4017445
1055,2019,Scotland,Renfrewshire,120,3103,3223,95.59256626,291.6,5.936073059,6.29358,97.35,19184,446.8412943
1056,2019,Scotland,Renfrewshire,334,4394,4728,99.1388737,327.7,8.241758242,5.89552,92.75,19940,425.8241758
1057,2019,Scotland,Scottish Borders,304,5872,6176,93.2856597,195.6,7.989228007,6.10606,95.26,21019,336.2022593
1058,2019,Scotland,Scottish Borders,385,3847,4232,99.37388885,416.3,17.85714286,5.73684,94.48,27334,1192.079208
1059,2019,Scotland,Scottish Borders,177,4126,4303,101.0305932,229,8.67823765,5.97842,95.19,17129,377.7681285
1060,2019,Scotland,Scottish Borders,438,5271,5709,93.16540627,331.1,11.44230769,5.79512,93.77,20363,430.3797468
1061,2019,Scotland,Scottish Borders,338,5262,5600,83.93232272,270.1,14.49652778,5.82524,96.14,24322,496.6703663
1062,2019,Scotland,Scottish Borders,398,3269,3667,96.41837529,415.4,24.56747405,5.44231,89.81,24850,1669.850974
1063,2019,Scotland,Scottish Borders,426,2626,3052,101.0711967,444.3,30.44496487,5.4058,90.52,33333,1581.259151
1064,2019,Scotland,Scottish Borders,335,2907,3242,98.76357057,383.1,19.60784314,5.70588,94.34,23007,2277.834525
1065,2019,Scotland,Scottish Borders,576,2066,2642,106.2815697,561.1,36.24733475,5.02632,85.12,36552,1500.607533
1066,2019,Scotland,Scottish Borders,371,5003,5374,97.39199804,314.2,11.70454545,6.06436,92.88,21859,462.1188306
1067,2019,Scotland,Scottish Borders,138,2894,3032,94.40670771,212.4,10.67073171,5.93814,93.98,20886,330.9820944
1068,2019,Scotland,Scottish Borders,291,3871,4162,97.54796593,351.2,14.47178003,5.85065,94.47,21716,281.9621475
1069,2019,Scotland,Scottish Borders,259,2497,2756,95.47239547,409.3,19.4092827,5.51546,91.07,19915,838.2526564
1070,2019,Scotland,Scottish Borders,292,3421,3713,97.81002868,314,21.84557439,5.69231,92.11,17302,524.1753276
1071,2019,Scotland,Scottish Borders,461,3096,3557,98.7517337,414.4,25.03419973,5.18182,92.81,23272,1441.351889
1072,2019,Scotland,Scottish Borders,296,3710,4006,96.89520313,220.6,18.12865497,5.88073,92.81,24678,246.5078061
1073,2019,Scotland,Scottish Borders,269,2482,2751,98.14256423,337,20.05988024,5.66667,91.76,19706,571.6253444
1074,2019,Scotland,Scottish Borders,266,4425,4691,99.88595866,244.4,12.19879518,5.51818,92.21,20667,668.1939672
1075,2019,Scotland,Scottish Borders,342,2936,3278,103.4279205,429.2,23.6084453,5.35714,90,18009,954.2410714
1076,2019,Scotland,Scottish Borders,273,2079,2352,94.57765668,446.9,20.40133779,5.20339,92.42,18821,1882.716049
1077,2019,Scotland,Scottish Borders,159,2792,2951,100.2886836,229.9,13.16526611,5.82051,94.59,18094,446.271286
1078,2019,Scotland,Scottish Borders,260,3394,3654,96.40154848,373.6,15.59485531,5.8,93.46,22871,437.9562044
1079,2019,Scotland,Scottish Borders,526,3356,3882,101.112422,357.3,26.57657658,5.26667,86.25,27881,1000.434972
1080,2019,Scotland,Scottish Borders,304,3749,4053,95.49361394,279.6,17.24770642,5.78182,91.37,18846,506.3291139
1081,2019,Scotland,Scottish Borders,766,2247,3013,103.778509,646.4,38.66120219,4.51938,79.22,34375,1479.357798
1082,2019,Scotland,Scottish Borders,553,3640,4193,101.4281181,438.2,25,5.1954,89.44,29551,1511.767052
1083,2019,Scotland,Scottish Borders,379,2955,3334,99.65118597,416.2,20.95671982,5.48958,93.8,23309,865.0338718
1084,2019,Scotland,Scottish Borders,450,2899,3349,105.075892,426.1,23.09160305,5.42857,87.66,29389,1679.61165
1085,2019,Scotland,Scottish Borders,111,2625,2736,101.8613764,404.2,15.7480315,5.8,100,20897,1034.255599
1086,2019,Scotland,Scottish Borders,668,4892,5560,103.6863029,419.3,22.56532067,5.44516,87.74,23638,854.0813111
1087,2019,Scotland,Shetland Islands,141,3239,3380,96.75286798,312.2,9.595202399,5.76,96.39,18154,92.09888512
1088,2019,Scotland,Shetland Islands,205,3199,3404,101.4379463,293.4,10.3021978,5.69531,98.35,19019,286.4197531
1089,2019,Scotland,Shetland Islands,354,4265,4619,108.3786565,432.6,13.06306306,5.57851,93.99,27107,456.1281337
1090,2019,Scotland,Shetland Islands,168,3257,3425,93.8308845,194.3,9.415121255,5.61224,98.61,16317,113.1541726
1091,2019,Scotland,Shetland Islands,123,2765,2888,99.63330968,272.1,9.655172414,5.7619,96.72,14286,41.22497055
1092,2019,Scotland,Shetland Islands,138,2483,2621,101.6469377,395.1,10.14492754,5.58025,96.4,22899,176.7215113
1093,2019,Scotland,Shetland Islands,158,2585,2743,104.998135,345,11.0403397,5.92941,99.15,11398,27.22940776
1094,2019,Scotland,South Ayrshire,596,4764,5360,103.9078411,370.7,26.21502209,5.54839,90.61,28733,766.470972
1095,2019,Scotland,South Ayrshire,706,2565,3271,103.1864754,513,28.32,5.392,85.26,32727,835.0622407
1096,2019,Scotland,South Ayrshire,515,2703,3218,103.1900285,495.6,21.89054726,5.63529,89.72,37320,1577.777778
1097,2019,Scotland,South Ayrshire,712,3966,4678,105.1028567,465.3,27.62284197,5.59627,88.79,35534,1167.385057
1098,2019,Scotland,South Ayrshire,326,4056,4382,89.96161795,400.7,13.22620519,5.98425,98.13,24094,1277.614138
1099,2019,Scotland,South Ayrshire,280,3482,3762,99.6009577,380.2,10.96979332,5.57522,92.72,32030,1488.272921
1100,2019,Scotland,South Ayrshire,167,5839,6006,102.5726001,251.6,4.65408805,6.25444,97.5,25244,512.5558996
1101,2019,Scotland,South Ayrshire,609,3581,4190,104.1663379,529.6,26.05156038,5.61111,90.45,30518,658.9147287
1102,2019,Scotland,South Ayrshire,408,4988,5396,103.1761787,346.5,15.89147287,5.77987,92.44,29232,542.5074429
1103,2019,Scotland,South Ayrshire,380,4597,4977,102.3315364,270.7,16.38044914,5.62874,95.15,28514,516.884907
1104,2019,Scotland,South Ayrshire,637,4713,5350,100.5736018,472.9,16.26712329,6.05376,92.25,39418,4876.480541
1105,2019,Scotland,South Ayrshire,1421,3137,4558,105.4437261,943.8,38.16425121,5.04878,76.22,42563,4465.146161
1106,2019,Scotland,South Ayrshire,467,2168,2635,102.9384636,501.7,28.38196286,5.4386,89.77,35052,1327.102804
1107,2019,Scotland,South Ayrshire,872,2090,2962,102.6615078,729.3,39.13764511,4.56637,86.62,42806,1631.123919
1108,2019,Scotland,South Ayrshire,1225,2967,4192,101.885884,571.7,33.17919075,4.76056,83,31184,2273.068267
1109,2019,Scotland,South Ayrshire,434,3755,4189,101.1860224,409.7,18.33060556,5.54945,90.97,29990,1192.411924
1110,2019,Scotland,South Ayrshire,554,3906,4460,97.02389788,486.4,18.59557867,5.81507,94.09,32018,1222.707424
1111,2019,Scotland,South Ayrshire,180,3859,4039,103.7661134,312,6.225680934,6.04938,95.08,26338,1078.561917
1112,2019,Scotland,South Ayrshire,387,5003,5390,103.9895481,299.9,10.94594595,5.95035,93.43,28928,485.9504132
1113,2019,Scotland,South Ayrshire,260,2901,3161,89.26451886,423.3,14.72172352,5.59722,90.29,28442,1378.016086
1114,2019,Scotland,South Ayrshire,793,5129,5922,100.9931159,429.6,27.74774775,5.36932,91.03,28990,813.0081301
1115,2019,Scotland,South Ayrshire,506,5326,5832,86.52436395,370.9,16.59070191,5.68852,94.26,28148,441.7009602
1116,2019,Scotland,South Ayrshire,357,4960,5317,104.9020863,334.2,15.31531532,5.82192,96.12,24463,564.4371941
1117,2019,Scotland,South Ayrshire,606,3333,3939,103.7224897,450.6,26.4084507,5.57143,89.78,33243,953.0261969
1118,2019,Scotland,South Ayrshire,386,5108,5494,103.5055351,334.9,13.00940439,6,95.3,25083,1440.493469
1119,2019,Scotland,South Lanarkshire,202,2221,2423,104.5601291,325.1,21.48997135,5.80702,94.57,17064,6649.713922
1120,2019,Scotland,South Lanarkshire,402,5458,5860,94.93886835,330.1,15.28878822,5.85646,96.95,21727,590.8835115
1121,2019,Scotland,South Lanarkshire,641,4115,4756,101.5866388,382.8,17.17791411,5.16107,93.83,32633,915.9823121
1122,2019,Scotland,South Lanarkshire,474,3197,3671,101.9851798,402.1,20.95070423,5.33058,93.79,30025,915.0901892
1123,2019,Scotland,South Lanarkshire,342,3388,3730,102.2811288,332.9,9.865470852,5.60714,93.75,26145,642.8267348
1124,2019,Scotland,South Lanarkshire,156,2718,2874,99.61968422,277.6,9.803921569,5.66667,94.38,20268,683.3333333
1125,2019,Scotland,South Lanarkshire,430,1967,2397,97.1641791,513.6,20.98092643,5.13333,86.67,30132,1599.17639
1126,2019,Scotland,South Lanarkshire,651,3439,4090,100.3824559,471.4,16.81087763,5.30345,93.92,33178,981.4126394
1127,2019,Scotland,South Lanarkshire,395,2921,3316,94.98092163,450.4,15.90493601,5.17757,90.08,25548,1625.119847
1128,2019,Scotland,South Lanarkshire,167,2374,2541,91.85949923,372.5,10.33707865,5.71212,97.44,26045,717.1775593
1129,2019,Scotland,South Lanarkshire,240,2410,2650,99.98735937,238.2,15.59888579,5.67797,85.71,24580,1520.861373
1130,2019,Scotland,South Lanarkshire,302,1897,2199,101.0741762,513.2,23.26869806,5.2069,85.9,29303,989.4736842
1131,2019,Scotland,South Lanarkshire,493,3401,3894,97.93004393,487.5,15.54487179,5.86441,95.83,32924,2033.126294
1132,2019,Scotland,South Lanarkshire,388,3585,3973,95.22504567,307.2,14.35114504,5.78261,93.45,23543,935.483871
1133,2019,Scotland,South Lanarkshire,867,3400,4267,106.6417504,505.3,30.4664723,5.30328,89.35,30055,1754.385965
1134,2019,Scotland,South Lanarkshire,623,3185,3808,100.5134561,388.6,19.15204678,5.49673,94.42,24873,982.4109824
1135,2019,Scotland,South Lanarkshire,517,3765,4282,99.96075045,399.3,18.90166028,5.52482,94.76,27612,693.597561
1136,2019,Scotland,South Lanarkshire,469,2356,2825,91.33023054,633.2,23.63945578,5.39535,94.26,25360,1497.130934
1137,2019,Scotland,South Lanarkshire,350,2947,3297,104.6860549,401.6,13.91650099,5.88235,96.27,30285,627.4131274
1138,2019,Scotland,South Lanarkshire,493,3321,3814,101.1459803,385.6,17.93814433,5.57143,91.97,28465,2345.626072
1139,2019,Scotland,South Lanarkshire,809,3210,4019,103.3585223,533.1,28.46715328,5.29688,89.14,27933,1679.768308
1140,2019,Scotland,South Lanarkshire,956,2620,3576,98.61649142,735.2,31.65467626,5.04196,84.4,35852,1902.869757
1141,2019,Scotland,South Lanarkshire,681,5062,5743,98.43415959,483.3,22.11350294,5.48241,91.79,31167,953.6784741
1142,2019,Scotland,South Lanarkshire,319,4289,4608,102.0221262,314.7,16.4507772,5.90972,95.15,23324,904.7089359
1143,2019,Scotland,South Lanarkshire,165,2613,2778,100.4118993,355.9,4.323308271,6.28671,95.65,28596,472.6651481
1144,2019,Scotland,South Lanarkshire,124,2965,3089,83.64255964,377.7,13.39421613,5.93913,94.77,19534,731.8181818
1145,2019,Scotland,South Lanarkshire,221,3635,3856,72.90735317,300.9,11.2412178,5.90244,94.97,17360,1036.45461
1146,2019,Scotland,South Lanarkshire,336,3228,3564,103.9003452,357.2,18.59706362,5.6,91.33,28499,454.9356223
1147,2019,Scotland,South Lanarkshire,629,2168,2797,98.91472868,626,31.70731707,5.62195,91.13,35747,2202.694786
1148,2019,Scotland,South Lanarkshire,234,2566,2800,103.0585424,337.5,12.07729469,5.7093,94.78,23490,947.7521264
1149,2019,Scotland,South Lanarkshire,499,3750,4249,97.4413815,359.9,12.99559471,6,94.07,26128,6133.800078
1150,2019,Scotland,South Lanarkshire,673,2981,3654,102.2293578,559.3,28.33638026,5.35294,89.71,23343,1636.752137
1151,2019,Scotland,South Lanarkshire,614,1489,2103,101.887396,810.6,41.81415929,5.14706,86.57,33333,2572.96467
1152,2019,Scotland,South Lanarkshire,477,2303,2780,102.7109166,427.7,22.22222222,5.28571,88.03,31008,825.90612
1153,2019,Scotland,South Lanarkshire,454,6008,6462,93.8654805,354.9,11.18460613,5.68605,95.31,29412,404.2412194
1154,2019,Scotland,South Lanarkshire,143,3933,4076,98.01189603,296.2,8.150470219,5.51515,93.7,23776,231.7497103
1155,2019,Scotland,South Lanarkshire,1031,3171,4202,98.80206267,566.4,29.78208232,5,88.56,32859,1628.077913
1156,2019,Scotland,South Lanarkshire,814,3096,3910,105.9520627,623.7,30.05464481,5.14961,90.32,32106,1768.00345
1157,2019,Scotland,South Lanarkshire,859,3321,4180,103.7689045,604.8,26.22478386,5.13043,90.43,31991,1769.811321
1158,2019,Scotland,South Lanarkshire,338,2908,3246,103.6264077,411.9,14.44241316,5.7451,94.71,20623,568.627451
1159,2019,Scotland,South Lanarkshire,525,2444,2969,104.3380027,520.8,27.55555556,5.14943,88.52,33801,1330.448891
1160,2019,Scotland,South Lanarkshire,964,4000,4964,101.5525807,551,28.00466744,5.1954,89.19,31493,1736.363636
1161,2019,Scotland,South Lanarkshire,1153,3360,4513,102.9700776,732.5,28.58990944,4.70248,90.7,31486,2219.679634
1162,2019,Scotland,South Lanarkshire,488,3326,3814,97.18061674,503.7,16.48550725,5.53846,92.48,30171,1355.487538
1163,2019,Scotland,South Lanarkshire,890,3038,3928,100.3889369,505.4,25.10518934,4.80172,88.11,35257,3371.769384
1164,2019,Scotland,South Lanarkshire,133,3234,3367,99.47486142,220.5,2.620967742,5.69811,97.4,21680,1270.088129
1165,2019,Scotland,South Lanarkshire,351,2744,3095,99.05386518,371.1,16.72727273,5.51852,90.15,30233,935.7612544
1166,2019,Scotland,South Lanarkshire,478,6016,6494,83.85309084,290.7,8.699472759,5.97203,94.38,25607,1008.180943
1167,2019,Scotland,South Lanarkshire,520,6387,6907,71.44053251,360.1,10.67388096,5.74806,93.95,24000,600.7462687
1168,2019,Scotland,South Lanarkshire,987,5336,6323,96.71563484,483.7,23.71409486,5.34553,91.23,28120,1021.880819
1169,2019,Scotland,South Lanarkshire,874,3285,4159,95.53349876,593.2,20.1369863,5.43382,84.12,29036,1063.097514
1170,2019,Scotland,South Lanarkshire,741,4085,4826,106.8676959,425.9,17.70011274,5.60584,93.3,21879,831.9411961
1171,2019,Scotland,South Lanarkshire,453,3387,3840,99.70593323,427.9,12.91448517,5.88172,97.6,32582,1692.829868
1172,2019,Scotland,South Lanarkshire,494,5200,5694,103.1328688,391,14.48598131,5.79355,94.97,26382,572.1462462
1173,2019,Scotland,South Lanarkshire,680,2689,3369,94.24749164,676.2,25.18518519,5.32813,89.69,39234,3057.352307
1174,2019,Scotland,South Lanarkshire,741,2846,3587,104.1807591,805.6,34.52914798,5.40244,92.66,31453,3783.666377
1175,2019,Scotland,South Lanarkshire,761,2562,3323,100.4412355,657.1,33.82045929,5.01136,90,30841,1588.516746
1176,2019,Scotland,South Lanarkshire,339,2775,3114,104.3679896,345.1,25.93406593,5.53165,90.7,23003,511.4200596
1177,2019,Scotland,South Lanarkshire,627,2044,2671,94.5958017,541.1,27.48091603,5.26923,85.71,34403,949.8956159
1178,2019,Scotland,South Lanarkshire,132,3579,3711,90.33812193,216.3,4.561403509,6.06897,96.49,20702,942.5190194
1179,2019,Scotland,South Lanarkshire,686,3696,4382,103.2817948,563,23.8292011,5.78409,91.6,33398,1360.182371
1180,2019,Scotland,South Lanarkshire,934,3557,4491,89.35448174,538,23.63050483,5.35811,87.79,26686,1227.647868
1181,2019,Scotland,South Lanarkshire,563,5555,6118,64.85884763,498.4,8.522378909,5.91758,95.28,33528,1402.364452
1182,2019,Scotland,South Lanarkshire,447,3090,3537,102.0149737,439.4,18.71165644,5.55455,90.67,29456,705.1016176
1183,2019,Scotland,South Lanarkshire,555,3222,3777,105.5871983,532.5,19.33471933,5.4125,94.17,34685,937.2349449
1184,2019,Scotland,South Lanarkshire,453,3656,4109,99.968,508.6,16.1849711,5.5,93.53,40629,1263.696129
1185,2019,Scotland,South Lanarkshire,353,4462,4815,98.96311761,289.3,12.86307054,5.79333,93.98,28354,597.8438419
1186,2019,Scotland,South Lanarkshire,331,4275,4606,102.42157,350.8,12.91666667,5.64935,94.69,26484,2182.566918
1187,2019,Scotland,South Lanarkshire,362,2659,3021,97.92762805,340.9,12.25961538,5.6747,96,28740,3479.607641
1188,2019,Scotland,South Lanarkshire,343,2751,3094,101.9232945,397.1,14.05895692,6.0137,88.99,32318,3047.569263
1189,2019,Scotland,South Lanarkshire,57,2645,2702,106.7492417,271,6.332453826,6.32941,96.46,17813,261.4758861
1190,2019,Scotland,South Lanarkshire,217,3807,4024,103.1286307,331.2,10.53459119,5.98413,96.02,24148,1014.546811
1191,2019,Scotland,South Lanarkshire,63,4056,4119,94.81667748,214.6,3.084223013,6.14433,96.23,18396,386.656558
1192,2019,Scotland,South Lanarkshire,309,3531,3840,97.84159986,474.2,14.03812825,6.16071,95.14,25872,1480.55207
1193,2019,Scotland,South Lanarkshire,175,2507,2682,104.2619284,321.4,16.53333333,6.06173,96.12,17241,313.4068485
1194,2019,Scotland,South Lanarkshire,506,4903,5409,90.64190851,424.1,17.60391198,5.76684,92.34,29634,635.6821589
1195,2019,Scotland,South Lanarkshire,697,3448,4145,99.82342082,506.3,20.41820418,5.24204,91.79,36791,1287.605295
1196,2019,Scotland,South Lanarkshire,498,2651,3149,104.6269765,421.8,24.09638554,5.46535,94.12,31452,947.3684211
1197,2019,Scotland,South Lanarkshire,424,3723,4147,104.5179283,331.5,18.78698225,5.65833,88.08,28988,771.4388231
1198,2019,Scotland,South Lanarkshire,423,3062,3485,98.07915058,404,18.44827586,5.61333,93.88,34891,803.6951501
1199,2019,Scotland,South Lanarkshire,532,3077,3609,102.2823098,409.3,24.5045045,5.67647,89.93,41997,844.7098976
1200,2019,Scotland,South Lanarkshire,458,3424,3882,104.2389539,380.5,22.87066246,5.55172,91.19,25120,960.8138659
1201,2019,Scotland,Stirling,190,5177,5367,99.05049362,210.1,8.435072142,6.0479,98.57,21616,727.2727273
1202,2019,Scotland,Stirling,235,4150,4385,92.59315359,271,12.71820449,6.01724,97.78,23804,637.3462542
1203,2019,Scotland,Stirling,147,3100,3247,101.7145306,228.6,9.542743539,5.75,96.77,21123,660.1731602
1204,2019,Scotland,Stirling,209,3592,3801,100.2611436,208.9,10.16949153,6.06796,95.74,21196,523.5137533
1205,2019,Scotland,Stirling,426,2647,3073,93.39336195,595.5,27.40863787,4.98039,89.92,29174,2061.030515
1206,2019,Scotland,Stirling,398,2344,2742,97.16818518,567.2,28.59589041,5.27957,90.28,28647,1202.060675
1207,2019,Scotland,Stirling,435,2431,2866,100.6584362,685.2,30.54607509,5.22727,94.07,35392,854.5159546
1208,2019,Scotland,Stirling,314,3083,3397,105.746547,459.9,19.82942431,5.58763,93.02,30261,883.3100883
1209,2019,Scotland,Stirling,472,3028,3500,103.6812219,420.1,27.14723926,5.21094,88.2,30874,786.9742198
1210,2019,Scotland,Stirling,657,4629,5286,103.939701,450.8,20.40540541,5.73288,89.8,23018,1044.130372
1211,2019,Scotland,Stirling,651,3418,4069,94.24808269,490.9,25.43209877,5.37838,87.04,26736,1584.992343
1212,2019,Scotland,Stirling,146,4011,4157,90.63748203,232.8,3.548387097,6.22619,94.55,27997,930.2325581
1213,2019,Scotland,Stirling,335,2106,2441,101.1644026,670.7,19.90049751,5.57353,91.25,31151,2807.244502
1214,2019,Scotland,Stirling,380,3711,4091,102.8775032,496.5,24.35897436,5.81579,86.67,15625,2442.7953
1215,2019,Scotland,Stirling,991,2275,3266,79.79024168,882,33.01369863,4.85149,84.71,36452,2047.404986
1216,2019,Scotland,Stirling,436,2726,3162,103.570685,584.7,24.8447205,5.41818,91.5,21970,1089.244851
1217,2019,Scotland,Stirling,98,2710,2808,90.01113999,225,4.641350211,6.03704,98.46,15923,646.3878327
1218,2019,Scotland,Stirling,241,7024,7265,104.031674,313.7,6.275579809,6.11111,96.62,21768,379.4549266
1219,2019,Scotland,Stirling,171,2783,2954,95.48022599,319.2,10.95890411,6.12245,97.22,25000,2525.399129
1220,2019,Scotland,Stirling,156,5499,5655,97.01883498,212.9,3.300330033,6.33641,98.32,16636,517.4644243
1221,2019,Scotland,Stirling,254,4283,4537,102.4132026,327,8.615819209,6.22424,97.83,19011,447.5806452
1222,2019,Scotland,Stirling,286,4623,4909,89.0393425,234.1,12.33031674,6.16058,97.83,20232,561.3097227
1223,2019,Scotland,Stirling,294,3446,3740,100.5894272,297.9,11.83745583,5.72449,96.99,21704,1145.584726
1224,2019,Scotland,Stirling,228,3054,3282,105.7167145,358.1,19.82570806,5.44828,94.83,17318,760.9805924
1225,2019,Scotland,West Dunbartonshire,947,3130,4077,112.0010064,625,28.0227596,5.3609,87.31,33849,1685.349826
1226,2019,Scotland,West Dunbartonshire,1120,3413,4533,95.48148665,968.6,30.25,5.15957,87.58,34817,3669.637174
1227,2019,Scotland,West Dunbartonshire,1516,4044,5560,100.124792,611.8,31.49905123,5.16594,85.87,30294,2403.122386
1228,2019,Scotland,West Dunbartonshire,912,3676,4588,96.62447257,540.9,19.36813187,5.39231,92.06,33003,986.593331
1229,2019,Scotland,West Dunbartonshire,397,3188,3585,104.789916,333.7,16.63585952,5.60674,90.48,26792,1869.701026
1230,2019,Scotland,West Dunbartonshire,1229,4018,5247,104.3788187,617.6,36.66391412,5.26977,90,27362,868.2898211
1231,2019,Scotland,West Dunbartonshire,445,3945,4390,102.3159324,283,18.35106383,5.77344,91.67,23541,837.4951978
1232,2019,Scotland,West Dunbartonshire,1292,4185,5477,99.27923599,672.9,26.45788337,5.28125,83.06,36745,2073.681273
1233,2019,Scotland,West Dunbartonshire,393,4524,4917,109.1230258,380.6,13.80323054,5.85455,98,22440,725.5813953
1234,2019,Scotland,West Dunbartonshire,325,3913,4238,101.0520398,422.5,13.34459459,5.65217,94.96,24020,1124.167646
1235,2019,Scotland,West Dunbartonshire,806,4186,4992,104.5713111,569,25.6656017,5.48447,91.34,30889,903.6523929
1236,2019,Scotland,West Dunbartonshire,613,6397,7010,89.75287997,467.1,8.288288288,5.9359,95.81,29270,1972.288374
1237,2019,Scotland,West Dunbartonshire,1251,4266,5517,101.3056238,677.1,26.15830116,5.39521,85.4,25417,1754.632229
1238,2019,Scotland,West Dunbartonshire,772,4322,5094,103.0265313,431.8,20.86851628,5.49587,92.17,21754,1058.437686
1239,2019,Scotland,West Dunbartonshire,1134,4662,5796,99.30355704,569.8,26.17283951,5.14286,88.89,24707,1135.1796
1240,2019,Scotland,West Dunbartonshire,863,3265,4128,100.160027,523.5,28.75816993,5.26316,89.02,40467,2074.226804
1241,2019,Scotland,West Dunbartonshire,877,5113,5990,102.1410365,462.3,17.18377088,5.45161,89.06,26455,2074.643249
1242,2019,Scotland,West Dunbartonshire,836,3635,4471,101.571396,450.5,23.68082368,5.26718,89.07,26404,1553.71305
1243,2019,Scotland,West Lothian,785,4019,4804,103.5402661,535.9,28.05587893,5.43357,85.57,32393,1430.976431
1244,2019,Scotland,West Lothian,598,4259,4857,101.7247303,433.7,25.6097561,5.33775,87.18,27208,1400.309119
1245,2019,Scotland,West Lothian,769,4684,5453,102.1289919,531.6,26.45833333,5.43671,90.76,30812,825.4931715
1246,2019,Scotland,West Lothian,288,4431,4719,100.1422172,207.9,9.575757576,6.03797,95.44,21252,1231.307668
1247,2019,Scotland,West Lothian,119,5196,5315,102.9149006,244.4,7.260726073,6.13725,96.68,21719,397.980398
1248,2019,Scotland,West Lothian,868,4547,5415,99.64784457,521.6,28.00718133,5.31982,85.02,33135,2436.904094
1249,2019,Scotland,West Lothian,233,5716,5949,100.8480976,282,7.084188912,5.8764,93.44,21377,397.6975406
1250,2019,Scotland,West Lothian,397,5336,5733,78.96806419,358.5,12.69982238,5.7963,91.51,23346,400.8799804
1251,2019,Scotland,West Lothian,335,2405,2740,96.72386895,391.3,22.3880597,5.54878,91.3,28545,1554.691838
1252,2019,Scotland,West Lothian,1266,4695,5961,104.9201811,503,28.80583409,4.96512,83.27,27557,1100.558659
1253,2019,Scotland,West Lothian,705,3880,4585,96.83219178,479.7,23.5106383,5.42614,90.64,30567,2055.737705
1254,2019,Scotland,West Lothian,319,5034,5353,98.82807551,339.6,12.06380857,5.74857,96.54,22990,420.2942059
1255,2019,Scotland,West Lothian,1089,3935,5024,100.4257908,504.7,30.1530153,5.31863,86.53,33926,1305.458027
1256,2019,Scotland,West Lothian,794,4885,5679,103.3104537,463.2,26.00334448,5.16157,90.3,26792,746.7532468
1257,2019,Scotland,West Lothian,139,3617,3756,104.7375628,282.7,13.05084746,5.93233,94.79,20752,606.1890632
1258,2019,Scotland,West Lothian,511,2249,2760,101.8525032,658.2,30.03412969,5.19811,88,33051,1175.487465
1259,2019,Scotland,West Lothian,653,5296,5949,102.5329044,493.9,16.91762622,5.46667,89.29,27822,1054.697723
1260,2019,Scotland,West Lothian,260,1940,2200,102.1863118,400.4,26.75675676,5.47674,93.22,27873,680.1195815
1261,2019,Scotland,West Lothian,1008,3901,4909,96.52810741,494.5,28.25361513,5.1747,84.62,30630,1548.304543
1262,2019,Scotland,West Lothian,836,5212,6048,101.0479713,443.8,25.05285412,5.55191,87.39,30843,787.7169559
1263,2019,Scotland,West Lothian,1096,3762,4858,102.9529074,568.3,31.70454545,5.30882,83.57,34247,2023.529412
1264,2019,Scotland,West Lothian,425,3788,4213,64.18624279,445.2,15.64694082,5.63303,88.72,25559,988.7278583
1265,2019,Scotland,West Lothian,743,4946,5689,103.3040569,503.3,18.31425598,5.50802,89.96,22277,1156.422954
1266,2019,Scotland,West Lothian,825,5507,6332,102.4122687,435.6,22.73991655,5.39024,89.93,26795,809.5723014
1267,2019,Scotland,West Lothian,381,6392,6773,64.6718426,385.5,9.622541201,5.54595,92.99,26211,890.1311546
1268,2019,Scotland,West Lothian,713,3603,4316,104.0179299,480.6,29.8053528,5.2377,87.17,29224,1075.392269
1269,2019,Scotland,West Lothian,904,5517,6421,102.8341176,616.8,20.65331928,5.47826,88.32,33071,2208.057114
1270,2019,Scotland,West Lothian,659,5390,6049,104.8326709,374.7,15.583174,5.74138,90.79,22434,729.1392472
1271,2019,Scotland,West Lothian,407,3236,3643,96.38785004,328.3,15.81920904,5.36522,89.47,25146,654.7359232
1272,2019,Scotland,West Lothian,295,5604,5899,102.4655963,226.2,8.659981768,6.19828,97.33,16873,472.3502304
1273,2019,Scotland,West Lothian,284,4142,4426,103.3888976,300.6,7.21220527,6.07237,95.12,25000,719.0308714
1274,2019,Scotland,West Lothian,71,3466,3537,107.1421554,165.5,4.841402337,6.22124,98.04,17427,342.9691328
1275,2019,Scotland,West Lothian,503,4777,5280,77.19349385,380.2,18.30870279,5.46795,94.48,26171,675.1973863
1276,2019,Scotland,West Lothian,522,3767,4289,95.94450374,397.9,22.49718785,5.72662,92.04,28795,774.574505
1277,2019,Scotland,West Lothian,629,5066,5695,103.8130528,364.5,17.0678337,5.47273,87.06,23670,896.350365
1278,2019,Scotland,West Lothian,204,3736,3940,102.0883108,246.9,10.76294278,5.74797,93.13,25187,619.2851205
1279,2019,Scotland,West Lothian,286,2455,2741,93.60063427,479,21.88841202,5.35632,91.11,30000,1581.740977
