,year,country,la,inc.n,noninc.n,pop,Depop,EM,CP,Attain,PD,EA,crime
1,2020,Scotland,Aberdeen City,317,4492,4809,104.0878715,304.6,9.585492228,5.75214,95.50561798,17391,466.8304668
2,2020,Scotland,Aberdeen City,74,4334,4408,81.48912103,222.5,4.08997955,6.32609,95.625,15280,289.4211577
3,2020,Scotland,Aberdeen City,208,6657,6865,98.39661566,233.3,3.674745895,6.32597,97.4248927,17305,341.4634146
4,2020,Scotland,Aberdeen City,713,4784,5497,97.40942369,507.7,16.87861272,5.05825,89.11564626,25524,1420.265781
5,2020,Scotland,Aberdeen City,132,4383,4515,110.3541343,235.6,3.339517625,6.15385,96,17903,967.6258993
6,2020,Scotland,Aberdeen City,88,3958,4046,100.3953588,173.5,2.177554439,6.09677,98.80952381,17843,311.5264798
7,2020,Scotland,Aberdeen City,84,4866,4950,100.2460381,200.4,5.365126677,5.96226,95.52238806,18891,393.2993445
8,2020,Scotland,Aberdeen City,270,4914,5184,84.74158206,278.3,6.332703214,6.03297,96.36363636,20896,796.1222092
9,2020,Scotland,Aberdeen City,461,3434,3895,108.0785826,500.2,19.38110749,5.36486,81.81818182,28892,1846.085409
10,2020,Scotland,Aberdeen City,136,4456,4592,98.92818082,610,2.654867257,6.20513,97.7443609,24736,1314.125088
11,2020,Scotland,Aberdeen City,399,5334,5733,112.7882871,436.4,10.97804391,6,91.39784946,17838,1138.113571
12,2020,Scotland,Aberdeen City,64,3611,3675,100.441356,236.1,2.507836991,6.46479,98.61111111,16578,1216.795201
13,2020,Scotland,Aberdeen City,159,6192,6351,107.7816492,262.2,4.6875,6.33663,98.5915493,20355,530.198248
14,2020,Scotland,Aberdeen City,263,3744,4007,104.1752225,653.1,17.30103806,5.34375,82.9787234,26879,2191.738594
15,2020,Scotland,Aberdeen City,238,2440,2678,107.5417069,770.1,22.79792746,5.2,70.21276596,19512,3964.302489
16,2020,Scotland,Aberdeen City,184,4943,5127,109.0868597,341.3,9.761388286,6.05405,95.83333333,23077,515.1175812
17,2020,Scotland,Aberdeen City,236,4765,5001,106.3881342,405,4.745762712,5.78723,88.88888889,17305,948.8341969
18,2020,Scotland,Aberdeen City,501,3449,3950,110.0098841,483.9,21.48626817,5.20325,86.61417323,23288,1242.527754
19,2020,Scotland,Aberdeen City,373,4529,4902,78.23657847,354.8,11.19023398,5.15108,89.74358974,24724,1316.632683
20,2020,Scotland,Aberdeen City,101,3853,3954,107.0093458,355.3,5.263157895,5.57009,95.68965517,13867,235.2487466
21,2020,Scotland,Aberdeen City,169,3372,3541,107.3747181,422.9,13.45381526,5.34667,92.92929293,17190,1211.025757
22,2020,Scotland,Aberdeen City,877,4595,5472,113.5749018,771.3,26.24495289,4.86538,75.625,29656,2436.97479
23,2020,Scotland,Aberdeen City,1000,3582,4582,110.9336706,779.3,30.50058207,4.65986,83.09178744,31012,1881.87821
24,2020,Scotland,Aberdeen City,389,2908,3297,104.5478252,740.6,17.40740741,5.31579,84.375,26989,2732.219199
25,2020,Scotland,Aberdeen City,281,3899,4180,104.6095076,601.7,19.53488372,5.46154,78.57142857,15525,1393.258427
26,2020,Scotland,Aberdeen City,737,6364,7101,105.1854396,752.3,23.54124748,4.95745,85.13513514,23896,2078.358836
27,2020,Scotland,Aberdeen City,422,3314,3736,101.167104,664.7,17.17391304,5.34091,92.53731343,23056,3907.284768
28,2020,Scotland,Aberdeen City,440,5276,5716,98.98946595,466,23.8317757,5.32143,85.54216867,23958,1180.233841
29,2020,Scotland,Aberdeen City,652,3823,4475,99.86257775,783.8,24.70930233,5.02778,80.76923077,31418,1352.682042
30,2020,Scotland,Aberdeen City,456,4149,4605,119.5695863,677.7,29.11392405,5.16279,91.42857143,26733,1209.150327
31,2020,Scotland,Aberdeen City,1012,4556,5568,92.81712934,672.8,27.49140893,5.22581,82.55813953,24144,2399.890291
32,2020,Scotland,Aberdeen City,872,3145,4017,106.4811553,982,36.09550562,5.01099,80.91603053,29401,2870.851659
33,2020,Scotland,Aberdeen City,502,5592,6094,100.7502084,387.7,18.28087167,5.94203,90.26548673,23446,880.3945746
34,2020,Scotland,Aberdeen City,814,4651,5465,106.785951,627.2,16.91358025,5.26042,80.92105263,26847,1764.516129
35,2020,Scotland,Aberdeen City,806,3911,4717,108.5587282,552.2,21.92982456,5.14394,85.35353535,33289,1716.366158
36,2020,Scotland,Aberdeen City,664,4250,4914,104.2600897,572.9,14.74966171,5.07826,91.11111111,24048,1141.266527
37,2020,Scotland,Aberdeen City,552,2953,3505,105.74,510.9,17.54916793,4.94872,82.27848101,29811,1522.715926
38,2020,Scotland,Aberdeen City,923,4469,5392,105.484449,595.4,25.26132404,4.91005,81.8815331,27806,1481.927711
39,2020,Scotland,Aberdeen City,924,3975,4899,110.6823692,757.8,23.59361881,4.90751,85.39823009,29244,1986.234022
40,2020,Scotland,Aberdeen City,152,5497,5649,89.49198587,252.6,6.423473434,6.04861,94.62365591,13183,952.1435693
41,2020,Scotland,Aberdeen City,298,3722,4020,70.94968157,504,12.72522523,5.25714,91.20879121,25000,1134.883721
42,2020,Scotland,Aberdeen City,397,4870,5267,84.45259939,401.1,12.0819849,5.34454,88.95705521,24217,1346.324181
43,2020,Scotland,Aberdeen City,367,4894,5261,106.4707803,378.8,10.49382716,5.48819,91.47727273,23008,892.494929
44,2020,Scotland,Aberdeen City,97,3965,4062,106.4300773,344.1,7.867494824,5.52632,94.11764706,17951,556.0235889
45,2020,Scotland,Aberdeen City,147,4245,4392,92.60991581,208.1,5.898123324,5.62281,92.59259259,15266,324.9097473
46,2020,Scotland,Aberdeen City,144,4756,4900,104.5473803,291.3,8.73655914,5.67376,94.17989418,14944,532.1428571
47,2020,Scotland,Aberdeen City,284,3348,3632,98.76078575,308.7,12.78863233,5.5625,91.22807018,15714,501.8587361
48,2020,Scotland,Aberdeen City,107,2555,2662,109.1880342,247.4,10.85714286,5.5,91.52542373,17188,858.4842388
49,2020,Scotland,Aberdeen City,124,3416,3540,73.92713932,341,8.207070707,5.87619,95.96774194,17528,565.7432696
50,2020,Scotland,Aberdeenshire,167,2903,3070,101.0713126,287.1,9.585492228,5.67532,94,12323,546.5116279
51,2020,Scotland,Aberdeenshire,256,5069,5325,95.34868801,231.2,9.677419355,5.84884,94.00921659,11542,606.9751844
52,2020,Scotland,Aberdeenshire,244,4077,4321,94.62902265,371.6,8.482142857,5.82517,95.97701149,11348,2492.46988
53,2020,Scotland,Aberdeenshire,297,3782,4079,95.93272419,275.9,10.48192771,5.672,92.54658385,15269,385.2459016
54,2020,Scotland,Aberdeenshire,341,5442,5783,96.40722072,342.4,6.966864911,5.78505,95.71984436,16828,691.4139983
55,2020,Scotland,Aberdeenshire,105,4289,4394,70.04113042,243.6,3.521126761,5.81169,95.50561798,13261,580.6053119
56,2020,Scotland,Aberdeenshire,381,4947,5328,107.5168481,377.3,9.590643275,5.90419,94.49152542,14509,527.9898219
57,2020,Scotland,Aberdeenshire,268,5401,5669,105.8876485,277.7,5.245153934,6.05376,96.15384615,13921,508.1178593
58,2020,Scotland,Aberdeenshire,87,2883,2970,109.4706168,286.1,7.157057654,5.87255,97.03703704,19210,205.399061
59,2020,Scotland,Aberdeenshire,102,4192,4294,109.1975259,271.4,7.578253707,5.70192,94.52054795,16063,401.1670314
60,2020,Scotland,Aberdeenshire,233,5646,5879,79.01055335,301.4,6.921086675,5.61905,93.04812834,20064,418.7649086
61,2020,Scotland,Aberdeenshire,144,4964,5108,94.70648552,224.3,4.812319538,6.02484,96.62921348,11979,379.3866582
62,2020,Scotland,Aberdeenshire,182,3923,4105,101.4935172,299,9.550561798,5.75,92.89617486,20076,473.19933
63,2020,Scotland,Aberdeenshire,114,2895,3009,106.9957912,270.5,4.535147392,6.36538,100,16789,785.7581338
64,2020,Scotland,Aberdeenshire,114,4169,4283,95.67139865,210.4,6.056860321,6.21277,93.8547486,13689,564.9484536
65,2020,Scotland,Aberdeenshire,195,3883,4078,103.8006334,262.1,8.761329305,5.81295,90.96045198,17826,311.1679454
66,2020,Scotland,Aberdeenshire,275,5928,6203,87.41946939,266.8,9.325246399,5.83628,92.90780142,12272,426.4339152
67,2020,Scotland,Aberdeenshire,322,3232,3554,105.6453183,466.6,15.68627451,5.53623,91.62011173,14843,825.8706468
68,2020,Scotland,Aberdeenshire,334,5136,5470,105.8205079,300.5,11.81818182,5.64516,96.2962963,20756,508.6313194
69,2020,Scotland,Aberdeenshire,524,4814,5338,103.0971465,379.3,18.75825627,5.26277,87.5,21540,1520.28106
70,2020,Scotland,Aberdeenshire,162,6203,6365,68.57837718,266.9,5.331179321,5.62,92.91666667,11836,427.2251309
71,2020,Scotland,Aberdeenshire,174,5775,5949,100.5294355,255.6,5.641421947,5.87568,93.38842975,14521,665.9045442
72,2020,Scotland,Aberdeenshire,107,3310,3417,97.52990372,246.1,5.072463768,5.86087,93.75,18546,850.3865393
73,2020,Scotland,Aberdeenshire,103,4940,5043,84.07711293,265.3,2.754036087,6.05298,96.03960396,15840,334.2884432
74,2020,Scotland,Aberdeenshire,95,3793,3888,109.7653493,208.9,5.850091408,5.93407,93.93939394,14227,353.1009507
75,2020,Scotland,Aberdeenshire,134,3835,3969,103.5862191,208.3,6.351039261,5.84091,99.43820225,12979,447.5183076
76,2020,Scotland,Aberdeenshire,152,4078,4230,100.4412448,251,6.299212598,5.67188,86.95652174,16616,357.5337468
77,2020,Scotland,Aberdeenshire,184,5082,5266,101.2059603,235.1,7.216494845,5.79866,87.1559633,17711,441.1764706
78,2020,Scotland,Aberdeenshire,252,5841,6093,95.57081824,349.3,7.231040564,5.86061,92.17391304,17756,535.8550039
79,2020,Scotland,Aberdeenshire,252,3841,4093,106.4948875,384.6,13.00160514,5.68687,89.33333333,16856,622.1294363
80,2020,Scotland,Aberdeenshire,168,4378,4546,93.75846099,245,7.953216374,5.72667,92.22797927,13773,751.6778523
81,2020,Scotland,Aberdeenshire,249,5777,6026,93.31716518,303.4,8.333333333,5.65079,92.73504274,15273,264.1802642
82,2020,Scotland,Aberdeenshire,185,4877,5062,99.91364995,286.4,9.496676163,5.72674,92,14219,482.6692582
83,2020,Scotland,Aberdeenshire,203,3725,3928,98.5837127,366.8,7.46835443,5.6,92.56756757,16949,403.3546326
84,2020,Scotland,Aberdeenshire,216,4825,5041,93.8124545,279,6.666666667,5.58462,94.28571429,15317,398.7935657
85,2020,Scotland,Aberdeenshire,253,4400,4653,99.31461419,308.1,12.08499336,5.78182,95.38461538,15539,867.979577
86,2020,Scotland,Aberdeenshire,488,3843,4331,104.8242482,460,15.32738095,5.17949,90.78947368,17175,1049.277825
87,2020,Scotland,Aberdeenshire,110,2748,2858,101.452581,223,12.9740519,5.53684,89.51048951,14402,438.4485666
88,2020,Scotland,Aberdeenshire,404,4204,4608,111.0793258,390.8,13.29305136,5.29371,90.30612245,18832,1064.945543
89,2020,Scotland,Aberdeenshire,288,2925,3213,101.918239,410.5,18.43817787,5.13699,88.23529412,21827,607.7348066
90,2020,Scotland,Aberdeenshire,305,3505,3810,96.21580802,346.7,13.40523883,5.3619,89.62962963,12409,451.3274336
91,2020,Scotland,Aberdeenshire,511,3568,4079,105.3831648,449.4,14.33447099,5.12308,93.40659341,18756,1308.451308
92,2020,Scotland,Aberdeenshire,468,3439,3907,104.5810834,445.5,14.0060241,5.30827,91.90751445,13844,888.252149
93,2020,Scotland,Aberdeenshire,251,2876,3127,102.8180862,312.2,9.037328094,5.47959,96,14251,560.6967882
94,2020,Scotland,Aberdeenshire,281,2747,3028,104.0967705,333.3,11.55378486,5.47312,86.84210526,13946,617.214043
95,2020,Scotland,Aberdeenshire,332,4708,5040,90.55577402,297.8,10.46255507,5.56291,94.33962264,18263,502.0920502
96,2020,Scotland,Aberdeenshire,289,2350,2639,106.0700795,374.1,10.13513514,5.2125,85.0877193,20464,880.9020437
97,2020,Scotland,Aberdeenshire,136,2973,3109,90.65664474,331.4,8.860759494,5.83871,90.6779661,16946,269.4300518
98,2020,Scotland,Aberdeenshire,364,4136,4500,100.1933267,384.1,13.31658291,5.25197,86.55913978,13202,707.0707071
99,2020,Scotland,Aberdeenshire,317,4222,4539,99.84407484,427.4,14.86486486,5.25,87.77777778,15029,1268.395235
100,2020,Scotland,Aberdeenshire,364,2148,2512,107.4910493,523.1,14.97175141,5.14286,84.61538462,21732,2228.451296
101,2020,Scotland,Aberdeenshire,1143,5140,6283,103.3589355,781.4,24.17153996,4.95055,76.19047619,19088,2506.811989
102,2020,Scotland,Aberdeenshire,333,3918,4251,106.3883056,399.9,12.03007519,5.2314,88.96103896,18063,1011.457922
103,2020,Scotland,Aberdeenshire,382,6787,7169,77.53946976,352.3,11.82352941,5.49219,93.728223,14599,754.985755
104,2020,Scotland,Aberdeenshire,530,5690,6220,91.76398279,384.1,12.42502142,5.2783,94.58483755,14644,881.3306852
105,2020,Scotland,Aberdeenshire,175,3996,4171,106.1300414,413.1,6.354009077,5.55172,95.95375723,16337,531.5904139
106,2020,Scotland,Aberdeenshire,404,1946,2350,109.4871422,563.5,21.86046512,4.41558,85.57692308,18610,1647.220316
107,2020,Scotland,Aberdeenshire,345,2315,2660,105.3634977,490.5,14.24731183,5.17647,89.21568627,24205,1808.443604
108,2020,Scotland,Aberdeenshire,737,2830,3567,108.2412748,623.1,22.10365854,4.52885,82.09876543,20588,3497.942387
109,2020,Scotland,Angus,246,5280,5526,103.4925558,250.8,8.886255924,5.95135,96.69421488,13987,572.7411945
110,2020,Scotland,Angus,214,6036,6250,89.49135555,288.1,7.064821559,5.81068,96.79715302,12657,780.1242236
111,2020,Scotland,Angus,140,2659,2799,102.6692088,241.6,6.812652068,5.8,93.49593496,16429,480.6408545
112,2020,Scotland,Angus,226,4536,4762,95.04159734,337.7,6.98005698,5.75781,93.82716049,16988,300.5259204
113,2020,Scotland,Angus,529,4796,5325,96.54284663,455.3,18.97274633,5.3545,91.81818182,19580,661.207158
114,2020,Scotland,Angus,267,5147,5414,102.9393371,283.2,11.80285344,5.79268,91.70731707,14699,302.7065527
115,2020,Scotland,Angus,134,2646,2780,91.71042342,260,12.62376238,5.7439,94.73684211,14030,678.7814003
116,2020,Scotland,Angus,616,5012,5628,108.0474268,400.9,15.25029104,5.69061,92.88389513,16827,543.071161
117,2020,Scotland,Angus,360,3259,3619,104.4452852,415,14.97695853,5.87059,95.61403509,15665,961.1553785
118,2020,Scotland,Angus,1027,3706,4733,103.3644723,687.6,26.17124394,5.2037,84.50704225,20057,2065.439673
119,2020,Scotland,Angus,866,4226,5092,95.61501545,443.4,24.87611497,4.98995,85.40145985,19583,947.8827362
120,2020,Scotland,Angus,936,3737,4673,106.7964028,409.3,26.62406816,5.05495,85.0877193,17416,1216.562844
121,2020,Scotland,Angus,222,2659,2881,104.8497753,266.3,13.64605544,5.51389,86.51685393,14369,1352.483543
122,2020,Scotland,Angus,842,4704,5546,106.5758926,527.9,20.61459667,5.24138,84.88372093,20378,1404.580153
123,2020,Scotland,Angus,573,4141,4714,104.3648492,424.2,17.5257732,5.4964,90.95238095,16888,838.1294964
124,2020,Scotland,Angus,255,3571,3826,97.81173705,301.9,12.95264624,5.65,91.92546584,18414,666.9712197
125,2020,Scotland,Angus,216,3254,3470,102.3212718,234.6,11.57024793,5.53409,93.5483871,11002,508.0721747
126,2020,Scotland,Angus,629,2876,3505,104.0630744,589.3,31.16883117,5.01942,92,22134,1398.987575
127,2020,Scotland,Angus,333,3532,3865,100.2516051,380.6,19.89795918,5.60377,93.07692308,18340,686.6757617
128,2020,Scotland,Angus,367,5055,5422,97.25762609,290.4,12.18274112,5.75862,96.85863874,15068,1083.123426
129,2020,Scotland,Angus,294,4102,4396,92.6362078,385.8,14.05797101,5.42958,93.01075269,17706,649.4522692
130,2020,Scotland,Angus,812,3939,4751,105.4351818,434.9,23.71392723,4.9396,91.30434783,20393,1835.328255
131,2020,Scotland,Angus,597,4288,4885,104.9083632,407.2,21.00396301,5.36641,87.92270531,17152,866.9497523
132,2020,Scotland,Angus,197,2684,2881,100.2784167,390,8.515815085,5.46575,89.58333333,14244,611.8776245
133,2020,Scotland,Angus,636,5395,6031,102.803162,402.2,19.89189189,5.51777,88.59315589,16312,822.3116734
134,2020,Scotland,Angus,210,3296,3506,103.9312506,283.1,14.1453831,5.77174,92.12598425,13646,777.3512476
135,2020,Scotland,Argyll and Bute,247,3588,3835,97.44847074,335.7,15.13687601,5.67961,96.26865672,16151,388.5209713
136,2020,Scotland,Argyll and Bute,628,5169,5797,102.2475836,545.1,11.77042802,5.11765,96.50655022,28889,1269.666023
137,2020,Scotland,Argyll and Bute,194,2516,2710,111.8221401,420.8,16.66666667,5.66234,97.84946237,27386,1042.287076
138,2020,Scotland,Argyll and Bute,340,5258,5598,92.84470752,381.2,11.45833333,5.64706,97.65258216,21439,594.0594059
139,2020,Scotland,Argyll and Bute,146,2091,2237,96.20235227,208.8,13.07420495,5.70968,98.55072464,18710,732.5746799
140,2020,Scotland,Argyll and Bute,225,2848,3073,99.22612106,321.5,11.81619256,5.7957,92.12598425,17013,823.0231307
141,2020,Scotland,Argyll and Bute,405,3254,3659,103.7899296,465.9,13.01059002,5.21831,95.29411765,23068,1710.709318
142,2020,Scotland,Argyll and Bute,169,2256,2425,99.3227991,302.6,12.1037464,5.625,93.50649351,17934,794.6554149
143,2020,Scotland,Argyll and Bute,267,3071,3338,100.5502993,329.3,8.747514911,5.56303,93.08176101,17880,585.5855856
144,2020,Scotland,Argyll and Bute,246,2612,2858,99.1959799,352.8,21.0106383,5.52857,95.91836735,16245,597.7011494
145,2020,Scotland,Argyll and Bute,747,3896,4643,108.8504805,522.8,13.70056497,5.35088,94.51219512,23553,1377.952756
146,2020,Scotland,Argyll and Bute,196,2326,2522,106.5380071,307.8,15.89147287,5.84483,90.54054054,10561,973.3840304
147,2020,Scotland,Argyll and Bute,870,2752,3622,106.5545901,637.8,16.3963964,5.5,92.24806202,17224,1500.253421
148,2020,Scotland,Argyll and Bute,191,2458,2649,97.84932553,357.3,20.20905923,5.69048,93.65079365,14211,564.6359584
149,2020,Scotland,Argyll and Bute,252,2919,3171,106.2559242,323.5,19.59654179,5.76136,94.44444444,15417,1824.942792
150,2020,Scotland,Argyll and Bute,686,4362,5048,105.0857679,491.4,18.20768137,5.43284,94.56521739,23443,1115.687009
151,2020,Scotland,Argyll and Bute,801,3560,4361,106.1450382,528.3,22.28654124,5.5,90.85714286,19096,1833.137485
152,2020,Scotland,Argyll and Bute,410,6415,6825,90.33366045,299.1,16.64411367,5.69298,93.50649351,19043,379.7971764
153,2020,Scotland,Argyll and Bute,201,3993,4194,98.22235844,266.7,4.885057471,6.0531,95.94594595,16555,554.3976657
154,2020,Scotland,Argyll and Bute,214,4077,4291,104.0291605,259.9,7.366984993,5.99248,92.09039548,15180,556.9514238
155,2020,Scotland,Argyll and Bute,398,2602,3000,102.5123423,443.4,15.46391753,5.74194,89.18918919,18854,2093.663912
156,2020,Scotland,Argyll and Bute,478,3480,3958,94.36137072,476.3,12.28710462,5.72794,91.42857143,22513,1023.981728
157,2020,Scotland,Argyll and Bute,139,2857,2996,101.6743454,327.2,5.882352941,6.06818,92.17391304,15206,1565.656566
158,2020,Scotland,Clackmannanshire,583,3745,4328,103.1274556,403.7,15.87096774,5.41606,87.03703704,20535,814.8704469
159,2020,Scotland,Clackmannanshire,819,4561,5380,98.13873753,430.7,20.75971731,5.10795,86.93467337,21955,1043.379643
160,2020,Scotland,Clackmannanshire,181,2693,2874,97.9679517,348.9,10.75085324,5.62069,88.88888889,17458,257.0379437
161,2020,Scotland,Clackmannanshire,606,3959,4565,101.041741,458,17.33333333,5.51538,87.70949721,17995,1117.059243
162,2020,Scotland,Clackmannanshire,304,1928,2232,91.54285714,460.5,15.85677749,5.41176,94.59459459,22289,1108.742004
163,2020,Scotland,Clackmannanshire,670,3984,4654,106.2097718,403.7,25.07739938,5.33846,90.79754601,16003,1360.294118
164,2020,Scotland,Clackmannanshire,146,3488,3634,99.9060062,227,6.462035541,6.18841,96.05263158,16545,501.2919897
165,2020,Scotland,Clackmannanshire,518,4315,4833,89.19616275,468.5,18.17180617,5.53378,89.01098901,21373,1078.277271
166,2020,Scotland,Clackmannanshire,898,4320,5218,103.6349321,618.6,27.14932127,5.10063,90.6779661,23851,1854.347129
167,2020,Scotland,Clackmannanshire,1567,3047,4614,104.0697256,720.8,38.29531813,4.6303,83.33333333,27681,3482.230192
168,2020,Scotland,Clackmannanshire,740,4984,5724,97.75928297,484.8,18.80841121,5.34641,92.69406393,22466,861.5136876
169,2020,Scotland,Clackmannanshire,273,3121,3394,101.7281781,345.2,7.90960452,5.91753,92.92035398,19723,848.2944345
170,2020,Scotland,Dumfries and Galloway,848,2949,3797,101.6870597,559.4,32.87037037,4.98276,84,22272,2137.663597
171,2020,Scotland,Dumfries and Galloway,473,2157,2630,112.7921113,620.8,34.28571429,5.15854,92.72727273,21027,3619.377163
172,2020,Scotland,Dumfries and Galloway,602,2825,3427,105.0720347,568.9,19.54545455,5,93.20987654,22936,1528.564076
173,2020,Scotland,Dumfries and Galloway,408,3244,3652,109.4118785,360.3,19.49685535,5.34343,93.33333333,12970,1404.523935
174,2020,Scotland,Dumfries and Galloway,288,1796,2084,101.0141024,362.4,26.22377622,5.56364,95.58823529,20320,344.8275862
175,2020,Scotland,Dumfries and Galloway,305,2266,2571,111.2684032,287.7,22.75862069,5.70667,92.85714286,23155,743.4944238
176,2020,Scotland,Dumfries and Galloway,687,4206,4893,103.2783519,304.7,21.37518685,5.47692,90.8045977,14349,564.5784996
177,2020,Scotland,Dumfries and Galloway,729,4695,5424,102.676566,405.6,19.60784314,5.52795,91.58415842,19934,1001.675042
178,2020,Scotland,Dumfries and Galloway,298,3312,3610,96.76964973,322.2,19.48998179,5.30303,93.28358209,18796,359.2181722
179,2020,Scotland,Dumfries and Galloway,432,4888,5320,107.3013124,386.5,21.63833076,5.82171,92.22797927,17448,667.1554252
180,2020,Scotland,Dumfries and Galloway,550,4268,4818,102.5822749,373,15.65096953,5.54918,92.1686747,20221,1009.070295
181,2020,Scotland,Dumfries and Galloway,495,3661,4156,102.3928456,469.4,12.85956007,5.57895,95.40229885,18695,618.692409
182,2020,Scotland,Dumfries and Galloway,96,2307,2403,103.1439447,246.4,12.97468354,5.79487,97.93814433,19236,440
183,2020,Scotland,Dumfries and Galloway,413,3356,3769,100.4638894,358.7,16.12200436,5.64423,94.0397351,19086,619.5121951
184,2020,Scotland,Dumfries and Galloway,776,3830,4606,103.1394676,529.6,24.38423645,5.35333,94.68085106,28443,1429.098966
185,2020,Scotland,Dumfries and Galloway,389,3615,4004,103.801667,362.4,13.45794393,6.11811,95.97701149,16381,497.2627737
186,2020,Scotland,Dumfries and Galloway,286,4184,4470,103.3592915,315.3,17.79935275,5.85246,95.45454545,23946,445.8349628
187,2020,Scotland,Dumfries and Galloway,303,3243,3546,91.84100418,336.1,14.12103746,5.52893,90.19607843,24858,701.0014306
188,2020,Scotland,Dumfries and Galloway,1457,4331,5788,110.6910119,645.3,33.75912409,5.04891,82.8,25961,2535.211268
189,2020,Scotland,Dumfries and Galloway,806,3768,4574,103.2278615,467.7,18.64831039,5.49242,86.93181818,25678,2483.83804
190,2020,Scotland,Dumfries and Galloway,316,3223,3539,105.4163779,241.8,12.6984127,5.9537,94.36619718,17116,639.8809524
191,2020,Scotland,Dumfries and Galloway,289,3055,3344,106.4385912,385.9,15.51020408,5.53191,95.79831933,18721,940.2597403
192,2020,Scotland,Dumfries and Galloway,254,2878,3132,108.2380371,422.8,10.8040201,5.73418,90.19607843,28821,840
193,2020,Scotland,Dumfries and Galloway,121,2625,2746,105.8560194,299.5,10.25,6.0125,95.04950495,12144,197.1326165
194,2020,Scotland,Dumfries and Galloway,117,2656,2773,103.823423,302.9,11.19592875,5.92105,98.01980198,17044,326.8384664
195,2020,Scotland,Dumfries and Galloway,678,2592,3270,95.57990178,696.6,21.42857143,5.32877,86.59793814,32466,4058.295964
196,2020,Scotland,Dumfries and Galloway,321,3101,3422,105.202015,395.6,11.4893617,5.88542,94.24460432,27654,2083.943387
197,2020,Scotland,Dumfries and Galloway,280,2664,2944,106.3958309,359.2,16.07142857,5.44156,87.12871287,27446,624.2197253
198,2020,Scotland,Dumfries and Galloway,139,2719,2858,108.6803448,319.7,9.71563981,5.93023,94.16666667,23151,418.138987
199,2020,Scotland,Dumfries and Galloway,159,3533,3692,71.72476458,259.3,10.71428571,5.82143,95.68345324,19713,627.4821287
200,2020,Scotland,Dumfries and Galloway,252,3040,3292,100.4139073,328.6,16.40316206,5.74747,89.05109489,20335,601.750547
201,2020,Scotland,Dumfries and Galloway,588,4414,5002,99.42524895,403.7,16.08478803,5.63846,91.95402299,25110,1184.164016
202,2020,Scotland,Dumfries and Galloway,319,3464,3783,103.3154516,367.5,22.61484099,5.94355,90.625,19697,869.9950568
203,2020,Scotland,Dumfries and Galloway,372,3392,3764,105.765733,159.4,18.12227074,5.62245,95.4954955,10822,313.555234
204,2020,Scotland,Dumfries and Galloway,356,3559,3915,102.491752,358.2,17.57246377,5.58095,95.20547945,16065,820.0455581
205,2020,Scotland,Dumfries and Galloway,185,2332,2517,108.0082702,229,14.65517241,5.63514,89.79591837,20853,894.1344778
206,2020,Scotland,Dumfries and Galloway,404,2710,3114,106.9506973,414.3,17.04781705,5.39024,86.40776699,24365,1883.008357
207,2020,Scotland,Dumfries and Galloway,719,4866,5585,101.186728,474.8,23.17880795,5.27326,87.33624454,22010,999.0806007
208,2020,Scotland,Dumfries and Galloway,195,2751,2946,105.9117402,312.3,15.4822335,5.64935,92.07920792,17091,871.7310087
209,2020,Scotland,Dumfries and Galloway,379,3641,4020,103.2486464,300.6,25.96599691,5.36449,93.83561644,15152,1318.584071
210,2020,Scotland,Dundee City,212,5521,5733,101.6764655,234.1,7.635829662,6.10377,97.61904762,18363,520.2887727
211,2020,Scotland,Dundee City,633,6604,7237,96.36919049,771.6,15.6626506,5.34043,88.88888889,32762,653.3807829
212,2020,Scotland,Dundee City,828,4844,5672,104.7229568,616.8,21.14384749,5.16438,92.30769231,23247,1162.109375
213,2020,Scotland,Dundee City,760,4200,4960,100.034369,900,19.84732824,5.36,86.84210526,23125,3977.51734
214,2020,Scotland,Dundee City,929,4551,5480,97.18387631,771.4,25,4.90667,90.82568807,21821,1781.690141
215,2020,Scotland,Dundee City,1295,3361,4656,101.5757663,990.1,31.24042879,4.68041,86.80555556,30224,2256.623045
216,2020,Scotland,Dundee City,1309,3539,4848,97.28143127,857.3,25.07331378,4.80247,85.40145985,26513,2050.811142
217,2020,Scotland,Dundee City,1265,4427,5692,99.53510269,741.4,29.12087912,5.04386,81.28654971,28463,2427.60181
218,2020,Scotland,Dundee City,210,3029,3239,104.8700265,328.4,19.23076923,5.79787,93.45794393,23455,1005.702436
219,2020,Scotland,Dundee City,598,3803,4401,105.2758565,426.7,16.31067961,5.47368,94.11764706,24010,1263.758663
220,2020,Scotland,Dundee City,1203,3280,4483,106.9882203,761.2,27.54342432,4.5037,86.875,29196,2447.994056
221,2020,Scotland,Dundee City,153,3034,3187,101.0496392,249.9,12.4668435,5.91935,97.72727273,20667,566.6452028
222,2020,Scotland,Dundee City,732,2021,2753,106.2779156,719.7,27.05882353,4.86667,89.23076923,35363,1774.503523
223,2020,Scotland,Dundee City,329,4796,5125,99.93362098,247,7.898894155,5.79845,95.15151515,21768,794.5870923
224,2020,Scotland,Dundee City,196,3526,3722,103.5283364,257.5,9.833024119,5.68868,94.16058394,23315,302.5718608
225,2020,Scotland,Dundee City,295,4154,4449,99.19792224,296,6.081081081,6.03297,95.16129032,18809,479.338843
226,2020,Scotland,Dundee City,246,6378,6624,98.51837021,411.1,6.283524904,5.94444,95.12195122,13067,541.4012739
227,2020,Scotland,Dundee City,1620,4460,6080,100.4237979,676.3,22.90462428,4.74779,86.47058824,25363,1588.620342
228,2020,Scotland,Dundee City,1025,5277,6302,94.52846041,533.7,19.83149708,5.07087,90.59561129,22869,1451.235371
229,2020,Scotland,Dundee City,1694,3607,5301,98.51692308,858.1,26.5227448,4.32287,83.16831683,29247,2721.979622
230,2020,Scotland,Dundee City,534,2723,3257,100.4331621,475.1,19.16167665,5,85.14285714,27107,2019.038076
231,2020,Scotland,Dundee City,901,3145,4046,94.37455495,599.5,23.04394427,4.72021,88.33333333,26171,1804.629266
232,2020,Scotland,Dundee City,485,4324,4809,104.6740122,364.1,14.32506887,5.49351,93.26923077,22282,751.1407511
233,2020,Scotland,Dundee City,424,3223,3647,99.59872321,429.8,11.02514507,5.44444,89.14728682,21411,2384.882711
234,2020,Scotland,Dundee City,1063,3790,4853,104.3135268,733.5,25.71428571,4.7907,86.7768595,30900,1681.768757
235,2020,Scotland,Dundee City,365,3367,3732,95.29612042,481.7,14.38240271,5.52564,96.93877551,24617,1028.495102
236,2020,Scotland,Dundee City,930,3530,4460,104.8414672,1025.4,22.47474747,4.86735,86.66666667,27861,2742.556918
237,2020,Scotland,Dundee City,1181,3130,4311,101.7893741,669,28.83172562,4.63194,87.37864078,31153,2126.879355
238,2020,Scotland,Dundee City,1420,4176,5596,97.55676062,714,23.31753555,4.83146,88.7966805,30270,2845.390071
239,2020,Scotland,Dundee City,1441,4648,6089,98.66091191,565.9,21.28982129,4.9292,88.59060403,29142,2047.965508
240,2020,Scotland,Dundee City,115,3851,3966,85.28943176,258.1,4.643261608,5.80165,96.6442953,18023,0
241,2020,Scotland,East Ayrshire,850,2332,3182,108.1786865,765.5,32.91404612,5.2069,81.1023622,34034,1913.18328
242,2020,Scotland,East Ayrshire,682,3455,4137,99.95931321,529.8,22.79005525,5.3741,80,30032,706.9881488
243,2020,Scotland,East Ayrshire,723,4275,4998,104.4251391,416.2,19.24528302,5.34,92.22797927,31924,942.3750398
244,2020,Scotland,East Ayrshire,473,2651,3124,103.6640726,458.3,23.45058626,4.99153,89.68253968,26418,684.8582129
245,2020,Scotland,East Ayrshire,417,3555,3972,107.6075551,513.4,18.04123711,5.67308,95.71428571,25889,627.4007682
246,2020,Scotland,East Ayrshire,795,3945,4740,104.2367376,457,22.51308901,5.38462,90.4494382,25495,1295.279912
247,2020,Scotland,East Ayrshire,574,2101,2675,107.8037621,553.8,34.5959596,5.02817,85.86956522,31163,1038.709677
248,2020,Scotland,East Ayrshire,982,3856,4838,106.3218796,584.3,26.5625,4.85616,84.75336323,26950,1146.916147
249,2020,Scotland,East Ayrshire,510,3359,3869,103.2469233,530.4,21.51462995,5.56198,92.77108434,22973,2200.532387
250,2020,Scotland,East Ayrshire,782,2915,3697,103.8943231,583.3,27.88906009,4.8595,90.64748201,24052,2005.558129
251,2020,Scotland,East Ayrshire,295,5728,6023,85.88126563,273.3,8.945969885,5.92,94.81865285,18706,1021.663546
252,2020,Scotland,East Ayrshire,385,3742,4127,105.7034859,282.5,10.79365079,5.82313,94.84536082,23815,587.9951
253,2020,Scotland,East Ayrshire,312,2147,2459,102.5339367,432.1,19.12350598,5.27059,97.95918367,21627,671.8346253
254,2020,Scotland,East Ayrshire,441,3402,3843,103.7818182,336.5,20.51282051,5.59223,95.4887218,15006,702.9795158
255,2020,Scotland,East Ayrshire,539,2258,2797,112.3115896,637.7,36.66666667,5.36905,87.09677419,20579,1267.868241
256,2020,Scotland,East Ayrshire,740,4032,4772,100.3154122,418.7,22.62210797,5.39416,87.70053476,23377,1013.231198
257,2020,Scotland,East Ayrshire,898,4755,5653,108.5462342,542.1,24.28977273,5.30233,86.71875,32091,2225.601327
258,2020,Scotland,East Ayrshire,1403,2978,4381,103.2026045,749.5,34.56561922,4.73295,87.96680498,31132,1747.861659
259,2020,Scotland,East Ayrshire,768,3406,4174,100.0929872,613.6,29.25925926,5.31776,91.33333333,34297,1166.666667
260,2020,Scotland,East Ayrshire,496,2341,2837,106.4996369,582.6,21.66172107,5.63333,89.15662651,24894,4284.044418
261,2020,Scotland,East Ayrshire,298,2913,3211,103.2223758,382.1,10.83743842,5.91837,89.85507246,23364,1394.871795
262,2020,Scotland,East Ayrshire,463,2444,2907,106.9391635,434.7,28.95927602,5.58427,90.43478261,23088,1464.00484
263,2020,Scotland,East Ayrshire,579,3054,3633,105.8719028,440.6,21.88976378,5.34459,87.5,22429,755.8139535
264,2020,Scotland,East Ayrshire,139,5716,5855,100.5288572,252.6,7.328833173,5.96335,95.65217391,18266,440.4924761
265,2020,Scotland,East Ayrshire,1115,3478,4593,99.25319026,726.9,29.03553299,5.11585,84.80392157,28933,1211.498973
266,2020,Scotland,East Ayrshire,1294,3402,4696,97.39014833,676.6,24.49186992,4.92361,83.58208955,29319,2328.9801
267,2020,Scotland,East Ayrshire,713,3245,3958,102.9088913,517.5,24.76635514,5.42667,83.76068376,26642,4755.892256
268,2020,Scotland,East Ayrshire,161,5650,5811,94.52054795,223.4,5.421103582,6.0989,96.42857143,20971,440.0977995
269,2020,Scotland,East Ayrshire,369,3864,4233,80.28109029,673.4,15.13761468,5.42636,89.67741935,24118,1084.502224
270,2020,Scotland,East Ayrshire,336,2409,2745,107.8030595,432.3,14.54081633,5.4375,95.09803922,22222,503.2679739
271,2020,Scotland,East Dunbartonshire,88,2665,2753,104.5098998,276.9,4.752851711,6.28571,96.69421488,16821,343.6018957
272,2020,Scotland,East Dunbartonshire,354,3123,3477,99.19847328,241.9,15.3030303,5.9084,96.53179191,28276,611.8546845
273,2020,Scotland,East Dunbartonshire,107,3206,3313,100.2435312,235,2.621722846,6.30928,95.83333333,17310,592.7552141
274,2020,Scotland,East Dunbartonshire,238,3763,4001,96.53099358,313.2,3.669724771,6.31183,98.4375,19611,1114.245416
275,2020,Scotland,East Dunbartonshire,57,2870,2927,86.49228967,179.8,2.097902098,6.31633,97.6,15319,253.6427415
276,2020,Scotland,East Dunbartonshire,123,3634,3757,95.17027864,120.1,2.097902098,6.48571,100,18750,342.7719821
277,2020,Scotland,East Dunbartonshire,136,4345,4481,95.24576336,190.4,4.714640199,6.25974,96.60194175,15737,419.8940073
278,2020,Scotland,East Dunbartonshire,199,4015,4214,98.73547775,206.8,6.511056511,6.37956,97.07602339,15625,553.564317
279,2020,Scotland,East Dunbartonshire,135,2747,2882,97.77620062,332.7,10.48387097,5.93056,94.11764706,14737,510.328068
280,2020,Scotland,East Dunbartonshire,125,3515,3640,101.5730545,232.4,5.18783542,6.22093,98.37398374,17447,432.9210276
281,2020,Scotland,East Dunbartonshire,80,3163,3243,100.6431535,211,1.855670103,6.25,95.94594595,17894,784.7946045
282,2020,Scotland,East Dunbartonshire,80,2799,2879,98.20673901,197.9,3.620689655,6.30769,100,15920,576.6944114
283,2020,Scotland,East Dunbartonshire,123,2684,2807,101.7088981,241.5,5.831533477,6.30208,97.7443609,17418,652.4249423
284,2020,Scotland,East Dunbartonshire,202,4919,5121,102.7977985,254.9,6.393244873,6.28148,97.43589744,19598,247.8231748
285,2020,Scotland,East Dunbartonshire,306,6241,6547,97.05821847,267.7,6.546275395,6.12941,96.875,21731,1622.306717
286,2020,Scotland,East Dunbartonshire,786,4862,5648,88.58585272,413.7,15.87301587,6.115,93.05019305,22882,820.610687
287,2020,Scotland,East Dunbartonshire,81,2309,2390,99.09422739,200.6,5.191873589,6.14458,99.01960784,16136,149.156939
288,2020,Scotland,East Dunbartonshire,182,3865,4047,100.1289802,319.2,10.49475262,6.33036,98.11320755,22179,280.9917355
289,2020,Scotland,East Dunbartonshire,314,4807,5121,103.6692473,211.4,7.658157603,6.33333,96.55172414,16543,620.0753683
290,2020,Scotland,East Dunbartonshire,89,3153,3242,101.6653371,225.8,1.587301587,6.18919,97.5,16567,376.7660911
291,2020,Scotland,East Dunbartonshire,342,3120,3462,98.98349436,410.4,8.149405772,5.93258,90.97744361,18865,1114.285714
292,2020,Scotland,East Dunbartonshire,525,3734,4259,97.67459708,515.6,11.57407407,5.9542,96.08938547,21244,2219.230769
293,2020,Scotland,East Dunbartonshire,1068,3079,4147,97.55902361,620.7,20.14742015,5.58642,90.52132701,34911,0
294,2020,Scotland,East Dunbartonshire,284,4657,4941,61.00651702,329.7,8.160123172,6.05882,93.6416185,20980,474.516696
295,2020,Scotland,East Dunbartonshire,321,2539,2860,97.50143926,406.5,15.43086172,5.74713,91.89189189,24783,674.9156355
296,2020,Scotland,East Dunbartonshire,513,2701,3214,109.1901332,516.1,21.05263158,5.93182,92.1875,29464,911.9496855
297,2020,Scotland,East Dunbartonshire,278,3770,4048,104.8434274,370.1,12.71777003,5.77358,89.71962617,18939,478.4482759
298,2020,Scotland,East Dunbartonshire,599,4110,4709,103.0476328,417.5,14.72148541,5.74214,91.70984456,25388,989.010989
299,2020,Scotland,East Lothian,827,5830,6657,81.36155139,485.6,18.45710166,5.22581,87.01923077,24656,865.6658218
300,2020,Scotland,East Lothian,452,4092,4544,99.66469859,373.2,11.12781955,5.4812,96.17834395,22609,831.9411961
301,2020,Scotland,East Lothian,167,2861,3028,105.6694537,265.4,7.175925926,6.01942,95.93495935,24664,957.3879358
302,2020,Scotland,East Lothian,781,4143,4924,102.2821291,380.7,17.35791091,5.52273,89.56521739,31092,1854.511396
303,2020,Scotland,East Lothian,776,3846,4622,90.3740815,404.4,16.18381618,5.25,91.61676647,26251,1171.64424
304,2020,Scotland,East Lothian,438,1935,2373,91.33814547,487.5,18.73840445,5.12698,88.23529412,21495,1132.075472
305,2020,Scotland,East Lothian,849,4748,5597,91.13744914,415.9,18.43478261,4.92899,87.67123288,20202,1368.042094
306,2020,Scotland,East Lothian,548,3735,4283,99.01374544,479,18.72705018,5.28571,93.97590361,21774,940.2985075
307,2020,Scotland,East Lothian,479,5284,5763,105.0658979,309.3,12.62376238,5.55738,96.83794466,21178,847.2222222
308,2020,Scotland,East Lothian,921,5875,6796,88.43090033,375.6,14.52074392,5.45339,92.83276451,22029,1354.739389
309,2020,Scotland,East Lothian,656,5362,6018,96.26306287,381,11.44130758,5.48168,96.3562753,24795,876.9667269
310,2020,Scotland,East Lothian,372,2535,2907,94.98496564,473.4,17.56198347,5.66154,97.84946237,18421,719.6969697
311,2020,Scotland,East Lothian,425,5357,5782,95.02917415,277.4,11.64453524,5.6879,95.71428571,16360,565.0887574
312,2020,Scotland,East Lothian,334,5428,5762,80.42095193,234.2,7.633587786,5.69014,95.02762431,14878,522.749274
313,2020,Scotland,East Lothian,308,3927,4235,93.40851939,295.4,8.114558473,5.87582,93.66515837,18231,480
314,2020,Scotland,East Lothian,645,4150,4795,99.03713893,417.7,18.11125485,5.36842,92,20350,1380.649718
315,2020,Scotland,East Lothian,200,4193,4393,94.25304425,238.1,8.734177215,6.04902,100,16993,457.5163399
316,2020,Scotland,East Lothian,130,3145,3275,104.2666667,228.5,2.481389578,6.27174,99.14529915,14869,638.1534284
317,2020,Scotland,East Lothian,247,3941,4188,72.37876802,210.3,6.778087279,6.09626,98.64253394,16714,608.875129
318,2020,Scotland,East Lothian,248,4883,5131,86.98008719,358.9,7.669616519,6.10274,96.77419355,15420,478.7714544
319,2020,Scotland,East Lothian,509,4596,5105,74.43287037,355.9,11.20757695,5.82051,94.63414634,19100,585.6643357
320,2020,Scotland,East Lothian,399,4263,4662,104.0666121,315.8,8.392434988,5.93567,98.2832618,16782,922.2011385
321,2020,Scotland,East Renfrewshire,569,5715,6284,99.18834547,423.9,13.19381256,5.9619,94.81481481,18904,557.2441743
322,2020,Scotland,East Renfrewshire,174,3310,3484,102.1198417,343.1,9.657947686,6.09474,96.72131148,18040,295.7746479
323,2020,Scotland,East Renfrewshire,1355,4825,6180,101.3339976,664.3,29.26829268,5.40994,88.10572687,26631,1614.98708
324,2020,Scotland,East Renfrewshire,391,3607,3998,91.91072827,417.1,13.96332863,5.83065,94.48275862,19722,669.7108067
325,2020,Scotland,East Renfrewshire,775,3390,4165,101.2769486,531.5,21.32435466,5.4589,87.56756757,25885,1054.461182
326,2020,Scotland,East Renfrewshire,385,7604,7989,71.2507363,204.8,6.322393822,6.26848,95.82089552,22113,479.3252417
327,2020,Scotland,East Renfrewshire,450,5720,6170,103.8833333,322.4,10.91192518,6.404,97.82016349,18487,448.3221477
328,2020,Scotland,East Renfrewshire,61,3782,3843,95.55977885,142.9,3.629032258,6.39316,98.02631579,13948,407.5829384
329,2020,Scotland,East Renfrewshire,230,6190,6420,85.29875673,184.3,4.881266491,6.36287,97.73462783,19272,635.1183064
330,2020,Scotland,East Renfrewshire,281,4797,5078,90.90139928,232.5,7.109004739,6.10714,96.92982456,20252,565.3950954
331,2020,Scotland,East Renfrewshire,111,3213,3324,90.60693642,242.3,4.920212766,6.21186,98.13664596,17403,432.4055666
332,2020,Scotland,East Renfrewshire,312,3336,3648,96.53231663,427.6,12.94117647,6.18519,97.25274725,15575,532.4909747
333,2020,Scotland,East Renfrewshire,124,6126,6250,101.869108,204,4.889228419,6.30483,98.00569801,15274,348.773842
334,2020,Scotland,East Renfrewshire,47,3208,3255,92.90634317,255.7,4.435483871,6.25,98.8700565,18450,311.2033195
335,2020,Scotland,East Renfrewshire,118,3616,3734,100.3252326,217.7,6.566347469,6.33077,97.14285714,16250,414.808207
336,2020,Scotland,East Renfrewshire,130,4587,4717,101.0634501,249,1.709401709,6.62431,99.17012448,18900,340.4592241
337,2020,Scotland,East Renfrewshire,175,4691,4866,100.6120624,192.1,5.856832972,6.49275,96.77419355,17359,291.4798206
338,2020,Scotland,East Renfrewshire,49,3430,3479,99.37646142,184.6,2.409638554,6.55797,98.78787879,17068,448.4783769
339,2020,Scotland,East Renfrewshire,308,3526,3834,100.1922021,312,8.388157895,6.13636,96.57534247,25351,1061.368209
340,2020,Scotland,East Renfrewshire,379,3663,4042,98.6760812,330.7,13.09255079,6.15038,95.36082474,17791,756.591517
341,2020,Scotland,"Edinburgh, City of",219,5612,5831,98.49509638,164.2,3.445229682,6.02994,94.33198381,13774,391.6842422
342,2020,Scotland,"Edinburgh, City of",135,6091,6226,88.28792658,223.7,4.156171285,5.95,96.32352941,22145,216.1547213
343,2020,Scotland,"Edinburgh, City of",96,3203,3299,87.41904762,192.2,5.76,6.30233,97.43589744,21496,542.1686747
344,2020,Scotland,"Edinburgh, City of",113,4180,4293,95.12619669,237.6,4.422253923,5.90291,98.48484848,18739,619.923044
345,2020,Scotland,"Edinburgh, City of",88,4569,4657,91.02555128,174.1,2.184707051,6.3908,96.89922481,16531,462.3225337
346,2020,Scotland,"Edinburgh, City of",122,4595,4717,105.1757378,221.4,3.538663172,6.26866,95,19447,419.5011338
347,2020,Scotland,"Edinburgh, City of",871,2760,3631,96.28023514,890,34.03019744,4.93038,90.90909091,26749,1648.913507
348,2020,Scotland,"Edinburgh, City of",1047,3518,4565,102.2546117,845.7,25.05643341,5.25455,85.95505618,23897,1278.295606
349,2020,Scotland,"Edinburgh, City of",1203,2601,3804,102.265016,728.7,34.02061856,4.78906,79.64071856,27033,3025.31137
350,2020,Scotland,"Edinburgh, City of",269,2843,3112,101.4093885,302,14.86988848,5.22619,91.96428571,23870,1181.061394
351,2020,Scotland,"Edinburgh, City of",709,3007,3716,90.66319896,770,21.89781022,5.35333,87.1559633,32099,1291.715744
352,2020,Scotland,"Edinburgh, City of",1075,4871,5946,101.2767924,697.9,19.55762515,5.05607,90.3030303,34088,1376.215408
353,2020,Scotland,"Edinburgh, City of",480,4028,4508,97.475867,488.3,16.61490683,5.44737,91.94630872,28964,1286.122579
354,2020,Scotland,"Edinburgh, City of",445,4660,5105,92.70906874,399.7,13.14878893,5.80597,96.05263158,31117,1187.36952
355,2020,Scotland,"Edinburgh, City of",544,4871,5415,85.95877338,582.3,17.71058315,5.40426,92.95774648,26012,1066.846725
356,2020,Scotland,"Edinburgh, City of",387,3661,4048,98.7984102,748.5,11.74242424,4.94118,76,15816,736.8744243
357,2020,Scotland,"Edinburgh, City of",142,5250,5392,95.27687296,234.9,4.713804714,6.17021,93.50649351,17018,430.7391092
358,2020,Scotland,"Edinburgh, City of",66,4962,5028,97.78796871,189.2,2.043422733,6.21795,96.93877551,20208,540.4475043
359,2020,Scotland,"Edinburgh, City of",140,4554,4694,95.95400961,308.6,4.255319149,6.22222,98.96907216,15873,418.0602007
360,2020,Scotland,"Edinburgh, City of",54,4305,4359,99.57157065,119.9,2.864259029,6.47368,96.45390071,12598,375.0997606
361,2020,Scotland,"Edinburgh, City of",592,3483,4075,100.6021031,488.2,19.82116244,5.35398,88.55421687,27273,1351.351351
362,2020,Scotland,"Edinburgh, City of",492,2174,2666,96.80580762,529.4,16.24472574,5.39241,92.92035398,33913,1519.274376
363,2020,Scotland,"Edinburgh, City of",73,5080,5153,106.6401409,175.9,5.757931845,6.07207,94.87179487,15937,618.556701
364,2020,Scotland,"Edinburgh, City of",75,5571,5646,88.65311994,177.1,2.605863192,6.46243,98.33333333,14832,292.2885572
365,2020,Scotland,"Edinburgh, City of",167,2884,3051,58.24624541,292.5,12.45714286,5.71429,92.72727273,23327,785.8243451
366,2020,Scotland,"Edinburgh, City of",103,2445,2548,107.0666126,199.5,10.0877193,5.47727,89.65517241,19919,914.7180193
367,2020,Scotland,"Edinburgh, City of",1254,4633,5887,91.90134786,656.9,28.90688259,5.09205,86.48648649,33376,1413.982718
368,2020,Scotland,"Edinburgh, City of",688,3133,3821,96.02422328,545.8,18.8172043,5,89.6969697,34457,969.4288013
369,2020,Scotland,"Edinburgh, City of",709,3577,4286,98.23185855,617.8,18.33952912,5.21429,88.75739645,24215,1778.882938
370,2020,Scotland,"Edinburgh, City of",745,2561,3306,101.8309101,606.1,17.383821,4.75309,82.72727273,25299,1961.382114
371,2020,Scotland,"Edinburgh, City of",107,3125,3232,110.5941704,404.6,7.356948229,6.18033,96.51162791,19807,873.2694356
372,2020,Scotland,"Edinburgh, City of",193,3066,3259,83.99067599,427.3,5.882352941,5.96429,95.65217391,20789,644.2166911
373,2020,Scotland,"Edinburgh, City of",859,4148,5007,97.29090663,511.3,19.3877551,5.28319,88.81578947,27473,935.5131698
374,2020,Scotland,"Edinburgh, City of",255,6597,6852,95.97805295,260.7,5.887600357,6.34752,96.44670051,22713,981.7739976
375,2020,Scotland,"Edinburgh, City of",368,3021,3389,103.3456507,533.3,12.97297297,5.94444,93.5483871,22337,608.545533
376,2020,Scotland,"Edinburgh, City of",195,5735,5930,87.59165548,333.3,5.894308943,6.09375,100,21639,468.9655172
377,2020,Scotland,"Edinburgh, City of",174,5653,5827,98.12137883,189,2.653799759,6.46591,93.27731092,19234,649.0587244
378,2020,Scotland,"Edinburgh, City of",149,4986,5135,107.0126423,388.1,6.896551724,6.2093,92.95774648,13747,540.9466566
379,2020,Scotland,"Edinburgh, City of",73,4767,4840,105.711275,153.4,3.417266187,6.70732,98.61111111,16197,356.8637666
380,2020,Scotland,"Edinburgh, City of",173,5918,6091,99.10051068,158.8,2.41492865,6.45833,99.09090909,12181,409.7924428
381,2020,Scotland,"Edinburgh, City of",153,4932,5085,99.23951858,299.9,3.571428571,6.50877,98.79518072,17994,943.7932071
382,2020,Scotland,"Edinburgh, City of",235,5940,6175,101.57907,315.4,6.531881804,6.34615,97.45762712,17732,364.1948223
383,2020,Scotland,"Edinburgh, City of",258,4575,4833,100.5233254,356.4,8.717948718,6.28125,95.45454545,22829,379.1341759
384,2020,Scotland,"Edinburgh, City of",769,7052,7821,87.42227122,583.3,16.81818182,5.65625,82.53968254,17920,996.4778397
385,2020,Scotland,"Edinburgh, City of",497,5870,6367,91.20214243,689.4,13.15789474,5.91892,85.24590164,30521,1414.271876
386,2020,Scotland,"Edinburgh, City of",330,7174,7504,82.35565433,345.8,14.21911422,5.61765,91.22807018,17156,909.5951192
387,2020,Scotland,"Edinburgh, City of",600,5920,6520,95.42677801,650.3,16.29213483,5.80952,87.87878788,18799,3898.458749
388,2020,Scotland,"Edinburgh, City of",864,7516,8380,76.34028616,757.8,26.62889518,5.46552,90.47619048,17053,2218.745555
389,2020,Scotland,"Edinburgh, City of",334,2573,2907,91.48576942,486.4,13.14285714,5.2,95.23809524,25131,913.1403118
390,2020,Scotland,"Edinburgh, City of",355,4590,4945,86.44529124,492.1,9.71563981,5.88095,90.47619048,25949,1117.964534
391,2020,Scotland,"Edinburgh, City of",299,4886,5185,105.4809029,362.7,8.638360176,5.7561,90.99099099,19089,694.5261919
392,2020,Scotland,"Edinburgh, City of",1019,3482,4501,53.05645547,1294.5,28.8039632,5.1457,87.05882353,27320,2725.631769
393,2020,Scotland,"Edinburgh, City of",1446,3131,4577,92.48468443,902.1,25.95896521,4.95833,88.83928571,37112,1687.256177
394,2020,Scotland,"Edinburgh, City of",1029,2660,3689,103.6271896,675.3,31.87702265,4.94167,91.97080292,36000,1968.935587
395,2020,Scotland,"Edinburgh, City of",294,3562,3856,71.69400494,355.4,13.98446171,5.38095,92.46575342,12963,1725.136788
396,2020,Scotland,"Edinburgh, City of",246,5150,5396,102.3145401,310.2,4.219948849,6.16935,95.50561798,21914,713.5678392
397,2020,Scotland,"Edinburgh, City of",461,3690,4151,90.57010786,401.6,12.40981241,5.32927,92.24806202,24066,1161.754626
398,2020,Scotland,"Edinburgh, City of",162,3906,4068,97.56929993,212.2,4.101838755,6.01942,94.19354839,22158,879.0718429
399,2020,Scotland,"Edinburgh, City of",129,2444,2573,98.18676337,268.8,11.93317422,5.84,96.77419355,19878,1100.346021
400,2020,Scotland,"Edinburgh, City of",527,3101,3628,102.4873195,523.8,25,4.89691,91.11111111,27599,1005.244755
401,2020,Scotland,"Edinburgh, City of",86,2738,2824,101.2704821,256.6,7.084468665,5.85135,91.75257732,20337,512.987013
402,2020,Scotland,"Edinburgh, City of",673,2849,3522,107.9517327,644.3,23.07692308,5.38333,90.8045977,29889,1182.136602
403,2020,Scotland,"Edinburgh, City of",1071,3346,4417,109.669986,899.6,27.37520129,5.00926,85.0931677,28065,1900.420757
404,2020,Scotland,"Edinburgh, City of",308,4328,4636,104.1752729,364.8,6.358381503,6.02439,95.90643275,22757,776.2856207
405,2020,Scotland,"Edinburgh, City of",370,3711,4081,64.9301052,495.9,17.68115942,5.3,91.04477612,19294,1519.635743
406,2020,Scotland,"Edinburgh, City of",844,4322,5166,98.67404737,675,14.01459854,5.63529,90.43478261,26300,1579.082947
407,2020,Scotland,"Edinburgh, City of",539,4740,5279,101.3696809,459.4,23.36633663,5.58696,92.77108434,19194,963.6537542
408,2020,Scotland,"Edinburgh, City of",845,4552,5397,97.48839035,659.5,20.68965517,5.19697,90.90909091,30074,2373.441872
409,2020,Scotland,"Edinburgh, City of",618,4768,5386,103.6174527,677.2,25.55066079,5.41935,89.33333333,35927,1462.25232
410,2020,Scotland,"Edinburgh, City of",296,3341,3637,98.26242134,340.3,17.22972973,5.84615,86.66666667,33766,884.5528455
411,2020,Scotland,"Edinburgh, City of",384,3116,3500,99.9894969,767.2,28.87029289,5.6875,90.69767442,21122,935.334873
412,2020,Scotland,"Edinburgh, City of",289,5250,5539,96.42637092,294.1,7.637231504,5.85714,91.66666667,19619,841.2874584
413,2020,Scotland,"Edinburgh, City of",364,3161,3525,100.7925218,554.1,22.42990654,5.2439,89.70588235,22222,768.3658171
414,2020,Scotland,"Edinburgh, City of",365,3413,3778,92.03720106,619.1,12.71551724,5.51786,85.71428571,25243,1071.922545
415,2020,Scotland,"Edinburgh, City of",128,3697,3825,95.90135762,214.9,6.808510638,6.2459,96.66666667,17881,636.0279032
416,2020,Scotland,"Edinburgh, City of",171,4578,4749,98.63970588,348.1,3.708439898,6.16949,96.38554217,17276,641.7112299
417,2020,Scotland,"Edinburgh, City of",115,3770,3885,103.6104425,226.4,5.321100917,6.3913,98.33333333,22639,686.4988558
418,2020,Scotland,"Edinburgh, City of",252,3939,4191,91.53572839,240.5,8.238636364,6.02941,96.36363636,20332,790.3178769
419,2020,Scotland,"Edinburgh, City of",154,4597,4751,94.94669198,271.3,8.0078125,5.47619,92.75362319,19437,797.958087
420,2020,Scotland,"Edinburgh, City of",100,2713,2813,107.7671068,335.6,6.965174129,6.17647,74.19354839,22327,1124.497992
421,2020,Scotland,"Edinburgh, City of",149,3346,3495,109.8226611,218.3,7.534246575,6.63636,92.30769231,15156,881.2785388
422,2020,Scotland,"Edinburgh, City of",66,3156,3222,104.2815753,145.8,5.597014925,5.69231,89.47368421,18499,400.9819967
423,2020,Scotland,"Edinburgh, City of",241,5535,5776,104.9249758,273.9,4.061895551,5.875,93.18181818,20217,381.511372
424,2020,Scotland,"Edinburgh, City of",59,3999,4058,97.81763562,268.1,2.469135802,5.67857,100,19882,549.4100295
425,2020,Scotland,"Edinburgh, City of",213,6678,6891,94.80065762,260.2,4.740061162,5.3913,86.66666667,13693,1593.931837
426,2020,Scotland,"Edinburgh, City of",234,4104,4338,101.1132736,292,6.111111111,5.70833,97.70114943,21786,879.5269771
427,2020,Scotland,"Edinburgh, City of",51,4392,4443,97.39941869,145.8,0.99009901,6.23529,100,13846,449.3464052
428,2020,Scotland,"Edinburgh, City of",88,4596,4684,93.50397935,328.8,4.390934844,6.17391,96.51162791,23268,1137.375814
429,2020,Scotland,"Edinburgh, City of",125,5918,6043,98.03334275,211.1,1.868327402,6.16418,96.42857143,21434,779.2998478
430,2020,Scotland,"Edinburgh, City of",809,4044,4853,99.70676584,399.8,20.37691402,4.97333,86.36363636,31156,1696.950032
431,2020,Scotland,"Edinburgh, City of",1065,4109,5174,85.81452683,613.9,24.66329966,5.11111,88.05970149,24183,1879.375337
432,2020,Scotland,"Edinburgh, City of",385,5162,5547,92.41677683,433.6,10.54726368,5.58088,93.92265193,30086,710.9129066
433,2020,Scotland,"Edinburgh, City of",820,2221,3041,103.5803497,877.7,28.99022801,4.7973,82.0754717,26209,1718.494272
434,2020,Scotland,"Edinburgh, City of",729,3237,3966,83.95149786,762.8,24.92537313,5.34848,86.72566372,31915,1708.160443
435,2020,Scotland,"Edinburgh, City of",656,3568,4224,97.07530071,563.7,22.58064516,5.33621,90.96385542,18670,1958.942241
436,2020,Scotland,"Edinburgh, City of",1396,4160,5556,81.63007967,727.9,23.92727273,5.17062,87.86764706,32770,1998.491704
437,2020,Scotland,"Edinburgh, City of",123,4446,4569,98.70663421,236.9,6.666666667,5.925,95.40229885,17542,1126.927639
438,2020,Scotland,"Edinburgh, City of",56,2704,2760,92.94549908,235.4,3.156146179,6.36667,100,21475,376.8506057
439,2020,Scotland,"Edinburgh, City of",72,3968,4040,95.38770053,184.8,4.545454545,6.36957,96.63865546,22491,490.8565929
440,2020,Scotland,"Edinburgh, City of",815,5372,6187,97.27488152,445.6,16.59388646,5.4625,91.32420091,32809,1010.278265
441,2020,Scotland,"Edinburgh, City of",420,3873,4293,97.79896702,337.7,8.295625943,5.81513,93.52941176,27360,548.1972038
442,2020,Scotland,"Edinburgh, City of",119,5135,5254,95.50361997,200.5,4.914529915,6.11017,96.40718563,20758,563.4694524
443,2020,Scotland,"Edinburgh, City of",118,3701,3819,87.22659668,268.5,5.577172503,5.90909,96.35036496,22696,565.6208573
444,2020,Scotland,"Edinburgh, City of",190,5408,5598,100.8436725,306.3,3.341584158,6.12613,97.2972973,23154,705.2323692
445,2020,Scotland,"Edinburgh, City of",182,2626,2808,105.0785208,271.9,9.546539379,5.32877,92.30769231,21951,490.3078677
446,2020,Scotland,"Edinburgh, City of",274,4149,4423,92.84119661,326.7,10.62176166,5.50459,94.44444444,22161,676.8922974
447,2020,Scotland,"Edinburgh, City of",278,4614,4892,98.8943404,267,9.004092769,5.70886,92.45283019,19464,1330.891331
448,2020,Scotland,"Edinburgh, City of",208,3285,3493,94.99714122,373,8.472012103,5.5125,91.89189189,16505,965.8580413
449,2020,Scotland,"Edinburgh, City of",562,7021,7583,63.99074474,312.3,7.186187587,5.5493,97.16981132,20508,919.7135319
450,2020,Scotland,"Edinburgh, City of",290,4526,4816,96.48309706,323,11.64613662,5.80137,92.34693878,19853,754.2176646
451,2020,Scotland,"Edinburgh, City of",160,3795,3955,102.6293178,261.1,6.438356164,5.9009,94.80519481,17099,504.2016807
452,2020,Scotland,Eilean Siar,299,2726,3025,100.6368052,552.5,15.28046422,5.7234,97.6,22750,51.19453925
453,2020,Scotland,Eilean Siar,225,2683,2908,104.4655415,319,10.56034483,5.70732,96.07843137,20940,85.31383303
454,2020,Scotland,Eilean Siar,186,1666,1852,103.8539554,340.6,8.733624454,5.87234,97.05882353,20313,30.92783505
455,2020,Scotland,Eilean Siar,281,2225,2506,102.476368,375.3,15.12345679,5.69841,93.90243902,15924,77.13884993
456,2020,Scotland,Eilean Siar,447,3326,3773,107.4514039,350.3,11.8852459,5.95918,98.54014599,18033,90.26128266
457,2020,Scotland,Eilean Siar,260,3419,3679,101.9985058,292.5,7.613469985,5.67692,94.84536082,24829,32.43744208
458,2020,Scotland,Eilean Siar,450,2776,3226,109.6914337,607.5,18.89400922,5.52577,91.33858268,32692,302.0496224
459,2020,Scotland,Eilean Siar,263,2530,2793,115.6822017,516.6,13.42857143,5.66154,96.73913043,23826,531.0971349
460,2020,Scotland,Eilean Siar,226,2962,3188,100.4813349,323.9,8.756567426,5.61538,94.16058394,20899,71.11597374
461,2020,Scotland,Falkirk,455,2734,3189,101.4452359,502.4,25,5.57143,81.65137615,20955,1041.869523
462,2020,Scotland,Falkirk,500,3961,4461,83.00510576,403.1,14.43514644,5.58824,90.38461538,24866,1040.096473
463,2020,Scotland,Falkirk,575,3534,4109,100.9559605,452.3,24.83745124,5.38971,92.71523179,20971,972.507181
464,2020,Scotland,Falkirk,174,2881,3055,101.8289283,320.5,11.02040816,5.79787,92.15686275,16084,293.5118435
465,2020,Scotland,Falkirk,435,3622,4057,99.59746489,506.6,17.61280932,5.44355,87.59124088,20908,1223.646135
466,2020,Scotland,Falkirk,619,4240,4859,101.0835806,485.9,17.86163522,5.61446,88.53211009,21585,875.0403616
467,2020,Scotland,Falkirk,324,3360,3684,93.46174715,419.1,14.92537313,5.61654,93.29608939,25913,1109.704641
468,2020,Scotland,Falkirk,401,6560,6961,82.0678128,430.6,8.757244044,5.98678,95.74468085,21295,1606.251357
469,2020,Scotland,Falkirk,179,3717,3896,101.3885318,386.3,4.626865672,6.09167,95.12195122,21294,476.9874477
470,2020,Scotland,Falkirk,553,2546,3099,100.7325629,609.7,28.11447811,5.28346,86.4516129,30097,1626.535627
471,2020,Scotland,Falkirk,298,3129,3427,104.8196363,338.9,11.28107075,5.7619,93.95973154,19677,973.3270941
472,2020,Scotland,Falkirk,137,3167,3304,106.0869565,229.7,7.079646018,5.80247,96.42857143,16749,301.6359918
473,2020,Scotland,Falkirk,151,2497,2648,106.8752414,331.7,15.58823529,5.80519,95.78947368,20297,1109.101869
474,2020,Scotland,Falkirk,308,2420,2728,104.7235168,493.2,18.77394636,5.51136,91.24087591,31300,804.9886621
475,2020,Scotland,Falkirk,314,4140,4454,72.50682833,391.4,8.785046729,5.64,88.88888889,23368,1198.347107
476,2020,Scotland,Falkirk,976,2752,3728,103.6096381,776.4,32.51908397,5.00901,86.18421053,33036,2388.935457
477,2020,Scotland,Falkirk,455,4205,4660,96.28830705,498.5,13.34180432,5.84416,95.45454545,19775,1512.687053
478,2020,Scotland,Falkirk,593,2843,3436,99.29286977,604.3,23.14814815,5.82759,93.25842697,26624,3898.886033
479,2020,Scotland,Falkirk,743,3888,4631,102.6925304,582.6,23.4375,5.53333,93.95604396,30038,1508.12065
480,2020,Scotland,Falkirk,473,3053,3526,106.0176125,472.1,14.70588235,5.82456,92.10526316,29345,2735.527809
481,2020,Scotland,Falkirk,300,3284,3584,99.53315549,379.1,14.60674157,5.94231,94.24460432,28872,2782.608696
482,2020,Scotland,Falkirk,662,2304,2966,105.0774426,901.1,24.35233161,5.22917,86.07594937,30957,2657.082002
483,2020,Scotland,Falkirk,530,2241,2771,106.4556487,626.9,32.23819302,5.27928,89.87341772,28205,1759.364359
484,2020,Scotland,Falkirk,431,2284,2715,102.1231423,569.5,20.3125,5.78462,92.13483146,27350,1366.72851
485,2020,Scotland,Falkirk,99,3646,3745,101.1092073,160.3,5.221518987,6.20561,98.68421053,16176,210.9704641
486,2020,Scotland,Falkirk,656,2525,3181,101.2267343,512.6,24.14307004,5.20909,89.62962963,21063,1260.080645
487,2020,Scotland,Falkirk,234,2229,2463,107.1706504,385.2,13.94736842,5.81707,93.38842975,19315,812.8078818
488,2020,Scotland,Falkirk,737,4078,4815,101.728535,516.4,26.94877506,5.28814,88.88888889,24664,988.9001009
489,2020,Scotland,Falkirk,128,4598,4726,65.46815478,145.1,6.756756757,5.95105,95.91836735,16021,798.4678845
490,2020,Scotland,Falkirk,232,3945,4177,102.2094456,298.4,9.256661992,5.91045,95.67567568,17736,385.85209
491,2020,Scotland,Falkirk,523,4710,5233,89.30944625,415.1,12.63636364,5.67204,91.24087591,18171,651.5754053
492,2020,Scotland,Falkirk,152,3895,4047,105.0543663,231.9,12.92517007,6.1236,99.01960784,20120,843.4782609
493,2020,Scotland,Falkirk,359,2916,3275,110.7732692,403.6,19.47791165,5.3908,90.6779661,18008,767.167382
494,2020,Scotland,Falkirk,433,2848,3281,100.636681,454.4,25.80645161,5.39815,91.2,19146,1176.470588
495,2020,Scotland,Falkirk,702,4059,4761,105.5174875,609.6,18.5483871,5.19298,89.54248366,28526,1542.07174
496,2020,Scotland,Falkirk,409,2675,3084,109.6912328,505,17.72486772,5.72222,91.83673469,23966,1128.096995
497,2020,Scotland,Falkirk,641,3546,4187,104.3226981,497.1,27.51091703,5.35115,84.93975904,18995,1316.660537
498,2020,Scotland,Falkirk,691,3048,3739,105.9387848,631.8,22.62295082,5.44545,84.65909091,25905,1611.658808
499,2020,Scotland,Falkirk,326,3997,4323,103.8715251,331.2,13.70629371,5.45736,94.08284024,20000,573.6738703
500,2020,Scotland,Falkirk,293,2739,3032,103.5682916,415.2,16.86046512,5.43878,94.61538462,22239,382.7493261
501,2020,Scotland,Falkirk,397,2773,3170,101.6449172,475.9,26.97095436,5.53731,95.91836735,21273,1080.939948
502,2020,Scotland,Falkirk,451,4492,4943,93.88244443,395.3,12.03319502,5.55385,92.81045752,21355,425.132854
503,2020,Scotland,Fife,285,2704,2989,97.53819101,540.6,15.94202899,5.5,88.42105263,24081,706.5217391
504,2020,Scotland,Fife,579,3440,4019,99.49196985,444.8,26.24203822,5.14388,91.90751445,20351,1022.326675
505,2020,Scotland,Fife,218,2975,3193,83.93727297,401,15.3968254,5.70476,96.55172414,16609,737.7777778
506,2020,Scotland,Fife,443,3065,3508,95.97773388,425.2,22.92609351,5.22581,90,17162,915.7351677
507,2020,Scotland,Fife,134,2728,2862,100.1036031,327,14,5.74074,91.66666667,15889,537.5139978
508,2020,Scotland,Fife,125,4100,4225,98.2622687,237,5.501618123,5.94872,95.83333333,16124,349.3058665
509,2020,Scotland,Fife,211,3449,3660,98.71945171,284.9,12.52115059,5.87931,95.67901235,19280,645.1612903
510,2020,Scotland,Fife,640,3069,3709,95.65698479,608.5,20.03968254,5.68182,90.97744361,30135,1702.040816
511,2020,Scotland,Fife,661,3946,4607,97.14306537,432.5,19.054242,5.54688,90.39548023,24351,1413.934426
512,2020,Scotland,Fife,279,2833,3112,103.5171,355.3,12.42424242,6.06897,93.97590361,19220,3521.261347
513,2020,Scotland,Fife,434,2866,3300,100.3555826,468.5,21.12903226,5.27551,92.08633094,22166,987.0004815
514,2020,Scotland,Fife,74,2978,3052,104.5439284,251.1,7.092198582,6.21795,95.12195122,16125,287.4859076
515,2020,Scotland,Fife,345,4832,5177,102.9396629,383.2,8.312655087,5.64706,96.42857143,19524,673.5751295
516,2020,Scotland,Fife,259,4984,5243,55.88782999,208,7.655213984,5.69756,96.18644068,21789,389.5781638
517,2020,Scotland,Fife,623,2302,2925,92.71733188,642.3,24.48275862,5.2,85.23489933,22395,1541.147132
518,2020,Scotland,Fife,895,3014,3909,89.98915492,771.5,28.27822121,5.04688,84.53038674,23146,1813.917123
519,2020,Scotland,Fife,321,2561,2882,100.3968717,429.4,17.90780142,5.1913,88.8,18913,806.3600227
520,2020,Scotland,Fife,117,3912,4029,103.2367528,282.2,7.072691552,5.91429,98.71794872,12411,337.4709077
521,2020,Scotland,Fife,48,3021,3069,64.5508982,150.9,3.398558187,6.03101,94.48275862,11261,209.2050209
522,2020,Scotland,Fife,73,3672,3745,106.5561557,234.6,5.967741935,6.08497,96.61016949,14230,293.3088909
523,2020,Scotland,Fife,84,2438,2522,107.4596222,303.3,10.09771987,5.82353,98.97959184,13428,965.5638082
524,2020,Scotland,Fife,280,2672,2952,104.6562681,396.7,19.69407266,5.19811,91.45299145,18550,779.5849692
525,2020,Scotland,Fife,329,2718,3047,103.5018604,515,24.80620155,5.275,93.22033898,23260,817.5779254
526,2020,Scotland,Fife,473,3094,3567,100.232342,472.9,21.31715771,5.27103,94.24460432,24411,760.3890363
527,2020,Scotland,Fife,315,3707,4022,99.38292195,365.9,20,5.30137,95.29411765,20588,495.1185495
528,2020,Scotland,Fife,243,2869,3112,104.878308,366.5,12.14750542,5.41176,91.91919192,20927,837.8245958
529,2020,Scotland,Fife,403,2458,2861,108.0210158,494.7,24.3083004,5.16883,90.0990099,24685,812.8219805
530,2020,Scotland,Fife,54,2584,2638,109.1457691,263.8,2.459016393,6.0614,97.41935484,17523,409.2852779
531,2020,Scotland,Fife,136,4243,4379,104.2371554,205.1,8.064516129,5.93204,95.41984733,15299,348.8879198
532,2020,Scotland,Fife,107,2497,2604,107.0320856,289.4,5.737704918,5.75676,94.05940594,16849,375.8865248
533,2020,Scotland,Fife,398,3114,3512,92.90267339,361.7,13.48920863,5.25455,95.83333333,20924,1198.897565
534,2020,Scotland,Fife,608,2594,3202,97.25072218,626.1,23.70820669,5.05556,93.79310345,22037,1379.310345
535,2020,Scotland,Fife,636,2460,4859,101.8953168,648.9,29.81744422,4.79121,88.73239437,25802,1434.759069
536,2020,Scotland,Fife,575,4284,2663,87.80953635,485.8,16.82539683,5.53571,94.17040359,29457,1127.435324
537,2020,Scotland,Fife,547,2116,3934,98.01530368,483,27.83505155,5.15315,90.4109589,20455,944.2815249
538,2020,Scotland,Fife,505,3429,2813,95.11946263,424.6,15.27777778,5.15596,95.30201342,21033,722.5433526
539,2020,Scotland,Fife,607,2206,2916,103.6119068,669.2,30.89244851,5.2,91.07142857,23601,1611.492817
540,2020,Scotland,Fife,782,2134,6198,99.437751,568.2,34.88700565,4.92248,85.97560976,22947,1111.111111
541,2020,Scotland,Fife,1081,5117,4369,91.82100362,451.9,25.5,5.39908,92.54237288,24405,1730.868002
542,2020,Scotland,Fife,634,3735,3120,99.7723133,394.4,21.91435768,5.5,91.01796407,16686,1199.852779
543,2020,Scotland,Fife,740,2380,3410,105.5592396,535.2,25.63636364,5.15278,91.52542373,25673,1347.848626
544,2020,Scotland,Fife,242,3168,4079,85.11105018,318.6,10.18808777,6.05405,95.54140127,18478,959.5959596
545,2020,Scotland,Fife,557,3522,2590,96.06632265,433.9,17.43462017,5.58974,90.47619048,26003,1396.32107
546,2020,Scotland,Fife,180,2410,2801,104.2167102,318.2,15.34391534,5.64789,94.04761905,23581,669.8240866
547,2020,Scotland,Fife,223,2578,4539,103.6758357,347.1,19.60227273,5.77273,87.62886598,20152,723.5142119
548,2020,Scotland,Fife,1054,3485,3203,100.5813087,590.6,29.66002345,5.34337,86.51162791,18883,2160.278746
549,2020,Scotland,Fife,337,2866,3013,96.1328706,445.9,18.22125813,5.82353,92.5,26764,3562.378168
550,2020,Scotland,Fife,332,2681,2925,100.7397593,488,19.36416185,5.87037,97.4025974,21625,1179.925254
551,2020,Scotland,Fife,455,2470,3096,100.2613042,393.2,28.38589981,5.39474,92.03539823,22943,1572.077185
552,2020,Scotland,Fife,82,2478,2560,103.1088751,218,5.5,6.11111,96.33027523,13798,676.4518188
553,2020,Scotland,Fife,307,2695,3002,101.1970236,293.9,18.63354037,5.40909,91.26984127,21971,717.4638487
554,2020,Scotland,Fife,554,2426,2980,98.54374247,611.5,29.57983193,5,87.61061947,21147,1765.327696
555,2020,Scotland,Fife,1193,3670,4863,105.5264445,526.4,28.30540037,4.78495,83.33333333,22173,1846.553966
556,2020,Scotland,Fife,94,3130,3224,104.0801419,216,8.076923077,5.74648,92.72727273,16333,323.4960272
557,2020,Scotland,Fife,432,4867,5299,94.24537858,353,14.96598639,5.68449,92.43697479,20259,1468.229488
558,2020,Scotland,Fife,838,2839,3677,99.33834049,776.9,27.91817088,4.70701,87.30964467,27094,3281.389136
559,2020,Scotland,Fife,286,2718,3004,101.2754223,291.7,17.0212766,5.66667,89.58333333,24754,1380.821918
560,2020,Scotland,Fife,1270,2950,4220,85.8201215,749,31.61290323,4.71186,72.78481013,29419,3919.561243
561,2020,Scotland,Fife,701,2945,3646,96.80697967,565.4,30.01579779,4.97,89.6,22350,1755.691769
562,2020,Scotland,Fife,454,2645,3099,86.75078864,542.9,16.66666667,4.8961,93.07692308,25512,1386.654046
563,2020,Scotland,Fife,654,3534,4188,102.1980777,445.2,24.45582586,5.02703,87.75510204,20000,1554.741555
564,2020,Scotland,Fife,567,3690,4257,100.0725397,408.3,22.05882353,5.48598,87.23404255,17641,1205.211726
565,2020,Scotland,Fife,1094,3010,4104,100.1193507,591.5,30.16877637,5.20859,89.33333333,22762,1817.832437
566,2020,Scotland,Fife,314,1874,2188,102.1259966,390,18.15642458,5.58442,93.49593496,25823,1274.671053
567,2020,Scotland,Fife,615,3860,4475,105.3314121,456.6,22.03608247,5.35256,92.42424242,25754,1098.783107
568,2020,Scotland,Fife,778,2550,3328,104.8189041,671.5,27.0096463,5.11009,88.34355828,25953,3585.907336
569,2020,Scotland,Fife,348,3085,3433,112.3058924,404.9,20.88452088,5.5641,89.91596639,15783,1249.36257
570,2020,Scotland,Fife,565,4414,4979,103.5498489,407.7,13.96348013,5.39024,92.8,23356,925.989673
571,2020,Scotland,Fife,323,2398,2721,101.5725607,603.8,20.43650794,5.57447,95.12195122,29764,763.2600259
572,2020,Scotland,Fife,104,3502,3606,105.398433,284.9,6.530612245,5.79439,96.47887324,13925,545.8937198
573,2020,Scotland,Fife,578,1606,2184,105.2774837,522.4,34.00809717,5.02105,88.52459016,23853,1042.857143
574,2020,Scotland,Fife,396,1680,2076,108.1522627,547.1,29.41176471,5.1746,89,26128,1427.438541
575,2020,Scotland,Fife,297,2543,2840,114.6386093,403.4,18.29573935,5.71014,94.28571429,25084,738.8854101
576,2020,Scotland,Fife,255,4053,4308,93.49775785,347.7,12.76901004,5.78814,92.5,19704,1128.914785
577,2020,Scotland,Fife,226,3114,3340,104.3024904,292.7,12.00873362,5.38542,95.2,22252,392.0619555
578,2020,Scotland,Fife,1222,3492,4714,102.9778925,596.3,27.55376344,4.82993,85.38812785,24665,1873.911529
579,2020,Scotland,Fife,1037,3434,4471,105.3036528,572.9,31.03057758,4.8535,89.13043478,27150,1369.264385
580,2020,Scotland,Fife,762,1646,2408,103.9312715,972.6,35.42600897,4.31461,85.0877193,26465,3373.98374
581,2020,Scotland,Fife,988,2483,3471,97.89978998,824,29.08827786,4.57143,83.33333333,25078,3173.216885
582,2020,Scotland,Fife,501,2503,3004,99.47107081,748.5,16.12903226,5.5873,89.41176471,25377,3069.989396
583,2020,Scotland,Fife,519,3006,3525,85.67325268,488.7,15.70351759,5.03448,89.26174497,20123,998.2935154
584,2020,Scotland,Fife,318,2272,2590,100.7748984,462.1,22.77904328,5.24096,88.0733945,18459,856.4069543
585,2020,Scotland,Fife,216,2611,2827,93.17105408,259,15.18624642,5.84932,94.50549451,14526,681.2796209
586,2020,Scotland,Fife,954,4500,5454,98.59341986,430.9,23.46723044,4.71429,84.87394958,19126,1329.341317
587,2020,Scotland,Fife,293,3902,4195,103.4171345,321.6,13.79310345,5.74815,95.29411765,18324,835.7467935
588,2020,Scotland,Fife,137,2463,2600,103.0714384,216.8,12.98342541,5.51316,98.75,18045,939.0681004
589,2020,Scotland,Fife,310,3865,4175,102.4685343,332.6,13.77708978,5.57813,92.40506329,16634,562.6283368
590,2020,Scotland,Fife,260,2621,2881,101.2840328,392,14.85849057,5.78082,94.39252336,18304,563.8872226
591,2020,Scotland,Fife,272,3658,3930,98.2056418,335.2,10.13024602,5.84553,95.97315436,20205,978.0267126
592,2020,Scotland,Fife,444,2792,3236,105.3748824,598.9,21.99312715,5.51852,89.16666667,22261,1312.195122
593,2020,Scotland,Fife,241,3623,3864,107.0486544,329.1,9.188034188,5.99,93.38235294,19886,521.6967333
594,2020,Scotland,Fife,157,2707,2864,99.16054565,218.8,7.913669065,5.95775,95.4954955,16488,329.5386459
595,2020,Scotland,Fife,187,2092,2279,100.4616095,303.9,12,5.85185,98.68421053,17852,937.7664109
596,2020,Scotland,Fife,320,2374,2694,103.5709888,451.2,18.30238727,5.55224,95.74468085,17241,695.8762887
597,2020,Scotland,Fife,433,3829,4262,90.01318136,389.8,18.77496671,5.77465,94.54545455,17621,877.2652389
598,2020,Scotland,Fife,139,2324,2463,102.122936,318.7,13,6,94.66666667,15594,669.7819315
599,2020,Scotland,Fife,337,3822,4159,108.9717742,425.7,22.99168975,5.18841,88.50574713,20258,511.7952819
600,2020,Scotland,Fife,223,6000,6223,94.70717961,444.8,9.268292683,4.38462,70.96774194,18131,446.1348684
601,2020,Scotland,Fife,101,4221,4322,106.4050633,225.4,3.625954198,6,97.11538462,14809,385.6382979
602,2020,Scotland,Fife,72,5199,5271,101.0342084,308,3.395061728,6.35593,96.20253165,16274,252.2008089
603,2020,Scotland,Fife,195,3849,4044,88.89605157,352.9,14.69440832,5.47312,97.58064516,23174,313.3514986
604,2020,Scotland,Fife,113,3544,3657,100.7446618,262.9,7.648183556,6.14474,93.51851852,13514,617.5203447
605,2020,Scotland,Fife,388,3393,3781,99.36542855,418.8,12.05787781,5.57407,93.10344828,17458,548.679868
606,2020,Scotland,Fife,212,4072,4284,103.0522671,244.7,7.981927711,6.24138,94.73684211,13882,379.8014674
607,2020,Scotland,Glasgow City,1045,4103,5148,99.99334132,504.3,29.10521141,5.42222,89.68253968,23252,1152.004788
608,2020,Scotland,Glasgow City,541,2757,3298,70.45131039,687.6,21.43727162,5.70714,93.26923077,29128,1264.367816
609,2020,Scotland,Glasgow City,536,4962,5498,93.86897562,605.5,23.30827068,5.94643,95.41984733,15657,869.195923
610,2020,Scotland,Glasgow City,1983,4080,6063,89.41896024,956.6,34.03656821,5.14286,85.86572438,33171,2330.390335
611,2020,Scotland,Glasgow City,1116,2066,3182,90.96527904,813.1,31.72242875,5.16327,84.02061856,41860,2185.185185
612,2020,Scotland,Glasgow City,703,2424,3127,100.6335336,581.4,31.61157025,5.23585,86.30136986,31238,1218.299354
613,2020,Scotland,Glasgow City,338,5599,5937,88.12397002,288.5,14.97797357,5.94667,92.30769231,18968,432.9608939
614,2020,Scotland,Glasgow City,1593,4228,5821,101.2755245,591.8,32.17905405,5.15714,86.89655172,38812,1229.722658
615,2020,Scotland,Glasgow City,545,2570,3115,114.5943461,638,21.99170124,5.52239,85.26315789,26833,1390.134529
616,2020,Scotland,Glasgow City,1168,3233,4401,102.4212882,616.1,28.12887237,5.49677,87.68472906,26040,1013.384321
617,2020,Scotland,Glasgow City,719,4534,5253,102.8913129,396.1,18.30985915,5.58571,93.29608939,21709,1239.32975
618,2020,Scotland,Glasgow City,1300,4015,5315,101.4034419,782.7,22.29477612,5.225,90.234375,34191,810.8916816
619,2020,Scotland,Glasgow City,568,2832,3400,105.2995392,508.4,21.3592233,5.57798,90.44585987,23977,1082.331175
620,2020,Scotland,Glasgow City,1438,4834,6272,102.1162879,1088.8,20.38095238,5.55978,92.34234234,30693,2925.120773
621,2020,Scotland,Glasgow City,1736,4316,6052,92.87412338,996.9,34.57142857,5.23022,81.25,29934,3117.89952
622,2020,Scotland,Glasgow City,869,2641,3510,94.38127724,658.5,31.02189781,5.12871,89.62962963,29612,5859.5433
623,2020,Scotland,Glasgow City,746,4335,5081,101.0360331,489.2,16.94117647,5.4129,90.90909091,30858,1192.524473
624,2020,Scotland,Glasgow City,1182,2343,3525,93.3637084,972.1,31.84818482,5.03636,82.8358209,42647,2363.477501
625,2020,Scotland,Glasgow City,691,2551,3242,86.75078864,949,37.72151899,5.29412,90.47619048,26822,1883.408072
626,2020,Scotland,Glasgow City,586,3659,4245,92.48853211,655.9,31.96881092,5.44262,90.42553191,25495,1704.545455
627,2020,Scotland,Glasgow City,721,2950,3671,97.84762248,558.3,30.09174312,5.69565,90.32258065,27751,3684.624459
628,2020,Scotland,Glasgow City,693,3967,4660,104.3211658,298.7,33.65282215,5.6087,94.11764706,20812,1162.18841
629,2020,Scotland,Glasgow City,756,4300,5056,97.2863666,618.6,45.77981651,5.45578,92.30769231,21785,1699.594046
630,2020,Scotland,Glasgow City,1392,4304,5696,97.30846345,864.9,76.24,5.05521,87.5,17692,2770.075857
631,2020,Scotland,Glasgow City,1190,3246,4436,87.23008723,743.7,50.63985375,5.47581,87.22222222,25986,1834.743006
632,2020,Scotland,Glasgow City,590,4492,5082,97.70762379,570.8,20.95709571,6.01053,93.38842975,22664,2176.713035
633,2020,Scotland,Glasgow City,665,5073,5738,103.7694013,559.9,55.92783505,5.37634,87.40740741,16481,1692.738735
634,2020,Scotland,Glasgow City,345,5483,5828,100.5858495,356.7,17.16101695,5.85156,94.44444444,19553,951.2128645
635,2020,Scotland,Glasgow City,301,3448,3749,95.95906123,442,24.6031746,5.85,95.91836735,26420,1233.873635
636,2020,Scotland,Glasgow City,332,3164,3496,100.2589384,482.3,20.48192771,5.97561,92.30769231,18155,755.8354946
637,2020,Scotland,Glasgow City,316,4222,4538,95.31572905,300.5,12.39130435,5.97872,95.58823529,15298,495.1397327
638,2020,Scotland,Glasgow City,1039,3347,4386,99.65511956,675.4,24.9122807,5.60241,93.80530973,29470,2512.429566
639,2020,Scotland,Glasgow City,1297,2955,4252,111.4186291,819.7,40.18087855,5.39552,77.62237762,31296,2012.75691
640,2020,Scotland,Glasgow City,681,2482,3163,102.8178316,594.1,28.89305816,5.58036,87.80487805,24152,1256.969083
641,2020,Scotland,Glasgow City,666,4722,5388,102.728834,347.6,19.02113459,5.97222,94.24460432,18750,831.5434182
642,2020,Scotland,Glasgow City,318,3101,3419,98.47821952,358.3,17.78140294,5.94898,95.14563107,22010,788.4005437
643,2020,Scotland,Glasgow City,316,4432,4748,104.4417596,294.4,12.10762332,6.18182,95.45454545,21683,525.2387449
644,2020,Scotland,Glasgow City,139,2679,2818,101.0509108,298.8,7.598039216,6.24194,93.67088608,16255,565.6108597
645,2020,Scotland,Glasgow City,838,2977,3815,101.5594015,509.6,27.29591837,5.41727,87.85714286,23433,1835.814163
646,2020,Scotland,Glasgow City,1859,3180,5039,104.4130627,904,32.54237288,5.1345,85.02202643,26641,1233.211233
647,2020,Scotland,Glasgow City,1481,2808,4289,99.20385823,1181.6,34.55723542,5.10119,85.30805687,27968,1605.691057
648,2020,Scotland,Glasgow City,1157,3711,4868,101.2745913,661,28.09364548,5.57627,86.9955157,30828,1235.2
649,2020,Scotland,Glasgow City,444,3661,4105,106.5428523,348.6,20.58823529,5.76563,95.81151832,21186,755.7918724
650,2020,Scotland,Glasgow City,369,3817,4186,108.45721,406,24.54923717,5.77273,91.27906977,21359,663.0051
651,2020,Scotland,Glasgow City,626,4652,5278,89.58902409,405.1,19.96830428,5.75,92.30769231,21372,812.531839
652,2020,Scotland,Glasgow City,607,3733,4340,101.5567325,617.9,21.29436326,5.77273,90.17857143,18182,1100.649351
653,2020,Scotland,Glasgow City,1516,4745,6261,78.93557156,616.5,28.27102804,5.25,88.54625551,29550,3027.464339
654,2020,Scotland,Glasgow City,1728,4457,6185,99.60069737,978.1,35.98759049,5.19266,85.53459119,31089,1154.868326
655,2020,Scotland,Glasgow City,884,4863,5747,86.298675,603.9,30.75801749,5.29487,88.59649123,21789,4014.251781
656,2020,Scotland,Glasgow City,785,3643,4428,94.06825779,679.4,28.33723653,5.66667,85.96491228,31749,2349.884527
657,2020,Scotland,Glasgow City,990,3009,3999,101.8712575,830.9,40.69400631,4.83146,88.88888889,29504,1991.63816
658,2020,Scotland,Glasgow City,1332,2318,3650,62.4052636,882.2,42.98745724,5.10435,86.56716418,41958,1581.942337
659,2020,Scotland,Glasgow City,2292,4909,7201,82.86347351,1183.7,35.68281938,4.85398,85.40925267,34742,3297.400127
660,2020,Scotland,Glasgow City,925,2618,3543,95.52283957,811.2,29.03225806,4.93333,84.375,29444,1659.574468
661,2020,Scotland,Glasgow City,1672,4662,6334,87.8941962,1022,27.31958763,5.21965,89.82300885,34355,1534.777651
662,2020,Scotland,Glasgow City,426,3433,3859,109.5644028,475.9,13.60544218,5.61682,93.93939394,28631,1698.272229
663,2020,Scotland,Glasgow City,441,2190,2631,105.9424084,638.8,16.18037135,5.43836,90.47619048,25039,1011.38647
664,2020,Scotland,Glasgow City,191,3366,3557,107.0192308,334.1,12.31527094,6.07143,97.6744186,21226,580.7962529
665,2020,Scotland,Glasgow City,697,2972,3669,108.2193082,472.2,22.07792208,5.19048,92.56198347,29040,655.3512494
666,2020,Scotland,Glasgow City,752,5600,6352,75.62211982,536.1,11.32707775,5.6383,92.21556886,22845,922.8535877
667,2020,Scotland,Glasgow City,239,3876,4115,108.3446175,261.3,8.867924528,6.02885,96.52173913,18817,753.1545741
668,2020,Scotland,Glasgow City,275,4011,4286,105.2524925,322.1,19.52054795,5.79577,95.75757576,23684,478.3679212
669,2020,Scotland,Glasgow City,773,2351,3124,106.6499086,839.8,25,5.6,88.52459016,31126,1141.851107
670,2020,Scotland,Glasgow City,917,1550,2467,107.2856568,938.4,36.30434783,5.23457,83.33333333,30233,1836.734694
671,2020,Scotland,Glasgow City,800,3785,4585,80.30904451,720.4,22.58635961,5.47945,86.93467337,25613,1611.093799
672,2020,Scotland,Glasgow City,1377,2154,3531,98.05796819,898.7,33.55176933,4.98592,81.03448276,33791,1867.129831
673,2020,Scotland,Glasgow City,1412,3323,4735,94.17868564,690,29.958159,5.0995,86.36363636,33395,1323.223313
674,2020,Scotland,Glasgow City,1170,3990,5160,105.1282051,596.2,25.92087312,5.39333,90.05235602,26369,1605.955021
675,2020,Scotland,Glasgow City,1512,3159,4671,105.7417777,859.2,28.41918295,5.51807,90.32258065,32645,3271.092669
676,2020,Scotland,Glasgow City,985,2909,3894,97.47258874,757,27.58037225,5.14583,81.20300752,30690,1497.705465
677,2020,Scotland,Glasgow City,1408,3151,4559,76.04695867,842.5,28.65013774,4.98701,86.63366337,32381,1982.267258
678,2020,Scotland,Glasgow City,798,2648,3446,103.784219,703.4,20.20833333,5.21333,86.79245283,32628,2219.979818
679,2020,Scotland,Glasgow City,1951,4501,6452,100.4749312,862.6,33.70593293,5.16216,90.1369863,24593,2264.246092
680,2020,Scotland,Glasgow City,1591,3966,5557,95.26888405,826.8,32.28417266,5.14724,87.12871287,32362,1420.863309
681,2020,Scotland,Glasgow City,1349,4399,5748,98.8953791,617,29.00843882,5.09091,87.61061947,36259,2126.569306
682,2020,Scotland,Glasgow City,1138,3475,4613,96.13467235,682.5,23.33333333,5.18705,87.64705882,27069,1726.519337
683,2020,Scotland,Glasgow City,371,5691,6062,91.70481688,297.9,13.77887789,6.06849,92.95774648,17746,1302.938634
684,2020,Scotland,Glasgow City,841,2553,3394,102.6254376,675,29.75970425,5.34932,88.0952381,30308,1068.736142
685,2020,Scotland,Glasgow City,783,2215,2998,96.51034652,702.7,30.64798599,5.22222,86.48648649,27358,1758.241758
686,2020,Scotland,Glasgow City,864,2708,3572,133.2325269,742.8,37.43961353,5.2549,92.53731343,28062,1115.799344
687,2020,Scotland,Glasgow City,1350,3134,4484,99.20703576,857.3,26.69126691,5.29839,84.52380952,38120,2387.706856
688,2020,Scotland,Glasgow City,1377,3323,4700,108.1899807,757.8,36.85674548,5.37037,89.34911243,30123,1980.640357
689,2020,Scotland,Glasgow City,1120,2874,3994,97.95804715,988.1,38.16925734,5.28889,90.90909091,34200,2064.490759
690,2020,Scotland,Glasgow City,214,639,853,241.264927,544.1,38.05309735,5.6,77.77777778,32653,4248.608534
691,2020,Scotland,Glasgow City,1784,4069,5853,99.56281638,932.2,32.96979866,5.10577,92.70072993,34384,1614.282122
692,2020,Scotland,Glasgow City,466,4077,4543,100.5031343,630,27.98833819,5.65789,95,38515,1267.647942
693,2020,Scotland,Glasgow City,484,2119,2603,104.2313505,621.8,19.44444444,5.09375,85,23821,1390.548615
694,2020,Scotland,Glasgow City,1448,3315,4763,106.3823636,864.1,31.1409396,5.09184,87.41721854,25654,2361.195851
695,2020,Scotland,Glasgow City,539,3820,4359,102.2449145,556.3,25.87209302,6.03333,83.60655738,30423,1042.212518
696,2020,Scotland,Glasgow City,910,5337,6247,82.74935632,777.8,33.84279476,5.30612,90.16393443,28457,1419.454651
697,2020,Scotland,Glasgow City,1091,8724,9815,87.42743461,1141,32.38770686,5.39535,96.05263158,28328,2694.141329
698,2020,Scotland,Glasgow City,747,4479,5226,78.84284783,827.9,15.78947368,5.70968,77.35849057,28670,2917.852786
699,2020,Scotland,Glasgow City,379,3392,3771,83.37030874,915.5,42.7480916,5.69231,95.45454545,21925,16807.54226
700,2020,Scotland,Glasgow City,613,4512,5125,89.46888831,498.7,21.28279883,5.55932,89.41176471,19660,1565.967941
701,2020,Scotland,Glasgow City,583,8874,9457,77.92685168,607,17.87148594,5.64706,90.90909091,19189,868.8859512
702,2020,Scotland,Glasgow City,603,6771,7374,90.43266301,465.2,25.20868114,5.73913,90.69767442,20404,1088.116411
703,2020,Scotland,Glasgow City,828,2719,3547,101.5378588,768.7,33.23076923,5.75,89.39393939,32332,2880.478088
704,2020,Scotland,Glasgow City,1050,5289,6339,97.55865922,522.9,36.17021277,5.50495,87.23404255,30244,1167.073441
705,2020,Scotland,Glasgow City,1596,3309,4905,96.96116645,803.7,35.46099291,4.95313,87.05882353,24760,1975.975976
706,2020,Scotland,Glasgow City,1276,6280,7556,93.43075303,697.7,24.81572482,5.4878,88.19875776,30210,1959.569612
707,2020,Scotland,Glasgow City,1864,4158,6022,97.26288631,888.7,29.93062438,5.28378,82.93838863,37987,1998.420221
708,2020,Scotland,Glasgow City,1391,2959,4350,96.52542373,637,26.85851319,5.12338,90.4040404,35222,1597.737717
709,2020,Scotland,Glasgow City,947,2092,3039,106.7959184,827.7,30.76923077,5.16038,84.39716312,31944,1785.188818
710,2020,Scotland,Glasgow City,713,3724,4437,94.00588102,520.4,21.10429448,5.71242,91.66666667,23477,693.3946763
711,2020,Scotland,Glasgow City,693,2970,3663,111.8960158,530.1,22.01492537,5.73214,95.62043796,29568,1589.403974
712,2020,Scotland,Glasgow City,1036,2396,3432,98.06835067,848,40.55232558,5.28169,90.83333333,29535,1479.18512
713,2020,Scotland,Glasgow City,806,2221,3027,98.89242371,816.4,33.47107438,5.40217,91.66666667,28986,1962.338949
714,2020,Scotland,Glasgow City,1563,2615,4178,90.77388455,793.2,30.18018018,4.82418,86.55462185,28113,3148.148148
715,2020,Scotland,Glasgow City,241,5931,6172,99.69935498,202.9,6.738544474,6.23864,96.3963964,15642,638.2978723
716,2020,Scotland,Glasgow City,224,3895,4119,96.00331675,279.6,7.5,6.16667,93.90243902,15351,1006.557377
717,2020,Scotland,Glasgow City,322,6014,6336,94.50537805,458.5,10.07751938,6.26316,96.25,16433,1015.11476
718,2020,Scotland,Glasgow City,820,6406,7226,81.44353792,739.8,19.08396947,5.35417,86.11111111,28200,491.9583728
719,2020,Scotland,Glasgow City,548,4735,5283,96.08310627,465.8,14.22222222,5.32692,92.98245614,19221,1094.054581
720,2020,Scotland,Glasgow City,690,3268,3958,97.50105887,617.4,14.78873239,5.5,91.13924051,27510,1050.151464
721,2020,Scotland,Glasgow City,219,5506,5725,99.44774347,273.9,5.714285714,6.28571,95.23809524,16173,360.6874849
722,2020,Scotland,Glasgow City,168,4358,4526,91.67948539,246.8,2.863436123,6.40426,97.05882353,14378,921.5406562
723,2020,Scotland,Glasgow City,221,5492,5713,99.85156157,249.6,3.519061584,6.58857,97.4789916,20984,1164.067013
724,2020,Scotland,Glasgow City,344,4160,4504,98.3364556,303.7,8,6.2439,92.98245614,14363,941.8193507
725,2020,Scotland,Glasgow City,179,2558,2737,101.0514457,174.2,3.313840156,6.4,96.66666667,25000,850.6616257
726,2020,Scotland,Glasgow City,1052,2637,3689,101.5115823,748.1,33.57798165,5.16867,83.65384615,28392,1854.739434
727,2020,Scotland,Glasgow City,676,3816,4492,100.023175,465.2,22.61146497,5.99083,93.5483871,23193,1079.319087
728,2020,Scotland,Glasgow City,1106,2491,3597,100.0858697,658.4,35.43543544,5.18333,89.67741935,33002,2413.651316
729,2020,Scotland,Glasgow City,1107,3675,4782,99.83527895,618.4,31.44266338,5.26667,88.88888889,24473,948.5338121
730,2020,Scotland,Glasgow City,531,2452,2983,102.7051706,743.9,25.66539924,5.52427,92.42424242,34961,908.5778781
731,2020,Scotland,Glasgow City,597,2023,2620,109.7074104,665.6,20.4851752,5.42667,89.8989899,35035,942.1182266
732,2020,Scotland,Glasgow City,943,3007,3950,103.486967,679.3,30.47619048,5.41489,90.75630252,29161,1386.382281
733,2020,Scotland,Glasgow City,827,2454,3281,110.4678999,680.6,28.99159664,5.55556,93.25842697,32137,2827.724761
734,2020,Scotland,Glasgow City,816,2897,3713,100.7352265,632.5,28.26086957,5.40602,91.94630872,22401,1237.416107
735,2020,Scotland,Glasgow City,303,3939,4242,105.2526096,454.3,11.08695652,6.14865,94.25287356,20297,1077.257889
736,2020,Scotland,Glasgow City,869,5694,6563,95.13353419,555.3,13.54764638,5.44,87.42138365,28749,1227.731273
737,2020,Scotland,Glasgow City,1358,4286,5644,104.2613115,695.1,24.40087146,5.33898,88.10572687,34316,947.0524017
738,2020,Scotland,Glasgow City,272,2641,2913,98.91121338,345.3,13.42975207,5.65766,95.4954955,19005,2077.244259
739,2020,Scotland,Glasgow City,776,1777,2553,107.1016484,959.5,31.27208481,5.05882,84.04255319,25463,2236.842105
740,2020,Scotland,Glasgow City,1277,2088,3365,103.2655814,811.4,34.15783274,5.22609,73.82550336,32919,1479.028698
741,2020,Scotland,Glasgow City,1116,2048,3164,104.3280904,1023,33.23657475,5.27642,80.32786885,38670,2232.62691
742,2020,Scotland,Glasgow City,943,2651,3594,98.32798035,824.8,28.36787565,5.52817,84.97109827,27649,1166.032953
743,2020,Scotland,Highland,298,4492,4790,97.50414823,320.9,14.67236467,6.03846,98.47715736,15704,82.58774948
744,2020,Scotland,Highland,394,4235,4629,99.79018955,481.7,17.24941725,5.48466,92.46231156,22309,236.1918605
745,2020,Scotland,Highland,608,5098,5706,102.0619765,605.2,15.07592191,5.26316,92.96875,20201,351.2564172
746,2020,Scotland,Highland,362,4407,4769,99.66025685,396.8,19.54992968,5.75781,96.06741573,18487,79.94438651
747,2020,Scotland,Highland,274,3578,3852,105.2408974,291.3,15.50387597,5.64286,96.55172414,20418,90.17560513
748,2020,Scotland,Highland,366,4905,5271,103.4016366,298.2,13.40629275,5.62903,96.95121951,17760,145.631068
749,2020,Scotland,Highland,296,4419,4715,101.6313805,236,13.05595409,5.73984,93.29608939,19076,95.56574924
750,2020,Scotland,Highland,239,4484,4723,86.11223254,192.7,9.069493522,5.62143,96.02272727,16475,82.38928939
751,2020,Scotland,Highland,513,3512,4025,110.6711648,569.2,26.28458498,5.25225,89.02439024,20459,398.6135182
752,2020,Scotland,Highland,415,4162,4577,105.943331,368.1,10.87719298,5.71681,96.75675676,21088,293.6311001
753,2020,Scotland,Highland,393,5114,5507,91.50694365,305.4,15.47619048,5.60452,93.22033898,16499,115.3212521
754,2020,Scotland,Highland,251,3744,3995,106.6239863,335.8,11.36363636,5.575,91.12426036,16873,409.6283784
755,2020,Scotland,Highland,375,2779,3154,105.8608869,395.6,19.92337165,5.41053,90.97744361,18302,459.4734125
756,2020,Scotland,Highland,381,5798,6179,91.92949907,385.6,9.036144578,5.62051,93.79562044,19874,252.795333
757,2020,Scotland,Highland,253,5350,5603,81.29860947,204.7,9.639498433,5.75862,94.25287356,17556,224.2503259
758,2020,Scotland,Highland,117,3254,3371,77.55313147,276.4,12.57142857,5.83486,95.55555556,14744,208.855472
759,2020,Scotland,Highland,207,4805,5012,85.37845368,295.4,7.566462168,5.95205,97.05882353,18240,192.3654944
760,2020,Scotland,Highland,490,3085,3575,104.7660648,386.1,18.51851852,5.52252,92.63803681,21203,414.9184149
761,2020,Scotland,Highland,539,3322,3861,103.6102413,549.9,14.90593343,5.0625,90.625,22253,403.5476718
762,2020,Scotland,Highland,79,2247,2326,109.9105703,365.2,12.63736264,5.88333,98.79518072,19921,109.4091904
763,2020,Scotland,Highland,657,3541,4198,103.9784601,741.8,17.74611399,5.12844,86.59217877,20134,1069.686411
764,2020,Scotland,Highland,269,4103,4372,104.3226553,343,7.847082495,6.09524,94.19354839,19878,239.4253791
765,2020,Scotland,Highland,894,3622,4516,107.5059237,662.7,20.9486166,4.99296,87.17948718,27736,821.6720488
766,2020,Scotland,Highland,626,3308,3934,106.8048117,544.8,18.42696629,5.25758,91,26963,655.6733412
767,2020,Scotland,Highland,1225,2226,3451,96.63588391,741.9,29.04509284,4.67717,88.52459016,33820,1571.125265
768,2020,Scotland,Highland,186,2797,2983,108.9898162,470.4,12.96296296,5.42105,90.90909091,19873,197.2942503
769,2020,Scotland,Highland,525,3450,3975,81.33012821,447.8,12.07115629,5.54945,89.6,15575,404.4526902
770,2020,Scotland,Highland,495,6216,6711,94.02047579,290.7,13.79003559,5.84314,95.89041096,19928,82.15085885
771,2020,Scotland,Highland,325,4298,4623,99.46916812,276,16.39871383,5.9527,94.97487437,14201,65.26468455
772,2020,Scotland,Highland,214,2467,2681,98.95139403,394.2,15.625,5.76289,97.61904762,21733,68.45052894
773,2020,Scotland,Highland,249,3238,3487,95.3832033,359.9,20.12578616,5.71579,93.57142857,14345,79.3280448
774,2020,Scotland,Highland,391,3226,3617,99.35885348,391,15.51724138,5.41964,91.72413793,20698,184.222957
775,2020,Scotland,Highland,205,3153,3358,95.95832931,295.3,16.98924731,5.61538,91.50943396,15243,0
776,2020,Scotland,Highland,190,2801,2991,102.168783,307.9,18.90243902,5.9589,91.08910891,17554,129.2307692
777,2020,Scotland,Highland,218,3002,3220,99.71038477,311.6,16.77704194,6.04301,90.60402685,13692,140.0107701
778,2020,Scotland,Highland,289,3407,3696,103.806391,370.2,12.59124088,5.66337,97.94520548,17372,65.32897807
779,2020,Scotland,Highland,197,3024,3221,105.8621798,292.8,12.65822785,5.52874,92.12598425,14654,128.0623608
780,2020,Scotland,Highland,292,3141,3433,93.9379787,380.6,13.62889984,5.37374,94.55782313,21139,192.3957856
781,2020,Scotland,Highland,281,3481,3762,92.27845915,429.2,12.53333333,5.62097,94.08284024,18350,270.979021
782,2020,Scotland,Highland,634,4787,5421,103.0371914,445.4,15.34025375,5.2514,94.31818182,24704,356.1387067
783,2020,Scotland,Highland,417,6385,6802,92.16425121,276.6,10.85409253,5.80617,96.01328904,15188,90.90909091
784,2020,Scotland,Highland,157,3456,3613,101.0866562,243.1,7.73381295,5.82051,94.97206704,19048,24.03846154
785,2020,Scotland,Highland,1111,4825,5936,98.45392359,549.3,26.56500803,5.16837,91.97080292,18397,989.5391575
786,2020,Scotland,Highland,733,3562,4295,98.54191981,537.2,22.30483271,5.28058,92.78350515,18401,611.2560567
787,2020,Scotland,Highland,529,3842,4371,103.6839666,353.5,23.26241135,5.28571,93.98907104,13374,164.7909968
788,2020,Scotland,Highland,527,3188,3715,103.3158656,430.3,16.04426003,5.30612,96.5034965,18014,516.0057334
789,2020,Scotland,Highland,562,5610,6172,99.95094566,358.3,17.46905089,5.60135,92.42424242,17191,116.7883212
790,2020,Scotland,Highland,498,3573,4071,105.656665,334.7,20.17699115,5.504,91.83673469,21162,129.5799821
791,2020,Scotland,Highland,315,2568,2883,96.76059463,279.8,17.41176471,5.375,93.51851852,20818,87.05745792
792,2020,Scotland,Highland,613,2889,3502,106.0946116,571.8,20.64,5.15789,93.08176101,23417,1111.111111
793,2020,Scotland,Highland,490,2754,3244,104.007995,434.7,16.23134328,5.33696,91.89189189,25395,676.3285024
794,2020,Scotland,Highland,275,3319,3594,102.6564074,309.4,16.04477612,5.65323,96.875,16915,38.22264692
795,2020,Scotland,Highland,388,4761,5149,103.2714055,270.6,10.47381546,5.67176,92.42424242,18599,103.2644903
796,2020,Scotland,Highland,328,2280,2608,112.5976951,577.5,21.1409396,5.38095,93.75,23193,615.0919467
797,2020,Scotland,Highland,504,4131,4635,103.4517547,404.9,19.35483871,5.32237,93.90862944,20969,407.2883173
798,2020,Scotland,Highland,257,3043,3300,106.2730627,468.9,15.30343008,5.85057,94.28571429,14108,21.06371775
799,2020,Scotland,Inverclyde,114,2467,2581,103.2048735,289.5,3.342618384,5.92105,91.66666667,20690,330.6392359
800,2020,Scotland,Inverclyde,220,2975,3195,103.9537647,418.6,7.272727273,5.88,90.16393443,15364,862.6373626
801,2020,Scotland,Inverclyde,229,5857,6086,96.51924877,261.7,8.283433134,6.20379,96.53979239,12743,341.9452888
802,2020,Scotland,Inverclyde,101,2976,3077,108.0224308,217.3,5.329153605,6.13415,97.19626168,15892,501.9740553
803,2020,Scotland,Inverclyde,331,3775,4106,100.4168305,312.4,10.75630252,5.90826,96.55172414,18982,405.7641259
804,2020,Scotland,Inverclyde,560,3442,4002,108.8425407,542.8,13.2034632,5.80769,93.75,22294,796.3875205
805,2020,Scotland,Inverclyde,1503,4748,6251,99.03746636,698.8,19.12202381,5.39051,91.35135135,28075,1110.569898
806,2020,Scotland,Inverclyde,1160,3533,4693,105.1765368,727.8,22.60024301,5.4898,89.958159,27591,1307.397959
807,2020,Scotland,Inverclyde,268,4639,4907,102.6396146,383.7,4.849498328,6.19697,96.3190184,21570,505.2790347
808,2020,Scotland,Inverclyde,879,4736,5615,106.9985305,527.8,15.10204082,5.86567,94.68085106,26622,1456.953642
809,2020,Scotland,Inverclyde,590,3687,4277,112.472361,458.9,18.47389558,5.84071,93.50649351,22705,1196.296296
810,2020,Scotland,Inverclyde,1089,2532,3621,105.6092347,769.5,22.93762575,5.23529,89.79591837,29868,1842.713955
811,2020,Scotland,Inverclyde,1761,3109,4870,97.58310115,806.6,18.07909605,5.24299,87.5,31997,4733.910891
812,2020,Scotland,Inverclyde,1866,4854,6720,95.39813344,692.3,18.56060606,5.38333,90.70512821,30550,1201.091902
813,2020,Scotland,Inverclyde,947,4553,5500,101.5811474,543,16.7816092,5.71852,95.08196721,24010,1283.236994
814,2020,Scotland,Inverclyde,1129,3329,4458,109.9656881,693.6,19.78609626,5.52778,90.76086957,25690,993.6732415
815,2020,Scotland,Inverclyde,1198,3603,4801,104.6930404,581.9,20.92485549,5.51572,92.72727273,21627,652.0996927
816,2020,Scotland,Midlothian,194,3165,3359,72.57632566,326.2,7.417218543,5.56627,93.68421053,18493,555.0883095
817,2020,Scotland,Midlothian,370,3470,3840,103.5625665,398.9,8.080808081,5.62857,96.57534247,20902,1092.029943
818,2020,Scotland,Midlothian,271,3519,3790,105.9128536,269.6,13.87959866,5.79646,94.66666667,13691,729.1666667
819,2020,Scotland,Midlothian,406,2393,2799,98.46894678,473.5,23.87475538,5.23256,93.02325581,26481,1942.577886
820,2020,Scotland,Midlothian,243,3243,3486,103.1715336,403.5,5.59566787,6.04717,98.07692308,16646,359.5724004
821,2020,Scotland,Midlothian,100,2925,3025,61.92508711,245,6.632653061,5.75676,95.19230769,12679,373.4099302
822,2020,Scotland,Midlothian,299,3029,3328,98.64154685,344.5,7.692307692,5.52326,92.59259259,24549,735.2234503
823,2020,Scotland,Midlothian,287,2191,2478,100.2678452,503.2,17.8470255,5.33846,94.50549451,21865,2820
824,2020,Scotland,Midlothian,445,3403,3848,100.5487697,404.9,10.83916084,5.49462,91.03448276,25000,1089.152394
825,2020,Scotland,Midlothian,522,4232,4754,102.4489215,476.8,14.25030979,5.40741,90.90909091,19749,659.0064211
826,2020,Scotland,Midlothian,690,5059,5749,101.3431158,560.6,18.46846847,5.52985,93.29896907,29060,813.1539611
827,2020,Scotland,Midlothian,336,7883,8219,72.63917061,275.3,8.391284191,5.8022,97.46835443,20868,399.5830438
828,2020,Scotland,Midlothian,178,4760,4938,91.09557417,296.1,4.050632911,5.92308,96.26168224,25094,1298.611111
829,2020,Scotland,Midlothian,359,3500,3859,72.13850378,406.1,12.09927611,5.42478,93.15068493,24104,923.2233503
830,2020,Scotland,Midlothian,649,3521,4170,81.31097781,489.1,20.14925373,5.15827,92.22222222,22581,1173.315454
831,2020,Scotland,Midlothian,699,2180,2879,96.37558047,571.9,26.30522088,4.93671,85.83333333,24390,2766.756032
832,2020,Scotland,Midlothian,606,6676,7282,71.50583066,272.9,10.57192374,5.58896,91.30434783,22423,462.7044276
833,2020,Scotland,Midlothian,521,2483,3004,97.14225008,373.6,27.18309859,4.92241,88.34355828,26733,931.5491508
834,2020,Scotland,Midlothian,838,3761,4599,101.31324,519.3,23.64380757,4.95041,91.2371134,25263,1189.151599
835,2020,Scotland,Midlothian,538,3629,4167,97.38868164,476.5,18.12865497,5.325,91.61290323,23123,639.338097
836,2020,Scotland,Midlothian,517,2410,2927,80.0939812,408,16.39118457,5.05426,93.50649351,26752,1553.444181
837,2020,Scotland,Midlothian,665,2925,3590,101.9051919,479.2,23.90438247,5.325,93.37349398,33333,1593.453919
838,2020,Scotland,Moray,270,3970,4240,108.4465694,360.5,19.0397351,5.30909,95.94594595,15873,691.8238994
839,2020,Scotland,Moray,227,3514,3741,108.3588663,380.4,13.38432122,5.53684,92.90780142,20675,839.4338702
840,2020,Scotland,Moray,179,2959,3138,101.7322662,283,15.07430998,5.51899,96.55172414,14684,794.7368421
841,2020,Scotland,Moray,527,4064,4591,107.2343975,399.6,23.02158273,5.55556,88.08290155,15913,1055.729984
842,2020,Scotland,Moray,498,5135,5633,105.7839542,287.8,22.96954315,5.54194,92.95774648,14891,587.6427132
843,2020,Scotland,Moray,460,2899,3359,104.2780749,457.9,24.12060302,5.48101,92.43697479,16192,1587.701613
844,2020,Scotland,Moray,422,4348,4770,92.91322455,344.2,13.29411765,5.51825,94.61077844,14757,1100.169779
845,2020,Scotland,Moray,217,3429,3646,104.751434,303.6,17.78242678,5.6729,97.4025974,16129,237.5181774
846,2020,Scotland,Moray,185,2269,2454,94.23619508,304.9,18.56148492,5.31944,96.77419355,15920,719.4244604
847,2020,Scotland,Moray,308,4284,4592,58.45359615,340.7,10.39861352,5.81395,96.0199005,14614,822.7848101
848,2020,Scotland,Moray,278,3050,3328,94.07775337,312.2,13.7987013,5.55696,94.4,17373,662.593985
849,2020,Scotland,Moray,614,3675,4289,105.664324,636.1,27.32316227,5.12871,89.14728682,22444,2149.032524
850,2020,Scotland,Moray,525,3521,4046,105.4075795,525.7,25.46419098,5.18571,93.53233831,23237,1277.03827
851,2020,Scotland,Moray,298,3834,4132,108.650519,359.7,14.1955836,5.30081,93.87755102,18226,850.6044905
852,2020,Scotland,Moray,155,2987,3142,103.3878505,166.8,8.965517241,6.05208,96.89922481,16968,1538.018433
853,2020,Scotland,Moray,306,2987,3293,102.3914791,428.1,16.31067961,5.32184,89.47368421,23768,1502.73224
854,2020,Scotland,Moray,193,3008,3201,103.4104107,454.3,8.503937008,5.61538,92.30769231,16100,587.0445344
855,2020,Scotland,Moray,230,3281,3511,103.327302,402.4,9.354120267,5.36471,93.38842975,15719,423.2283465
856,2020,Scotland,Moray,354,3887,4241,97.25487164,420.2,16.875,5.09524,90.47619048,14911,548.3116015
857,2020,Scotland,Moray,268,5147,5415,103.8024476,285.3,11.25975474,5.61268,95.67567568,17821,489.8699728
858,2020,Scotland,Moray,282,3659,3941,96.54555217,266.4,14.80362538,5.21739,95.45454545,11129,461.5384615
859,2020,Scotland,Moray,339,3334,3673,101.5328874,396.4,18.04511278,5.75,95.83333333,16696,1528.340081
860,2020,Scotland,Moray,737,4643,5380,107.1133005,437.2,22.52475248,5.12057,88.42592593,16704,867.3811119
861,2020,Scotland,Moray,245,3779,4024,81.20705809,399,13.7414966,5.72414,96.20253165,13892,593.7972769
862,2020,Scotland,North Ayrshire,291,4248,4539,100.9259259,298.5,18.67364747,6.0597,96.98795181,20177,240.6199021
863,2020,Scotland,North Ayrshire,381,2340,2721,87.23900489,448.5,22.88659794,5.49275,92.78350515,27702,1848.601207
864,2020,Scotland,North Ayrshire,300,2509,2809,98.64142539,376.6,10.97046414,5.90278,92.85714286,20000,1064.278188
865,2020,Scotland,North Ayrshire,437,3071,3508,105.3531526,458.4,19.53405018,5.55128,88.88888889,27765,1212.582445
866,2020,Scotland,North Ayrshire,640,2156,2796,107.2738615,532.2,25.13863216,5.23853,85.16129032,24658,1623.376623
867,2020,Scotland,North Ayrshire,586,1700,2286,105.4972661,588.2,30.99173554,5.375,89.70588235,31852,1474.452555
868,2020,Scotland,North Ayrshire,609,3556,4165,100.943693,375.1,20.27863777,5.73333,87.5,27253,881.573969
869,2020,Scotland,North Ayrshire,480,4523,5003,110.9040075,442.6,17.70700637,5.87261,95.71428571,25707,443.3656958
870,2020,Scotland,North Ayrshire,918,2626,3544,104.1646629,655.4,30.65595716,5.17857,83.95061728,24887,1208.897485
871,2020,Scotland,North Ayrshire,989,2341,3330,95.90286799,664.5,28.61230329,5.33929,84.10596026,29701,1390.728477
872,2020,Scotland,North Ayrshire,623,2482,3105,99.62772364,594.3,25.09960159,5.31111,90.90909091,25427,1190.965092
873,2020,Scotland,North Ayrshire,720,2494,3214,98.92960066,609.5,26.5010352,5.29213,86.32478632,24475,4725.500257
874,2020,Scotland,North Ayrshire,1018,2023,3041,115.1637789,761.3,36.95090439,4.6962,92.47311828,26266,4574.402939
875,2020,Scotland,North Ayrshire,645,2338,2983,78.01104972,531.3,21.84087363,5.40385,85.61151079,26039,1590.790162
876,2020,Scotland,North Ayrshire,1125,2668,3793,107.0280754,815.1,32.25806452,5.24038,83.89261745,28475,3510.495757
877,2020,Scotland,North Ayrshire,1021,2136,3157,103.8044074,831.1,30.73170732,4.9726,90,28406,2733.703891
878,2020,Scotland,North Ayrshire,266,2811,3077,101.6646849,274.1,13.55421687,5.92308,95.28301887,21871,688.542227
879,2020,Scotland,North Ayrshire,902,3400,4302,105.3115819,537.8,30.37825059,5.24852,86.85258964,22053,974.8999636
880,2020,Scotland,North Ayrshire,285,3301,3586,109.1184519,347.3,5.609284333,5.88,96.96969697,25611,801.5451473
881,2020,Scotland,North Ayrshire,1052,4111,5163,105.2009139,639.1,22.17153285,5.33161,88.57142857,28250,924.6686065
882,2020,Scotland,North Ayrshire,555,2248,2803,109.4802755,608.8,20.05730659,5.44595,91.95402299,22679,2237.288136
883,2020,Scotland,North Ayrshire,1036,3016,4052,105.9714117,620.2,35.64705882,5.25949,84.27947598,28618,1861.402095
884,2020,Scotland,North Ayrshire,205,4866,5071,106.0230412,315.1,9.888751545,6.06452,96.1038961,19427,408.0351538
885,2020,Scotland,North Ayrshire,759,2291,3050,101.1844332,495.8,28.27988338,5.28873,88.3248731,28694,1049.971926
886,2020,Scotland,North Ayrshire,988,3113,4101,102.166295,772.3,34.26966292,4.92661,83.33333333,30155,1277.429467
887,2020,Scotland,North Ayrshire,813,3019,3832,100.9512279,468.6,30.4964539,5.50781,92.30769231,31904,2065.404475
888,2020,Scotland,North Ayrshire,500,2367,2867,104.7325581,576.3,20.25,5.45946,87.5,24542,2054.794521
889,2020,Scotland,North Ayrshire,548,2380,2928,104.9776862,456.7,24.39926063,5.51064,90.83969466,20849,1131.147541
890,2020,Scotland,North Ayrshire,167,2464,2631,76.73378076,257.2,8.125,5.91579,91.37931034,18503,1619.411123
891,2020,Scotland,North Ayrshire,414,4282,4696,104.0399621,353.4,16.62087912,5.7871,92.30769231,19352,497.0178926
892,2020,Scotland,North Ayrshire,246,3489,3735,103.8510561,266.5,9.375,6.04211,95.34883721,17041,782.122905
893,2020,Scotland,North Ayrshire,828,3955,4783,105.6441189,417.6,22.68760908,5.61702,91.80327869,19258,1234.106208
894,2020,Scotland,North Ayrshire,201,3787,3988,102.5471303,270.8,6.832298137,5.97917,97.77777778,16428,527.4151436
895,2020,Scotland,North Ayrshire,186,2735,2921,103.4006376,236.4,14.6875,6.08451,94.39252336,16490,851.9003932
896,2020,Scotland,North Ayrshire,535,2724,3259,104.3835902,425.5,24.65986395,5.31092,92.89940828,23675,1230.615308
897,2020,Scotland,North Ayrshire,972,3003,3975,104.6064776,681,28.93481717,5.35593,95,20872,1532.56705
898,2020,Scotland,North Ayrshire,429,2670,3099,108.1922509,312.4,17.31601732,5.54878,94.30894309,22772,1216.216216
899,2020,Scotland,North Ayrshire,389,3488,3877,100.493533,404.1,13.1294964,5.67816,89.56521739,27152,1089.315526
900,2020,Scotland,North Lanarkshire,596,3245,3841,118.3427832,584.4,23.10838446,5.60177,92.25806452,20920,1412.505623
901,2020,Scotland,North Lanarkshire,448,3014,3462,104.3563966,570,16.26168224,5.62963,91.60839161,21958,847.2953566
902,2020,Scotland,North Lanarkshire,671,3630,4301,103.9382695,593.3,18.95910781,5.5,91.54929577,28854,2078.79925
903,2020,Scotland,North Lanarkshire,713,6073,6786,90.49695692,340.1,13.32275971,5.65049,93.18996416,22983,2880.713489
904,2020,Scotland,North Lanarkshire,1488,3246,4734,93.87451258,1049.3,32.69780744,4.41026,84.7826087,31140,3830.929218
905,2020,Scotland,North Lanarkshire,720,3234,3954,102.2090059,697.3,24.23025435,5.22973,87.76595745,26950,1403.306421
906,2020,Scotland,North Lanarkshire,1051,3839,4890,101.523938,694.9,23.14578005,5.41935,90.0862069,30929,1953.29757
907,2020,Scotland,North Lanarkshire,920,5190,6110,99.46142966,471.6,20.68230277,5.31183,96.80365297,28310,1906.456533
908,2020,Scotland,North Lanarkshire,607,3173,3780,102.4830297,416.1,22.28826152,5.12844,86.36363636,26849,1052.859619
909,2020,Scotland,North Lanarkshire,260,2543,2803,104.8447961,411.7,19.8938992,5.55172,92.56198347,23064,1301.876066
910,2020,Scotland,North Lanarkshire,1085,4465,5550,102.9381844,631.7,27.05882353,4.97268,86.78414097,22840,1479.92137
911,2020,Scotland,North Lanarkshire,268,3578,3846,95.42513033,451.3,11.26126126,5.75862,95.8677686,18715,1843.030066
912,2020,Scotland,North Lanarkshire,613,3754,4367,100.6975698,558.2,20.59202059,5.01587,91.47727273,25411,975.9650401
913,2020,Scotland,North Lanarkshire,508,2317,2825,98.74611757,591.7,22.11155378,5.54444,92.38095238,19778,1544.841887
914,2020,Scotland,North Lanarkshire,891,4475,5366,85.76869435,531.8,23.14974182,5.3125,90.43062201,25778,2878.219555
915,2020,Scotland,North Lanarkshire,490,4085,4575,70.85519092,575,14.13141314,5.80263,89.42731278,30000,806.5843621
916,2020,Scotland,North Lanarkshire,493,2565,3058,105.9947299,457.7,21.51162791,5.06316,90.57971014,25400,934.6271706
917,2020,Scotland,North Lanarkshire,560,3361,3921,96.80726909,572.7,18.18181818,5.49296,89.83957219,27567,975.0566893
918,2020,Scotland,North Lanarkshire,460,2808,3268,82.46255024,478.3,15.38461538,5.37313,92.39766082,27000,1283.755713
919,2020,Scotland,North Lanarkshire,846,4489,5335,93.67241901,463.2,20.66720911,5.39496,92.45901639,28969,1075.502444
920,2020,Scotland,North Lanarkshire,1007,2789,3796,101.266159,821.1,23.87218045,5.30769,86.11111111,33940,6807.12424
921,2020,Scotland,North Lanarkshire,163,3922,4085,94.06133134,193.1,6.426332288,6.13846,94.54545455,19069,1280.931587
922,2020,Scotland,North Lanarkshire,726,3357,4083,100.3825492,599.6,19.52141058,5.36709,88.4057971,28668,728.6821705
923,2020,Scotland,North Lanarkshire,687,2453,3140,103.1130111,794.7,21.80094787,5.03788,85.9223301,31481,1939.931068
924,2020,Scotland,North Lanarkshire,1067,3788,4855,101.2103903,724.8,29.03225806,5.27528,91.21338912,34300,2887.984981
925,2020,Scotland,North Lanarkshire,787,4529,5316,98.82338136,500.6,22.32243517,5.2619,89.63963964,21835,1544.715447
926,2020,Scotland,North Lanarkshire,846,4157,5003,105.3119554,533.7,24.0430622,5.24837,91.1627907,25197,1523.779725
927,2020,Scotland,North Lanarkshire,993,4061,5054,105.2810789,591.8,29.33930571,5.33526,89.45147679,26832,1202.894181
928,2020,Scotland,North Lanarkshire,923,3804,4727,105.9420396,670.3,20.44506259,5.26271,92.1875,25926,2001.334223
929,2020,Scotland,North Lanarkshire,232,2242,2474,104.8355133,511.7,17.64705882,5.91026,95.28301887,28061,569.2108668
930,2020,Scotland,North Lanarkshire,653,2786,3439,100.9992314,654,27.39273927,5.10204,89.3129771,30612,2167.487685
931,2020,Scotland,North Lanarkshire,725,4131,4856,97.89277141,598,15.77017115,5.49375,89.55223881,21005,2217.484009
932,2020,Scotland,North Lanarkshire,1137,4564,5701,96.96145125,690,26.61804923,4.94313,84.28571429,25352,937.7442042
933,2020,Scotland,North Lanarkshire,287,4439,4726,108.8558692,350.6,14.80406386,5.95513,89.77272727,18451,816.6042872
934,2020,Scotland,North Lanarkshire,1138,5136,6274,103.4359419,567,23.24561404,5.31197,84.88745981,26597,914.0316206
935,2020,Scotland,North Lanarkshire,1117,4798,5915,105.8522397,641.9,26.71232877,5.2521,90.64516129,31144,1222.076216
936,2020,Scotland,North Lanarkshire,1181,5031,6212,103.8322487,651.5,24.419778,5.31481,93.07958478,26861,1536.4168
937,2020,Scotland,North Lanarkshire,350,2109,2459,112.0848057,544.1,24.70308789,5.30667,93.51851852,24619,1994.59094
938,2020,Scotland,North Lanarkshire,779,3377,4156,102.5948269,505.2,21.48040639,5.38525,89.33333333,32015,1724.137931
939,2020,Scotland,North Lanarkshire,973,3674,4647,101.1152945,657.1,31.32387707,5.03784,83.67346939,27436,1317.248125
940,2020,Scotland,North Lanarkshire,568,3376,3944,104.6309947,506.2,20.12320329,5.24638,91.26213592,28555,1920.347003
941,2020,Scotland,North Lanarkshire,653,2455,3108,125.6039916,802.8,27.5862069,4.81481,91.50943396,35124,6738.095238
942,2020,Scotland,North Lanarkshire,592,2550,3142,85.25345622,640.3,22.64705882,4.93478,85.36585366,29174,1254.612546
943,2020,Scotland,North Lanarkshire,791,5278,6069,94.71815357,491.6,19.3495935,5.46341,87.30769231,23816,869.9926272
944,2020,Scotland,North Lanarkshire,328,2106,2434,105.9262387,503.7,20.38834951,5.3875,90.52631579,26799,848.0565371
945,2020,Scotland,North Lanarkshire,368,2160,2528,102.0207392,482.7,21.68949772,5.23333,92.46575342,24638,692.5373134
946,2020,Scotland,North Lanarkshire,342,3737,4079,98.19023221,392.2,12.76595745,5.67066,92.01877934,23392,1049.004594
947,2020,Scotland,North Lanarkshire,294,3221,3515,106.7954697,303.9,14.51327434,5.4878,91.75824176,22719,399.3203059
948,2020,Scotland,North Lanarkshire,932,2963,3895,103.6752653,698.4,33.42503439,4.79661,85.65022422,26557,1508.313539
949,2020,Scotland,North Lanarkshire,752,2304,3056,106.8914455,607.4,31.18908382,5.10309,85.62091503,30619,1143.473571
950,2020,Scotland,North Lanarkshire,353,4359,4712,103.5380942,374.6,10.35460993,5.87097,94.53551913,26537,1565.461565
951,2020,Scotland,North Lanarkshire,816,4890,5706,99.58552904,555.3,17.34597156,5.53939,89.83739837,32350,2922.651934
952,2020,Scotland,North Lanarkshire,1152,4193,5345,104.1876474,688,28.32929782,5.10596,85.52036199,30602,1646.054181
953,2020,Scotland,North Lanarkshire,1440,3910,5350,114.6416593,728,36.90621194,4.9116,83.27272727,40174,1961.096939
954,2020,Scotland,North Lanarkshire,637,3748,4385,98.01949559,618.6,19.9252802,4.96899,90,25739,1769.259123
955,2020,Scotland,North Lanarkshire,1095,4752,5847,97.698094,612.4,26.77165354,5.32353,88.21428571,29925,1548.051948
956,2020,Scotland,North Lanarkshire,509,5269,5778,75.45789531,385.2,14.46593776,5.48293,94.73684211,26683,835.5795148
957,2020,Scotland,North Lanarkshire,488,5820,6308,76.99769667,434,8.922558923,5.6537,94.82758621,23551,912.1961021
958,2020,Scotland,North Lanarkshire,351,4410,4761,91.05097461,355.4,9.145728643,5.80745,95.15151515,18687,486.0457824
959,2020,Scotland,North Lanarkshire,128,2551,2679,76.29369886,229.3,6.858054226,5.80899,96.42857143,20199,912.8847157
960,2020,Scotland,North Lanarkshire,422,3761,4183,97.16738197,437.3,17.40947075,5.54225,94.82758621,20848,670.6631697
961,2020,Scotland,North Lanarkshire,521,3010,3531,101.4741331,500.8,19.41747573,5.41129,91.71974522,25191,1041.300527
962,2020,Scotland,North Lanarkshire,223,3376,3599,108.4895259,319.3,13.85642738,5.85088,92.3566879,21084,385.6502242
963,2020,Scotland,North Lanarkshire,498,5897,6395,99.02310924,344.3,11.41868512,5.7489,93.26241135,22411,435.7298475
964,2020,Scotland,North Lanarkshire,409,4295,4704,108.6115993,386.8,15.62998405,5.52899,92.34972678,21505,824.3865031
965,2020,Scotland,North Lanarkshire,433,3362,3795,103.8011439,421.6,15.18796992,5.43966,90,23454,1122.013652
966,2020,Scotland,North Lanarkshire,652,2823,3475,98.5115147,525.1,18.96551724,5.29545,88.16568047,28978,892.9364727
967,2020,Scotland,North Lanarkshire,1017,3470,4487,103.9718414,511.3,28.0720339,4.81529,87.80487805,41529,2755.960729
968,2020,Scotland,North Lanarkshire,593,3464,4057,108.869863,446.6,21.22186495,5.38017,90.64327485,24317,1098.681582
969,2020,Scotland,North Lanarkshire,628,3209,3837,106.6415821,594.3,24.66567608,5.34286,86.74033149,30178,1201.163757
970,2020,Scotland,North Lanarkshire,470,3778,4248,107.1063104,468.8,22.71386431,5.37324,88.95027624,25262,841.192003
971,2020,Scotland,North Lanarkshire,465,3130,3595,96.11865816,518.6,20.49469965,5.1039,86.36363636,28795,1459.265891
972,2020,Scotland,North Lanarkshire,221,4767,4988,105.5924236,271.9,8.362779741,5.90291,96.26865672,20203,226.3126132
973,2020,Scotland,North Lanarkshire,124,3452,3576,107.1463922,281.8,4.86381323,6.10317,97.15909091,19129,293.1745305
974,2020,Scotland,North Lanarkshire,246,2460,2706,110.9811896,314.5,17.37967914,5.42857,94.01709402,21333,573.6137667
975,2020,Scotland,North Lanarkshire,915,6624,7539,73.27727806,419.9,13.31395349,5.65591,95.16129032,24767,908.4249084
976,2020,Scotland,North Lanarkshire,457,2739,3196,102.9471006,557.7,21.29817444,5.36905,91.72932331,25661,1295.387635
977,2020,Scotland,North Lanarkshire,555,3163,3718,102.9560586,454.4,25.59171598,5.128,90.50632911,21186,848.772081
978,2020,Scotland,Orkney Islands,166,3013,3179,100.4242681,332.7,10.64814815,5.91026,95.53571429,17998,183.2884097
979,2020,Scotland,Orkney Islands,210,4020,4230,100.9296586,261.6,13.44936709,5.6791,95.75757576,14066,99.09165979
980,2020,Scotland,Orkney Islands,202,4129,4331,81.5907954,230.1,11.9,5.65068,94.70899471,17849,103.0927835
981,2020,Scotland,Orkney Islands,349,3376,3725,105.6901615,482.6,10.84337349,5.69388,94.32624113,28605,336.0620422
982,2020,Scotland,Orkney Islands,200,2168,2368,104.7931526,451,12.64044944,5.63793,91.86046512,20221,306.8340307
983,2020,Scotland,Orkney Islands,377,3790,4167,100.2179529,343.8,18.34415584,5.70874,94.7761194,13900,22.07505519
984,2020,Scotland,Perth and Kinross,166,3914,4080,85.9272557,288.7,10.1910828,6.08475,95.33333333,17635,874.422188
985,2020,Scotland,Perth and Kinross,283,4623,4906,96.76102341,277.9,9.987819732,5.87037,95.79439252,18482,1008.312252
986,2020,Scotland,Perth and Kinross,197,3545,3742,91.43373183,247.6,10.51805338,5.87692,96.53179191,16825,872.0420684
987,2020,Scotland,Perth and Kinross,186,3986,4172,84.77200588,275.3,6.727037516,5.73103,96.55172414,18134,462.9981025
988,2020,Scotland,Perth and Kinross,240,3917,4157,99.42927028,239.4,12.85211268,5.67708,97.32142857,19793,365.0934996
989,2020,Scotland,Perth and Kinross,239,3594,3833,104.1923324,357.1,11.22881356,6,98.07692308,14729,473.9824833
990,2020,Scotland,Perth and Kinross,137,2959,3096,105.7732874,256.8,12.12814645,5.78049,96.96969697,21869,411.7647059
991,2020,Scotland,Perth and Kinross,505,3588,4093,100.2500403,417.7,16.96551724,5.86777,94.73684211,29660,983.0648492
992,2020,Scotland,Perth and Kinross,268,4310,4578,84.79612048,286.9,13.39950372,5.71186,97.61904762,19452,868.8302907
993,2020,Scotland,Perth and Kinross,162,4320,4482,83.45980888,310.1,10,6.07317,97.97297297,17441,735.0484464
994,2020,Scotland,Perth and Kinross,344,4955,5299,98.04503516,345.1,11.53846154,5.80132,94.66019417,19819,536.6666667
995,2020,Scotland,Perth and Kinross,447,3683,4130,107.4270118,474.2,18.87096774,5.408,94.31818182,21551,2149.355572
996,2020,Scotland,Perth and Kinross,311,5452,5763,101.1657729,306.9,8.108108108,6.00685,98.52216749,20761,968.91627
997,2020,Scotland,Perth and Kinross,121,4104,4225,102.5616317,256.9,6.278713629,6.17143,96.96969697,19905,594.3268798
998,2020,Scotland,Perth and Kinross,100,4105,4205,103.2652064,283.4,6.28742515,5.85124,96.95121951,16314,289.7384306
999,2020,Scotland,Perth and Kinross,1019,4556,5575,105.2515877,448.8,23.45337027,5.0565,92.25092251,28251,1001.707456
1000,2020,Scotland,Perth and Kinross,1010,4923,5933,100.9421965,625.9,23.36683417,5.0973,88.12260536,22463,1323.372465
1001,2020,Scotland,Perth and Kinross,457,2810,3267,103.9826748,485.2,25.77132486,4.86813,90.27777778,20058,985.9885833
1002,2020,Scotland,Perth and Kinross,481,2746,3227,87.21804511,621.2,27.22063037,5.3622,92.98245614,28265,1452.089489
1003,2020,Scotland,Perth and Kinross,282,2020,2302,102.659409,522.9,16.51785714,5.33333,87.87878788,24838,3508.532423
1004,2020,Scotland,Perth and Kinross,786,3858,4644,101.6829452,636.5,32.52427184,5.18519,88.46153846,30791,3103.448276
1005,2020,Scotland,Perth and Kinross,308,3395,3703,102.3409196,336.4,11.27982646,5.91358,95.12195122,19712,1164.529915
1006,2020,Scotland,Perth and Kinross,308,4766,5074,98.8362154,325.6,13.09823678,5.70345,95.37572254,19888,530.7369225
1007,2020,Scotland,Perth and Kinross,222,3829,4051,101.4464225,329.6,9.787928222,5.88073,97.76119403,21315,763.6518771
1008,2020,Scotland,Perth and Kinross,236,4117,4353,93.23772134,388.7,4.883227176,5.57547,96.77419355,14046,699.3006993
1009,2020,Scotland,Perth and Kinross,174,3645,3819,99.65843405,300.3,6.989247312,5.86207,93.02325581,20775,1409.63323
1010,2020,Scotland,Perth and Kinross,450,4803,5253,102.1054017,369.6,13.88888889,5.35156,92.65536723,18244,784.6410684
1011,2020,Scotland,Perth and Kinross,328,2760,3088,100.110742,347.2,17.56756757,5.33333,91.86046512,17208,739.0029326
1012,2020,Scotland,Perth and Kinross,213,3882,4095,89.95461422,305.4,13.44778255,5.82979,94.36619718,16515,810.8108108
1013,2020,Scotland,Perth and Kinross,484,2480,2964,100.9311833,414.6,25.57172557,5.11842,85.48387097,18661,952.1028037
1014,2020,Scotland,Perth and Kinross,433,5220,5653,100.9865037,391.3,10.69900143,5.72131,94.57831325,21969,881.63832
1015,2020,Scotland,Perth and Kinross,291,4319,4610,96.796469,309,14.05184175,5.79208,94.80519481,15625,807.7601411
1016,2020,Scotland,Perth and Kinross,400,5727,6127,93.65232802,268.1,12.84796574,5.74051,96.58536585,19737,578.3630261
1017,2020,Scotland,Perth and Kinross,194,3694,3888,102.9299014,306.9,17.06730769,5.95062,94.84536082,15676,645.0048497
1018,2020,Scotland,Perth and Kinross,264,4449,4713,106.7675337,344.8,17.4789916,5.84615,95.48022599,14582,686.5787432
1019,2020,Scotland,Renfrewshire,235,2463,2698,100.1574612,366.7,7.798165138,6.05,96.93877551,21181,481.0583283
1020,2020,Scotland,Renfrewshire,185,3682,3867,94.82286568,469.9,4.341736695,6.1,99.44134078,23200,906.286155
1021,2020,Scotland,Renfrewshire,191,5503,5694,43.95445297,315.8,3.963577933,5.93855,97.63313609,13915,1113.619263
1022,2020,Scotland,Renfrewshire,253,2984,3237,107.3558858,299,10.50119332,6.10843,97.2972973,16364,499.7341839
1023,2020,Scotland,Renfrewshire,984,4532,5516,92.04460539,454.1,20.50653595,5.30342,92,23826,723.3127185
1024,2020,Scotland,Renfrewshire,914,2585,3499,100.4363912,781.9,24.64788732,5.32927,89.68253968,24552,1301.131419
1025,2020,Scotland,Renfrewshire,658,2939,3597,107.8651685,709.1,16.63201663,5.38095,92.62295082,26362,1340.434976
1026,2020,Scotland,Renfrewshire,560,3141,3701,111.4467972,500.4,13.66666667,5.59813,88.60759494,22752,810.9243697
1027,2020,Scotland,Renfrewshire,426,4746,5172,95.83333333,396.2,12.76864728,5.68548,95.40229885,22606,1403.614458
1028,2020,Scotland,Renfrewshire,1466,2730,4196,99.0494894,725.1,29.14847162,5.16959,89.95633188,32353,2125.686813
1029,2020,Scotland,Renfrewshire,985,2599,3584,94.86359193,948.8,30.06012024,5.31884,84.48275862,28439,2790.874525
1030,2020,Scotland,Renfrewshire,868,4670,5538,102.5532697,563,20.76749436,5.55901,90.72580645,23308,746.6307278
1031,2020,Scotland,Renfrewshire,968,3885,4853,101.8603379,524.2,21.82741117,5.525,87.76595745,32121,1001.243781
1032,2020,Scotland,Renfrewshire,170,4515,4685,106.7859529,327,6.363636364,6.05344,97.12643678,15513,354.0145985
1033,2020,Scotland,Renfrewshire,639,3420,4059,102.4761905,551.2,20.9631728,5.49007,89.79591837,20933,629.6733569
1034,2020,Scotland,Renfrewshire,484,2828,3312,100.7874791,436.5,20.24866785,5.76852,91.89189189,25209,798.6921999
1035,2020,Scotland,Renfrewshire,143,3470,3613,101.933874,345.9,5.85106383,6.02941,96.57534247,19902,1239.43662
1036,2020,Scotland,Renfrewshire,1049,4859,5908,99.34394432,634.6,20.59202059,5.53913,87.17948718,26067,1270.233196
1037,2020,Scotland,Renfrewshire,190,3731,3921,87.44979097,322.2,5.290322581,6.11429,95.02762431,24159,289.1933029
1038,2020,Scotland,Renfrewshire,749,3310,4059,94.05743966,634.2,18.95604396,5.2973,88.81987578,27805,1102.333932
1039,2020,Scotland,Renfrewshire,1187,5695,6882,92.57625702,623.8,22.06303725,5.58889,80.41958042,23636,3176.557046
1040,2020,Scotland,Renfrewshire,1036,5014,6050,97.96110588,574.5,19.60526316,5.69748,89.34911243,22780,1473.346496
1041,2020,Scotland,Renfrewshire,165,4600,4765,104.4487016,224.1,6.676342525,6.232,96.875,17464,355.3299492
1042,2020,Scotland,Renfrewshire,1466,4057,5523,103.83675,722.4,34.29752066,5.07927,90.17857143,26013,1946.620249
1043,2020,Scotland,Renfrewshire,984,4108,5092,83.02879782,693.4,18.44106464,5.34454,87.24489796,27742,4043.743642
1044,2020,Scotland,Renfrewshire,999,5866,6865,100.4299269,610.3,23.8480194,5.43056,91.89189189,21168,996.8138371
1045,2020,Scotland,Renfrewshire,615,4372,4987,105.6018168,391.2,14.3864598,5.55932,89.56043956,25931,977.7936963
1046,2020,Scotland,Renfrewshire,344,4985,5329,104.1820341,311.2,11.26373626,5.93289,94.08866995,21401,750.2287283
1047,2020,Scotland,Renfrewshire,692,5482,6174,63.56853353,489,15.67164179,5.43624,89.75903614,23715,2070.113592
1048,2020,Scotland,Renfrewshire,225,5477,5702,107.9936539,319.7,7.216494845,5.94444,93.8697318,17693,209.2168504
1049,2020,Scotland,Renfrewshire,473,4512,4985,105.6680162,448.2,12.20779221,5.65823,92.07048458,21662,536.7521368
1050,2020,Scotland,Renfrewshire,504,5058,5562,104.7976913,389.4,14.09601634,5.6474,94.16666667,23868,609.6503901
1051,2020,Scotland,Renfrewshire,141,4291,4432,103.9676053,269,4.827586207,5.94574,96.17486339,13877,357.2771719
1052,2020,Scotland,Renfrewshire,995,3078,4073,98.20627803,696.1,23.09985097,5.12698,89.9408284,24746,1344.911147
1053,2020,Scotland,Renfrewshire,623,3928,4551,103.2766272,426.7,17.18569781,5.47093,93.75,27260,595.0297515
1054,2020,Scotland,Renfrewshire,67,3131,3198,107.8855776,183.7,4.480651731,6.17593,96.36363636,14557,92.16589862
1055,2020,Scotland,Renfrewshire,120,3103,3223,96.66255905,279.8,6.317411402,6.40741,96.12903226,12865,323.4220136
1056,2020,Scotland,Renfrewshire,334,4394,4728,98.9630236,335.4,7.019438445,6.15894,95.81395349,16206,500
1057,2020,Scotland,Scottish Borders,304,5872,6176,92.63836938,198.4,4.854368932,6.10606,97.9338843,16782,400.7685973
1058,2020,Scotland,Scottish Borders,385,3847,4232,99.18222497,439.8,14.86486486,5.71845,96.55172414,22998,1170.555109
1059,2020,Scotland,Scottish Borders,177,4126,4303,102.08265,201.6,7.82967033,6,97.88359788,16350,383.9364519
1060,2020,Scotland,Scottish Borders,438,5271,5709,92.26307788,349.3,9.399224806,5.78302,95.8041958,17661,517.4825175
1061,2020,Scotland,Scottish Borders,338,5262,5600,82.14146802,271.2,12.55411255,5.78646,97.17741935,17261,548.5586342
1062,2020,Scotland,Scottish Borders,398,3269,3667,96.12730723,437.1,13.5,5.49495,93.00699301,22849,1311.852704
1063,2020,Scotland,Scottish Borders,426,2626,3052,101.4774579,446.4,28.37209302,5.39241,86.40776699,23643,817.1206226
1064,2020,Scotland,Scottish Borders,335,2907,3242,98.88285024,390.9,14.7826087,5.77528,93.91304348,19196,1920.529801
1065,2020,Scotland,Scottish Borders,576,2066,2642,108.5593332,517,26.45011601,4.93548,91.45299145,28378,1402.629931
1066,2020,Scotland,Scottish Borders,371,5003,5374,97.42786986,283.8,11.96283391,6.0565,96.28252788,15965,550.7800064
1067,2020,Scotland,Scottish Borders,138,2894,3032,92.88847118,198,6.944444444,6.11429,98.57142857,17121,193.236715
1068,2020,Scotland,Scottish Borders,291,3871,4162,97.53243652,366.6,12.94642857,5.91096,98.01980198,20864,405.0833995
1069,2020,Scotland,Scottish Borders,259,2497,2756,94.06008193,404.1,15,5.4433,90.90909091,20914,720.7752877
1070,2020,Scotland,Scottish Borders,292,3421,3713,95.79538684,271.8,18.42576029,5.72897,95.14563107,20989,580.8757819
1071,2020,Scotland,Scottish Borders,461,3096,3557,98.79740981,446.5,19.44055944,5.18254,94.40559441,20250,1359.32034
1072,2020,Scotland,Scottish Borders,296,3710,4006,96.2346413,228.4,13.01169591,5.77391,95.73170732,20356,454.3593942
1073,2020,Scotland,Scottish Borders,269,2482,2751,96.69637552,350,18.84057971,5.59322,90.47619048,16684,975.6097561
1074,2020,Scotland,Scottish Borders,266,4425,4691,100.8564232,245.5,9.96835443,5.65323,100,15373,522.417154
1075,2020,Scotland,Scottish Borders,342,2936,3278,103.0543804,407.9,20.28397566,5.35294,95.12195122,20045,711.9565217
1076,2020,Scotland,Scottish Borders,273,2079,2352,93.29391211,459.8,22.29508197,5.48387,94.66666667,15498,1478.060046
1077,2020,Scotland,Scottish Borders,159,2792,2951,100.2423823,229.2,13.44339623,5.725,97.14285714,16047,485.4943754
1078,2020,Scotland,Scottish Borders,260,3394,3654,96.69078715,353.2,14.6179402,5.9011,93.91891892,16618,626.9877328
1079,2020,Scotland,Scottish Borders,526,3356,3882,100.8320027,330.3,22.85714286,5.41818,88.73239437,14796,922.459893
1080,2020,Scotland,Scottish Borders,304,3749,4053,94.61201751,267.9,14.06844106,5.82292,98.50746269,16193,429.7378599
1081,2020,Scotland,Scottish Borders,766,2247,3013,104.5496113,537.9,35.0069735,4.61983,85.16129032,25442,1894.197952
1082,2020,Scotland,Scottish Borders,553,3640,4193,101.5651069,506.7,17.00934579,5.39326,87.87878788,24643,1565.008026
1083,2020,Scotland,Scottish Borders,379,2955,3334,100.4319004,381.9,17.59036145,5.54878,91.53846154,20733,994.2438514
1084,2020,Scotland,Scottish Borders,450,2899,3349,106.7701552,384.8,16.63366337,5.33981,91.60839161,19317,1932.561651
1085,2020,Scotland,Scottish Borders,111,2625,2736,101.1922141,363.7,13.61256545,5.78571,100,16645,1298.955614
1086,2020,Scotland,Scottish Borders,668,4892,5560,104.2893493,423.9,20.49382716,5.49375,91.66666667,19166,1147.540984
1087,2020,Scotland,Shetland Islands,141,3239,3380,96.44345382,322.5,10.70911722,5.70339,97.26027397,18540,188.9534884
1088,2020,Scotland,Shetland Islands,205,3199,3404,101.2913173,286.5,12.67806268,5.71774,97.32620321,23460,183.4407536
1089,2020,Scotland,Shetland Islands,354,4265,4619,108.850668,391.3,17.85150079,5.63636,95.90643275,19303,451.7241379
1090,2020,Scotland,Shetland Islands,168,3257,3425,93.47615355,162.8,10.60382916,5.66957,96.52777778,18012,127.4787535
1091,2020,Scotland,Shetland Islands,123,2765,2888,99.86957553,258.4,11.99324324,5.8,98.31932773,13799,30.08423586
1092,2020,Scotland,Shetland Islands,138,2483,2621,101.1912386,425.6,13.50293542,5.62353,94.79166667,18313,196.8253968
1093,2020,Scotland,Shetland Islands,158,2585,2743,106.0929648,350.7,11.54684096,5.80556,97.32142857,12584,13.90820584
1094,2020,Scotland,South Ayrshire,596,4764,5360,104.0203887,363.5,21.44927536,5.57692,91.87817259,22156,686.8222149
1095,2020,Scotland,South Ayrshire,706,2565,3271,103.4302146,536,25.93167702,5.36522,90.54054054,27273,874.4038156
1096,2020,Scotland,South Ayrshire,515,2703,3218,104.1693325,455.2,18.10810811,5.82609,91.50943396,30729,1546.275395
1097,2020,Scotland,South Ayrshire,712,3966,4678,105.4247175,494.8,23.11621967,5.58333,89.68609865,24584,1599.423631
1098,2020,Scotland,South Ayrshire,326,4056,4382,88.26127888,401.1,10.76732673,5.94245,95.45454545,21248,833.3333333
1099,2020,Scotland,South Ayrshire,280,3482,3762,99.31034483,404.4,9.89010989,5.58065,93.06358382,24010,1243.010753
1100,2020,Scotland,South Ayrshire,167,5839,6006,102.5150171,255.4,6.64893617,6.36076,96.42857143,17818,536.7231638
1101,2020,Scotland,South Ayrshire,609,3581,4190,104.4713517,542.8,19.15184679,5.69173,90.27027027,23292,627.925117
1102,2020,Scotland,South Ayrshire,408,4988,5396,103.5809927,273.1,12.45283019,5.82911,95.41284404,25261,550.5505506
1103,2020,Scotland,South Ayrshire,380,4597,4977,102.1456918,313.8,13.85224274,5.70588,92.95774648,23904,661.1570248
1104,2020,Scotland,South Ayrshire,637,4713,5350,101.4018104,499.1,12.05673759,6.08421,88.88888889,28610,3185.840708
1105,2020,Scotland,South Ayrshire,1421,3137,4558,105.6221944,961,29.77346278,5,71.65354331,27198,4220.213109
1106,2020,Scotland,South Ayrshire,467,2168,2635,106.0980579,491.2,22.07084469,5.42105,89.15662651,32558,1352.718078
1107,2020,Scotland,South Ayrshire,872,2090,2962,104.1760857,744.3,32.32142857,4.71552,85.71428571,39823,1649.245064
1108,2020,Scotland,South Ayrshire,1225,2967,4192,101.4868106,592.5,26.02579132,4.85294,81.95876289,28975,2334.851936
1109,2020,Scotland,South Ayrshire,434,3755,4189,101.6634677,412.5,14.47154472,5.5,89.14728682,25881,984.5788849
1110,2020,Scotland,South Ayrshire,554,3906,4460,97.76398445,514.6,13.50649351,5.86131,95.26315789,31495,1148.600144
1111,2020,Scotland,South Ayrshire,180,3859,4039,104.6033633,299.4,6.827309237,6.0411,95.96774194,26572,755.4122524
1112,2020,Scotland,South Ayrshire,387,5003,5390,104.5358447,319.4,10.45392022,5.81752,93.36734694,23172,500.168976
1113,2020,Scotland,South Ayrshire,260,2901,3161,89.0663001,386.1,13.24626866,5.7381,93.81443299,26735,1276.94859
1114,2020,Scotland,South Ayrshire,793,5129,5922,101.3878661,437.7,20.48300537,5.45506,89.71962617,29498,874.0865655
1115,2020,Scotland,South Ayrshire,506,5326,5832,83.21841464,360.8,13.36244541,5.76064,93.28063241,22142,632.0779563
1116,2020,Scotland,South Ayrshire,357,4960,5317,105.5233681,311.8,12.51461988,5.86486,94.5,17710,453.0201342
1117,2020,Scotland,South Ayrshire,606,3333,3939,105.2333188,455.2,18.2320442,5.54639,86.23188406,28546,871.350365
1118,2020,Scotland,South Ayrshire,386,5108,5494,104.3486627,329.9,13.77633712,6.10811,95,20637,1120.625465
1119,2020,Scotland,South Lanarkshire,202,2221,2423,104.2655936,376.7,17.94871795,5.8,91.01123596,15108,4129.321383
1120,2020,Scotland,South Lanarkshire,402,5458,5860,94.92807187,351.3,12.10762332,5.83824,97.77777778,22756,562.6598465
1121,2020,Scotland,South Lanarkshire,641,4115,4756,100.8845888,405.4,13.68038741,5.35294,90.68627451,23214,990.8488482
1122,2020,Scotland,South Lanarkshire,474,3197,3671,102.218962,439.8,18.99641577,5.24576,92.76315789,28662,999.5615958
1123,2020,Scotland,South Lanarkshire,342,3388,3730,102.5307303,353.2,9.090909091,5.73404,87.94326241,21797,953.1987978
1124,2020,Scotland,South Lanarkshire,156,2718,2874,100.1390176,328.2,7.055961071,5.5,87.5,20774,961.3196815
1125,2020,Scotland,South Lanarkshire,430,1967,2397,97.42857143,505.4,13.12335958,5.18868,89.04109589,20736,1522.491349
1126,2020,Scotland,South Lanarkshire,651,3439,4090,100.1298701,404.5,13.47708895,5.34058,91.42857143,25493,1125.852919
1127,2020,Scotland,South Lanarkshire,395,2921,3316,94.66601658,422.6,14.98127341,5.3211,87.59689922,21825,1309.408341
1128,2020,Scotland,South Lanarkshire,167,2374,2541,87.49858709,386.3,6.822612086,5.96552,96.47058824,18266,865.7047725
1129,2020,Scotland,South Lanarkshire,240,2410,2650,100.4954898,285.3,10.0795756,5.7931,89.87341772,25289,1980.676329
1130,2020,Scotland,South Lanarkshire,302,1897,2199,100.9423021,483.6,18.95604396,5.22581,90.78947368,27038,1291.22807
1131,2020,Scotland,South Lanarkshire,493,3401,3894,97.93004393,506.6,11.6202946,5.92381,94.375,25607,1989.089383
1132,2020,Scotland,South Lanarkshire,388,3585,3973,94.7529334,333.3,11.81102362,5.89381,90.05847953,19222,1124.949779
1133,2020,Scotland,South Lanarkshire,867,3400,4267,106.2941405,466.5,21.57676349,5.20863,92.90322581,25611,1327.014218
1134,2020,Scotland,South Lanarkshire,623,3185,3808,100.9244444,398.9,17.53343239,5.50704,91.66666667,18909,915.0901892
1135,2020,Scotland,South Lanarkshire,517,3765,4282,100.3388228,405.7,16.99346405,5.74219,92.13483146,28174,814.6174343
1136,2020,Scotland,South Lanarkshire,469,2356,2825,87.95997081,656.1,23.8317757,5.55056,94.21487603,17774,1703.517588
1137,2020,Scotland,South Lanarkshire,350,2947,3297,106.2473926,400.2,15.44715447,5.94624,94.15584416,22768,672.8425158
1138,2020,Scotland,South Lanarkshire,493,3321,3814,100.3761701,402.4,18.61804223,5.61728,90.6779661,23344,2142.237641
1139,2020,Scotland,South Lanarkshire,809,3210,4019,103.4627669,586.9,24.63126844,5.5,88.95705521,21749,1871.544024
1140,2020,Scotland,South Lanarkshire,956,2620,3576,98.27205882,736.6,23.30508475,5.02837,89.94974874,26164,2092.922275
1141,2020,Scotland,South Lanarkshire,681,5062,5743,98.54804188,457.8,17.34279919,5.54315,92.28070175,21329,986.0335196
1142,2020,Scotland,South Lanarkshire,319,4289,4608,102.1793367,335.8,13.58189081,5.96491,97.19626168,21341,923.019432
1143,2020,Scotland,South Lanarkshire,165,2613,2778,99.73860666,403.9,3.825136612,6.28986,96.53179191,18954,514.1242938
1144,2020,Scotland,South Lanarkshire,124,2965,3089,79.18272247,375.2,8.567603748,5.96581,95.4248366,19766,632.3083586
1145,2020,Scotland,South Lanarkshire,221,3635,3856,70.165418,258.8,9.216589862,5.95276,92.72727273,17803,1074.606434
1146,2020,Scotland,South Lanarkshire,336,3228,3564,105.2258552,382.5,16.02671119,5.61538,91.87817259,22504,495.049505
1147,2020,Scotland,South Lanarkshire,629,2168,2797,99.63959635,609.3,25,5.36986,89.51612903,26870,2312.684366
1148,2020,Scotland,South Lanarkshire,234,2566,2800,103.1324725,344.9,12.62626263,5.7037,93.06930693,17339,938.8511427
1149,2020,Scotland,South Lanarkshire,499,3750,4249,97.96909844,407.7,14.12037037,5.80723,93.69369369,25393,4028.103044
1150,2020,Scotland,South Lanarkshire,673,2981,3654,103.4729316,522.7,19.37842779,5.44554,91.89189189,21975,1965.046888
1151,2020,Scotland,South Lanarkshire,614,1489,2103,102.0016013,789.7,38.80597015,5.02913,85.60606061,31447,2038.314176
1152,2020,Scotland,South Lanarkshire,477,2303,2780,103.9621016,535,20.57692308,5.31395,89.90825688,27273,866.2345315
1153,2020,Scotland,South Lanarkshire,454,6008,6462,89.92694577,312,10.68019093,5.80144,96.04519774,27653,389.1708968
1154,2020,Scotland,South Lanarkshire,143,3933,4076,98.42088038,303.5,5.572755418,5.63,94.26229508,15880,396.8253968
1155,2020,Scotland,South Lanarkshire,1031,3171,4202,100.1205885,632.5,26.54028436,4.99419,85.50724638,28638,1687.546057
1156,2020,Scotland,South Lanarkshire,814,3096,3910,106.8373765,629.1,24.18181818,5.18852,93.25153374,23603,1866.840731
1157,2020,Scotland,South Lanarkshire,859,3321,4180,104.1439126,668,21.69390788,5.17931,92.1875,21065,1753.123817
1158,2020,Scotland,South Lanarkshire,338,2908,3246,104.4574047,429.4,15.77946768,5.63441,93.95973154,20294,523.6907731
1159,2020,Scotland,South Lanarkshire,525,2444,2969,105.313569,498.2,24.94004796,5.0375,93.85964912,21527,1350.464735
1160,2020,Scotland,South Lanarkshire,964,4000,4964,102.9376792,560.5,25.80645161,5.14045,89.35185185,26796,1840.395917
1161,2020,Scotland,South Lanarkshire,1153,3360,4513,102.7953976,702.4,26.79738562,4.86957,86.50306748,31600,2499.151104
1162,2020,Scotland,South Lanarkshire,488,3326,3814,97.63654067,567.9,12.45210728,5.63918,90.90909091,30942,1323.856064
1163,2020,Scotland,South Lanarkshire,890,3038,3928,100.8421601,553.4,20.16925247,4.84426,85.625,26987,3114.228457
1164,2020,Scotland,South Lanarkshire,133,3234,3367,97.37267968,233.1,5.533596838,5.88679,98.38709677,21436,1166.666667
1165,2020,Scotland,South Lanarkshire,351,2744,3095,100.272094,406.3,13.18681319,5.66279,94.28571429,25734,639.2931393
1166,2020,Scotland,South Lanarkshire,478,6016,6494,83.97578204,338.4,10.35422343,6.03974,96.21621622,20747,875.0308109
1167,2020,Scotland,South Lanarkshire,520,6387,6907,67.90148018,315.9,9.418282548,5.71174,94.21965318,17447,696.7213115
1168,2020,Scotland,South Lanarkshire,987,5336,6323,97.57052877,501.8,21.23955432,5.64035,89.79591837,18044,988.317757
1169,2020,Scotland,South Lanarkshire,874,3285,4159,95.86802583,625.1,18.5915493,5.45833,89.75903614,24116,956.1304837
1170,2020,Scotland,South Lanarkshire,741,4085,4826,109.5791109,536.9,17.11165049,5.65541,93.43434343,17333,1166.380789
1171,2020,Scotland,South Lanarkshire,453,3387,3840,100.9545494,446.9,12.26252159,6.09195,95.34883721,25635,1696.658098
1172,2020,Scotland,South Lanarkshire,494,5200,5694,102.9640456,437.1,9.164733179,5.82313,94.47236181,23402,539.7091723
1173,2020,Scotland,South Lanarkshire,680,2689,3369,91.74883721,721,17.16937355,5.69231,87.5,29947,2142.857143
1174,2020,Scotland,South Lanarkshire,741,2846,3587,105.418766,759.8,26.82403433,5.44286,93.87755102,31779,3934.354486
1175,2020,Scotland,South Lanarkshire,761,2562,3323,100.2301611,619.3,25.35211268,4.83333,92.38095238,29156,1246.376812
1176,2020,Scotland,South Lanarkshire,339,2775,3114,105.127648,367.6,25.17647059,5.53846,91.86046512,21918,708.0103359
1177,2020,Scotland,South Lanarkshire,627,2044,2671,92.02693895,548.7,26.5917603,5.4,88.72180451,27125,839.733743
1178,2020,Scotland,South Lanarkshire,132,3579,3711,89.991274,192.7,2.333931777,6.1134,98.24561404,20022,804.9403748
1179,2020,Scotland,South Lanarkshire,686,3696,4382,103.164509,592.6,21.71428571,5.66316,90,24186,1413.210445
1180,2020,Scotland,South Lanarkshire,934,3557,4491,90.22646007,555.6,19.34782609,5.22368,90.20618557,25429,1469.770674
1181,2020,Scotland,South Lanarkshire,563,5555,6118,57.88197894,508.2,7.988980716,6.03256,95.19650655,25146,1025.49786
1182,2020,Scotland,South Lanarkshire,447,3090,3537,101.4709938,447.4,17.95275591,5.55556,90.22556391,21033,720.4968944
1183,2020,Scotland,South Lanarkshire,555,3222,3777,105.3300866,553.7,15.11387164,5.51136,91.37931034,25339,963.0266552
1184,2020,Scotland,South Lanarkshire,453,3656,4109,99.69682464,501.4,16.13832853,5.53226,93.08176101,31701,1286.185416
1185,2020,Scotland,South Lanarkshire,353,4462,4815,99.92270939,317.1,12.51719395,5.83916,93.39622642,23932,666.0104987
1186,2020,Scotland,South Lanarkshire,331,4275,4606,103.6200088,357.1,10.35460993,5.69512,92.30769231,20067,1454.861111
1187,2020,Scotland,South Lanarkshire,362,2659,3021,98.26527314,400.5,13.82978723,5.89535,95.83333333,25501,2586.473929
1188,2020,Scotland,South Lanarkshire,343,2751,3094,102.038736,417.4,11.69977925,5.95349,96.33027523,30405,1655.13571
1189,2020,Scotland,South Lanarkshire,57,2645,2702,107.6746558,234.2,3.746397695,6.27381,96.55172414,16805,281.7745803
1190,2020,Scotland,South Lanarkshire,217,3807,4024,104.367179,341.5,8.443708609,6.07634,92.77108434,17838,887.0034709
1191,2020,Scotland,South Lanarkshire,63,4056,4119,94.00836416,204.6,4.42804428,6.25253,96.2962963,13146,335.5187042
1192,2020,Scotland,South Lanarkshire,309,3531,3840,99.44484241,450.1,9.541284404,6.26957,98.02631579,24661,1354.344123
1193,2020,Scotland,South Lanarkshire,175,2507,2682,104.5216741,300.1,12.5,6.17647,94.84536082,16385,314.1361257
1194,2020,Scotland,South Lanarkshire,506,4903,5409,91.23653918,386.5,16.92573402,5.90148,95.27272727,23966,630.6852638
1195,2020,Scotland,South Lanarkshire,697,3448,4145,100.241799,517.4,17.97066015,5.18571,90.15544041,30329,1538.15261
1196,2020,Scotland,South Lanarkshire,498,2651,3149,104.905299,438.1,22.84263959,5.53846,95.12195122,23732,1179.89418
1197,2020,Scotland,South Lanarkshire,424,3723,4147,105.7566718,336.6,16.43192488,5.75194,94.79768786,22928,728.0669822
1198,2020,Scotland,South Lanarkshire,423,3062,3485,98.80396733,445.6,16.03448276,5.5625,89.81481481,25865,847.7666363
1199,2020,Scotland,South Lanarkshire,532,3077,3609,102.6964844,411.1,22.01492537,5.73118,92.70072993,32747,986.2778731
1200,2020,Scotland,South Lanarkshire,458,3424,3882,105.2736061,389.3,16.77115987,5.63725,89.93288591,20541,1610.169492
1201,2020,Scotland,Stirling,190,5177,5367,98.62258953,221,8.948545861,6.19186,97.24770642,16171,589.0009762
1202,2020,Scotland,Stirling,235,4150,4385,92.4181722,297.5,10.02570694,5.97633,95.61403509,18835,670.7086017
1203,2020,Scotland,Stirling,147,3100,3247,102.9166215,196.9,8.946322068,5.90654,97.94520548,15426,375.4831585
1204,2020,Scotland,Stirling,209,3592,3801,100.4782962,280.1,8.409785933,5.95192,96.5034965,17699,468.6118479
1205,2020,Scotland,Stirling,426,2647,3073,90.77032665,513.4,22.3880597,5.02105,89.58333333,16467,1577.681578
1206,2020,Scotland,Stirling,398,2344,2742,96.98906231,665.1,22.52559727,5.36449,91.79104478,30194,1070.627803
1207,2020,Scotland,Stirling,435,2431,2866,101.0863148,723.3,19.96557659,5.16667,91.53846154,29977,886.1439313
1208,2020,Scotland,Stirling,314,3083,3397,106.3253928,492.7,13.03370787,5.54167,91.04477612,23452,1034.482759
1209,2020,Scotland,Stirling,472,3028,3500,104.7788661,412.1,23.18181818,5.21905,87.65432099,26706,1089.918256
1210,2020,Scotland,Stirling,657,4629,5286,103.5070014,452,17.26027397,5.68056,95.78947368,21008,979.5447998
1211,2020,Scotland,Stirling,651,3418,4069,93.54625186,535.6,21.25307125,5.40984,88.30409357,26768,1634.86719
1212,2020,Scotland,Stirling,146,4011,4157,90.19077901,230.8,2.936378467,6.20988,97.36842105,20298,777.2925764
1213,2020,Scotland,Stirling,335,2106,2441,100.8707671,611.9,16.84210526,5.66667,92.55319149,36818,2680.608365
1214,2020,Scotland,Stirling,380,3711,4091,104.3840381,510.4,23.31606218,5.52632,79.24528302,17625,1786.485653
1215,2020,Scotland,Stirling,991,2275,3266,76.91428571,967.1,29.12751678,4.83333,89.02439024,30948,1664.056382
1216,2020,Scotland,Stirling,436,2726,3162,104.134394,547.8,18.41269841,5.61468,93.19727891,20588,1086.453999
1217,2020,Scotland,Stirling,98,2710,2808,91.15066433,232.5,5.676855895,6.14063,97.33333333,18316,479.2332268
1218,2020,Scotland,Stirling,241,7024,7265,106.9015133,279.7,4.584527221,6.02521,97.4025974,15194,450.9678792
1219,2020,Scotland,Stirling,171,2783,2954,96.37223975,238.8,10.98901099,6.01961,94.80519481,15971,1603.31384
1220,2020,Scotland,Stirling,156,5499,5655,97.87956962,238.4,2.588438309,6.36697,98.04560261,15808,502.8117764
1221,2020,Scotland,Stirling,254,4283,4537,103.1115291,290,6.512301013,6.16352,97.0212766,18738,373.679935
1222,2020,Scotland,Stirling,286,4623,4909,88.28401576,249.4,9.565217391,6.09028,95.95959596,17554,756.4698076
1223,2020,Scotland,Stirling,294,3446,3740,101.5244469,322.1,11.72161172,5.7686,93.83561644,18108,1405.642023
1224,2020,Scotland,Stirling,228,3054,3282,106.0208866,340.3,16.17312073,5.67857,96.42857143,15590,1309.148265
1225,2020,Scotland,West Dunbartonshire,947,3130,4077,112.1044237,523,23.85861561,5.448,88.16568047,29811,1760.343482
1226,2020,Scotland,West Dunbartonshire,1120,3413,4533,95.88264127,957.9,25.12376238,5.27451,88.74172185,35006,2675.787464
1227,2020,Scotland,West Dunbartonshire,1516,4044,5560,100.6331004,604.3,28.72444012,5.3087,91.60583942,29162,2776.850306
1228,2020,Scotland,West Dunbartonshire,912,3676,4588,97.52551582,560.6,13.81668947,5.52206,91.52542373,30250,1121.560432
1229,2020,Scotland,West Dunbartonshire,397,3188,3585,105.5686201,364.2,13.0952381,5.7619,93.07692308,26641,1898.504758
1230,2020,Scotland,West Dunbartonshire,1229,4018,5247,104.5918367,590.9,29.87551867,5.36893,86.81318681,29088,886.758538
1231,2020,Scotland,West Dunbartonshire,445,3945,4390,102.7033167,304.4,16.8,5.58647,90.56603774,22554,919.1759113
1232,2020,Scotland,West Dunbartonshire,1292,4185,5477,100.1150818,671,21.29925453,5.31579,80.27522936,25837,2134.958889
1233,2020,Scotland,West Dunbartonshire,393,4524,4917,110.9913338,339.6,10.82317073,5.85443,95.02762431,21382,788.2241216
1234,2020,Scotland,West Dunbartonshire,325,3913,4238,102.6764586,429.2,11.22278057,5.75362,96.05263158,18348,1239.078634
1235,2020,Scotland,West Dunbartonshire,806,4186,4992,106.2238931,572.3,19.25531915,5.42405,91.12149533,21530,949.6494583
1236,2020,Scotland,West Dunbartonshire,613,6397,7010,88.72256406,484.5,8.796296296,6.01695,94.29824561,20156,1579.961464
1237,2020,Scotland,West Dunbartonshire,1251,4266,5517,101.0816302,700.1,25.91522158,5.19277,88.51674641,17520,1862.882832
1238,2020,Scotland,West Dunbartonshire,772,4322,5094,102.9456045,462.9,17.31707317,5.53906,94.38202247,21041,1082.474227
1239,2020,Scotland,West Dunbartonshire,1134,4662,5796,98.16226673,563.1,23.26693227,5.16162,87.890625,19424,1365.009613
1240,2020,Scotland,West Dunbartonshire,863,3265,4128,101.9285163,644.4,22.65943012,5.17391,86.875,36154,2123.142251
1241,2020,Scotland,West Dunbartonshire,877,5113,5990,103.069273,485.3,11.79976162,5.55319,89.34010152,23049,1973.056413
1242,2020,Scotland,West Dunbartonshire,836,3635,4471,101.8497374,439.5,20.8994709,5.40602,85.55555556,21158,1470.160116
1243,2020,Scotland,West Lothian,785,4019,4804,104.4742729,502.8,24.0948814,5.35252,93.22916667,29167,1739.576213
1244,2020,Scotland,West Lothian,598,4259,4857,100.2845143,457.6,22.10401891,5.60294,85.8490566,26620,1779.293242
1245,2020,Scotland,West Lothian,769,4684,5453,102.514142,495,20.47413793,5.63399,90.6779661,21695,987.1638142
1246,2020,Scotland,West Lothian,288,4431,4719,98.57212851,222.7,12.3255814,6.16017,94.88054608,20055,895.8009331
1247,2020,Scotland,West Lothian,119,5196,5315,103.8084589,231.3,5.594405594,6.16832,96,14115,328.1733746
1248,2020,Scotland,West Lothian,868,4547,5415,99.118251,532.1,20.49180328,5.32174,88.46153846,27368,2025.174825
1249,2020,Scotland,West Lothian,233,5716,5949,101.4847723,277.9,7.625272331,5.84768,92.26190476,18209,409.0909091
1250,2020,Scotland,West Lothian,397,5336,5733,74.08275174,342.5,10.73094868,5.74251,92.0212766,22815,503.9479796
1251,2020,Scotland,West Lothian,335,2405,2740,93.79727685,426.8,21.65605096,5.42045,92.66055046,28411,1488.794023
1252,2020,Scotland,West Lothian,1266,4695,5961,107.1802361,531.3,30.19390582,4.98925,88.97058824,27244,1379.016207
1253,2020,Scotland,West Lothian,705,3880,4585,95.36256324,508.1,18.71713985,5.44199,91.56118143,21348,2163.913184
1254,2020,Scotland,West Lothian,319,5034,5353,98.75925809,337.6,10.62562066,5.79429,96.3562753,18592,400.3612282
1255,2020,Scotland,West Lothian,1089,3935,5024,100.8689159,524.8,25.31876138,5.18224,90.2173913,28130,1412.520064
1256,2020,Scotland,West Lothian,794,4885,5679,103.8339438,460,21.03896104,5.19481,92.33333333,25169,970.6362153
1257,2020,Scotland,West Lothian,139,3617,3756,105.7121798,286,13.30935252,5.98551,97.76536313,21457,461.8736383
1258,2020,Scotland,West Lothian,511,2249,2760,101.1527713,568.9,25.98290598,5.37963,90.4109589,34395,1422.271224
1259,2020,Scotland,West Lothian,653,5296,5949,103.1119478,507.6,14.73586654,5.51584,93.99293286,26093,946.6984885
1260,2020,Scotland,West Lothian,260,1940,2200,104.7928513,472,23.88888889,5.56989,92.30769231,18377,920.8523592
1261,2020,Scotland,West Lothian,1008,3901,4909,97.29341808,529.5,29.89323843,5.31098,89.04761905,30120,1605.372562
1262,2020,Scotland,West Lothian,836,5212,6048,101.303444,457.4,18.83745963,5.62755,91.26984127,30332,991.9137466
1263,2020,Scotland,West Lothian,1096,3762,4858,103.3361427,650.9,29.91169978,5.37762,87.26415094,27958,1936.127745
1264,2020,Scotland,West Lothian,425,3788,4213,59.07178458,479.7,13.2231405,5.64189,92.85714286,19255,910.1725164
1265,2020,Scotland,West Lothian,743,4946,5689,103.3719957,475.2,18.52631579,5.43316,92.56198347,24037,975.1824818
1266,2020,Scotland,West Lothian,825,5507,6332,103.9381854,431.6,18.80832735,5.51628,89.34707904,25352,863.7532134
1267,2020,Scotland,West Lothian,381,6392,6773,64.19203523,371.3,8.350730689,5.57212,94.69026549,19372,1073.170732
1268,2020,Scotland,West Lothian,713,3603,4316,105.9609797,475.3,25.2240717,5.32773,89.94413408,24341,1316.712115
1269,2020,Scotland,West Lothian,904,5517,6421,105.0674182,623.1,17.71058315,5.45513,89.81481481,28594,1901.57176
1270,2020,Scotland,West Lothian,659,5390,6049,106.122449,390.2,12.9503408,5.7337,93.75,19776,834.6795907
1271,2020,Scotland,West Lothian,407,3236,3643,95.0697256,375,17.34693878,5.39167,92.36111111,18588,923.6081139
1272,2020,Scotland,West Lothian,295,5604,5899,102.8134169,234.6,5.701357466,6.31193,97.66666667,16613,407.2790295
1273,2020,Scotland,West Lothian,284,4142,4426,105.0575264,335.8,4.906204906,6.1039,99.03381643,17422,838.6837881
1274,2020,Scotland,West Lothian,71,3466,3537,108.2803813,195.2,2.393162393,6.24762,96.12903226,14016,216.1890397
1275,2020,Scotland,West Lothian,503,4777,5280,74.87135991,358.8,15.62009419,5.56863,89.75903614,20089,733.7469652
1276,2020,Scotland,West Lothian,522,3767,4289,94.72416648,431.6,19.41309255,5.78358,93.08510638,26149,934.1032609
1277,2020,Scotland,West Lothian,629,5066,5695,104.7963801,377.3,13.10904872,5.5,93.39207048,18799,1076.604555
1278,2020,Scotland,West Lothian,204,3736,3940,103.0181266,244.4,11.97183099,5.88571,93.86503067,16448,678.2534972
1279,2020,Scotland,West Lothian,286,2455,2741,90.88309689,490,18.95910781,5.24096,91.96428571,24532,1435.845214
