,year,country,la,inc.n,noninc.n,pop,Depop,EM,CP,Attain,PD,EA,crime
1,2021,Scotland,Aberdeen City,317,4492,4809,103.0693418,324.1,9.05511811,5.762682405,92.63803681,20052.31037,496.4539007
2,2021,Scotland,Aberdeen City,74,4334,4408,76.42910634,208.2,4.818181818,6.317422773,95,14926.82927,352.533837
3,2021,Scotland,Aberdeen City,208,6657,6865,98.38120104,232.7,2.270947533,6.307653436,98.8,18767.12329,428.0261723
4,2021,Scotland,Aberdeen City,713,4784,5497,97.20262254,462.1,15.07853403,5.065261988,84.93150685,27582.15962,1504.122832
5,2021,Scotland,Aberdeen City,132,4383,4515,112.1146656,221.9,2.429149798,6.189908296,100,22698.61286,852.1674694
6,2021,Scotland,Aberdeen City,88,3958,4046,101.2920569,191.4,1.495016611,6.085583015,97.33333333,22382.32469,402.8972386
7,2021,Scotland,Aberdeen City,84,4866,4950,101.4723117,211.7,4.381846635,5.932023824,98.52941176,19864.75063,379.0945896
8,2021,Scotland,Aberdeen City,270,4914,5184,82.20008903,308.4,5.4894785,6.034774668,96.8503937,19658.11966,845.5565142
9,2021,Scotland,Aberdeen City,461,3434,3895,109.5264676,539,16.25874126,5.391053733,91.96428571,29404.30925,2020.063839
10,2021,Scotland,Aberdeen City,136,4456,4592,98.54735619,585.3,3.737113402,6.211191293,91.91176471,23681.37783,1280.719972
11,2021,Scotland,Aberdeen City,399,5334,5733,114.0293424,483.6,15.06849315,6.03016771,94.80519481,22321.42857,861.3176109
12,2021,Scotland,Aberdeen City,64,3611,3675,99.80404964,227.2,1.25588697,6.505354993,98.94736842,16855.75365,1934.924078
13,2021,Scotland,Aberdeen City,159,6192,6351,109.2986279,295.7,2.834008097,6.342154553,95.89041096,21301.77515,528.9612255
14,2021,Scotland,Aberdeen City,263,3744,4007,99.80327869,655.6,25.76923077,5.281756242,83.01886792,22102.42588,4627.627628
15,2021,Scotland,Aberdeen City,238,2440,2678,104.3338684,645.5,29.90196078,5.244447467,70,38596.49123,7164.677804
16,2021,Scotland,Aberdeen City,184,4943,5127,110.1086549,412.1,9.38215103,6.092181448,96.22641509,21321.96162,677.1879484
17,2021,Scotland,Aberdeen City,236,4765,5001,108.4262516,395.4,6.571936057,5.776484062,91.30434783,21531.63152,792.7866621
18,2021,Scotland,Aberdeen City,501,3449,3950,112.0128088,409.9,19.26605505,5.209580978,88.88888889,27486.91099,1316.254417
19,2021,Scotland,Aberdeen City,373,4529,4902,76.41118916,383.9,8.661417323,5.176950827,83.89261745,24570.02457,1527.065527
20,2021,Scotland,Aberdeen City,101,3853,3954,108.5696395,351.9,7.594936709,5.548098663,92.98245614,17939.60924,319.0232375
21,2021,Scotland,Aberdeen City,169,3372,3541,105.8590351,381.8,13.45826235,5.332534175,90.42553191,22500,1153.680585
22,2021,Scotland,Aberdeen City,877,4595,5472,114.6516945,725.6,30.62678063,4.857793344,81.02189781,30535.45586,1865.023803
23,2021,Scotland,Aberdeen City,1000,3582,4582,112.4629318,829.8,30.48780488,4.677722363,82.24299065,35986.15917,1335.553089
24,2021,Scotland,Aberdeen City,389,2908,3297,105.8506706,741.5,17.5257732,5.304106949,80.64516129,32326.28399,2969.242902
25,2021,Scotland,Aberdeen City,281,3899,4180,105.1271114,563.2,17.9389313,5.509958634,85.71428571,22797.92746,1586.165772
26,2021,Scotland,Aberdeen City,737,6364,7101,106.091044,665,20.997921,4.932739213,88.46153846,30616.74009,2625.203399
27,2021,Scotland,Aberdeen City,422,3314,3736,100.2869955,580.9,14.53744493,5.388284705,89.04109589,20142.18009,3852.721451
28,2021,Scotland,Aberdeen City,440,5276,5716,99.77160494,517.2,25.67783094,5.391811379,85.39325843,19148.93617,1228.612167
29,2021,Scotland,Aberdeen City,652,3823,4475,99.15972422,797.4,22.0735786,5.089370401,91.22807018,33771.10694,1632.429471
30,2021,Scotland,Aberdeen City,456,4149,4605,121.0084746,770.9,27.696793,5.227502915,80.82191781,27160.49383,1371.082621
31,2021,Scotland,Aberdeen City,1012,4556,5568,92.97917446,663.6,25.02187227,5.268496721,87.28323699,25577.55776,2261.191902
32,2021,Scotland,Aberdeen City,872,3145,4017,106.9331447,1004.1,31.25904486,5.049629748,84.8,37316.17647,2937.920127
33,2021,Scotland,Aberdeen City,502,5592,6094,100.7782101,381.3,17.30545877,5.938380095,86.95652174,23575.81069,932.4758842
34,2021,Scotland,Aberdeen City,814,4651,5465,109.2178392,646.5,20.25477707,5.275655868,86.25,28331.78006,2269.877928
35,2021,Scotland,Aberdeen City,806,3911,4717,111.2148811,543,22.88828338,5.188439632,81.73076923,32942.70833,1966.089466
36,2021,Scotland,Aberdeen City,664,4250,4914,105.4720726,533.4,16.36615811,5.091144167,87.84530387,26147.18615,1172.707889
37,2021,Scotland,Aberdeen City,552,2953,3505,106.9052674,452.6,22.37871674,4.997601566,83.78378378,28935.53223,1712.846348
38,2021,Scotland,Aberdeen City,923,4469,5392,107.0811408,567.3,24.29990967,4.943726453,83.39483395,32670.80745,1710.896035
39,2021,Scotland,Aberdeen City,924,3975,4899,111.5712291,720.6,26.29695886,4.957130872,80.93023256,28054.29864,1837.563452
40,2021,Scotland,Aberdeen City,152,5497,5649,86.02841325,272,5.970149254,6.059784205,96.44670051,12782.80543,874.1092637
41,2021,Scotland,Aberdeen City,298,3722,4020,67.78550415,488.1,13.26315789,5.290650428,86.2745098,21471.47147,1021.831413
42,2021,Scotland,Aberdeen City,397,4870,5267,81.62686214,399.3,12.29338843,5.367947262,87.11656442,23924.73118,1723.050459
43,2021,Scotland,Aberdeen City,367,4894,5261,107.3681438,421.8,9.803921569,5.468971283,89.38547486,23591.28475,1066.202091
44,2021,Scotland,Aberdeen City,97,3965,4062,107.4018261,386.5,6.458333333,5.52475571,92.78350515,16422.59414,785.9313938
45,2021,Scotland,Aberdeen City,147,4245,4392,89.68016166,241.7,5.94795539,5.640943701,91.72932331,19084.82143,327.7092797
46,2021,Scotland,Aberdeen City,144,4756,4900,104.8435066,295.4,5.764075067,5.691262087,90.32258065,16185.89744,363.9705882
47,2021,Scotland,Aberdeen City,284,3348,3632,99.27108323,294.5,13.46863469,5.619635537,89.56521739,15920.91571,593.5854476
48,2021,Scotland,Aberdeen City,107,2555,2662,110.8159393,238.3,10.85714286,5.494121013,88.73239437,18580.06042,993.7888199
49,2021,Scotland,Aberdeen City,124,3416,3540,72.29870672,338,5.321782178,5.891676211,91.66666667,21578.94737,449.0106545
50,2021,Scotland,Aberdeenshire,167,2903,3070,102.3449485,317.1,11.28608924,5.687988545,90.81632653,12738.8535,341.4911781
51,2021,Scotland,Aberdeenshire,256,5069,5325,95.37928379,226.8,9.050772627,5.868842731,96.42857143,16628.87377,625.8411844
52,2021,Scotland,Aberdeenshire,244,4077,4321,92.62121764,349.5,6.815761448,5.833760228,95.85492228,14347.35707,3784.890212
53,2021,Scotland,Aberdeenshire,297,3782,4079,94.63188961,309.2,12.61904762,5.696133697,96.12903226,19466.97567,461.5384615
54,2021,Scotland,Aberdeenshire,341,5442,5783,96.66216137,326.5,9.722222222,5.797168843,95.13108614,18209.87654,837.5491849
55,2021,Scotland,Aberdeenshire,105,4289,4394,66.04942133,246.2,4.045734389,5.820782437,94.94382022,13976.94524,615.698862
56,2021,Scotland,Aberdeenshire,381,4947,5328,108.5792815,357,9.318996416,5.92541319,90.90909091,17107.58377,737.0453814
57,2021,Scotland,Aberdeenshire,268,5401,5669,106.849564,301.5,5.09478673,6.102928043,95.29411765,16605.43718,479.2235365
58,2021,Scotland,Aberdeenshire,87,2883,2970,111.7085863,321.2,4.042553191,5.894259634,93.66197183,17773.78815,477.6119403
59,2021,Scotland,Aberdeenshire,102,4192,4294,110.9171018,271.4,5.862646566,5.71565706,91.83673469,18073.72176,466.6917576
60,2021,Scotland,Aberdeenshire,233,5646,5879,78.71168716,372.4,7.346128392,5.680977078,91.74757282,17241.37931,532.9815303
61,2021,Scotland,Aberdeenshire,144,4964,5108,94.07944996,215.9,5.23364486,6.054090003,96.66666667,15060.24096,413.6858476
62,2021,Scotland,Aberdeenshire,182,3923,4105,102.0462046,309.4,8.65497076,5.717958527,93.33333333,19949.49495,720.3032856
63,2021,Scotland,Aberdeenshire,114,2895,3009,106.8620768,337.5,4.137931034,6.38251366,96.09375,15883.6689,791.7705736
64,2021,Scotland,Aberdeenshire,114,4169,4283,94.01585608,192.6,4.6875,6.226732072,97.2826087,15108.59301,422.8755538
65,2021,Scotland,Aberdeenshire,195,3883,4078,103.292693,251.6,10.60606061,5.839764808,92.73743017,14910.53678,285.3598015
66,2021,Scotland,Aberdeenshire,275,5928,6203,86.02306195,252.2,8.421052632,5.854344653,91.57894737,14721.58658,434.9975284
67,2021,Scotland,Aberdeenshire,322,3232,3554,106.5057404,486.9,14.54849498,5.569681569,91.44385027,17763.97516,566.6003976
68,2021,Scotland,Aberdeenshire,334,5136,5470,107.0888348,305.9,10.66481994,5.632702517,92.94871795,21153.84615,680.6615776
69,2021,Scotland,Aberdeenshire,524,4814,5338,103.5753398,433.4,14.96688742,5.286602602,88.20224719,21921.92192,1736.313573
70,2021,Scotland,Aberdeenshire,162,6203,6365,65.87520707,277.6,5.18819939,5.609479774,94.36090226,11758.47458,352.4492234
71,2021,Scotland,Aberdeenshire,174,5775,5949,100.8078943,232,4.822134387,5.921291598,94.09448819,16450.64806,497.9965655
72,2021,Scotland,Aberdeenshire,107,3310,3417,97.86299766,230.6,5.93220339,5.895528396,94.70198675,17326.73267,642.6618049
73,2021,Scotland,Aberdeenshire,103,4940,5043,85.32358516,269.1,3.50877193,6.054921323,95.16129032,14268.86792,294.3100065
74,2021,Scotland,Aberdeenshire,95,3793,3888,110.624111,259.3,6.172839506,5.920897391,94.48818898,15601.50376,453.271028
75,2021,Scotland,Aberdeenshire,134,3835,3969,104.9268119,210.3,6.428571429,5.869872644,95.53072626,16306.4833,752.5510204
76,2021,Scotland,Aberdeenshire,152,4078,4230,100.4567978,238.7,6.326304107,5.722329194,90.72164948,16619.31818,416.5130851
77,2021,Scotland,Aberdeenshire,184,5082,5266,102.1280663,219.5,7.760314342,5.805258543,85.83333333,16065.91143,417.0528267
78,2021,Scotland,Aberdeenshire,252,5841,6093,95.97045726,336.6,7.68566494,5.863894886,95.04132231,16813.45076,652.0010602
79,2021,Scotland,Aberdeenshire,252,3841,4093,106.5995251,398,11.11111111,5.665706944,92.36111111,18598.13084,827.7591973
80,2021,Scotland,Aberdeenshire,168,4378,4546,92.39573094,248.6,9.101382488,5.741842396,94.92385787,13497.65258,697.2111554
81,2021,Scotland,Aberdeenshire,249,5777,6026,92.6381681,333,8.571428571,5.646951136,91.94915254,18838.02817,256.6116784
82,2021,Scotland,Aberdeenshire,185,4877,5062,99.98670566,273.8,10.08902077,5.743201145,91.63498099,16952.7897,522.875817
83,2021,Scotland,Aberdeenshire,203,3725,3928,98.09579733,346.4,9.055627426,5.637264515,92.5170068,18077.47489,427.2151899
84,2021,Scotland,Aberdeenshire,216,4825,5041,93.78142366,285.7,6.496062992,5.588131504,94.44444444,15573.77049,369.4834075
85,2021,Scotland,Aberdeenshire,253,4400,4653,99.60088692,312.7,11.9266055,5.787482935,92.1875,15193.64449,1000.71736
86,2021,Scotland,Aberdeenshire,488,3843,4331,104.6581637,427.6,16.54135338,5.211448684,92.68292683,17174.28088,1204.410517
87,2021,Scotland,Aberdeenshire,110,2748,2858,101.3552411,326.3,8.893280632,5.565214353,95.45454545,15705.76541,555.5555556
88,2021,Scotland,Aberdeenshire,404,4204,4608,112.4530369,359.6,16.93037975,5.275717036,94.70588235,19764.50799,1151.465126
89,2021,Scotland,Aberdeenshire,288,2925,3213,101.4185877,404.1,18.43137255,5.143812709,86.91588785,18036.52968,859.9242834
90,2021,Scotland,Aberdeenshire,305,3505,3810,93.96099639,342.6,13.47826087,5.38377833,88.96551724,12768.03119,531.5614618
91,2021,Scotland,Aberdeenshire,511,3568,4079,107.5590551,508.1,20.14652015,5.159407999,92.26190476,21199.58635,1375.707444
92,2021,Scotland,Aberdeenshire,468,3439,3907,105.2779239,489.2,13.65030675,5.298685727,88.50574713,20800,553.6912752
93,2021,Scotland,Aberdeenshire,251,2876,3127,102.6992963,293.2,11.09057301,5.488780926,93.07692308,17055.21472,589.4962487
94,2021,Scotland,Aberdeenshire,281,2747,3028,104.7903504,358.9,14.84536082,5.50829856,94.16666667,18126.88822,521.2464589
95,2021,Scotland,Aberdeenshire,332,4708,5040,89.88420505,330.1,9.149623251,5.593469713,91.13300493,16495.80615,482.0051414
96,2021,Scotland,Aberdeenshire,289,2350,2639,106.9056059,352.7,11.91588785,5.23988491,88.28828829,21407.62463,990.1685393
97,2021,Scotland,Aberdeenshire,136,2973,3109,89.31399774,308.2,6.973293769,5.861125243,93.16239316,18282.98887,386.0010293
98,2021,Scotland,Aberdeenshire,364,4136,4500,99.32566723,385.7,13.29987453,5.237848539,90.58823529,18853.25559,786.2068966
99,2021,Scotland,Aberdeenshire,317,4222,4539,101.3796743,420,15.15994437,5.265459112,89.02439024,16722.40803,1690.340909
100,2021,Scotland,Aberdeenshire,364,2148,2512,108.1612859,557.6,18.63013699,5.184496631,83.11688312,23973.72742,1751.216122
101,2021,Scotland,Aberdeenshire,1143,5140,6283,102.6923904,813.8,23.7388724,5.033768712,79.06976744,21486.85403,2597.242738
102,2021,Scotland,Aberdeenshire,333,3918,4251,107.8516457,369.7,13.29305136,5.234432025,91.61290323,17219.25134,1278.135048
103,2021,Scotland,Aberdeenshire,382,6787,7169,75.79766213,367.8,10.09174312,5.50853163,91.50943396,16731.21611,513.1817267
104,2021,Scotland,Aberdeenshire,530,5690,6220,90.22056602,375.7,11.29431162,5.275416159,92.39130435,17751.47929,837.8245958
105,2021,Scotland,Aberdeenshire,175,3996,4171,107.4013862,410.3,6.4,5.541201163,90.85714286,17705.24233,978.9897184
106,2021,Scotland,Aberdeenshire,404,1946,2350,109.6145455,600.9,20.04662005,4.407823839,79.81651376,25775.65632,2043.539326
107,2021,Scotland,Aberdeenshire,345,2315,2660,106.1731557,477.7,16.58031088,5.144758657,84.21052632,26127.52722,2542.26675
108,2021,Scotland,Aberdeenshire,737,2830,3567,109.6129096,695.9,26.7496112,4.485643868,84.3537415,26116.83849,3585.787751
109,2021,Scotland,Angus,246,5280,5526,105.096384,224.5,7.535885167,5.96320939,97.10743802,16216.21622,650.0473335
110,2021,Scotland,Angus,214,6036,6250,86.65146295,277.4,5.543710021,5.822931303,94.91525424,17304.74732,710.732054
111,2021,Scotland,Angus,140,2659,2799,102.8162291,267.4,9.478672986,5.768843573,94.91525424,18636.36364,505.7316251
112,2021,Scotland,Angus,226,4536,4762,94.56327396,352.1,5.965909091,5.731444806,97.61904762,19556.08878,467.3954014
113,2021,Scotland,Angus,529,4796,5325,96.85155577,477,18.31140351,5.337442326,90.98360656,21321.07023,575.3012048
114,2021,Scotland,Angus,267,5147,5414,103.5480624,283.1,10.41948579,5.795205497,95.30516432,18259.38567,464.2857143
115,2021,Scotland,Angus,134,2646,2780,90.36767944,237.1,14.86486486,5.756919478,95.87628866,16642.12077,720.5806117
116,2021,Scotland,Angus,616,5012,5628,108.3343873,404.2,15.68862275,5.711875692,94.46640316,18552.41265,501.8703242
117,2021,Scotland,Angus,360,3259,3619,105.6544202,400.7,14.94252874,5.840010128,94.54545455,20000,1060.83459
118,2021,Scotland,Angus,1027,3706,4733,104.3776255,694.9,29.5379538,5.233291219,88.88888889,25049.50495,2848.817278
119,2021,Scotland,Angus,866,4226,5092,95.25181741,474,24.65618861,4.967198241,89.6,20000,1060.364101
120,2021,Scotland,Angus,936,3737,4673,107.6694411,455.2,30.88235294,5.005779674,86.91588785,22818.79195,1155.12773
121,2021,Scotland,Angus,222,2659,2881,105.3983353,313.9,14.95726496,5.47634494,88.88888889,16834.53237,920.8103131
122,2021,Scotland,Angus,842,4704,5546,108.5164835,526.7,24.03718459,5.244948824,84.21052632,24157.30337,1699.446835
123,2021,Scotland,Angus,573,4141,4714,104.8666764,379.5,18.97711978,5.473157618,90.29126214,17894.73684,923.5784136
124,2021,Scotland,Angus,255,3571,3826,98.39003093,347.8,15.63380282,5.628148138,91.25,17813.26781,1095.372993
125,2021,Scotland,Angus,216,3254,3470,103.5432294,275.8,12.5,5.525955346,93.44262295,15846.33854,984.8854217
126,2021,Scotland,Angus,629,2876,3505,104.6808097,566.7,34.47204969,5.012574525,87.41721854,24218.75,1406.323738
127,2021,Scotland,Angus,333,3532,3865,100.452056,365.8,15.25423729,5.608126218,90.69767442,16934.72091,1022.727273
128,2021,Scotland,Angus,367,5055,5422,95.33424122,319,10.12658228,5.754764827,96.64804469,16707.92079,1333.129022
129,2021,Scotland,Angus,294,4102,4396,93.38793298,353.9,9.985315712,5.408014165,92.51336898,17744.61028,820.1160542
130,2021,Scotland,Angus,812,3939,4751,107.2389063,445.1,26.92810458,4.924869992,91.41414141,22985.07463,1900.486345
131,2021,Scotland,Angus,597,4288,4885,105.9349075,427.7,24.02777778,5.36827511,90.13452915,18360.37575,1177.529708
132,2021,Scotland,Angus,197,2684,2881,100.4730139,327.5,7.579462103,5.439024062,91.75257732,18507.46269,520.7100592
133,2021,Scotland,Angus,636,5395,6031,103.2140043,393.1,17.51101322,5.519934533,92.91338583,18210.6599,961.2583746
134,2021,Scotland,Angus,210,3296,3506,104.7067827,285.4,14.28571429,5.795291288,98.24561404,18783.93051,1475.728155
135,2021,Scotland,Argyll and Bute,247,3588,3835,96.49411571,345.2,11.25401929,5.700910323,96.9924812,17948.71795,511.7449664
136,2021,Scotland,Argyll and Bute,628,5169,5797,103.1545556,560.5,11.55339806,5.125226584,94.61883408,28596.80284,1329.365079
137,2021,Scotland,Argyll and Bute,194,2516,2710,113.3324418,422,18.93491124,5.704917956,96.77419355,27380.95238,1855.036855
138,2021,Scotland,Argyll and Bute,340,5258,5598,90.84662995,379.5,9.967497291,5.639349926,97.27272727,22302.63158,467.6995031
139,2021,Scotland,Argyll and Bute,146,2091,2237,95.13733184,169.9,10.56603774,5.706179963,94.93670886,16973.12588,759.4936709
140,2021,Scotland,Argyll and Bute,225,2848,3073,98.60935525,297.4,12.25382932,5.772462326,92.24806202,20046.34994,554.9626467
141,2021,Scotland,Argyll and Bute,405,3254,3659,104.6778304,452.5,15.52,5.175081113,94.38202247,27928.99408,1659.789088
142,2021,Scotland,Argyll and Bute,169,2256,2425,98.42105263,260.4,11.71171171,5.64520346,98.73417722,20289.85507,770.8049113
143,2021,Scotland,Argyll and Bute,267,3071,3338,99.36080901,321,11.94331984,5.582935569,96.17834395,16753.38189,548.1481481
144,2021,Scotland,Argyll and Bute,246,2612,2858,98.11133201,336.5,14.47368421,5.519416205,97.82608696,17736.67029,662.0209059
145,2021,Scotland,Argyll and Bute,747,3896,4643,109.8406255,506,14.59537572,5.337290977,94.51219512,25588.95207,1247.030879
146,2021,Scotland,Argyll and Bute,196,2326,2522,106.147809,268.9,7.518796992,5.833057167,92.10526316,13897.28097,717.0393215
147,2021,Scotland,Argyll and Bute,870,2752,3622,108.1791159,592.6,20.63197026,5.514913604,92.64705882,20364.74164,1900.658895
148,2021,Scotland,Argyll and Bute,191,2458,2649,96.69265594,365.7,18.86120996,5.726125506,94.02985075,17058.22268,610.3619588
149,2021,Scotland,Argyll and Bute,252,2919,3171,106.121805,377.7,13.68715084,5.778498359,91.66666667,16260.95424,2321.135991
150,2021,Scotland,Argyll and Bute,686,4362,5048,105.8732195,466.7,21.12879884,5.467318905,89.83050847,23511.16625,956.84803
151,2021,Scotland,Argyll and Bute,801,3560,4361,106.5762244,524,20.1793722,5.494873706,91.56626506,19334.53237,1881.533101
152,2021,Scotland,Argyll and Bute,410,6415,6825,90.55137475,268.2,17.26105563,5.682418876,91.71974522,19778.18854,373.253493
153,2021,Scotland,Argyll and Bute,201,3993,4194,98.26753545,300.1,5.102040816,6.050333765,93.70629371,15127.38854,527.176134
154,2021,Scotland,Argyll and Bute,214,4077,4291,103.8500665,281.5,10.75418994,5.970771688,92.1686747,17130.43478,445.7779683
155,2021,Scotland,Argyll and Bute,398,2602,3000,101.9419594,434.7,18.86120996,5.769258549,88.42105263,25520.83333,2058.498896
156,2021,Scotland,Argyll and Bute,478,3480,3958,92.50267216,455.8,11.45833333,5.726824529,87.42857143,25452.19638,671.2132089
157,2021,Scotland,Argyll and Bute,139,2857,2996,101.4236072,275.5,4.728132388,6.058883834,94.16666667,17477.00394,1244.394619
158,2021,Scotland,Clackmannanshire,583,3745,4328,103.9854211,449.6,18.78238342,5.438557321,86.58536585,21598.0025,1103.081019
159,2021,Scotland,Clackmannanshire,819,4561,5380,98.73113643,453.6,23.13901345,5.14190126,89.65517241,25392.29672,1204.620462
160,2021,Scotland,Clackmannanshire,181,2693,2874,98.79391101,325.2,12.02090592,5.595594519,93.51851852,18238.02164,461.8226601
161,2021,Scotland,Clackmannanshire,606,3959,4565,99.66218594,493.8,20.19498607,5.497817825,91.01796407,23453.60825,919.1430546
162,2021,Scotland,Clackmannanshire,304,1928,2232,90.67496816,454.6,20.50632911,5.382765772,93.02325581,22727.27273,911.0169492
163,2021,Scotland,Clackmannanshire,670,3984,4654,107.2293605,389.8,28.99505766,5.346152138,90.36144578,19252.64013,1439.28036
164,2021,Scotland,Clackmannanshire,146,3488,3634,99.6064099,179,5.967741935,6.219028669,92.64705882,14651.63934,358.404846
165,2021,Scotland,Clackmannanshire,518,4315,4833,88.07159655,417,20.41484716,5.568407747,88.57142857,23784.90176,1127.420362
166,2021,Scotland,Clackmannanshire,898,4320,5218,104.7274897,651.4,27.81690141,5.086460297,88.60759494,29279.70065,1727.214786
167,2021,Scotland,Clackmannanshire,1567,3047,4614,103.0601327,712.5,35.13838748,4.678896681,86.36363636,28511.82197,3557.692308
168,2021,Scotland,Clackmannanshire,740,4984,5724,97.52656332,500.8,19.01408451,5.363728345,91.78743961,23108.89443,786.3623866
169,2021,Scotland,Clackmannanshire,273,3121,3394,101.8176488,411.5,10.92278719,5.915334684,93.16239316,25180.89725,643.6781609
170,2021,Scotland,Dumfries and Galloway,848,2949,3797,103.1887875,614.3,33.13343328,4.96911627,88.0952381,24913.49481,2009.925558
171,2021,Scotland,Dumfries and Galloway,473,2157,2630,114.4305879,591.1,32.52688172,5.164984427,94.17475728,24839.74359,4250.87108
172,2021,Scotland,Dumfries and Galloway,602,2825,3427,105.5825483,516.2,18.98148148,4.998276244,91.39072848,23859.19166,957.011259
173,2021,Scotland,Dumfries and Galloway,408,3244,3652,110.5777691,375.9,18.66666667,5.347262101,94.96402878,16558.13953,1197.257384
174,2021,Scotland,Dumfries and Galloway,288,1796,2084,101.9184652,412.5,25.795053,5.554556345,97.4025974,18825.3012,333.0411919
175,2021,Scotland,Dumfries and Galloway,305,2266,2571,112.7366609,377.6,26.89393939,5.720370906,91.75257732,18181.81818,443.9428141
176,2021,Scotland,Dumfries and Galloway,687,4206,4893,103.4979424,347.2,21.7791411,5.492277539,95.95375723,16099.07121,535.5776588
177,2021,Scotland,Dumfries and Galloway,729,4695,5424,102.7021967,395.7,21.12332112,5.532685359,96.24413146,21008.93997,1023.302938
178,2021,Scotland,Dumfries and Galloway,298,3312,3610,96.41654192,330.9,22.75229358,5.289480601,93.75,18221.44725,698.1740064
179,2021,Scotland,Dumfries and Galloway,432,4888,5320,108.8531459,429.4,17.14285714,5.806425166,95.47738693,17055.21472,701.6885553
180,2021,Scotland,Dumfries and Galloway,550,4268,4818,103.0014796,411.3,18.28254848,5.529879106,89.87341772,22476.05011,1184.960122
181,2021,Scotland,Dumfries and Galloway,495,3661,4156,102.4919355,432.9,14.62585034,5.595829867,95.21276596,19556.61124,604.2031524
182,2021,Scotland,Dumfries and Galloway,96,2307,2403,103.5820473,294.9,13.19018405,5.806370252,95.91836735,19041.61412,314.4654088
183,2021,Scotland,Dumfries and Galloway,413,3356,3769,100.8767924,379.5,15.60574949,5.633939369,94.26751592,17688.88889,476.6444233
184,2021,Scotland,Dumfries and Galloway,776,3830,4606,103.6794648,490.3,26.23574144,5.323026977,89.52879581,30762.25045,1025.451863
185,2021,Scotland,Dumfries and Galloway,389,3615,4004,104.494863,380.7,14.23611111,6.156603108,96,20460.35806,506.8493151
186,2021,Scotland,Dumfries and Galloway,286,4184,4470,103.9465602,316.3,16.41285956,5.865853689,97.46835443,21558.87231,695.3125
187,2021,Scotland,Dumfries and Galloway,303,3243,3546,91.23370489,378.2,16.23931624,5.53226827,92.21556886,19505.49451,570.6134094
188,2021,Scotland,Dumfries and Galloway,1457,4331,5788,111.9783569,691.2,33.20574163,5.065786497,85.33834586,30921.05263,2693.562741
189,2021,Scotland,Dumfries and Galloway,806,3768,4574,103.337585,447.2,23.15270936,5.465248681,88.13559322,30816.32653,2926.746167
190,2021,Scotland,Dumfries and Galloway,316,3223,3539,106.4919476,273.4,14.41860465,5.951193358,93.75,22886.13303,602.4691358
191,2021,Scotland,Dumfries and Galloway,289,3055,3344,106.2348912,423.8,13.57758621,5.537174661,97.7443609,19546.43629,1145.118734
192,2021,Scotland,Dumfries and Galloway,254,2878,3132,108.515138,368.7,12.43386243,5.745891505,92,30068.33713,1317.157712
193,2021,Scotland,Dumfries and Galloway,121,2625,2746,106.0741998,273.4,6.106870229,6.062236563,95.4954955,16028.36879,302.8467595
194,2021,Scotland,Dumfries and Galloway,117,2656,2773,104.175239,309.8,9.397590361,5.94146903,95.57522124,20469.36115,351.5379787
195,2021,Scotland,Dumfries and Galloway,678,2592,3270,94.79205695,735.3,24.90566038,5.311785894,86.86868687,33289.12467,6178.148311
196,2021,Scotland,Dumfries and Galloway,321,3101,3422,106.085424,464.6,13.174946,5.868215653,91.17647059,27506.77507,2172.396612
197,2021,Scotland,Dumfries and Galloway,280,2664,2944,106.5725472,362,19.40639269,5.467631173,93.68421053,25832.2237,675.9317751
198,2021,Scotland,Dumfries and Galloway,139,2719,2858,109.0510415,303.4,13.03370787,5.942124763,96.63865546,26186.57938,443.9252336
199,2021,Scotland,Dumfries and Galloway,159,3533,3692,69.96213037,234.8,7.858048162,5.841941914,97.12230216,19627.32919,674.6801086
200,2021,Scotland,Dumfries and Galloway,252,3040,3292,101.0307132,298.3,14.2557652,5.737127671,93.98496241,20561.79775,847.6454294
201,2021,Scotland,Dumfries and Galloway,588,4414,5002,98.82423276,411.2,18.65030675,5.614054242,92.30769231,26242.69006,1480.169972
202,2021,Scotland,Dumfries and Galloway,319,3464,3783,102.4147851,361.6,17.18213058,5.951339273,95.34883721,22666.66667,963.1049353
203,2021,Scotland,Dumfries and Galloway,372,3392,3764,106.5603812,228.8,17.53246753,5.614378349,94.54545455,12013.82887,426.5873016
204,2021,Scotland,Dumfries and Galloway,356,3559,3915,102.875817,341.6,20.62615101,5.586608891,92.15686275,18617.51152,725.8791704
205,2021,Scotland,Dumfries and Galloway,185,2332,2517,108.0529509,245.4,12.42774566,5.63799892,92.22222222,17417.41742,1072.194425
206,2021,Scotland,Dumfries and Galloway,404,2710,3114,105.1268214,512.5,13.36302895,5.36463064,90.17857143,28227.8481,1897.689769
207,2021,Scotland,Dumfries and Galloway,719,4866,5585,101.908653,460.6,21.66344294,5.26110769,89.17748918,22586.06213,936.825886
208,2021,Scotland,Dumfries and Galloway,195,2751,2946,105.3852527,349.1,14.70588235,5.668082259,98.05825243,17046.81873,822.1797323
209,2021,Scotland,Dumfries and Galloway,379,3641,4020,102.9570562,253.6,23.0994152,5.346788392,94.16058394,17176.25899,1338.028169
210,2021,Scotland,Dundee City,212,5521,5733,101.5287143,249.4,6.48011782,6.098368282,96.96969697,16962.69982,538.3822772
211,2021,Scotland,Dundee City,633,6604,7237,96.83827399,818.7,16.92307692,5.316900825,85.9375,35807.86026,1144.616356
212,2021,Scotland,Dundee City,828,4844,5672,104.9553159,671.7,20.76124567,5.135450982,93.39622642,21437.74069,881.1681772
213,2021,Scotland,Dundee City,760,4200,4960,99.44649446,878.8,20.25641026,5.401396663,85.36585366,20761.24567,4878.408254
214,2021,Scotland,Dundee City,929,4551,5480,97.2733972,807.1,26.44067797,4.846032048,88.23529412,26202.32172,2251.781473
215,2021,Scotland,Dundee City,1295,3361,4656,100.505482,1006.3,28.93553223,4.661926236,83.22147651,32603.40633,2287.066246
216,2021,Scotland,Dundee City,1309,3539,4848,95.8017894,859.1,24.41176471,4.768545687,89.51048951,28536.58537,1875.764994
217,2021,Scotland,Dundee City,1265,4427,5692,98.95278769,764.4,30.93053735,5.034901274,84.90566038,22067.59443,1892.262041
218,2021,Scotland,Dundee City,210,3029,3239,105.5644558,322.6,20.20408163,5.846161311,93.44262295,24175.82418,765.171504
219,2021,Scotland,Dundee City,598,3803,4401,107.0669066,441.1,19.05737705,5.467276715,95.23809524,29759.86278,1183.285064
220,2021,Scotland,Dundee City,1203,3280,4483,109.2312693,824.7,25.44080605,4.474833936,82.14285714,30422.12518,1927.023945
221,2021,Scotland,Dundee City,153,3034,3187,101.7169271,268.7,13.82978723,5.963139915,97.5308642,18482.99913,634.4015697
222,2021,Scotland,Dundee City,732,2021,2753,108.5540489,760.1,31.49466192,4.886493114,88.63636364,36417.32283,1969.111969
223,2021,Scotland,Dundee City,329,4796,5125,100.6821374,238.1,7.741935484,5.768180568,98.17073171,23057.32484,1051.873199
224,2021,Scotland,Dundee City,196,3526,3722,104.5123189,287.2,7.720588235,5.64334508,95.68345324,21946.90265,422.8984012
225,2021,Scotland,Dundee City,295,4154,4449,100.6042764,250,6.908462867,5.985942124,96.12403101,19079.93967,775.8976475
226,2021,Scotland,Dundee City,246,6378,6624,96.85546971,399.8,6.044776119,5.948060452,94.38943894,16538.03749,602.4899956
227,2021,Scotland,Dundee City,1620,4460,6080,100.0595496,639.5,23.52071006,4.740728571,86.53295129,21963.19018,1571.285141
228,2021,Scotland,Dundee City,1025,5277,6302,94.49372736,474.3,21.77688711,5.036697473,89.55223881,26725.08215,1450.790413
229,2021,Scotland,Dundee City,1694,3607,5301,98.83929123,865.6,23.71541502,4.296657053,81.32911392,31275.72016,2958.735733
230,2021,Scotland,Dundee City,534,2723,3257,98.43024978,402.7,17.63826607,4.97786511,90.4494382,26382.30648,2713.664896
231,2021,Scotland,Dundee City,901,3145,4046,93.86213409,611.9,23.17596567,4.70312844,87.79527559,28246.31861,1757.8125
232,2021,Scotland,Dundee City,485,4324,4809,105.2873076,389.7,17.37288136,5.478475858,93.19371728,23083.40354,846.7309753
233,2021,Scotland,Dundee City,424,3223,3647,99.98169001,410.3,17.33333333,5.426797976,87.94326241,31547.61905,2918.660287
234,2021,Scotland,Dundee City,1063,3790,4853,104.4495978,732.8,23.88059701,4.734285876,92.98245614,30384.61538,1549.96353
235,2021,Scotland,Dundee City,365,3367,3732,95.20229144,509.4,12.12624585,5.485188306,95.61403509,21212.12121,745.8686914
236,2021,Scotland,Dundee City,930,3530,4460,105.8366675,1009.7,24.93573265,4.833502457,90.90909091,26858.87709,2384.559885
237,2021,Scotland,Dundee City,1181,3130,4311,102.5410943,709.1,32.68608414,4.628298359,86.05769231,26600.98522,2131.90184
238,2021,Scotland,Dundee City,1420,4176,5596,97.74314884,685.6,21.43549952,4.835048106,85.08064516,32857.14286,2758.521913
239,2021,Scotland,Dundee City,1441,4648,6089,99.04455061,600.1,21.95318805,4.960221892,90.0990099,29827.91587,1572.82079
240,2021,Scotland,Dundee City,115,3851,3966,80.81374452,291,2.903225806,5.794514014,97.35099338,18208.51689,0
241,2021,Scotland,East Ayrshire,850,2332,3182,109.222484,661.5,33.47639485,5.275448286,87.28813559,33283.58209,1578.07309
242,2021,Scotland,East Ayrshire,682,3455,4137,100.2611818,538.8,24.08963585,5.383823697,85.45454545,34243.69748,897.4886785
243,2021,Scotland,East Ayrshire,723,4275,4998,104.1706161,453.5,19.54314721,5.34143299,88.26815642,34472.36181,909.0909091
244,2021,Scotland,East Ayrshire,473,2651,3124,103.8211734,463.6,30.1754386,5.005904596,92.14285714,32970.45101,566.0377358
245,2021,Scotland,East Ayrshire,417,3555,3972,109.163488,506.9,19.8943662,5.684687968,93.05555556,32850.77951,528.6151158
246,2021,Scotland,East Ayrshire,795,3945,4740,103.586286,495,19.92337165,5.363392116,88.37209302,30994.6714,923.7536657
247,2021,Scotland,East Ayrshire,574,2101,2675,108.1473926,503.1,34.52685422,4.994764874,85.54216867,37308.8685,934.6991037
248,2021,Scotland,East Ayrshire,982,3856,4838,106.351895,621.5,25.52026287,4.812469454,83.25791855,27826.08696,1000
249,2021,Scotland,East Ayrshire,510,3359,3869,102.8698148,484.9,19.86754967,5.536624788,93.25153374,25963.48884,1570.680628
250,2021,Scotland,East Ayrshire,782,2915,3697,103.7804767,624.8,27.32824427,4.854820932,88.05031447,35098.52217,1692.023974
251,2021,Scotland,East Ayrshire,295,5728,6023,84.78879287,285.4,9.536307962,5.934154351,94.11764706,21400.47207,951.7532296
252,2021,Scotland,East Ayrshire,385,3742,4127,106.9158879,298.9,10.88,5.846544712,94.92385787,22185.79235,744.1471572
253,2021,Scotland,East Ayrshire,312,2147,2459,100.5069066,431.1,18.21705426,5.260712091,89.47368421,28321.67832,747.7243173
254,2021,Scotland,East Ayrshire,441,3402,3843,104.9650607,389.2,18.47457627,5.605200945,95.07042254,16956.52174,736.8918281
255,2021,Scotland,East Ayrshire,539,2258,2797,114.5607235,586.9,35.75581395,5.356930529,87.38738739,23219.81424,1297.468354
256,2021,Scotland,East Ayrshire,740,4032,4772,101.619345,449.5,22.98701299,5.389282763,91.66666667,31152.34375,869.4096601
257,2021,Scotland,East Ayrshire,898,4755,5653,109.9608419,555.8,27.11111111,5.329416598,89.08296943,27613.24042,2213.047069
258,2021,Scotland,East Ayrshire,1403,2978,4381,103.3591143,748.7,33.58633776,4.758620357,90.6504065,32057.41627,1729.571272
259,2021,Scotland,East Ayrshire,768,3406,4174,99.41506965,654.9,26.56641604,5.336886425,92.19858156,29015.54404,978.5376501
260,2021,Scotland,East Ayrshire,496,2341,2837,107.7120823,608.7,26.95924765,5.63551135,89.61038961,27062.22865,4277.355178
261,2021,Scotland,East Ayrshire,298,2913,3211,102.806906,438.2,11.2195122,5.927578412,92.5,26450.74224,1519.879215
262,2021,Scotland,East Ayrshire,463,2444,2907,106.257379,422.8,19.77777778,5.612463401,92.53731343,26284.87518,1537.558685
263,2021,Scotland,East Ayrshire,579,3054,3633,107.1442089,434.1,26.12903226,5.326629932,89.35185185,26323.31903,900.8601177
264,2021,Scotland,East Ayrshire,139,5716,5855,101.0574978,286.7,6.479690522,5.994340776,96.37681159,16696.9147,516.6757791
265,2021,Scotland,East Ayrshire,1115,3478,4593,100.1316656,744.2,26.34854772,5.123030936,90.36697248,35574.22969,1123.789765
266,2021,Scotland,East Ayrshire,1294,3402,4696,96.68657961,737.1,26.91914023,4.946271168,84,29026.84564,1779.348494
267,2021,Scotland,East Ayrshire,713,3245,3958,104.5053414,602.9,21.67487685,5.398019283,90.08264463,29151.73238,5361.757106
268,2021,Scotland,East Ayrshire,161,5650,5811,93.86725178,219.9,4.205607477,6.112116235,97.59036145,19604.9744,585.8310627
269,2021,Scotland,East Ayrshire,369,3864,4233,78.18332642,701.1,12.24043716,5.429624393,93.33333333,27609.42761,1037.924152
270,2021,Scotland,East Ayrshire,336,2409,2745,108.8384166,432.5,12.82722513,5.43948207,93,21460.50671,643.8896189
271,2021,Scotland,East Dunbartonshire,88,2665,2753,106.0918114,227.5,5.210420842,6.311570856,99.17355372,16820.7024,293.9375383
272,2021,Scotland,East Dunbartonshire,354,3123,3477,98.53094493,261.9,11.71993912,5.953593817,95.34883721,27204.03023,512.6953125
273,2021,Scotland,East Dunbartonshire,107,3206,3313,101.3542629,263.8,5.103969754,6.307120112,99.19354839,16901.40845,379.5379538
274,2021,Scotland,East Dunbartonshire,238,3763,4001,96.21052632,333.4,2.764976959,6.330395275,98.50746269,18384.61538,878.6231884
275,2021,Scotland,East Dunbartonshire,57,2870,2927,82.83791363,165.5,1.288659794,6.318947592,98.38709677,15000,239.0438247
276,2021,Scotland,East Dunbartonshire,123,3634,3757,95.75471698,132.9,2.228412256,6.515880435,98.68421053,21262.13592,344.8275862
277,2021,Scotland,East Dunbartonshire,136,4345,4481,96.06341841,230,7.782101167,6.276287472,97.18309859,20526.79382,279.4903411
278,2021,Scotland,East Dunbartonshire,199,4015,4214,99.14292516,206.5,6.071871128,6.402689628,98.33333333,18013.10044,473.8760632
279,2021,Scotland,East Dunbartonshire,135,2747,2882,98.28775268,291.5,9.072978304,5.921220805,96,21044.99274,473.2636755
280,2021,Scotland,East Dunbartonshire,125,3515,3640,102.5121405,216.8,5.197132616,6.254817914,95.90163934,17512.95337,296.5483714
281,2021,Scotland,East Dunbartonshire,80,3163,3243,101.5384615,193.7,2.558635394,6.268651057,100,18834.08072,556.9306931
282,2021,Scotland,East Dunbartonshire,80,2799,2879,98.95269881,176.3,4.830053667,6.341497387,99.06542056,14992.72198,454.8211037
283,2021,Scotland,East Dunbartonshire,123,2684,2807,101.4697237,197.5,7.077625571,6.325665387,95.13888889,17210.68249,505.2878966
284,2021,Scotland,East Dunbartonshire,202,4919,5121,102.7372143,230.3,6.067677946,6.291207655,96.19565217,18509.80392,220.0068752
285,2021,Scotland,East Dunbartonshire,306,6241,6547,97.67610372,236.9,8.257918552,6.141852374,97.56097561,21459.22747,1401.127049
286,2021,Scotland,East Dunbartonshire,786,4862,5648,88.61156257,396.1,17.79735683,6.146794974,95.09433962,23173.27766,777.4725275
287,2021,Scotland,East Dunbartonshire,81,2309,2390,100.0682594,206,4.464285714,6.164651768,99.06542056,18813.90593,159.7869507
288,2021,Scotland,East Dunbartonshire,182,3865,4047,100.9427062,282.9,11.06382979,6.35722637,97.2027972,21435.31634,297.9991486
289,2021,Scotland,East Dunbartonshire,314,4807,5121,103.3599274,185.2,8.081896552,6.343678321,95.72649573,19735.81974,554.428668
290,2021,Scotland,East Dunbartonshire,89,3153,3242,101.797304,213.3,2.987697715,6.192135667,99.14529915,13789.23767,317.6283748
291,2021,Scotland,East Dunbartonshire,342,3120,3462,98.8045007,366.9,8.566433566,5.941419302,93.89312977,22555.20505,1208.151383
292,2021,Scotland,East Dunbartonshire,525,3734,4259,95.01306458,473.7,11.66180758,5.940591083,93.98907104,21024.25876,1766.012588
293,2021,Scotland,East Dunbartonshire,1068,3079,4147,98.14814815,635.1,21.50395778,5.619772965,92.1182266,29971.18156,0
294,2021,Scotland,East Dunbartonshire,284,4657,4941,59.19896943,309.2,5.970149254,6.108702278,96.49122807,20530.56517,441.391406
295,2021,Scotland,East Dunbartonshire,321,2539,2860,96.78820437,412.8,18.21782178,5.761119068,95.41284404,27172.19589,738.6681589
296,2021,Scotland,East Dunbartonshire,513,2701,3214,109.5968449,541.1,26.33744856,5.925028052,91.47286822,30368.09816,777.4227902
297,2021,Scotland,East Dunbartonshire,278,3770,4048,106.4273863,331,13.4751773,5.770637744,95.19230769,24755.3816,564.2633229
298,2021,Scotland,East Dunbartonshire,599,4110,4709,103.9582268,454.4,16.91275168,5.760657221,93.75,26659.95976,753.9823009
299,2021,Scotland,East Lothian,827,5830,6657,78.75071432,484.3,15.02808989,5.242709135,91.86602871,23446.01963,779.3974733
300,2021,Scotland,East Lothian,452,4092,4544,100.8184634,372.5,13.82488479,5.458887998,90.90909091,22234.39211,929.5199183
301,2021,Scotland,East Lothian,167,2861,3028,107.5040783,256.3,6.16966581,6.070584941,96.55172414,22746.18585,828.6038593
302,2021,Scotland,East Lothian,781,4143,4924,104.3469086,388.1,16.8852459,5.560322219,91.15044248,29290.85303,1578.120088
303,2021,Scotland,East Lothian,776,3846,4622,90.06124351,403.6,18.80877743,5.225810913,90.32258065,26492.1466,1138.451444
304,2021,Scotland,East Lothian,438,1935,2373,91.82249512,451.3,16.38733706,5.134855061,91.56626506,25151.51515,1041.939712
305,2021,Scotland,East Lothian,849,4748,5597,92.35181644,420,18.2300885,4.919488629,89.23766816,24694.10456,979.9554566
306,2021,Scotland,East Lothian,548,3735,4283,99.86684421,489.1,16.82808717,5.305601863,87.35632184,27500,944.0947797
307,2021,Scotland,East Lothian,479,5284,5763,106.4818128,324.3,13.79781421,5.556989437,95.21912351,20491.17421,810.6575964
308,2021,Scotland,East Lothian,921,5875,6796,85.6309983,375.8,16.97707736,5.465542196,92.76315789,22070.01522,1348.362399
309,2021,Scotland,East Lothian,656,5362,6018,96.18412421,358.8,10.9535067,5.475096453,95.36679537,25140.92446,866.1216147
310,2021,Scotland,East Lothian,372,2535,2907,90.8670639,384.4,12.41258741,5.668233718,96.36363636,20108.69565,399.4008987
311,2021,Scotland,East Lothian,425,5357,5782,93.09662526,302.9,10.2,5.66853847,96.26556017,17051.8426,476.6056379
312,2021,Scotland,East Lothian,334,5428,5762,74.86973948,254,8.055009823,5.666974798,97.09302326,15189.04824,322.1506332
313,2021,Scotland,East Lothian,308,3927,4235,93.79447548,292.2,7.83817952,5.861756389,93.65853659,15086.2069,749.9062617
314,2021,Scotland,East Lothian,645,4150,4795,99.33089605,448.4,18.62615588,5.393619888,90,20576.77319,1462.450593
315,2021,Scotland,East Lothian,200,4193,4393,92.41409435,232.9,7.816377171,6.046166684,93.19727891,17463.93318,382.4476651
316,2021,Scotland,East Lothian,130,3145,3275,106.0080252,211.9,1.550387597,6.287598425,96.49122807,19009.58466,706.3711911
317,2021,Scotland,East Lothian,247,3941,4188,69.76376958,218.4,6.544502618,6.095229218,97.84482759,15836.29893,383.7471783
318,2021,Scotland,East Lothian,248,4883,5131,84.60260157,330.6,5.943396226,6.090058727,98.38709677,15491.92364,477.8554779
319,2021,Scotland,East Lothian,509,4596,5105,72.41709363,382.4,10.85672083,5.830615944,96.47577093,21087.16026,671.1597866
320,2021,Scotland,East Lothian,399,4263,4662,106.0534889,342,9.055627426,5.950108827,97.1659919,17978.62002,834.6213292
321,2021,Scotland,East Renfrewshire,569,5715,6284,97.70397704,394,15.35087719,5.967796478,94.44444444,17698.4705,595.7446809
322,2021,Scotland,East Renfrewshire,174,3310,3484,101.9757268,365.1,9.445585216,6.100045358,96.74796748,17518.24818,256.5320665
323,2021,Scotland,East Renfrewshire,1355,4825,6180,101.4744194,656.3,24.27572428,5.417185558,89.91596639,23925.86352,1774.361647
324,2021,Scotland,East Renfrewshire,391,3607,3998,88.98407885,397.2,11.63682864,5.804725923,94.55782313,20172.59978,516.2241888
325,2021,Scotland,East Renfrewshire,775,3390,4165,101.6139767,643.6,23.20376914,5.480969463,91.2195122,32264.15094,791.3110939
326,2021,Scotland,East Renfrewshire,385,7604,7989,70.92764161,236.4,8.119864669,6.278336404,98.60335196,20453.1537,655.0126369
327,2021,Scotland,East Renfrewshire,450,5720,6170,104.6976484,331.5,10.31496063,6.430749565,98.26589595,20750.98814,486.0731841
328,2021,Scotland,East Renfrewshire,61,3782,3843,96.19966954,138.9,4.723346829,6.426228463,98.74213836,17348.92788,381.4582327
329,2021,Scotland,East Renfrewshire,230,6190,6420,78.03998133,182.8,4.413407821,6.375521373,98.42271293,21844.05941,589.0318213
330,2021,Scotland,East Renfrewshire,281,4797,5078,90.90139928,206.4,7.095553453,6.113407926,97.74774775,17732.31032,414.241698
331,2021,Scotland,East Renfrewshire,111,3213,3324,90.61566625,259.7,6.425702811,6.230263426,98.14814815,19008.26446,341.4882773
332,2021,Scotland,East Renfrewshire,312,3336,3648,97.02554745,459.2,13.25966851,6.212309175,96.6507177,20355.19126,496.2894249
333,2021,Scotland,East Renfrewshire,124,6126,6250,103.0029203,201.4,3.445512821,6.303157292,97.58713137,17483.10811,335.1800554
334,2021,Scotland,East Renfrewshire,47,3208,3255,93.77399606,297.5,3.146374829,6.248055996,100,14930.55556,323.9289446
335,2021,Scotland,East Renfrewshire,118,3616,3734,101.0831968,258.2,5.610098177,6.350424246,98.8372093,17205.69211,330.2752294
336,2021,Scotland,East Renfrewshire,130,4587,4717,101.995246,250.8,2.094818082,6.648330969,97.95081967,20930.23256,220.1386058
337,2021,Scotland,East Renfrewshire,175,4691,4866,101.0428897,184.2,6.84624018,6.518978954,98.04878049,20266.04069,351.0758777
338,2021,Scotland,East Renfrewshire,49,3430,3479,99.44428195,177.1,1.217656012,6.576490599,98.80952381,19441.34078,351.6249334
339,2021,Scotland,East Renfrewshire,308,3526,3834,101.5209125,345.1,8.833922261,6.155541889,95.80838323,24741.29821,1106.014271
340,2021,Scotland,East Renfrewshire,379,3663,4042,98.94601336,325.1,14,6.184517684,98.5645933,24720.67039,791.3385827
341,2021,Scotland,"Edinburgh, City of",219,5612,5831,97.4949788,172.3,5.098389982,6.057705095,96.875,15691.6724,417.2832199
342,2021,Scotland,"Edinburgh, City of",135,6091,6226,90.23918396,218,3.914590747,5.971517579,95.23809524,21208.22622,270.6120384
343,2021,Scotland,"Edinburgh, City of",96,3203,3299,87.97201457,211.1,2.878787879,6.34999327,97.45762712,18445.47564,652.5037936
344,2021,Scotland,"Edinburgh, City of",113,4180,4293,96.2841355,235.2,3.840472674,5.898978315,97.03703704,22734.89933,593.8448201
345,2021,Scotland,"Edinburgh, City of",88,4569,4657,91.62204059,139.4,1.472031403,6.385921018,98.37398374,13416.98842,449.1462509
346,2021,Scotland,"Edinburgh, City of",122,4595,4717,106.855507,225.6,4.689655172,6.286981191,99.00990099,20895.52239,412.0138621
347,2021,Scotland,"Edinburgh, City of",871,2760,3631,98.14341847,832.9,35.24684271,4.953041066,85.0678733,21531.10048,1411.149826
348,2021,Scotland,"Edinburgh, City of",1047,3518,4565,104.2246982,827.7,24.76303318,5.260695387,87.35632184,23747.68089,1393.981321
349,2021,Scotland,"Edinburgh, City of",1203,2601,3804,103.8941681,725.7,35.72377158,4.760253585,87.65432099,24678.66324,2522.671063
350,2021,Scotland,"Edinburgh, City of",269,2843,3112,102.3063144,322.5,20.41984733,5.231886968,93,26156.58363,1180.851064
351,2021,Scotland,"Edinburgh, City of",709,3007,3716,88.312785,856.7,27.40740741,5.403839118,89.55223881,33939.39394,1329.746349
352,2021,Scotland,"Edinburgh, City of",1075,4871,5946,100.2000572,694,18.95734597,5.088256392,90.41916168,31133.11331,1260.233193
353,2021,Scotland,"Edinburgh, City of",480,4028,4508,97.03872437,473.9,15.75757576,5.447875134,94.30379747,24474.66007,1171.171171
354,2021,Scotland,"Edinburgh, City of",445,4660,5105,90.67227418,404.2,12.03539823,5.817804007,96.34146341,28748.45105,1304.796287
355,2021,Scotland,"Edinburgh, City of",544,4871,5415,86.05732484,599.9,18.04008909,5.426972845,85.52631579,26988.63636,1027.803099
356,2021,Scotland,"Edinburgh, City of",387,3661,4048,100.7540767,713.9,11.2033195,4.985127651,90,21142.85714,959.446093
357,2021,Scotland,"Edinburgh, City of",142,5250,5392,96.05304705,227.4,7.333333333,6.206597815,93.58974359,19705.88235,389.6761134
358,2021,Scotland,"Edinburgh, City of",66,4962,5028,98.90859482,210.2,1.768707483,6.230152836,98.18181818,19482.49619,518.0979418
359,2021,Scotland,"Edinburgh, City of",140,4554,4694,96.78508514,293.2,2.957746479,6.235950272,97,17035.39823,379.7468354
360,2021,Scotland,"Edinburgh, City of",54,4305,4359,100.3392183,131.3,1.412066752,6.487097337,93.79310345,13224.63768,342.2680412
361,2021,Scotland,"Edinburgh, City of",592,3483,4075,100.346811,455.5,13.88101983,5.373092161,90.34482759,26148.96989,1107.680432
362,2021,Scotland,"Edinburgh, City of",492,2174,2666,95.11412268,544.9,21.92982456,5.399684159,85.59322034,24277.45665,1077.441077
363,2021,Scotland,"Edinburgh, City of",73,5080,5153,105.4366052,171.3,4.535147392,6.085063987,95.17241379,16865.67164,619.0798376
364,2021,Scotland,"Edinburgh, City of",75,5571,5646,89.97444945,175.8,2.700421941,6.499512704,95.90163934,13513.51351,254.614895
365,2021,Scotland,"Edinburgh, City of",167,2884,3051,46.97477115,294.3,8.164983165,5.715512558,90,15296.05263,701.0710808
366,2021,Scotland,"Edinburgh, City of",103,2445,2548,107.2114734,185,17.578125,5.451112225,85.71428571,16334.16459,962.4911536
367,2021,Scotland,"Edinburgh, City of",1254,4633,5887,92.31965891,667.9,28.06584362,5.138654851,87,29770.99237,1680.761099
368,2021,Scotland,"Edinburgh, City of",688,3133,3821,96.69465312,625.7,19.51871658,5.006542852,88.88888889,31615.12027,1115.226337
369,2021,Scotland,"Edinburgh, City of",709,3577,4286,99.03210195,640.3,18.83870968,5.203132393,91.95402299,29932.88591,1319.181198
370,2021,Scotland,"Edinburgh, City of",745,2561,3306,103.8554482,636.4,25.8126195,4.757386016,90.16393443,23454.54545,1570.920183
371,2021,Scotland,"Edinburgh, City of",107,3125,3232,112.8589406,395.4,6.586826347,6.207304643,97.5,18766.4042,1018.262313
372,2021,Scotland,"Edinburgh, City of",193,3066,3259,84.68553163,420.7,4.06504065,6.013927671,93.10344828,24725.82253,846.4566929
373,2021,Scotland,"Edinburgh, City of",859,4148,5007,97.13341427,517.3,18.00947867,5.2852753,94.59459459,26370.75718,1104.110411
374,2021,Scotland,"Edinburgh, City of",255,6597,6852,95.6362542,263.7,4.864864865,6.384513867,96,21807.74749,942.5732978
375,2021,Scotland,"Edinburgh, City of",368,3021,3389,102.9549299,476.8,15.3638814,5.968679506,94.28571429,22794.11765,631.9045515
376,2021,Scotland,"Edinburgh, City of",195,5735,5930,86.35646286,401.4,5.183585313,6.090596699,93.75,20940.17094,554.3499704
377,2021,Scotland,"Edinburgh, City of",174,5653,5827,98.65254487,181.1,2.641056423,6.494474332,97.05882353,19082.84024,539.6825397
378,2021,Scotland,"Edinburgh, City of",149,4986,5135,107.7880962,313.4,5.739514349,6.206307861,95.89041096,22522.52252,524.0293239
379,2021,Scotland,"Edinburgh, City of",73,4767,4840,106.3538059,151.4,3.041144902,6.733900885,94.73684211,12808.98876,302.8603477
380,2021,Scotland,"Edinburgh, City of",173,5918,6091,100.0937811,149.3,1.81200453,6.458713469,96.2962963,14526.12932,682.0682068
381,2021,Scotland,"Edinburgh, City of",153,4932,5085,100.4820891,307.2,2.552552553,6.5196118,98.8372093,17231.89734,1077.165354
382,2021,Scotland,"Edinburgh, City of",235,5940,6175,102.8859773,305.4,8.054711246,6.339294547,97.52066116,18229.16667,424.8441468
383,2021,Scotland,"Edinburgh, City of",258,4575,4833,101.6557042,353.7,8.021390374,6.299540759,93.47826087,27202.07254,309.623431
384,2021,Scotland,"Edinburgh, City of",769,7052,7821,84.4394275,623,18.24324324,5.716919943,83.58208955,21463.41463,1073.480496
385,2021,Scotland,"Edinburgh, City of",497,5870,6367,88.43471988,632.4,13.93939394,6.032474269,91.22807018,22448.97959,1814.062762
386,2021,Scotland,"Edinburgh, City of",330,7174,7504,81.80000833,375.9,11.95121951,5.622787051,87.5,14223.19475,1031.606673
387,2021,Scotland,"Edinburgh, City of",600,5920,6520,95.12290503,678.7,25,5.861730002,91.66666667,20277.77778,7066.590126
388,2021,Scotland,"Edinburgh, City of",864,7516,8380,78.66944975,794.4,28.7037037,5.542829942,89.02439024,28478.26087,2010.065579
389,2021,Scotland,"Edinburgh, City of",334,2573,2907,91.71805102,539.5,11.25,5.186237144,92.85714286,41216.21622,724.3195786
390,2021,Scotland,"Edinburgh, City of",355,4590,4945,83.62846422,421.2,13.38028169,5.870390947,94.33962264,23792.48658,1125.551741
391,2021,Scotland,"Edinburgh, City of",299,4886,5185,105.2718504,368.8,9.475218659,5.76738842,92.17391304,20244.15056,542.7046263
392,2021,Scotland,"Edinburgh, City of",1019,3482,4501,47.44716219,1242.5,27.01043585,5.231012426,89.84771574,30861.24402,2252.932989
393,2021,Scotland,"Edinburgh, City of",1446,3131,4577,91.74616635,876.6,26.75276753,5.000371208,88.44444444,38505.74713,1542.949757
394,2021,Scotland,"Edinburgh, City of",1029,2660,3689,106.0192851,693.3,25.58922559,4.95609378,87.67123288,37752.16138,1715.804737
395,2021,Scotland,"Edinburgh, City of",294,3562,3856,68.38352371,342.4,11.78343949,5.388098628,89.28571429,22370.6177,1874.814595
396,2021,Scotland,"Edinburgh, City of",246,5150,5396,103.0347301,315.6,3.333333333,6.166296864,92.42424242,24244.77149,611.1300785
397,2021,Scotland,"Edinburgh, City of",461,3690,4151,89.10786023,414,11.37724551,5.346155028,93.7007874,22036.2622,1430.481283
398,2021,Scotland,"Edinburgh, City of",162,3906,4068,98.70315789,167.4,3.375527426,6.04271521,94.63087248,23426.91191,914.4144144
399,2021,Scotland,"Edinburgh, City of",129,2444,2573,98.35236118,269.5,8.941176471,5.857024858,95.78947368,20367.75106,1145.404664
400,2021,Scotland,"Edinburgh, City of",527,3101,3628,104.1844323,463.9,20.44609665,4.885431567,88.37209302,30796.46018,1213.315813
401,2021,Scotland,"Edinburgh, City of",86,2738,2824,101.57199,235.2,10.1369863,5.866091873,96.93877551,21940.46307,512.4919923
402,2021,Scotland,"Edinburgh, City of",673,2849,3522,108.7367546,626.2,24.76415094,5.37461895,90.72164948,31034.48276,1157.243816
403,2021,Scotland,"Edinburgh, City of",1071,3346,4417,112.2283982,899.9,28.26086957,5.050802032,89.67741935,31227.43682,1522.52907
404,2021,Scotland,"Edinburgh, City of",308,4328,4636,105.3487505,326.8,6.918238994,6.068646639,96.38554217,21235.52124,680.9210526
405,2021,Scotland,"Edinburgh, City of",370,3711,4081,58.20307454,485.1,13.97379913,5.227255518,89.70588235,16735.53719,1547.716708
406,2021,Scotland,"Edinburgh, City of",844,4322,5166,99.92178334,669.4,15.58441558,5.658617535,87.5,32975.46012,1174.746937
407,2021,Scotland,"Edinburgh, City of",539,4740,5279,102.4596774,433.1,16.74208145,5.653850341,89.18918919,18733.50923,818.0919427
408,2021,Scotland,"Edinburgh, City of",845,4552,5397,97.79542025,712.2,21.66405024,5.219432284,85.88235294,29878.04878,2000
409,2021,Scotland,"Edinburgh, City of",618,4768,5386,105.4945055,746.2,21.01616628,5.501862342,81.25,36124.79475,1354.114713
410,2021,Scotland,"Edinburgh, City of",296,3341,3637,98.24396657,473.8,13.79310345,5.830088821,84,25628.1407,929.8531811
411,2021,Scotland,"Edinburgh, City of",384,3116,3500,100.7407407,856.9,30.35714286,5.716137331,93.33333333,33680.55556,675.4716981
412,2021,Scotland,"Edinburgh, City of",289,5250,5539,95.64260832,297.7,5.432098765,5.880961267,91.07142857,17110.26616,735.9210231
413,2021,Scotland,"Edinburgh, City of",364,3161,3525,102.036618,608.4,23.79421222,5.243197668,90.47619048,15407.85498,681.5511163
414,2021,Scotland,"Edinburgh, City of",365,3413,3778,90.0901682,573.6,17.47787611,5.489098577,92.94117647,26265.06024,927.9731993
415,2021,Scotland,"Edinburgh, City of",128,3697,3825,96.71577123,188.4,5.06512301,6.255609881,99.00990099,17179.48718,653.0958439
416,2021,Scotland,"Edinburgh, City of",171,4578,4749,99.52518733,336.5,4.736842105,6.208636703,93.82716049,19226.95738,497.2170686
417,2021,Scotland,"Edinburgh, City of",115,3770,3885,105.0793353,204.7,4.331450094,6.419155515,98.11320755,22444.44444,576.1904762
418,2021,Scotland,"Edinburgh, City of",252,3939,4191,89.28681454,264.6,7.627118644,6.065887953,94.23076923,18478.26087,828.0438546
419,2021,Scotland,"Edinburgh, City of",154,4597,4751,92.5738697,300.3,7.942973523,5.454759051,94.91525424,21105.52764,666.8473841
420,2021,Scotland,"Edinburgh, City of",100,2713,2813,109.7432763,303,7.042253521,6.137300292,88.88888889,21406.72783,1301.74793
421,2021,Scotland,"Edinburgh, City of",149,3346,3495,111.7691559,250.9,3.846153846,6.532028925,86.66666667,19728.91566,899.3476235
422,2021,Scotland,"Edinburgh, City of",66,3156,3222,104.1586281,169.3,6.538461538,5.703752137,94.11764706,15714.28571,400.5059022
423,2021,Scotland,"Edinburgh, City of",241,5535,5776,105.4930349,267.2,2.504816956,5.932635298,100,17432.15031,461.1528822
424,2021,Scotland,"Edinburgh, City of",59,3999,4058,98.76003568,272.7,3.956834532,5.63532502,100,19065.42056,582.6351866
425,2021,Scotland,"Edinburgh, City of",213,6678,6891,92.98059965,245.9,5.607476636,5.32799042,90,14590.74733,2150.650441
426,2021,Scotland,"Edinburgh, City of",234,4104,4338,102.299937,299.3,7.007575758,5.691185378,93.5483871,23763.33657,765.478424
427,2021,Scotland,"Edinburgh, City of",51,4392,4443,98.18798674,123.5,0.698324022,6.236399482,95.65217391,15819.67213,465.9949622
428,2021,Scotland,"Edinburgh, City of",88,4596,4684,92.95081967,278.2,3.708791209,6.218103121,93.61702128,20092.59259,1545.454545
429,2021,Scotland,"Edinburgh, City of",125,5918,6043,98.33900227,185.5,1.388888889,6.137864538,96.64804469,20578.34566,941.0326917
430,2021,Scotland,"Edinburgh, City of",809,4044,4853,99.75670841,501.3,22.00725514,4.966315043,89.79591837,32868.0203,2008.603574
431,2021,Scotland,"Edinburgh, City of",1065,4109,5174,84.24351496,614.9,27.00794351,5.193224139,89.01098901,21797.75281,1638.903815
432,2021,Scotland,"Edinburgh, City of",385,5162,5547,92.30030607,413.3,9.786821705,5.616610639,92.06349206,26619.71831,802.919708
433,2021,Scotland,"Edinburgh, City of",820,2221,3041,106.4547677,930,31.26142596,4.847963629,80.6122449,28571.42857,1668.533035
434,2021,Scotland,"Edinburgh, City of",729,3237,3966,79.62865519,796.3,23.86206897,5.411954429,85.29411765,29684.90879,1153.47645
435,2021,Scotland,"Edinburgh, City of",656,3568,4224,96.5028665,597.1,21.08183079,5.378007841,94.25287356,23750,1849.082257
436,2021,Scotland,"Edinburgh, City of",1396,4160,5556,80.8240168,757.7,26.02339181,5.195794167,87.24137931,33473.68421,1581.302834
437,2021,Scotland,"Edinburgh, City of",123,4446,4569,99.52439399,246.6,5.548854041,5.93375764,98.23529412,21734.79561,1042.578591
438,2021,Scotland,"Edinburgh, City of",56,2704,2760,93.9116446,230.6,3.31010453,6.42192581,97.5308642,20066.33499,306.2583222
439,2021,Scotland,"Edinburgh, City of",72,3968,4040,95.99730912,178,4.395604396,6.41447418,97.05882353,21658.20643,448.8416988
440,2021,Scotland,"Edinburgh, City of",815,5372,6187,97.07621197,459.2,17.22652885,5.48962376,91.07142857,33663.36634,978.6388475
441,2021,Scotland,"Edinburgh, City of",420,3873,4293,98.55072464,362.9,7.066052227,5.848498729,90.78947368,24103.13901,438.9312977
442,2021,Scotland,"Edinburgh, City of",119,5135,5254,95.58253353,212.2,5.139186296,6.1203547,98.71794872,18070.31889,465.1919323
443,2021,Scotland,"Edinburgh, City of",118,3701,3819,87.20370856,244.9,5.025125628,5.910176157,97.5,20592.19381,524.7181266
444,2021,Scotland,"Edinburgh, City of",190,5408,5598,101.7144287,297.6,2.521008403,6.162180613,96.66666667,20333.10201,787.6049064
445,2021,Scotland,"Edinburgh, City of",182,2626,2808,106.8925535,250.8,12.26415094,5.318661432,94.89795918,23617.02128,272.0283856
446,2021,Scotland,"Edinburgh, City of",274,4149,4423,92.7101137,338.1,9.961685824,5.511385012,91.2,20107.23861,675.6290934
447,2021,Scotland,"Edinburgh, City of",278,4614,4892,98.83287293,258.1,7.476635514,5.709761861,90.90909091,19417.47573,1745.049505
448,2021,Scotland,"Edinburgh, City of",208,3285,3493,92.82987243,348.8,9.325681492,5.53700933,95,18702.86576,1085.126286
449,2021,Scotland,"Edinburgh, City of",562,7021,7583,63.27116212,339.4,6.299212598,5.543362122,94.62809917,21376.81159,843.8027377
450,2021,Scotland,"Edinburgh, City of",290,4526,4816,97.17855427,300,10.75388027,5.821242309,92.52336449,18481.51848,995.2766532
451,2021,Scotland,"Edinburgh, City of",160,3795,3955,104.0508755,259.9,8.250355619,5.896080971,94.9044586,17725.25849,493.5275081
452,2021,Scotland,Eilean Siar,299,2726,3025,100.3875969,523.2,11.75373134,5.724247409,97.43589744,32382.134,56.43340858
453,2021,Scotland,Eilean Siar,225,2683,2908,104.3921293,321.1,11.62280702,5.72026806,99.03846154,24735.44974,18.22600243
454,2021,Scotland,Eilean Siar,186,1666,1852,103.8348083,316.8,10.12658228,5.824087961,100,21864.40678,30.24193548
455,2021,Scotland,Eilean Siar,281,2225,2506,101.9875447,368.5,16.77018634,5.688275905,98.64864865,19973.71879,55.51700208
456,2021,Scotland,Eilean Siar,447,3326,3773,106.7501118,321,11.54598826,5.946220101,95.3125,22506.86185,150.801131
457,2021,Scotland,Eilean Siar,260,3419,3679,102.5058658,348.8,8.358208955,5.670903949,92.63157895,24238.22715,136.1502347
458,2021,Scotland,Eilean Siar,450,2776,3226,111.8850131,585.3,13.39950372,5.443875231,93.18181818,27606.46109,577.8491172
459,2021,Scotland,Eilean Siar,263,2530,2793,116.2860498,544.5,12.14057508,5.611149378,94.31818182,26048.28463,326.8428373
460,2021,Scotland,Eilean Siar,226,2962,3188,101.4580408,306.9,11.38059701,5.590679888,95.97315436,24696.35628,71.07709131
461,2021,Scotland,Falkirk,455,2734,3189,99.31278423,585.3,23.52941176,5.567714791,91.58878505,24180.96724,1047.802994
462,2021,Scotland,Falkirk,500,3961,4461,81.05937965,377.9,18.26821542,5.58310648,91.01123596,25125.62814,1015.670342
463,2021,Scotland,Falkirk,575,3534,4109,101.1212047,499.7,25.86666667,5.377265433,92.20779221,25358.32415,816.6666667
464,2021,Scotland,Falkirk,174,2881,3055,102.9773317,329.1,12.57995736,5.831420062,93.69369369,16107.38255,288.4111169
465,2021,Scotland,Falkirk,435,3622,4057,100.6404154,456.1,17.41140216,5.438936526,89.11564626,24968.31432,1533.996683
466,2021,Scotland,Falkirk,619,4240,4859,100.999931,471.4,20.87067862,5.643045949,90.86294416,22389.55823,897.812602
467,2021,Scotland,Falkirk,324,3360,3684,94.30604982,432.9,14.82517483,5.632048262,93.19371728,21755.02742,637.7657357
468,2021,Scotland,Falkirk,401,6560,6961,82.04038765,465.4,8.55649902,6.004931405,96.96969697,22641.50943,1350.938455
469,2021,Scotland,Falkirk,179,3717,3896,100.8869936,365.1,4.62962963,6.082804874,94.59459459,24277.45665,530.1102629
470,2021,Scotland,Falkirk,553,2546,3099,100.4630582,623.2,27.02237522,5.288944535,89.50617284,35058.43072,1817.741154
471,2021,Scotland,Falkirk,298,3129,3427,106.0207056,341.9,15.06849315,5.750638061,93.37748344,24725.27473,801.9323671
472,2021,Scotland,Falkirk,137,3167,3304,106.6611157,195,8.102345416,5.776687468,98.18181818,21882.35294,470.4016913
473,2021,Scotland,Falkirk,151,2497,2648,107.7072791,380,13.62229102,5.790721266,95,22240.25974,553.8270068
474,2021,Scotland,Falkirk,308,2420,2728,106.1813538,450.9,21.08433735,5.50313568,86.61417323,27040.81633,1012.731481
475,2021,Scotland,Falkirk,314,4140,4454,70.07017318,386.4,8.75,5.662860275,88.58695652,22641.50943,1396.835058
476,2021,Scotland,Falkirk,976,2752,3728,105.8851493,778.2,32.47172859,5.016372701,84.51612903,38348.62385,1865.575183
477,2021,Scotland,Falkirk,455,4205,4660,98.03104885,566.3,14.74358974,5.84542497,92.9245283,28644.0678,1190.240686
478,2021,Scotland,Falkirk,593,2843,3436,99.37094555,604.1,26.58823529,5.834065205,86.59793814,31291.39073,3264.358108
479,2021,Scotland,Falkirk,743,3888,4631,102.8637715,583.4,23.45679012,5.564506203,89.56043956,29088.47185,1328.125
480,2021,Scotland,Falkirk,473,3053,3526,106.4864865,470.4,16.42857143,5.855956114,98.7012987,35670.73171,3788.4723
481,2021,Scotland,Falkirk,300,3284,3584,99.71365849,359.5,16.35338346,5.922508193,94.9044586,23902.43902,2527.161077
482,2021,Scotland,Falkirk,662,2304,2966,106.6800662,938.9,25.64766839,5.229798035,86.30136986,35818.18182,2723.449001
483,2021,Scotland,Falkirk,530,2241,2771,107.6271186,700.3,36.90721649,5.298243176,84.76821192,28784.11911,1075.949367
484,2021,Scotland,Falkirk,431,2284,2715,102.8036208,520.1,20.15503876,5.829841668,94.31818182,29542.09749,1426.806671
485,2021,Scotland,Falkirk,99,3646,3745,101.5303812,205.1,2.365930599,6.206034113,96.52777778,19113.57341,214.5002145
486,2021,Scotland,Falkirk,656,2525,3181,101.5704584,507.5,30,5.210934884,87.75510204,25595.2381,1308.741789
487,2021,Scotland,Falkirk,234,2229,2463,107.890319,365.7,14.32225064,5.832628179,96.46017699,23373.49398,657.3957016
488,2021,Scotland,Falkirk,737,4078,4815,102.0031254,546.8,25.14285714,5.36620773,89.59276018,24235.29412,775.4825601
489,2021,Scotland,Falkirk,128,4598,4726,65.47253041,139.1,6.083333333,5.996555238,93.71727749,17037.03704,1241.15566
490,2021,Scotland,Falkirk,232,3945,4177,103.4242021,352.3,7.313642757,5.933006557,94.59459459,25710.90047,382.892057
491,2021,Scotland,Falkirk,523,4710,5233,89.71271514,426.8,15.15151515,5.701674455,91.66666667,22680.41237,699.9691644
492,2021,Scotland,Falkirk,152,3895,4047,105.8909153,211.7,9.090909091,6.121603003,98.11320755,19419.08714,1005.338078
493,2021,Scotland,Falkirk,359,2916,3275,113.1873044,421.1,19.23890063,5.428092545,90.90909091,24246.77188,711.9021135
494,2021,Scotland,Falkirk,433,2848,3281,101.0830325,446.6,27.40286299,5.410823706,90.07092199,19538.67028,698.8188976
495,2021,Scotland,Falkirk,702,4059,4761,105.8120392,604.2,24.19127989,5.210166191,90.06622517,31378.93594,1353.135314
496,2021,Scotland,Falkirk,409,2675,3084,111.3602563,524.2,18.6440678,5.753024054,95.09803922,23925.50143,1217.016694
497,2021,Scotland,Falkirk,641,3546,4187,104.0590697,511.5,25,5.405524672,87.5,27326.96897,1557.770395
498,2021,Scotland,Falkirk,691,3048,3739,106.9550779,674.6,25.79034942,5.473184145,89.375,23882.68156,1341.301461
499,2021,Scotland,Falkirk,326,3997,4323,103.2472094,322.8,16.85393258,5.471180601,94.64285714,22939.42403,496.2876123
500,2021,Scotland,Falkirk,293,2739,3032,103.8876652,410.2,21.4559387,5.43667799,91.72932331,26557.8635,617.4863388
501,2021,Scotland,Falkirk,397,2773,3170,101.9691969,530.5,24.33537832,5.599835081,89.13043478,31280.38898,1195.260175
502,2021,Scotland,Falkirk,451,4492,4943,92.88324678,368.3,12.25337487,5.57021763,93.75,22814.07035,595.4198473
503,2021,Scotland,Fife,285,2704,2989,97.42041712,602.7,17.10843373,5.475428196,93.61702128,22942.64339,677.3127753
504,2021,Scotland,Fife,579,3440,4019,97.91935484,532.3,22.97297297,5.161709572,91.08910891,20584.14465,867.5799087
505,2021,Scotland,Fife,218,2975,3193,79.42655936,409.2,14.26533524,5.700811806,95.8677686,16210.29573,491.5324246
506,2021,Scotland,Fife,443,3065,3508,94.99688972,436.2,22.15384615,5.231091309,87.76978417,21552.87818,814.0025306
507,2021,Scotland,Fife,134,2728,2862,99.90808824,258.8,13.51351351,5.730374211,92.85714286,17241.37931,523.3853007
508,2021,Scotland,Fife,125,4100,4225,100.17223,264.1,5.177993528,5.942798177,94.77124183,17431.90661,438.1918819
509,2021,Scotland,Fife,211,3449,3660,99.43682442,290.7,13.53251318,5.87960134,93.86503067,23797.46835,620.358235
510,2021,Scotland,Fife,640,3069,3709,95.48969072,540.7,21.9123506,5.685238409,91.30434783,35139.09224,1940.422011
511,2021,Scotland,Fife,661,3946,4607,97.9209521,426.1,18.05359661,5.53153102,89.59537572,24615.38462,1290.871935
512,2021,Scotland,Fife,279,2833,3112,102.6532577,371.9,12.06349206,6.047173071,96.20253165,23367.19884,4132.192107
513,2021,Scotland,Fife,434,2866,3300,100.8679669,432.4,26.24584718,5.27668691,88.88888889,26124.56747,1187.831965
514,2021,Scotland,Fife,74,2978,3052,104.5907513,271.5,7.177033493,6.229383633,95.08196721,16352.20126,324.7480403
515,2021,Scotland,Fife,345,4832,5177,103.7808042,392.4,9.974424552,5.652608016,94.97487437,24372.52312,699.718706
516,2021,Scotland,Fife,259,4984,5243,53.99227472,238.5,8.966745843,5.707506213,94.46640316,19333.33333,501.9212296
517,2021,Scotland,Fife,623,2302,2925,91.64504972,610.3,26.28099174,5.170996649,84,24628.45011,1746.810599
518,2021,Scotland,Fife,895,3014,3909,89.42961366,719.7,29.17139614,5.109685966,85.40540541,24242.42424,1569.077688
519,2021,Scotland,Fife,321,2561,2882,101.0337131,452.6,17.13286713,5.211568205,88.63636364,23242.1875,570.299266
520,2021,Scotland,Fife,117,3912,4029,104.3443848,313.6,6.038894575,5.945041382,96.10894942,14229.24901,316.2827021
521,2021,Scotland,Fife,48,3021,3069,59.89912806,161,4.026845638,6.091725162,98.77300613,14919.35484,241.3793103
522,2021,Scotland,Fife,73,3672,3745,107.7807084,196.3,6.806282723,6.114776287,97.31182796,18069.30693,515.6537753
523,2021,Scotland,Fife,84,2438,2522,107.9768945,281.5,11.93548387,5.835106044,94.25287356,20996.97885,1171.548117
524,2021,Scotland,Fife,280,2672,2952,104.8258303,432.9,19.4980695,5.195926835,93.43065693,30511.46384,748.1853713
525,2021,Scotland,Fife,329,2718,3047,102.2818211,516.3,27.12871287,5.277349669,90.51724138,23114.7541,907.700153
526,2021,Scotland,Fife,473,3094,3567,100.5875769,473.2,22.88732394,5.290951003,91.60839161,28979.59184,842.5720621
527,2021,Scotland,Fife,315,3707,4022,99.49908165,387.6,19.45876289,5.329959326,93.29608939,15979.38144,486.2579281
528,2021,Scotland,Fife,243,2869,3112,105.2586667,358.6,13.74722838,5.425058816,89.32038835,21141.97531,887.804878
529,2021,Scotland,Fife,403,2458,2861,103.4552164,511.5,27.20588235,5.183584798,91.66666667,29067.64168,1002.695418
530,2021,Scotland,Fife,54,2584,2638,110.0757371,250.8,4.042553191,6.048478798,98.08917197,19884.72622,353.9292142
531,2021,Scotland,Fife,136,4243,4379,105.0268308,211.6,8.851224105,5.93727807,96.47887324,19250.18025,236.5591398
532,2021,Scotland,Fife,107,2497,2604,107.7233584,312.3,4.533333333,5.731623589,92.38095238,18941.50418,339.5953757
533,2021,Scotland,Fife,398,3114,3512,91.88858568,391.2,13.96160558,5.227558126,94,24575.1634,1463.195691
534,2021,Scotland,Fife,608,2594,3202,96.50093901,570.6,29.77346278,5.081653026,89.65517241,22203.09811,1412.793373
535,2021,Scotland,Fife,636,2460,4859,104.1446109,609.3,30.23255814,4.771226385,87.12121212,28071.92807,1337.755666
536,2021,Scotland,Fife,575,4284,2663,87.39512323,448.6,14.74019088,5.544206323,93.9516129,24637.68116,1267.339218
537,2021,Scotland,Fife,547,2116,3934,97.63010599,533.4,22.62295082,5.161061053,86.57718121,19730.39216,682.3394495
538,2021,Scotland,Fife,505,3429,2813,95.16801361,417.3,17.90393013,5.150820115,95.13888889,31699.34641,721.1338058
539,2021,Scotland,Fife,607,2206,2916,104.931887,622.3,31.14035088,5.206005846,91.66666667,29135.80247,1532.051282
540,2021,Scotland,Fife,782,2134,6198,100.0115407,604.8,35.05154639,4.93413173,84.24242424,32063.26384,1252.068395
541,2021,Scotland,Fife,1081,5117,4369,89.85015693,436.8,22.02572347,5.423029281,87.03071672,17853.23111,1741.444867
542,2021,Scotland,Fife,634,3735,3120,98.68628481,410,20.46332046,5.515579071,89.61038961,30035.97122,1034.608379
543,2021,Scotland,Fife,740,2380,3410,108.1653454,605.8,38.06584362,5.130617767,89.65517241,20144.75271,1311.47541
544,2021,Scotland,Fife,242,3168,4079,84.70845083,317.2,10.60382916,6.020328552,91.83673469,24621.21212,1103.041307
545,2021,Scotland,Fife,557,3522,2590,97.45130009,469.4,19.45525292,5.622292832,89.28571429,19797.68786,1408.268734
546,2021,Scotland,Fife,180,2410,2801,104.3802301,355.9,15.22309711,5.638131864,92.94117647,23449.13151,605.0531915
547,2021,Scotland,Fife,223,2578,4539,104.6699875,372.1,19.11357341,5.767939404,90.0990099,19250.64599,750.6527415
548,2021,Scotland,Fife,1054,3485,3203,99.59412589,636.8,32.62910798,5.365220356,88.68778281,29676.67436,2170.168791
549,2021,Scotland,Fife,337,2866,3013,95.22640212,408.6,21.31519274,5.829324756,92.91338583,31102.85006,4496.900334
550,2021,Scotland,Fife,332,2681,2925,100.2086766,451.1,21.80685358,5.855337551,95.29411765,28281.25,1414.300736
551,2021,Scotland,Fife,455,2470,3096,100.4553216,394.2,33.02411874,5.426492993,91.66666667,26002.97177,1203.223949
552,2021,Scotland,Fife,82,2478,2560,102.0035733,164.2,7.196029777,6.099483243,95.04950495,14180.20679,667.1026815
553,2021,Scotland,Fife,307,2695,3002,101.3390929,290.2,13.74501992,5.402818384,90.17857143,23602.48447,616.5919283
554,2021,Scotland,Fife,554,2426,2980,98.72751207,613.7,33.50970018,4.993472137,86.29032258,29026.54867,2316.561845
555,2021,Scotland,Fife,1193,3670,4863,106.5237323,583.2,31.87984496,4.796290619,85.9922179,30906.3893,1964.819117
556,2021,Scotland,Fife,94,3130,3224,104.5492662,226.2,8.670520231,5.74592263,95.23809524,17815.4825,297.5495916
557,2021,Scotland,Fife,432,4867,5299,95.01531785,309.8,15.26717557,5.707897921,91.57088123,26987.95181,1575.532901
558,2021,Scotland,Fife,838,2839,3677,99.96400936,773.9,31.63913596,4.732573738,85.5,26021.18003,3614.035088
559,2021,Scotland,Fife,286,2718,3004,102.4169184,327.6,17.11026616,5.646818713,91.01123596,23529.41176,1579.545455
560,2021,Scotland,Fife,1270,2950,4220,83.55452972,747.8,28.40172786,4.687982675,74.54545455,28763.76989,3744.210901
561,2021,Scotland,Fife,701,2945,3646,96.88540823,503.4,31.69129721,4.97413691,88.88888889,27560.05057,1597.760551
562,2021,Scotland,Fife,454,2645,3099,85.06524891,524,17.36641221,4.884217752,90.16393443,27020.20202,1448.598131
563,2021,Scotland,Fife,654,3534,4188,103.9000765,489.8,24.24639581,5.043405411,90.90909091,23770.4918,1733.870968
564,2021,Scotland,Fife,567,3690,4257,100.1290323,448.1,20.28795812,5.51271888,89.3129771,18241.04235,1148.344912
565,2021,Scotland,Fife,1094,3010,4104,98.56650478,634.2,30.2,5.250962761,90.27777778,27607.36196,1660.334347
566,2021,Scotland,Fife,314,1874,2188,101.7284335,423.6,26.56716418,5.607839354,94.28571429,35294.11765,1369.636964
567,2021,Scotland,Fife,615,3860,4475,106.4862378,438.5,19.1461837,5.393034456,92.42424242,25886.52482,913.4088418
568,2021,Scotland,Fife,778,2550,3328,106.166388,685.3,28.7804878,5.123886135,86.09271523,29601.51803,4014.634146
569,2021,Scotland,Fife,348,3085,3433,116.083993,362.6,26.48648649,5.571421633,94.16666667,18569.63614,1246.612466
570,2021,Scotland,Fife,565,4414,4979,104.3306814,409.7,17.50841751,5.370566709,93.04029304,23450.90562,1140.290256
571,2021,Scotland,Fife,323,2398,2721,102.0654473,621.4,22.4137931,5.590317289,94.02985075,24914.67577,905.0064185
572,2021,Scotland,Fife,104,3502,3606,105.2978236,244.1,11.38211382,5.781545406,95.13888889,21995.70815,692.1587609
573,2021,Scotland,Fife,578,1606,2184,105.2774837,576.5,28.32980973,5.07641202,92.5,26204.81928,1142.443962
574,2021,Scotland,Fife,396,1680,2076,109.2048829,580.1,27.41935484,5.190971217,83.69565217,34146.34146,1220.69523
575,2021,Scotland,Fife,297,2543,2840,118.3670715,408.5,15.55555556,5.731485996,90.52631579,26970.22767,724.5430809
576,2021,Scotland,Fife,255,4053,4308,91.90420217,335.9,12.55411255,5.780341979,94.93670886,24063.67041,1096.237337
577,2021,Scotland,Fife,226,3114,3340,105.1112018,360.1,15.43478261,5.37179212,93.28358209,24692.87469,545.8187281
578,2021,Scotland,Fife,1222,3492,4714,102.3284823,633.3,29.49061662,4.819054756,81.99052133,29973.93571,1913.60108
579,2021,Scotland,Fife,1037,3434,4471,104.7247604,619.8,32.26519337,4.866669642,86.52173913,28705.88235,1313.27953
580,2021,Scotland,Fife,762,1646,2408,103.8741585,1024.6,33.63636364,4.275765143,73.94957983,34939.75904,3488.681758
581,2021,Scotland,Fife,988,2483,3471,98.71924163,832.2,30.7073955,4.594562085,79.5620438,33222.03673,3322.033898
582,2021,Scotland,Fife,501,2503,3004,97.77188329,752.4,12.8742515,5.586132171,86.95652174,33485.71429,3810.991269
583,2021,Scotland,Fife,519,3006,3525,84.72927606,522.7,20.12195122,5.056465296,88.65248227,24035.60831,1220.833333
584,2021,Scotland,Fife,318,2272,2590,100.2274163,473.4,23.61111111,5.237285571,91.08910891,19126.50602,765.7657658
585,2021,Scotland,Fife,216,2611,2827,91.51790544,227.7,15,5.873648894,96.19047619,17378.35154,831.3953488
586,2021,Scotland,Fife,954,4500,5454,98.86797022,442.5,23.17596567,4.720398747,85.77405858,22861.71063,1129.757267
587,2021,Scotland,Fife,293,3902,4195,104.5140602,350,13.65187713,5.78241405,91.95402299,20058.13953,1111.111111
588,2021,Scotland,Fife,137,2463,2600,105.1034676,223.7,12.29050279,5.519215231,94.52054795,23858.61561,1388.684791
589,2021,Scotland,Fife,310,3865,4175,102.9198271,362,14.26282051,5.603309987,93.33333333,21992.4812,624.4830438
590,2021,Scotland,Fife,260,2621,2881,101.6465816,339.4,13.98104265,5.848860508,89.10891089,22056.83356,652.0414381
591,2021,Scotland,Fife,272,3658,3930,98.86573685,334.6,11.62444113,5.83734241,90.13157895,23061.63022,1126.028584
592,2021,Scotland,Fife,444,2792,3236,106.1966488,634.3,20.66549912,5.550147268,90.32258065,25693.16081,1370.533529
593,2021,Scotland,Fife,241,3623,3864,107.9432114,284,8.07860262,6.015624517,94.96402878,21630.34705,877.8054863
594,2021,Scotland,Fife,157,2707,2864,99.56684617,213.9,9.501187648,5.967282927,93.69369369,15482.2335,558.2232893
595,2021,Scotland,Fife,187,2092,2279,100.1995089,327.4,14.23487544,5.825766035,94.36619718,19067.79661,667.2158155
596,2021,Scotland,Fife,320,2374,2694,102.7234978,493.2,23.01587302,5.56140325,98.96907216,19412.51596,638.2978723
597,2021,Scotland,Fife,433,3829,4262,90.59622288,403.9,19.09340659,5.816080214,94.59459459,23978.20163,987.755102
598,2021,Scotland,Fife,139,2324,2463,100.711549,324.6,14.14473684,6.009728954,95.58823529,15582.82209,830.8605341
599,2021,Scotland,Fife,337,3822,4159,113.6263736,408.2,20.54794521,5.189245915,93.10344828,21324.50331,674.8207507
600,2021,Scotland,Fife,223,6000,6223,100.1749498,373.8,9.359605911,4.357638686,83.33333333,19148.93617,848.5856905
601,2021,Scotland,Fife,101,4221,4322,108.9707026,245,3.434343434,6.023219512,95.37037037,15034.96503,461.5384615
602,2021,Scotland,Fife,72,5199,5271,99.21229087,329,3.963414634,6.366980517,95.18072289,20000,491.7550059
603,2021,Scotland,Fife,195,3849,4044,88.27012322,322.1,16.97612732,5.483936894,91.26984127,19070.90465,413.3858268
604,2021,Scotland,Fife,113,3544,3657,97.61801269,236.8,9.039548023,6.143242775,96.36363636,15205.72451,636.1922714
605,2021,Scotland,Fife,388,3393,3781,98.59793468,350.3,12.98299845,5.563570719,91.71974522,17795.6372,511.4780507
606,2021,Scotland,Fife,212,4072,4284,103.6449052,243.9,4.888888889,6.24362068,96.20253165,20786.0262,317.4603175
607,2021,Scotland,Glasgow City,1045,4103,5148,99.43057671,527.1,26.56862745,5.404915451,84.90566038,27886.05697,1163.410302
608,2021,Scotland,Glasgow City,541,2757,3298,65.50918717,655.6,20.73732719,5.751349659,95.04132231,32056.45161,1165.966387
609,2021,Scotland,Glasgow City,536,4962,5498,94.93882807,596.6,26.2195122,5.957563462,94.20289855,23517.78656,705.0359712
610,2021,Scotland,Glasgow City,1983,4080,6063,86.74841772,988.7,36.38869745,5.173097765,89.23611111,37591.24088,2189.45487
611,2021,Scotland,Glasgow City,1116,2066,3182,87.8511236,847.7,31.97530864,5.196747489,84.42211055,35239.8524,1657.072368
612,2021,Scotland,Glasgow City,703,2424,3127,100.765613,558.7,33.26086957,5.256894156,88.81578947,32467.53247,1069.858329
613,2021,Scotland,Glasgow City,338,5599,5937,88.13334042,267,12.73046532,5.984468738,94.55252918,19710.46771,423.6891386
614,2021,Scotland,Glasgow City,1593,4228,5821,101.2188985,647.8,29.73913043,5.150497328,89.7260274,38028.16901,1113.707165
615,2021,Scotland,Glasgow City,545,2570,3115,115.940007,615.5,22.24576271,5.558585398,91.17647059,34976.88752,1610.700057
616,2021,Scotland,Glasgow City,1168,3233,4401,103.7813765,658.5,25.3298153,5.527143601,86.16071429,27308.70712,1047.140649
617,2021,Scotland,Glasgow City,719,4534,5253,104.5051058,388.3,15.31914894,5.589015162,93.06358382,25954.19847,929.3443666
618,2021,Scotland,Glasgow City,1300,4015,5315,101.9212357,789.1,25.54945055,5.237570261,91.2,34491.63449,789.8658718
619,2021,Scotland,Glasgow City,568,2832,3400,106.5592052,505.1,22.12978369,5.629720687,87.07482993,22344.32234,618.6046512
620,2021,Scotland,Glasgow City,1438,4834,6272,102.4758912,1043.5,21.04752667,5.584569658,93.80165289,25760.64909,2715.631795
621,2021,Scotland,Glasgow City,1736,4316,6052,91.42873859,1002.2,34.49275362,5.264687877,86.52849741,32749.56217,2323.580034
622,2021,Scotland,Glasgow City,869,2641,3510,93.53051643,699.5,23.61623616,5.167178095,92.85714286,30590.06211,4622.279129
623,2021,Scotland,Glasgow City,746,4335,5081,101.6320378,468,20.99644128,5.428845585,91.09947644,32405.34521,831.0911809
624,2021,Scotland,Glasgow City,1182,2343,3525,93.47481158,999.6,32.28070175,5.100006189,86.48648649,33476.39485,2900.99438
625,2021,Scotland,Glasgow City,691,2551,3242,83.27813003,932.7,38.26530612,5.339005162,95,31597.22222,2042.151163
626,2021,Scotland,Glasgow City,586,3659,4245,91.02708804,693.7,32.88201161,5.497852386,93.5483871,33333.33333,1692.157501
627,2021,Scotland,Glasgow City,721,2950,3671,97.1303415,580,29.60893855,5.748552749,91.56626506,28453.94737,3013.646702
628,2021,Scotland,Glasgow City,693,3967,4660,103.9686534,328,31.61843516,5.636241142,87.3015873,21901.52801,757.138274
629,2021,Scotland,Glasgow City,756,4300,5056,95.65775127,571.5,42.31830727,5.460404498,93.0875576,28045.32578,1191.737288
630,2021,Scotland,Glasgow City,1392,4304,5696,97.50395714,900.7,84.767642,5.103107536,88.50574713,25837.32057,2226.935313
631,2021,Scotland,Glasgow City,1190,3246,4436,85.30275486,731.8,55.50373134,5.522214,91.37055838,31040.89219,1686.668829
632,2021,Scotland,Glasgow City,590,4492,5082,97.64367064,554.8,21.44082333,6.02935287,97.4137931,24959.74235,1910.941476
633,2021,Scotland,Glasgow City,665,5073,5738,104.0812647,474,49.93215739,5.386133133,89.14728682,13918.62955,1899.859616
634,2021,Scotland,Glasgow City,345,5483,5828,100.0672495,316.4,15.05376344,5.858987053,91.85185185,22517.05838,956.4293305
635,2021,Scotland,Glasgow City,301,3448,3749,95.04500568,497.9,33.14917127,5.853524105,92.45283019,27568.92231,1049.50495
636,2021,Scotland,Glasgow City,332,3164,3496,101.7074156,466.8,21.84615385,5.949944207,90.74074074,23964.49704,808.4291188
637,2021,Scotland,Glasgow City,316,4222,4538,95.9251271,298.6,10.48034934,5.941763414,93.65079365,16407.59931,327.2290603
638,2021,Scotland,Glasgow City,1039,3347,4386,98.28420257,675.1,25,5.603733337,92.98245614,37583.00133,2321.196359
639,2021,Scotland,Glasgow City,1297,2955,4252,111.5992543,777.8,43.80053908,5.415097325,90.90909091,26432.53235,1558.675306
640,2021,Scotland,Glasgow City,681,2482,3163,101.8092643,525.7,32.86467487,5.596231917,93.93939394,28397.56592,853.8422903
641,2021,Scotland,Glasgow City,666,4722,5388,102.9514885,323.8,19.56769056,5.992537894,91.13924051,21378.09187,842.3052565
642,2021,Scotland,Glasgow City,318,3101,3419,97.92868628,362.1,12.88819876,5.995069126,92.45283019,21207.86517,458.2577132
643,2021,Scotland,Glasgow City,316,4432,4748,103.6023969,265.5,9.544787078,6.214345329,95.69892473,22030.82502,367.6714144
644,2021,Scotland,Glasgow City,139,2679,2818,102.0639226,278.4,7.213930348,6.278882849,94.93670886,12184.87395,457.7056779
645,2021,Scotland,Glasgow City,838,2977,3815,101.2127201,521.9,21.09275731,5.439671727,93.28358209,21705.42636,1759.339705
646,2021,Scotland,Glasgow City,1859,3180,5039,103.1593775,886.1,39.60964409,5.147159226,87.5,32325.88699,1130.720909
647,2021,Scotland,Glasgow City,1481,2808,4289,98.22633215,1278,33.65695793,5.107707249,87.2246696,31645.56962,1583.333333
648,2021,Scotland,Glasgow City,1157,3711,4868,101.605393,660.7,32.31707317,5.589691149,89.86784141,29176.75545,1080.56266
649,2021,Scotland,Glasgow City,444,3661,4105,108.7572832,335.6,22.92899408,5.804320952,93.88888889,26490.06623,797.9356888
650,2021,Scotland,Glasgow City,369,3817,4186,109.5520869,434.7,22.36111111,5.770049412,94.01197605,22727.27273,652.2625357
651,2021,Scotland,Glasgow City,626,4652,5278,87.87601997,402.2,17.20430108,5.758206862,94.64285714,21871.0493,545.4102751
652,2021,Scotland,Glasgow City,607,3733,4340,102.2046354,586.3,17.21854305,5.798519393,88.0733945,24378.10945,1166.666667
653,2021,Scotland,Glasgow City,1516,4745,6261,76.54104046,629.8,26.53696498,5.28336335,90.8,38821.13821,2400.65213
654,2021,Scotland,Glasgow City,1728,4457,6185,100.9749701,948.2,33.82663848,5.216861601,89.3081761,36500.57937,1105.876519
655,2021,Scotland,Glasgow City,884,4863,5747,84.75394931,718.1,28.20512821,5.370254203,86.95652174,29323.30827,4064.377682
656,2021,Scotland,Glasgow City,785,3643,4428,93.35699406,667.6,25.57603687,5.709960909,83.92857143,28758.16993,3246.410782
657,2021,Scotland,Glasgow City,990,3009,3999,101.3025679,829.1,38.88888889,4.875625649,89.09090909,40896.35854,1806.656101
658,2021,Scotland,Glasgow City,1332,2318,3650,60.11231448,907.8,42.1286031,5.107339961,87.17948718,36607.14286,1356.478168
659,2021,Scotland,Glasgow City,2292,4909,7201,82.20850288,1189.1,32.82122905,4.880404213,86.34686347,38633.9381,3581.776191
660,2021,Scotland,Glasgow City,925,2618,3543,95.82237508,890.1,30.20833333,4.913776393,89.62264151,39050.13193,1383.755909
661,2021,Scotland,Glasgow City,1672,4662,6334,86.84597818,1063.8,29.38988095,5.217349071,90.94650206,40489.13043,1321.516715
662,2021,Scotland,Glasgow City,426,3433,3859,110.715638,423.2,18.66028708,5.583165482,93.96551724,25935.48387,1513.84083
663,2021,Scotland,Glasgow City,441,2190,2631,106.9503171,712.2,15.98984772,5.419919859,92.30769231,31674.20814,896.2264151
664,2021,Scotland,Glasgow City,191,3366,3557,108.1422464,296.4,14.08450704,6.080646734,95.89041096,24278.07487,518.3071802
665,2021,Scotland,Glasgow City,697,2972,3669,109.6361186,477.9,21.21212121,5.193049869,89.09090909,29871.64527,1027.992278
666,2021,Scotland,Glasgow City,752,5600,6352,72.88150648,566.9,11.46168706,5.660012454,92.13483146,29088.91328,960.0477042
667,2021,Scotland,Glasgow City,239,3876,4115,109.9355947,277.6,10.67961165,6.050774594,94.39252336,27252.98588,901.6393443
668,2021,Scotland,Glasgow City,275,4011,4286,106.5829434,335,19.14893617,5.81181901,94.57831325,23545.70637,503.6231884
669,2021,Scotland,Glasgow City,773,2351,3124,105.8156672,910.9,32.15686275,5.687665666,92.5,35981.30841,1135.326913
670,2021,Scotland,Glasgow City,917,1550,2467,106.5139203,1007.9,34.9137931,5.274662684,88.34951456,33333.33333,1555.285541
671,2021,Scotland,Glasgow City,800,3785,4585,78.05718223,714.6,20.7079646,5.544081171,91.57894737,27948.71795,1771.150335
672,2021,Scotland,Glasgow City,1377,2154,3531,99.3376174,985.7,33.02387268,5.009330727,84.7826087,34903.04709,1807.335395
673,2021,Scotland,Glasgow City,1412,3323,4735,91.99923499,738.4,29.95744681,5.141940516,91.16465863,33641.40481,1451.704545
674,2021,Scotland,Glasgow City,1170,3990,5160,106.3055725,607.6,21.46814404,5.390447402,91.53439153,30646.67291,1412.938526
675,2021,Scotland,Glasgow City,1512,3159,4671,106.2108849,840.3,25.98967298,5.556259665,90.4,35733.33333,2791.754018
676,2021,Scotland,Glasgow City,985,2909,3894,98.76659448,761.4,30.48128342,5.19451001,85.9375,33974.35897,1340.996169
677,2021,Scotland,Glasgow City,1408,3151,4559,74.48224852,867,28.46371348,5.015158943,86.81818182,37240.35608,1592.975854
678,2021,Scotland,Glasgow City,798,2648,3446,104.7648075,657.5,23.21428571,5.17247164,92.23300971,35251.79856,2639.920753
679,2021,Scotland,Glasgow City,1951,4501,6452,100.6215544,859.8,33.51016799,5.196322216,89.5480226,32667.33267,1513.622603
680,2021,Scotland,Glasgow City,1591,3966,5557,96.66309216,884.7,32.0952381,5.177396283,88.0952381,37888.88889,1437.234688
681,2021,Scotland,Glasgow City,1349,4399,5748,100.0233973,624.2,32.29050279,5.125938818,88.64628821,34371.39562,1960.335622
682,2021,Scotland,Glasgow City,1138,3475,4613,96.16941313,675.8,26.47943831,5.217958565,91.39072848,30532.21289,1326.177285
683,2021,Scotland,Glasgow City,371,5691,6062,88.54987507,299.6,15.19292605,6.106808962,94.66666667,20164.12661,1099.775556
684,2021,Scotland,Glasgow City,841,2553,3394,102.7053328,635.5,28.49264706,5.366061614,91.27516779,34231.37876,986.6071429
685,2021,Scotland,Glasgow City,783,2215,2998,98.525,816.7,29.13669065,5.238398943,88,41882.35294,1696.750903
686,2021,Scotland,Glasgow City,864,2708,3572,134.1188409,809.5,40.29850746,5.271576411,89.83050847,30424.5283,1318.785579
687,2021,Scotland,Glasgow City,1350,3134,4484,98.28595915,885.2,27.33990148,5.343952359,86.95652174,35819.0709,2156.53897
688,2021,Scotland,Glasgow City,1377,3323,4700,109.6250319,826.7,33.72093023,5.39805437,92.44186047,30386.74033,1749.628529
689,2021,Scotland,Glasgow City,1120,2874,3994,97.6950847,1000.3,38.4083045,5.362434988,91.08910891,38274.33628,1875.728155
690,2021,Scotland,Glasgow City,214,639,853,234.7246127,451.7,32.17391304,5.545651648,80,25531.91489,4411.764706
691,2021,Scotland,Glasgow City,1784,4069,5853,97.95132994,986.1,32.68416596,5.118849785,92.83154122,43970.58824,1320.754717
692,2021,Scotland,Glasgow City,466,4077,4543,101.5332056,705.6,25.42372881,5.664505587,92.30769231,35377.35849,1234.452736
693,2021,Scotland,Glasgow City,484,2119,2603,105.9045226,623.6,24.51923077,5.110452473,80.85106383,30310.88083,1417.188389
694,2021,Scotland,Glasgow City,1448,3315,4763,107.6742995,929.4,33.97524072,5.130436776,88.15789474,33856.89354,2056.414923
695,2021,Scotland,Glasgow City,539,3820,4359,103.6392015,637.6,24.84848485,6.105025494,92.45283019,32398.75389,723.5294118
696,2021,Scotland,Glasgow City,910,5337,6247,81.19062002,738.7,40.6741573,5.355377906,89.83050847,35714.28571,1306.046894
697,2021,Scotland,Glasgow City,1091,8724,9815,85.6864312,1175.5,32.43902439,5.498802866,95.29411765,33063.20908,4096.590909
698,2021,Scotland,Glasgow City,747,4479,5226,75.41820244,838.2,21.36498516,5.772470597,91.11111111,25560.53812,4221.396117
699,2021,Scotland,Glasgow City,379,3392,3771,78.3988178,863.3,53.73134328,5.877307016,81.81818182,27710.84337,23149.86539
700,2021,Scotland,Glasgow City,613,4512,5125,89.94895956,524.7,19.41340782,5.612039403,90.8045977,25575.44757,1885.699899
701,2021,Scotland,Glasgow City,583,8874,9457,76.69765927,595.9,17.50972763,5.762861228,87.67123288,17283.95062,1241.074906
702,2021,Scotland,Glasgow City,603,6771,7374,90.89281508,478.5,28.94280763,5.784224619,95.33333333,17412.93532,1214.440193
703,2021,Scotland,Glasgow City,828,2719,3547,99.20566561,870,35,5.794485253,90.47619048,42619.9262,3090.249799
704,2021,Scotland,Glasgow City,1050,5289,6339,98.95732986,589.8,38.61256545,5.524099351,88.23529412,24496.12403,1080.656032
705,2021,Scotland,Glasgow City,1596,3309,4905,96.16293221,757.3,36.33841886,5.001396915,85.94594595,35628.22719,1664.634146
706,2021,Scotland,Glasgow City,1276,6280,7556,92.16883117,794.7,23.62924282,5.518335743,88.34355828,27007.29927,1398.221344
707,2021,Scotland,Glasgow City,1864,4158,6022,95.64809708,899,31.03448276,5.318079316,88.26530612,38870.96774,1949.174745
708,2021,Scotland,Glasgow City,1391,2959,4350,95.63392107,718.8,26.71755725,5.128671602,88.44221106,37164.1791,1915.121255
709,2021,Scotland,Glasgow City,947,2092,3039,105.5785332,803.3,31.85298622,5.179282059,86.5248227,41330.99825,1450.454763
710,2021,Scotland,Glasgow City,713,3724,4437,95.04497637,513.7,18.83194279,5.723323216,91.39784946,21206.89655,678.5354384
711,2021,Scotland,Glasgow City,693,2970,3663,110.738255,567.2,22.28464419,5.753236171,92.64705882,29585.00669,1023.378915
712,2021,Scotland,Glasgow City,1036,2396,3432,96.91629956,877.4,36.75832127,5.318115763,88,31662.87016,1436.338922
713,2021,Scotland,Glasgow City,806,2221,3027,98.47471548,789,29.93630573,5.423627639,93.80530973,33827.89318,1240.544629
714,2021,Scotland,Glasgow City,1563,2615,4178,91.34956875,850.4,31.30434783,4.813639616,88.46153846,35606.06061,2421.360644
715,2021,Scotland,Glasgow City,241,5931,6172,99.2436609,218.3,4.72972973,6.264136753,97.39130435,19554.45545,524.4755245
716,2021,Scotland,Glasgow City,224,3895,4119,96.53964813,277.1,5.410821643,6.234500228,87.09677419,22132.79678,676.4605398
717,2021,Scotland,Glasgow City,322,6014,6336,96.32750054,381.6,8.219178082,6.297170705,95.77464789,18375.24178,1258.935663
718,2021,Scotland,Glasgow City,820,6406,7226,77.30452765,701,16.84491979,5.405364218,87.01298701,20930.23256,530.0187617
719,2021,Scotland,Glasgow City,548,4735,5283,96.60958904,458.4,18.20330969,5.381078922,93.5483871,24747.47475,1022.099448
720,2021,Scotland,Glasgow City,690,3268,3958,96.82032301,676.1,16.98113208,5.492755746,88.46153846,29558.54127,1187.854521
721,2021,Scotland,Glasgow City,219,5506,5725,99.07122575,321.4,4.230118443,6.283236561,95.0617284,18967.4523,342.6488457
722,2021,Scotland,Glasgow City,168,4358,4526,91.10617009,288.8,1.627906977,6.439091191,100,14627.99496,829.3772689
723,2021,Scotland,Glasgow City,221,5492,5713,99.02255196,267.6,3.448275862,6.620610141,97.11934156,21700.62002,1211.687196
724,2021,Scotland,Glasgow City,344,4160,4504,99.00414938,306.2,8.108108108,6.250876356,95.53571429,16645.3265,901.259112
725,2021,Scotland,Glasgow City,179,2558,2737,102.4492386,185.8,4.373757455,6.445168314,99.15254237,27427.59796,727.1557272
726,2021,Scotland,Glasgow City,1052,2637,3689,103.0695635,761.5,33.20683112,5.215571952,89.74358974,37767.2209,1484.474692
727,2021,Scotland,Glasgow City,676,3816,4492,100.2632802,443.9,27.16319825,6.040049436,93.33333333,20726.17247,998.1378026
728,2021,Scotland,Glasgow City,1106,2491,3597,99.76224441,641.2,42.75037369,5.214338416,90,28000,1938.214135
729,2021,Scotland,Glasgow City,1107,3675,4782,100.2228773,666.5,30.37974684,5.31319794,91.35802469,26422.76423,975.5369928
730,2021,Scotland,Glasgow City,531,2452,2983,103.5085701,720,23.63636364,5.545933375,90.65420561,31545.74132,1082.299887
731,2021,Scotland,Glasgow City,597,2023,2620,110.7981221,637.7,21.4084507,5.448096369,88.42105263,39682.53968,867.3790069
732,2021,Scotland,Glasgow City,943,3007,3950,102.9272899,649.2,29.73395931,5.428888586,89.0625,26329.11392,1233.660131
733,2021,Scotland,Glasgow City,827,2454,3281,113.7733946,771.3,24.37357631,5.591356496,89.02439024,35714.28571,2816.976127
734,2021,Scotland,Glasgow City,816,2897,3713,100.7815373,635.6,28.32116788,5.42565786,87.65432099,31022.53033,827.2610373
735,2021,Scotland,Glasgow City,303,3939,4242,104.8585691,450,11.73814898,6.1694412,95.18072289,19433.71943,910.0797679
736,2021,Scotland,Glasgow City,869,5694,6563,94.71757588,563.2,17.05607477,5.481468733,88.0239521,32223.31048,1205.155747
737,2021,Scotland,Glasgow City,1358,4286,5644,103.8100463,689.6,24.32126697,5.374687655,91.36363636,31584.94869,865.0707291
738,2021,Scotland,Glasgow City,272,2641,2913,99.54812472,360.8,12.80991736,5.669310573,96.42857143,21160.40956,2050.186866
739,2021,Scotland,Glasgow City,776,1777,2553,107.9916898,978.3,34.27065026,5.067244759,85.98130841,33698.63014,2330.623306
740,2021,Scotland,Glasgow City,1277,2088,3365,103.2556348,865.1,40.87161366,5.286142052,74.14965986,37125.7485,1567.944251
741,2021,Scotland,Glasgow City,1116,2048,3164,100.980893,1018.7,30.96446701,5.38338352,81.06060606,33082.70677,2014.117647
742,2021,Scotland,Glasgow City,943,2651,3594,98.93546241,853.8,25.90206186,5.577294188,85.8974359,31645.56962,1228.366399
743,2021,Scotland,Highland,298,4492,4790,97.41659184,288.5,15.05065123,6.054403598,97.04433498,15066.22517,30.15075377
744,2021,Scotland,Highland,394,4235,4629,100.1161356,495.5,18.06220096,5.474959869,94.23076923,25781.25,235.1664255
745,2021,Scotland,Highland,608,5098,5706,101.7639157,621.5,16.11842105,5.225286546,93.38842975,22437.13733,323.0076781
746,2021,Scotland,Highland,362,4407,4769,99.01437926,425.6,19.1011236,5.765691254,95.74468085,18153.36463,116.0477454
747,2021,Scotland,Highland,274,3578,3852,106.3063063,279.4,17.57575758,5.668087957,95.89041096,19615.77351,118.9909567
748,2021,Scotland,Highland,366,4905,5271,106.1142342,299.8,15.37356322,5.654930166,93.49112426,20035.77818,186.3560732
749,2021,Scotland,Highland,296,4419,4715,102.4709409,221.6,12.68656716,5.746569065,95.50561798,17709.92366,84.58285275
750,2021,Scotland,Highland,239,4484,4723,84.73252119,199.5,10.59907834,5.604131712,94.27083333,14817.88079,102.9216467
751,2021,Scotland,Highland,513,3512,4025,113.2757837,483.7,27.86516854,5.254767205,89.54248366,24130.87935,396.7900134
752,2021,Scotland,Highland,415,4162,4577,107.1362013,400.8,14.48763251,5.705283861,92.35294118,19781.0219,240.1010952
753,2021,Scotland,Highland,393,5114,5507,88.22618125,321.1,10.03787879,5.624851903,91.30434783,17075.30648,85.71428571
754,2021,Scotland,Highland,251,3744,3995,107.4956971,386,12.00631912,5.584558716,90.11627907,21286.03104,276.1000863
755,2021,Scotland,Highland,375,2779,3154,106.8534435,396.1,15.70576541,5.421274375,91.66666667,25263.15789,295.9501558
756,2021,Scotland,Highland,381,5798,6179,88.62721717,404.1,9.59377701,5.609620461,94.98069498,18929.71246,193.1130758
757,2021,Scotland,Highland,253,5350,5603,79.70194085,236.2,9.249011858,5.757556891,95.62043796,17806.04134,186.4985553
758,2021,Scotland,Highland,117,3254,3371,76.54538704,266.3,7.845433255,5.835164181,92.56756757,20357.14286,193.7345425
759,2021,Scotland,Highland,207,4805,5012,80.44738569,262.3,8.601134216,5.933098078,94.44444444,18531.22855,188.7855734
760,2021,Scotland,Highland,490,3085,3575,106.4503403,418.1,16.05584642,5.53478836,93.20987654,20907.84044,445.9203036
761,2021,Scotland,Highland,539,3322,3861,105.2483862,536.7,17.8913738,5.043910313,89.3081761,22740.11299,463.515374
762,2021,Scotland,Highland,79,2247,2326,111.1160516,382.1,16.30434783,5.85731376,97.64705882,18114.60259,185.1851852
763,2021,Scotland,Highland,657,3541,4198,103.9533949,776.6,15.59507524,5.14342407,83.90804598,21886.79245,1257.774706
764,2021,Scotland,Highland,269,4103,4372,106.0832025,302,6.97167756,6.108739255,93.33333333,23239.96972,209.2736972
765,2021,Scotland,Highland,894,3622,4516,109.107129,691.7,25.34059946,4.995354116,86.01036269,26568.26568,784.1726619
766,2021,Scotland,Highland,626,3308,3934,107.4653238,611.3,18.91891892,5.213436124,80,35145.88859,644.4188723
767,2021,Scotland,Highland,1225,2226,3451,98.5205111,814.6,32.87292818,4.713292222,84.70588235,42606.51629,1502.743774
768,2021,Scotland,Highland,186,2797,2983,110.4638747,482.7,14.65798046,5.437688016,94.80519481,24455.82586,234.4665885
769,2021,Scotland,Highland,525,3450,3975,80.16111199,447.6,13.36696091,5.54910848,89.86486486,15921.78771,387.3109554
770,2021,Scotland,Highland,495,6216,6711,93.50713232,294.3,13.37579618,5.85146505,91.74917492,20035.56609,95.86276488
771,2021,Scotland,Highland,325,4298,4623,99.2094575,281.3,13.35504886,5.955870536,95.43147208,16737.10904,67.16154118
772,2021,Scotland,Highland,214,2467,2681,98.46550454,386.9,18.39378238,5.727801309,96.89922481,20833.33333,162.3571858
773,2021,Scotland,Highland,249,3238,3487,94.83482387,367.1,17.09401709,5.689223452,94.85294118,14700.19342,115.0483203
774,2021,Scotland,Highland,391,3226,3617,100.2473364,379.2,13.59223301,5.388657149,90.90909091,21029.57284,228.7893232
775,2021,Scotland,Highland,205,3153,3358,95.14154552,282.9,12.38938053,5.649922378,94.01709402,15704.154,62.68081003
776,2021,Scotland,Highland,190,2801,2991,101.0109988,325.8,19.80830671,5.965906973,94.38202247,16183.81618,41.54302671
777,2021,Scotland,Highland,218,3002,3220,99.4429544,276.2,15.90909091,6.076473545,91.36690647,13676.1488,99.3204391
778,2021,Scotland,Highland,289,3407,3696,104.4246951,404.2,14.05940594,5.670312476,92.59259259,20022.62443,90.34712316
779,2021,Scotland,Highland,197,3024,3221,107.6738609,275.2,15.61181435,5.531107929,93.75,16190.47619,97.30967373
780,2021,Scotland,Highland,292,3141,3433,93.39710253,359.9,13.44936709,5.368198744,90.97222222,22838.70968,239.0617952
781,2021,Scotland,Highland,281,3481,3762,91.81060411,352.8,11.65980796,5.60422112,94.91525424,21082.94931,230.2345786
782,2021,Scotland,Highland,634,4787,5421,103.8899854,447.8,15.46511628,5.237147065,91.39344262,21856.54008,328.2275711
783,2021,Scotland,Highland,417,6385,6802,91.70351855,271.9,8.152645273,5.777650731,92.75862069,16093.83524,97.98994975
784,2021,Scotland,Highland,157,3456,3613,100.4483895,267.8,5.97826087,5.793614309,97.02380952,19736.84211,62.20095694
785,2021,Scotland,Highland,1111,4825,5936,98.13736903,626.5,23.28548644,5.163973066,89.41605839,20480.92869,756.4679415
786,2021,Scotland,Highland,733,3562,4295,98.99298139,540.8,25.67901235,5.292447198,94.25287356,22185.06132,442.5436965
787,2021,Scotland,Highland,529,3842,4371,103.5001156,390.9,18.51332398,5.336748823,88.29787234,22419.92883,270.8084429
788,2021,Scotland,Highland,527,3188,3715,103.4747987,471,15.63380282,5.314530122,92.30769231,19495.41284,514.7759771
789,2021,Scotland,Highland,562,5610,6172,99.34987539,361.4,15.43450065,5.596102015,94.62365591,19090.90909,154.294032
790,2021,Scotland,Highland,498,3573,4071,105.9345718,328.7,17.43119266,5.509799727,93.87755102,20862.7451,203.8103677
791,2021,Scotland,Highland,315,2568,2883,95.65694231,250.9,17.98561151,5.416634291,92.92035398,16666.66667,128.3482143
792,2021,Scotland,Highland,613,2889,3502,106.5067495,651.6,24.87562189,5.162995912,93.63057325,20370.37037,946.1358314
793,2021,Scotland,Highland,490,2754,3244,105.0355891,500.5,21.09929078,5.293783214,91.2,23066.66667,665.9505908
794,2021,Scotland,Highland,275,3319,3594,102.0766919,329.6,12.75797373,5.648694467,92.40506329,14271.65354,60.43700604
795,2021,Scotland,Highland,388,4761,5149,103.243607,309.2,11.20797011,5.700908055,95.38461538,18782.6087,104.4386423
796,2021,Scotland,Highland,328,2280,2608,115.5676411,543.8,19.16932907,5.394404522,90,21767.59411,548.3028721
797,2021,Scotland,Highland,504,4131,4635,104.0666908,406.8,20.8281054,5.334769172,93.87755102,19528.94995,385.3144311
798,2021,Scotland,Highland,257,3043,3300,106.5570401,428.4,18.25,5.857252541,95.04132231,17765.95745,254.4529262
799,2021,Scotland,Inverclyde,114,2467,2581,103.975984,319,3.52303523,5.902545137,97.05882353,18562.0915,368.7635575
800,2021,Scotland,Inverclyde,220,2975,3195,104.7116431,372,6.224899598,5.840306775,90.16393443,18218.62348,898.630137
801,2021,Scotland,Inverclyde,229,5857,6086,96.72167338,283.6,6.605691057,6.218356928,96.90721649,15641.47627,350.0255493
802,2021,Scotland,Inverclyde,101,2976,3077,108.6191024,222.8,4.487179487,6.138900694,97,18649.88558,369.5150115
803,2021,Scotland,Inverclyde,331,3775,4106,100.8769851,330.8,10.59602649,5.883870103,95.36423841,18762.47505,389.5612708
804,2021,Scotland,Inverclyde,560,3442,4002,111.4848164,529.2,13.60544218,5.818159641,92.14285714,24923.70295,974.4876621
805,2021,Scotland,Inverclyde,1503,4748,6251,98.76657893,668.6,21.39037433,5.42500436,91.05263158,30805.24345,759.7434632
806,2021,Scotland,Inverclyde,1160,3533,4693,104.8006167,705.5,20.38709677,5.498098714,92.92035398,27157.36041,991.7877448
807,2021,Scotland,Inverclyde,268,4639,4907,102.6953629,364.8,6.41627543,6.194561862,97.93103448,20563.0355,583.9969662
808,2021,Scotland,Inverclyde,879,4736,5615,107.7041602,544.3,16.64295875,5.870520992,92.63157895,30039.21569,1602.941176
809,2021,Scotland,Inverclyde,590,3687,4277,113.5510542,445.6,20.69632495,5.840875295,95.36423841,21933.96226,1047.93757
810,2021,Scotland,Inverclyde,1089,2532,3621,106.1538462,737,27.13675214,5.258867756,88.11881188,27681.6609,1416.732439
811,2021,Scotland,Inverclyde,1761,3109,4870,97.56413579,831.9,19.09476662,5.272259636,93.67088608,32166.66667,4515.625
812,2021,Scotland,Inverclyde,1866,4854,6720,94.73502588,699.1,19.95481928,5.395250624,90.99678457,35014.8368,933.4836528
813,2021,Scotland,Inverclyde,947,4553,5500,102.2813224,563,21.28654971,5.713933935,95.3125,20922.28864,1607.038123
814,2021,Scotland,Inverclyde,1129,3329,4458,109.9740735,684.7,24.35897436,5.552870238,90.75144509,26910.99476,919.6261682
815,2021,Scotland,Inverclyde,1198,3603,4801,105.4334127,537.8,26.60996355,5.550905542,92.41071429,25376.12839,586.8385346
816,2021,Scotland,Midlothian,194,3165,3359,70.37742382,352.6,7.320261438,5.567801148,91.42857143,21178.34395,643.3224756
817,2021,Scotland,Midlothian,370,3470,3840,104.3952117,373,13.1372549,5.614867049,96.55172414,20221.32797,1165.396683
818,2021,Scotland,Midlothian,271,3519,3790,106.9342395,339.5,15.55555556,5.791465763,91.66666667,17515.92357,778.786431
819,2021,Scotland,Midlothian,406,2393,2799,100.2892354,532.5,25.6302521,5.218079168,94.48818898,23665.48043,2107.23192
820,2021,Scotland,Midlothian,243,3243,3486,105.664488,377.1,13.48747592,6.051331366,97.4025974,19164.61916,494.3153732
821,2021,Scotland,Midlothian,100,2925,3025,54.40422438,239.5,6.376195537,5.769630685,96.80851064,16190.47619,358.49707
822,2021,Scotland,Midlothian,299,3029,3328,97.0820728,326.5,8.888888889,5.52143579,95.16129032,18655.69273,544.4126074
823,2021,Scotland,Midlothian,287,2191,2478,99.42895086,512.2,10.86350975,5.321106514,93.10344828,23244.9298,2998.001332
824,2021,Scotland,Midlothian,445,3403,3848,101.1305973,345.3,14.1025641,5.50591797,91.79104478,26241.90065,885.3474989
825,2021,Scotland,Midlothian,522,4232,4754,104.0940325,418.4,15.5792277,5.415208687,94.60784314,22058.82353,633.2179931
826,2021,Scotland,Midlothian,690,5059,5749,101.7283364,589.3,16.76505313,5.550331109,92.7184466,29582.44869,931.4903846
827,2021,Scotland,Midlothian,336,7883,8219,71.12696778,269.7,6.924829157,5.823283617,96.18320611,20099.50249,406.8486184
828,2021,Scotland,Midlothian,178,4760,4938,90.51051838,282.7,4.909560724,5.902551592,97.61904762,20892.35127,1314.878893
829,2021,Scotland,Midlothian,359,3500,3859,67.8488189,413.6,8.474576271,5.435768504,94.33962264,26674.78685,1057.051839
830,2021,Scotland,Midlothian,649,3521,4170,79.69259102,474.9,20.10752688,5.19262004,92.0212766,24195.8042,1270.736563
831,2021,Scotland,Midlothian,699,2180,2879,96.27743833,632.4,28.72340426,4.947541216,83.76068376,24271.84466,2580.299786
832,2021,Scotland,Midlothian,606,6676,7282,70.34666223,287.9,11.67035398,5.583864962,94.23076923,18379.79094,526.5210608
833,2021,Scotland,Midlothian,521,2483,3004,97.16289449,466.3,27.16593245,4.914265599,90.90909091,24657.53425,1004.68506
834,2021,Scotland,Midlothian,838,3761,4599,101.8614719,528.2,25,4.942948148,91.37931034,25194.80519,1290.547611
835,2021,Scotland,Midlothian,538,3629,4167,98.82409794,479.2,16.51515152,5.354291007,95.93023256,24797.219,972.6443769
836,2021,Scotland,Midlothian,517,2410,2927,76.97703469,415.7,17.57656458,5.088879369,89.57055215,28661.08787,1189.941626
837,2021,Scotland,Midlothian,665,2925,3590,102.2560478,458.9,26.02739726,5.355987216,93.41317365,27073.55243,1313.174946
838,2021,Scotland,Moray,270,3970,4240,109.921782,351.2,16.83673469,5.297815963,95.23809524,17971.88755,480.4804805
839,2021,Scotland,Moray,227,3514,3741,110.0875486,456.4,12.57367387,5.546274114,94.40559441,22934.78261,965.4827414
840,2021,Scotland,Moray,179,2959,3138,102.8485923,330.3,12.68817204,5.509149828,94.33962264,20709.21986,629.3333333
841,2021,Scotland,Moray,527,4064,4591,107.930087,428.4,24.04287902,5.568588119,86.86868687,18594.68723,1580.619539
842,2021,Scotland,Moray,498,5135,5633,108.1212599,281.9,23.03595206,5.549469774,94.44444444,14174.89422,737.6766632
843,2021,Scotland,Moray,460,2899,3359,103.9738431,489,20.06578947,5.518541908,90.99099099,18896.55172,1408.016444
844,2021,Scotland,Moray,422,4348,4770,92.28943442,383.1,11.78529755,5.526657065,88.58695652,19234.2753,1252.518469
845,2021,Scotland,Moray,217,3429,3646,103.1344127,332.2,13.76518219,5.672592595,93.37748344,19012.60504,406.1156235
846,2021,Scotland,Moray,185,2269,2454,93.49506798,333.4,16.55172414,5.316649119,94.68085106,14874.81591,1132.342534
847,2021,Scotland,Moray,308,4284,4592,55.50665701,339.5,9.126671912,5.803438304,94.25837321,13721.18551,680.0618238
848,2021,Scotland,Moray,278,3050,3328,91.29588432,304.2,14.6969697,5.585426295,92.68292683,17483.44371,671.2643678
849,2021,Scotland,Moray,614,3675,4289,108.0879836,612.7,28.48920863,5.096967556,89.68253968,23453.90898,2319.212666
850,2021,Scotland,Moray,525,3521,4046,107.5218818,466,29.5735901,5.192134981,90.81632653,28183.36163,1508.712282
851,2021,Scotland,Moray,298,3834,4132,111.4488533,420.1,12.54019293,5.302136551,91.09589041,19976.21879,1042.418773
852,2021,Scotland,Moray,155,2987,3142,103.8289249,199,3.611738149,6.030927053,95.16129032,17295.59748,1759.729272
853,2021,Scotland,Moray,306,2987,3293,102.8981117,475.3,18.96207585,5.312107708,88.88888889,25331.12583,2192.585895
854,2021,Scotland,Moray,193,3008,3201,102.824147,466.1,11.2012987,5.57762897,94.23076923,19156.41476,477.1677783
855,2021,Scotland,Moray,230,3281,3511,104.1122253,367.1,16.78004535,5.389948097,90.09009009,15272.72727,423.4367307
856,2021,Scotland,Moray,354,3887,4241,96.61980487,397.1,18.38046272,5.113484581,84.17266187,19120.45889,567.844173
857,2021,Scotland,Moray,268,5147,5415,103.8543228,284.7,11.47540984,5.615131261,93.19371728,16695.20548,499.6953077
858,2021,Scotland,Moray,282,3659,3941,96.09834313,220,18.65203762,5.184957694,94.7826087,12404.2879,486.1111111
859,2021,Scotland,Moray,339,3334,3673,102.2835751,412.1,13.48039216,5.743826553,93.57798165,17235.77236,1480.730223
860,2021,Scotland,Moray,737,4643,5380,107.9428118,452.6,23.12423124,5.096303668,88.7254902,19446.70464,1114.478114
861,2021,Scotland,Moray,245,3779,4024,79.0649943,396.7,13.67861886,5.703060066,91.86046512,12595.00543,536.9621184
862,2021,Scotland,North Ayrshire,291,4248,4539,100.6637807,307.4,16.22574956,6.104035987,96.19565217,20709.30969,524.4479495
863,2021,Scotland,North Ayrshire,381,2340,2721,83.68847219,525.8,21,5.530135187,87.20930233,27312.13873,2238.417491
864,2021,Scotland,North Ayrshire,300,2509,2809,95.22683294,347.1,10.96774194,5.94563589,91.26213592,22517.48252,820.3530633
865,2021,Scotland,North Ayrshire,437,3071,3508,106.6063704,441.3,19.16058394,5.602827302,91.30434783,30571.10862,1392.98424
866,2021,Scotland,North Ayrshire,640,2156,2796,108.7390919,562,28.24427481,5.26628523,84.86842105,24434.38914,926.916221
867,2021,Scotland,North Ayrshire,586,1700,2286,104.1733547,675.6,32.23140496,5.426279486,83.33333333,29382.71605,1111.111111
868,2021,Scotland,North Ayrshire,609,3556,4165,100.5010961,420.2,20.87912088,5.720789286,93.65079365,24626.86567,576.4125901
869,2021,Scotland,North Ayrshire,480,4523,5003,112.6401631,415.1,17.69331586,5.884984341,92.34449761,24052.28758,411.319513
870,2021,Scotland,North Ayrshire,918,2626,3544,105.0844168,654.8,28.66847826,5.154951089,87.2611465,29742.03338,1275.659824
871,2021,Scotland,North Ayrshire,989,2341,3330,95.62574731,722.1,30.92198582,5.365135276,85.18518519,30583.50101,1187.066975
872,2021,Scotland,North Ayrshire,623,2482,3105,100.5858943,621.3,28.51239669,5.312772674,92.68292683,28205.12821,1175.853018
873,2021,Scotland,North Ayrshire,720,2494,3214,98.91941957,566.1,28.27442827,5.285882214,87.39495798,28222.99652,3895.071542
874,2021,Scotland,North Ayrshire,1018,2023,3041,120.8012735,786.8,36.60714286,4.643540109,86.95652174,28571.42857,5080.906149
875,2021,Scotland,North Ayrshire,645,2338,2983,78.11462713,520.2,23.61111111,5.394303401,86.20689655,27564.10256,1394.750386
876,2021,Scotland,North Ayrshire,1125,2668,3793,108.511236,812.7,28.28282828,5.247141856,85.90604027,31946.00675,3674.418605
877,2021,Scotland,North Ayrshire,1021,2136,3157,105.0482636,899.9,33.41772152,4.966659387,84.76190476,32689.45022,2449.086162
878,2021,Scotland,North Ayrshire,266,2811,3077,102.1727322,246.1,18.51851852,5.908775096,91.74311927,20972.97297,475.1381215
879,2021,Scotland,North Ayrshire,902,3400,4302,106.2149095,549.1,26.85512367,5.246673269,87.39495798,27308.70712,799.7010463
880,2021,Scotland,North Ayrshire,285,3301,3586,110.4570637,362,7.847082495,5.89633615,92.54658385,24089.3067,823.0044621
881,2021,Scotland,North Ayrshire,1052,4111,5163,105.7194949,614.2,25.66037736,5.337711577,87.00787402,24005.30504,990.0353584
882,2021,Scotland,North Ayrshire,555,2248,2803,111.1648016,608.5,27.05882353,5.471407469,90.625,28434.8865,2545.454545
883,2021,Scotland,North Ayrshire,1036,3016,4052,107.3423578,623.8,36.66666667,5.278944434,85.45454545,26929.39245,1486.704271
884,2021,Scotland,North Ayrshire,205,4866,5071,107.4051324,301.4,9.511228534,6.079068318,95.02074689,23760.33058,347.5513428
885,2021,Scotland,North Ayrshire,759,2291,3050,100.4816848,555.3,29.87377279,5.321517421,82,26269.31567,1068.068622
886,2021,Scotland,North Ayrshire,988,3113,4101,103.6606061,827.2,31.91489362,4.942954367,82.51748252,33191.03522,1129.807692
887,2021,Scotland,North Ayrshire,813,3019,3832,100.9163209,532.7,28.63309353,5.553411796,83.03030303,28925.61983,1680.960549
888,2021,Scotland,North Ayrshire,500,2367,2867,104.683868,566.1,22.86432161,5.441368425,93.87755102,22527.47253,1538.021727
889,2021,Scotland,North Ayrshire,548,2380,2928,104.7021228,418.8,23.95437262,5.561005479,89.13043478,23396.88042,967.3852957
890,2021,Scotland,North Ayrshire,167,2464,2631,71.18995849,309.2,6.614785992,5.91148811,94.11764706,19736.84211,860
891,2021,Scotland,North Ayrshire,414,4282,4696,105.2915129,374.4,16.76829268,5.777683922,95.65217391,24739.97028,347.963622
892,2021,Scotland,North Ayrshire,246,3489,3735,103.9930714,265,9.333333333,6.047771959,96.92307692,16973.41513,885.4454898
893,2021,Scotland,North Ayrshire,828,3955,4783,106.0630092,420.4,26.67910448,5.599359924,92.59259259,21814.25486,1485.074627
894,2021,Scotland,North Ayrshire,201,3787,3988,102.8055439,257.1,5.696202532,5.939315112,96.8,17732.74224,573.7704918
895,2021,Scotland,North Ayrshire,186,2735,2921,104.8868128,270,12.6984127,6.083892231,96.73913043,20418.84817,838.1689233
896,2021,Scotland,North Ayrshire,535,2724,3259,104.7872896,437.7,26.16666667,5.321321983,90.85365854,22617.12439,968.8934217
897,2021,Scotland,North Ayrshire,972,3003,3975,105.2422759,702.9,32.66666667,5.407418721,93.29268293,24513.61868,1250.971251
898,2021,Scotland,North Ayrshire,429,2670,3099,109.4231211,378.9,15.98272138,5.541530984,98.42519685,21280,778.5087719
899,2021,Scotland,North Ayrshire,389,3488,3877,100.2291437,483.5,15.23642732,5.687048371,98.27586207,25752.85566,1131.918435
900,2021,Scotland,North Lanarkshire,596,3245,3841,122.4727198,574.6,17.79279279,5.608149033,92.94871795,29037.26708,1445.783133
901,2021,Scotland,North Lanarkshire,448,3014,3462,104.6038332,542.5,17.11538462,5.643977845,94.32624113,30169.05072,801.1583012
902,2021,Scotland,North Lanarkshire,671,3630,4301,105.8666896,642.4,21.18100128,5.480878621,89.36170213,33193.27731,1503.416856
903,2021,Scotland,North Lanarkshire,713,6073,6786,90.75791801,368.9,12.31015188,5.629565127,94.27480916,28791.56529,2324.275769
904,2021,Scotland,North Lanarkshire,1488,3246,4734,93.75486795,1051.1,30.59273423,4.432499393,78.46889952,37880.98694,2817.327065
905,2021,Scotland,North Lanarkshire,720,3234,3954,103.3505155,699.6,23.76237624,5.255504662,92.26804124,29739.13043,1327.913279
906,2021,Scotland,North Lanarkshire,1051,3839,4890,101.2712719,723.7,27.28410513,5.417842366,89.16666667,32544.3787,2007.636017
907,2021,Scotland,North Lanarkshire,920,5190,6110,99.36953095,479.5,21.95121951,5.292867086,93.72384937,25641.02564,1636.874362
908,2021,Scotland,North Lanarkshire,607,3173,3780,103.5840029,458.1,18.45493562,5.11712324,90.96385542,33380.08415,1208.935611
909,2021,Scotland,North Lanarkshire,260,2543,2803,105.9800664,313.6,20.38043478,5.523184795,95.3125,22824.30213,911.1880046
910,2021,Scotland,North Lanarkshire,1085,4465,5550,102.4782557,686.4,21.37176938,4.959518793,89.49579832,24137.93103,1324.689966
911,2021,Scotland,North Lanarkshire,268,3578,3846,96.31679216,475.2,13.85083714,5.730674067,91.30434783,22090.72978,1661.329063
912,2021,Scotland,North Lanarkshire,613,3754,4367,100.8261359,585.3,22.01492537,4.998948383,90.90909091,27252.74725,1206.647399
913,2021,Scotland,North Lanarkshire,508,2317,2825,98.79157556,540.8,23.12373225,5.553625407,91.59663866,27500,1620.635748
914,2021,Scotland,North Lanarkshire,891,4475,5366,81.75589303,533.7,21.2731668,5.29410915,93.23671498,29517.50237,2563.36681
915,2021,Scotland,North Lanarkshire,490,4085,4575,67.19111522,543.7,10.97359736,5.803462596,92.09302326,30058.65103,762.5605713
916,2021,Scotland,North Lanarkshire,493,2565,3058,106.8511345,427.4,23.16831683,5.034849384,90.19607843,28993.05556,819.2524322
917,2021,Scotland,North Lanarkshire,560,3361,3921,96.24564893,513.9,17.88715486,5.485270343,91.75257732,32849.36479,829.8117557
918,2021,Scotland,North Lanarkshire,460,2808,3268,82.30467682,555.3,19.73509934,5.373504387,93.02325581,30453.56371,830.2658487
919,2021,Scotland,North Lanarkshire,846,4489,5335,93.93976196,474.7,21.07371795,5.377370667,92.25806452,32608.69565,1271.44024
920,2021,Scotland,North Lanarkshire,1007,2789,3796,103.0917613,785.3,28.7054409,5.319479379,83,39448.5684,6590.501792
921,2021,Scotland,North Lanarkshire,163,3922,4085,92.66818952,215.8,5.351681957,6.154059048,95.23809524,22410.71429,1280.643981
922,2021,Scotland,North Lanarkshire,726,3357,4083,100.2194052,572.3,21.91958495,5.351924389,92.69406393,34084.50704,789.7748951
923,2021,Scotland,North Lanarkshire,687,2453,3140,103.4304563,894.6,29.69004894,5.036659561,86.4321608,40053.76344,1320.293399
924,2021,Scotland,North Lanarkshire,1067,3788,4855,100.8196166,889.5,30.08849558,5.289952976,93.49593496,43316.19537,2652.495379
925,2021,Scotland,North Lanarkshire,787,4529,5316,99.44912303,492,21.28883774,5.221411832,92.01877934,23950.05675,1297.884505
926,2021,Scotland,North Lanarkshire,846,4157,5003,106.3948165,572.2,23.83939774,5.240781661,92.34449761,31876.60668,1220.447284
927,2021,Scotland,North Lanarkshire,993,4061,5054,105.4712059,559.5,28.85057471,5.337341753,92.79661017,33176.47059,991.0466193
928,2021,Scotland,North Lanarkshire,923,3804,4727,105.9962022,628,21.85338866,5.272202976,93.04812834,30455.63549,1933.44426
929,2021,Scotland,North Lanarkshire,232,2242,2474,106.1964668,477,18.94150418,5.929643751,94.95798319,37031.25,713.3243607
930,2021,Scotland,North Lanarkshire,653,2786,3439,100.7958577,686.7,27.10120069,5.109643691,89.0625,27522.93578,1900.493052
931,2021,Scotland,North Lanarkshire,725,4131,4856,97.905829,592.8,17.20818291,5.48132009,85.60606061,25403.65985,1820.148331
932,2021,Scotland,North Lanarkshire,1137,4564,5701,96.16552345,680.2,24.01079137,4.988685694,85.44600939,29707.11297,893.4531451
933,2021,Scotland,North Lanarkshire,287,4439,4726,110.2151346,325.4,14.15797317,5.963205956,92.68292683,22146.89266,904.0333797
934,2021,Scotland,North Lanarkshire,1138,5136,6274,104.4377565,650.6,21.71985816,5.313665967,90.64516129,31062.9515,1086.519115
935,2021,Scotland,North Lanarkshire,1117,4798,5915,106.8718431,640.3,24.49392713,5.249418913,91.79810726,31000,1222.104145
936,2021,Scotland,North Lanarkshire,1181,5031,6212,105.6360344,652.3,21.89409369,5.324372441,91.97324415,34329.63279,1540.922421
937,2021,Scotland,North Lanarkshire,350,2109,2459,113.8549892,511.9,22.83464567,5.322591315,90.81632653,25053.53319,1543.209877
938,2021,Scotland,North Lanarkshire,779,3377,4156,103.6570093,634.7,18.44802343,5.390074863,92.15686275,37090.4325,1442.533229
939,2021,Scotland,North Lanarkshire,973,3674,4647,101.4467964,683.6,30.08323424,5.043778358,86.53061224,31614.654,1145.16129
940,2021,Scotland,North Lanarkshire,568,3376,3944,105.2700462,553.3,22.87581699,5.241596013,95.41284404,32138.44252,1955.661124
941,2021,Scotland,North Lanarkshire,653,2455,3108,135.6110009,801.6,25.67975831,4.782522132,92.72727273,32829.37365,6380.952381
942,2021,Scotland,North Lanarkshire,592,2550,3142,84.86238532,604.2,18.25037707,4.971561656,87.5,34829.44345,1039.963669
943,2021,Scotland,North Lanarkshire,791,5278,6069,95.22534583,543.1,17.21581549,5.46761264,93.48659004,26273.45845,1019.490255
944,2021,Scotland,North Lanarkshire,328,2106,2434,106.7224507,470.9,19.69309463,5.392803854,89.09090909,28779.59927,920.6798867
945,2021,Scotland,North Lanarkshire,368,2160,2528,102.6622074,470.8,22.81553398,5.24990523,91.60305344,23529.41176,789.3139041
946,2021,Scotland,North Lanarkshire,342,3737,4079,99.8487395,380.6,14.87414188,5.695664345,93.69369369,24266.14481,662.0742442
947,2021,Scotland,North Lanarkshire,294,3221,3515,105.8684782,330.7,14.55805893,5.462739631,93.8547486,23809.52381,607.7116513
948,2021,Scotland,North Lanarkshire,932,2963,3895,104.287078,762.4,33.47398031,4.814197627,87.77292576,33333.33333,1675.247525
949,2021,Scotland,North Lanarkshire,752,2304,3056,108.3352574,684.7,32.73453094,5.102293619,81.63265306,33275.26132,835.1648352
950,2021,Scotland,North Lanarkshire,353,4359,4712,104.2622951,365.8,11.15702479,5.876915128,92.68292683,28961.74863,1858.534825
951,2021,Scotland,North Lanarkshire,816,4890,5706,99.87529691,584.7,18.08809747,5.56826539,91.55555556,30949.83991,2115.437724
952,2021,Scotland,North Lanarkshire,1152,4193,5345,105.6420862,683.3,26.88564477,5.089788996,81.4479638,39616.93548,1164.241164
953,2021,Scotland,North Lanarkshire,1440,3910,5350,117.7198285,783,37.46803069,4.898043258,83.89513109,42956.12009,1703.632273
954,2021,Scotland,North Lanarkshire,637,3748,4385,99.18584625,638.2,17.05128205,4.947596753,84.52380952,26823.23857,1424.26526
955,2021,Scotland,North Lanarkshire,1095,4752,5847,98.4554004,636.1,25.15283843,5.344410348,87.97250859,30576.71382,1224.436287
956,2021,Scotland,North Lanarkshire,509,5269,5778,74.52103179,411.2,12.74509804,5.460013948,93.43065693,28555.55556,712.7325441
957,2021,Scotland,North Lanarkshire,488,5820,6308,71.44090087,407.9,7.688200747,5.670582312,95.14563107,24667.47279,702.502317
958,2021,Scotland,North Lanarkshire,351,4410,4761,90.89875619,374.6,10.42084168,5.816459509,95.39170507,24074.07407,566.3939585
959,2021,Scotland,North Lanarkshire,128,2551,2679,74.6672213,236.2,6.386292835,5.779339371,97.01492537,24013.15789,719.7943445
960,2021,Scotland,North Lanarkshire,422,3761,4183,97.24326435,435.4,15.6424581,5.568381907,91.28205128,22388.0597,810.7103012
961,2021,Scotland,North Lanarkshire,521,3010,3531,101.1926775,479.9,22.53289474,5.444459097,87.57763975,23554.91329,895.3287197
962,2021,Scotland,North Lanarkshire,223,3376,3599,111.3236655,335.2,12.34347048,5.837141403,94.15584416,21923.07692,370.198982
963,2021,Scotland,North Lanarkshire,498,5897,6395,99.60378256,373.9,12.20183486,5.748943704,96.47887324,23144.87633,647.7832512
964,2021,Scotland,North Lanarkshire,409,4295,4704,110.3817816,444.3,14.57627119,5.523793513,94.56521739,24773.4139,591.6473318
965,2021,Scotland,North Lanarkshire,433,3362,3795,104.536996,438.9,15.45319465,5.457926079,89.50617284,26726.34271,910.2730819
966,2021,Scotland,North Lanarkshire,652,2823,3475,97.30904383,555.1,18.19444444,5.309721006,91.71597633,28343.94904,758.988016
967,2021,Scotland,North Lanarkshire,1017,3470,4487,103.7719104,567.3,29.77346278,4.778370966,89.16256158,40410.9589,2637.670993
968,2021,Scotland,North Lanarkshire,593,3464,4057,108.6930507,513.2,25.3634895,5.363355872,94.76744186,25065.96306,890.6560636
969,2021,Scotland,North Lanarkshire,628,3209,3837,107.1007997,547.5,24.54268293,5.317550553,90.76086957,32926.82927,1094.402673
970,2021,Scotland,North Lanarkshire,470,3778,4248,108.0540762,478.6,20.49780381,5.364210255,93.5483871,26967.74194,590.050135
971,2021,Scotland,North Lanarkshire,465,3130,3595,96.52004454,553.7,22.29965157,5.125651065,85.32110092,32129.51432,1435.018051
972,2021,Scotland,North Lanarkshire,221,4767,4988,106.2682621,249.6,8.515815085,5.8936321,96.484375,18784.53039,324.754902
973,2021,Scotland,North Lanarkshire,124,3452,3576,108.9034205,281.2,2.040816327,6.103743673,94.85714286,24112.42604,252.1008403
974,2021,Scotland,North Lanarkshire,246,2460,2706,112.7000516,339.4,23.71428571,5.408257418,93.1372549,26499.30265,548.9417989
975,2021,Scotland,North Lanarkshire,915,6624,7539,71.19191459,404.9,12.15921483,5.65934799,95.75163399,29586.657,748.502994
976,2021,Scotland,North Lanarkshire,457,2739,3196,104.6218487,517.6,20.74688797,5.331012695,93.22033898,24960.50553,1135.326913
977,2021,Scotland,North Lanarkshire,555,3163,3718,101.933556,447.6,24.38672439,5.114933977,93.25153374,23740.05305,720.0338839
978,2021,Scotland,Orkney Islands,166,3013,3179,100.3923232,321.6,8.888888889,5.918108857,90.81632653,20140.51522,53.85029618
979,2021,Scotland,Orkney Islands,210,4020,4230,100.4750205,255.5,10.24,5.697295413,94.31818182,18009.95025,75.06255213
980,2021,Scotland,Orkney Islands,202,4129,4331,80.49210378,213.3,10.92951992,5.633415082,96.96969697,16777.77778,91.51707145
981,2021,Scotland,Orkney Islands,349,3376,3725,107.2353106,520.6,11.44578313,5.691743691,88.80597015,28242.42424,356.3572371
982,2021,Scotland,Orkney Islands,200,2168,2368,104.8979009,470.9,18.99441341,5.654479306,96,19782.21416,459.6100279
983,2021,Scotland,Orkney Islands,377,3790,4167,99.61485999,340.9,20.83333333,5.719219988,91.09589041,16050.35405,48.14004376
984,2021,Scotland,Perth and Kinross,166,3914,4080,84.28265197,335.6,9.394313968,6.092906725,92.5,16108.78661,560.6758833
985,2021,Scotland,Perth and Kinross,283,4623,4906,96.99863574,314.5,12.45283019,5.878950222,94.88372093,20590.4059,787.1720117
986,2021,Scotland,Perth and Kinross,197,3545,3742,89.45641198,243.7,6.259541985,5.867651419,93.71069182,14239.82869,756.8710359
987,2021,Scotland,Perth and Kinross,186,3986,4172,84.38005702,251,8.862433862,5.726608901,94.76744186,19351.46444,489.2141757
988,2021,Scotland,Perth and Kinross,240,3917,4157,99.40495598,308.5,12.70125224,5.705611093,94.85294118,22730.92369,620.9573092
989,2021,Scotland,Perth and Kinross,239,3594,3833,105.3644478,352,11.2033195,6.035646692,94.94949495,18986.2543,713.562753
990,2021,Scotland,Perth and Kinross,137,2959,3096,105.7615453,257.6,13.0044843,5.77622394,94.02985075,23570.01972,760.3092784
991,2021,Scotland,Perth and Kinross,505,3588,4093,100.4688384,408.2,14.89932886,5.901005987,95.80838323,23659.30599,1358.475264
992,2021,Scotland,Perth and Kinross,268,4310,4578,82.92145338,285.4,9.638554217,5.686531462,91.06145251,18538.81279,1008.673305
993,2021,Scotland,Perth and Kinross,162,4320,4482,82.09842411,284.3,6.644518272,6.081748793,96.04519774,18777.77778,554.0983607
994,2021,Scotland,Perth and Kinross,344,4955,5299,98.53456102,333.3,11.67800454,5.827969975,95.16908213,24534.41296,523.54297
995,2021,Scotland,Perth and Kinross,447,3683,4130,108.6854657,470.6,21.95121951,5.373011647,92.85714286,26522.32747,2442.748092
996,2021,Scotland,Perth and Kinross,311,5452,5763,101.2365842,297.4,7.834101382,5.987435056,96.35416667,20341.61491,974.9225134
997,2021,Scotland,Perth and Kinross,121,4104,4225,102.7348777,247.8,5.055292259,6.207945542,94.08866995,19245.57352,995.5156951
998,2021,Scotland,Perth and Kinross,100,4105,4205,101.1565765,245.6,10.70889894,5.825728783,97.43589744,18872.01735,270.0617284
999,2021,Scotland,Perth and Kinross,1019,4556,5575,105.5093046,463.5,28.03030303,5.065098153,91.83673469,28751.43184,888.1862604
1000,2021,Scotland,Perth and Kinross,1010,4923,5933,101.9856334,630.7,25.44964029,5.107469699,92.7480916,23706.37786,1345.695364
1001,2021,Scotland,Perth and Kinross,457,2810,3267,104.2690678,514.2,28.03030303,4.870184521,90.44117647,25726.74419,1138.381201
1002,2021,Scotland,Perth and Kinross,481,2746,3227,87.59675288,662.7,23.47083926,5.376957451,88.04347826,29025.42373,1280.767626
1003,2021,Scotland,Perth and Kinross,282,2020,2302,103.6426441,470.8,35.35353535,5.30286879,94.59459459,29605.26316,3540.069686
1004,2021,Scotland,Perth and Kinross,786,3858,4644,101.3706838,654.7,33.78746594,5.206756786,91.13924051,26838.70968,3718.7017
1005,2021,Scotland,Perth and Kinross,308,3395,3703,102.5600447,365.7,10.57268722,5.943947755,94.48818898,21949.22195,1294.05576
1006,2021,Scotland,Perth and Kinross,308,4766,5074,97.83273674,314.9,12.51518834,5.694837543,95.55555556,19006.21118,746.5404224
1007,2021,Scotland,Perth and Kinross,222,3829,4051,101.8736571,329.6,7.890499195,5.894466231,94.28571429,23439.21139,979.8149706
1008,2021,Scotland,Perth and Kinross,236,4117,4353,92.77684764,362.3,6.083244397,5.595633139,92.59259259,17698.0198,710.2040816
1009,2021,Scotland,Perth and Kinross,174,3645,3819,100.2820129,280.6,8.994708995,5.843609402,91.4893617,19753.08642,975.8241758
1010,2021,Scotland,Perth and Kinross,450,4803,5253,102.3815807,364.9,19.37244202,5.340033864,90.36144578,17123.28767,800.4018754
1011,2021,Scotland,Perth and Kinross,328,2760,3088,99.49372661,399.7,13.61502347,5.302577272,92.10526316,18015.96351,868.2983683
1012,2021,Scotland,Perth and Kinross,213,3882,4095,87.01887897,302.7,14.50276243,5.84420088,95.86206897,14414.41441,663.1499623
1013,2021,Scotland,Perth and Kinross,484,2480,2964,101.5655354,445.9,20.37037037,5.137910349,79.24528302,22252.37449,1202.830189
1014,2021,Scotland,Perth and Kinross,433,5220,5653,100.9803922,354.6,13.40206186,5.707447234,94.9044586,21428.57143,784.3137255
1015,2021,Scotland,Perth and Kinross,291,4319,4610,96.07150427,291.8,15.77540107,5.831923079,93.33333333,19930.37424,1789.103691
1016,2021,Scotland,Perth and Kinross,400,5727,6127,91.83254344,307.7,11.77052423,5.740816456,94.3877551,20553.63322,706.7861716
1017,2021,Scotland,Perth and Kinross,194,3694,3888,104.3586896,292.8,12.91866029,5.964832094,95.04950495,17587.9397,649.8015873
1018,2021,Scotland,Perth and Kinross,264,4449,4713,107.3114091,340.2,18.88341544,5.843768942,94.91525424,17169.37355,1116.77116
1019,2021,Scotland,Renfrewshire,235,2463,2698,99.92749245,288.3,7.943925234,6.084836886,97.05882353,12688.82175,294.6482261
1020,2021,Scotland,Renfrewshire,185,3682,3867,93.67264978,509.2,6.072874494,6.129371738,95.05494505,22402.15924,755.7918724
1021,2021,Scotland,Renfrewshire,191,5503,5694,38.75051746,291.8,3.430204859,5.926034448,96.61835749,17407.13765,991.7622355
1022,2021,Scotland,Renfrewshire,253,2984,3237,107.4124842,324.7,11.48825065,6.122881964,97.16981132,17485.71429,423.2804233
1023,2021,Scotland,Renfrewshire,984,4532,5516,91.93363188,506.8,23.13104661,5.341182862,92.4137931,23991.03139,764.3312102
1024,2021,Scotland,Renfrewshire,914,2585,3499,100.9824494,835.2,28.23741007,5.406094636,89.43089431,22049.68944,1083.0796
1025,2021,Scotland,Renfrewshire,658,2939,3597,109.1322471,672.8,15.86956522,5.417125989,95.93495935,26070.52897,1714.534378
1026,2021,Scotland,Renfrewshire,560,3141,3701,110.4389816,537.4,17.92294807,5.639511379,90.74074074,28067.88512,774.2461288
1027,2021,Scotland,Renfrewshire,426,4746,5172,95.1475204,374.5,10.09055627,5.711827422,92.99363057,19834.0249,1233.333333
1028,2021,Scotland,Renfrewshire,1466,2730,4196,99.84163433,751.1,33.84074941,5.234395994,85.06224066,25892.85714,1938.599517
1029,2021,Scotland,Renfrewshire,985,2599,3584,92.18480138,976.6,24.37137331,5.309820557,85.57692308,30276.81661,2359.050445
1030,2021,Scotland,Renfrewshire,868,4670,5538,104.2252645,614.5,25.51390568,5.562219781,92.92035398,24410.37736,789.8370616
1031,2021,Scotland,Renfrewshire,968,3885,4853,101.5062704,478.8,22.37851662,5.528289779,92.22222222,29583.80202,958.4764283
1032,2021,Scotland,Renfrewshire,170,4515,4685,107.9237638,315.4,6.643356643,6.052320029,96.3190184,13909.46502,420.8944006
1033,2021,Scotland,Renfrewshire,639,3420,4059,103.7130165,558.6,20.90643275,5.49200725,90.37433155,29350.64935,594.8553055
1034,2021,Scotland,Renfrewshire,484,2828,3312,99.10947633,423.8,19.89051095,5.794530966,94.28571429,21547.7997,651.9742883
1035,2021,Scotland,Renfrewshire,143,3470,3613,102.7672956,289,4.466019417,6.044379723,97.87234043,15702.47934,1063.485645
1036,2021,Scotland,Renfrewshire,1049,4859,5908,100.1668105,691.5,21.10817942,5.547454889,95.09202454,30007.07714,1015.016685
1037,2021,Scotland,Renfrewshire,190,3731,3921,87.92549246,277.3,6.596306069,6.146012164,97.23756906,18035.19062,306.3960169
1038,2021,Scotland,Renfrewshire,749,3310,4059,90.8246054,635.3,18.44919786,5.309797925,86.44067797,27784.73091,1210.777626
1039,2021,Scotland,Renfrewshire,1187,5695,6882,91.1959753,588.7,22.00825309,5.642214176,92.02898551,24184.26104,3330.288637
1040,2021,Scotland,Renfrewshire,1036,5014,6050,97.96110588,593.9,18.67219917,5.705752733,88.67924528,26228.20919,1419.924338
1041,2021,Scotland,Renfrewshire,165,4600,4765,105.1575113,239.7,6.056129985,6.253330489,98.79518072,18477.39889,396.039604
1042,2021,Scotland,Renfrewshire,1466,4057,5523,105.1685821,735.1,36.60062565,5.090485362,87.55760369,33179.19075,1835.960304
1043,2021,Scotland,Renfrewshire,984,4108,5092,81.04941122,671.4,20.01879699,5.356887899,84.46601942,27828.74618,3359.451518
1044,2021,Scotland,Renfrewshire,999,5866,6865,101.4729379,559.5,23.87041773,5.42873283,92.55319149,25985.66308,1112.637363
1045,2021,Scotland,Renfrewshire,615,4372,4987,106.3778163,367.7,18.78698225,5.589806457,91.80327869,28937.4529,922.3646724
1046,2021,Scotland,Renfrewshire,344,4985,5329,105.2279328,320.4,14.97252747,5.933609728,93.90862944,20739.66642,658.2677165
1047,2021,Scotland,Renfrewshire,692,5482,6174,62.70786006,533.9,17.1143515,5.435914936,87.43455497,27822.12087,2310.679612
1048,2021,Scotland,Renfrewshire,225,5477,5702,108.1057968,295.3,6.271777003,5.951742825,97.76951673,23264.20198,189.2744479
1049,2021,Scotland,Renfrewshire,473,4512,4985,107.1905889,457.8,12.96551724,5.685064527,93.88646288,21909.63342,445.0625869
1050,2021,Scotland,Renfrewshire,504,5058,5562,105.2215381,357.7,15.37656904,5.638536222,95.951417,23015.16503,569.9177438
1051,2021,Scotland,Renfrewshire,141,4291,4432,104.2542095,241.8,4.958677686,5.957070005,97.02380952,14556.96203,435.446906
1052,2021,Scotland,Renfrewshire,995,3078,4073,99.14486922,714.8,27.63975155,5.139270028,90.28571429,29556.65025,1498.810468
1053,2021,Scotland,Renfrewshire,623,3928,4551,104.0772212,444.1,16.99029126,5.473917592,92.34042553,21185.37201,408.5945756
1054,2021,Scotland,Renfrewshire,67,3131,3198,108.1443524,191.6,5.020080321,6.188401683,98.80239521,16871.16564,142.0305103
1055,2021,Scotland,Renfrewshire,120,3103,3223,97.31210586,256.1,4.677419355,6.389425903,97.88732394,13850.41551,275.6756757
1056,2021,Scotland,Renfrewshire,334,4394,4728,99.10500786,336.6,5.086580087,6.181597999,97.64150943,17755.28979,447.4505723
1057,2021,Scotland,Scottish Borders,304,5872,6176,91.80230997,214.9,5.308964317,6.103765785,97.23320158,16654.49233,398.8143358
1058,2021,Scotland,Scottish Borders,385,3847,4232,99.75944751,442.1,13.18681319,5.721064009,97.2972973,22046.58902,1114.714228
1059,2021,Scotland,Scottish Borders,177,4126,4303,103.6722458,197.8,7.902298851,6.004385803,95.58823529,15456.23836,390.9373612
1060,2021,Scotland,Scottish Borders,438,5271,5709,91.81843654,340.1,10.0684262,5.802745441,93.87755102,17598.18731,591.9603524
1061,2021,Scotland,Scottish Borders,338,5262,5600,80.75494373,298.5,14.7260274,5.783284577,94.28571429,17914.01274,521.6216216
1062,2021,Scotland,Scottish Borders,398,3269,3667,96.45175249,401.7,15.20979021,5.49683221,95.20547945,17607.52688,1679.968077
1063,2021,Scotland,Scottish Borders,426,2626,3052,101.4884833,489.1,27.05882353,5.409043487,83.67346939,23924.2685,1271.310278
1064,2021,Scotland,Scottish Borders,335,2907,3242,99.17230241,348.9,15.13157895,5.796217015,93.85964912,17181.06996,2100.108814
1065,2021,Scotland,Scottish Borders,576,2066,2642,110.9818772,516.5,29.97601918,4.987027879,88.88888889,29637.09677,1729.032258
1066,2021,Scotland,Scottish Borders,371,5003,5374,97.3382398,252.6,7.600950119,6.056762649,94.75655431,16816.609,714.5135566
1067,2021,Scotland,Scottish Borders,138,2894,3032,91.99503568,197.6,6.656580938,6.13835438,98.67549669,15021.45923,373.88099
1068,2021,Scotland,Scottish Borders,291,3871,4162,98.25194451,359,10.47040971,5.882839508,94.5,16768.91616,422.0398593
1069,2021,Scotland,Scottish Borders,259,2497,2756,92.49188766,389.3,13.76518219,5.413555943,95.16129032,21822.84981,860.5851979
1070,2021,Scotland,Scottish Borders,292,3421,3713,93.54999584,248.5,15.008726,5.761448394,94.89795918,19742.48927,458.3151462
1071,2021,Scotland,Scottish Borders,461,3096,3557,98.90720504,410.7,18.67647059,5.182917359,91.89189189,20962.19931,1117.099461
1072,2021,Scotland,Scottish Borders,296,3710,4006,95.8622868,272.9,18.26215022,5.78530525,94.15584416,16681.45519,434.7826087
1073,2021,Scotland,Scottish Borders,269,2482,2751,94.26552363,347.4,17.58241758,5.564568678,88.88888889,14517.7665,653.2988357
1074,2021,Scotland,Scottish Borders,266,4425,4691,100.7549069,257,11.05691057,5.627356604,98.23529412,15724.13793,570.8661417
1075,2021,Scotland,Scottish Borders,342,2936,3278,103.6425903,465.7,20.42553191,5.316469813,93.7007874,21574.97303,642.3516603
1076,2021,Scotland,Scottish Borders,273,2079,2352,91.97138315,450.8,20.77922078,5.480692915,95.12195122,20000,1378.539493
1077,2021,Scotland,Scottish Borders,159,2792,2951,101.1766076,244.1,13.98963731,5.730082287,96.80851064,16934.48702,371.7026379
1078,2021,Scotland,Scottish Borders,260,3394,3654,97.32634571,361.5,9.983361065,5.90771462,92.36111111,18371.4002,552.1759476
1079,2021,Scotland,Scottish Borders,526,3356,3882,100.3177258,319.7,23.81635581,5.437243806,95.33333333,16977.42885,1015.557476
1080,2021,Scotland,Scottish Borders,304,3749,4053,94.40914867,252.8,10.61151079,5.819530633,95.41984733,15552.21638,389.3355904
1081,2021,Scotland,Scottish Borders,766,2247,3013,106.2129834,556.6,35.54913295,4.60603983,84.17721519,26030.36876,2293.577982
1082,2021,Scotland,Scottish Borders,553,3640,4193,102.2311076,520.3,18.7037037,5.369683794,88.14814815,25044.09171,2156.163298
1083,2021,Scotland,Scottish Borders,379,2955,3334,101.0408246,414.3,13.74045802,5.570023673,93.02325581,17612.52446,1109.919571
1084,2021,Scotland,Scottish Borders,450,2899,3349,107.752173,450.6,20.54507338,5.319762748,92.5170068,23529.41176,2227.873856
1085,2021,Scotland,Scottish Borders,111,2625,2736,101.3031299,325.6,11.57024793,5.772993377,96.42857143,12868.94923,1306.597671
1086,2021,Scotland,Scottish Borders,668,4892,5560,104.6634645,417.5,22.62773723,5.509727973,91.42857143,18922.38614,963.8942618
1087,2021,Scotland,Shetland Islands,141,3239,3380,96.05250458,313.7,9.970674487,5.659517629,96.07843137,17289.07331,58.85237862
1088,2021,Scotland,Shetland Islands,205,3199,3404,101.4673231,322.3,9.42562592,5.736399168,95.83333333,16973.68421,161.2903226
1089,2021,Scotland,Shetland Islands,354,4265,4619,108.3308845,407.3,9.238249595,5.657020387,96.83544304,23446.89379,243.902439
1090,2021,Scotland,Shetland Islands,168,3257,3425,93.34946757,213.9,6.4697609,5.678038157,97.08029197,19375,109.5759886
1091,2021,Scotland,Shetland Islands,123,2765,2888,100.1903176,284.4,8.305084746,5.804644664,98.4,20567.37589,18.12688822
1092,2021,Scotland,Shetland Islands,138,2483,2621,100.803879,411.9,9.826589595,5.65245833,99.00990099,13085.9375,212.899186
1093,2021,Scotland,Shetland Islands,158,2585,2743,106.0396786,349.8,5.466970387,5.825494001,97.36842105,14099.21671,70.77140835
1094,2021,Scotland,South Ayrshire,596,4764,5360,103.8021363,367.6,22.14285714,5.598874186,93.47826087,23594.05301,637.3700101
1095,2021,Scotland,South Ayrshire,706,2565,3271,104.1899441,529.5,28.75399361,5.370039826,93.75,29470.67239,1060.052219
1096,2021,Scotland,South Ayrshire,515,2703,3218,105.0543069,490.6,19.36339523,5.847275051,93.06930693,29275.65392,1610.120759
1097,2021,Scotland,South Ayrshire,712,3966,4678,106.755759,485.9,23.09711286,5.595569741,89.9543379,26243.90244,1684.210526
1098,2021,Scotland,South Ayrshire,326,4056,4382,86.451979,434.1,10.69711538,5.93989232,94.76439791,24270.93133,1098.039216
1099,2021,Scotland,South Ayrshire,280,3482,3762,98.33654351,380,11.25198098,5.603019131,93.6416185,31418.09291,1477.51606
1100,2021,Scotland,South Ayrshire,167,5839,6006,102.1708723,251.4,7.378129117,6.376904079,96.24413146,19974.05966,463.2532219
1101,2021,Scotland,South Ayrshire,609,3581,4190,104.5044332,520.7,21.19113573,5.687713389,89.20454545,24301.07527,646.1658233
1102,2021,Scotland,South Ayrshire,408,4988,5396,103.6003488,230.2,12.27848101,5.828842742,95,23439.49045,684.0713814
1103,2021,Scotland,South Ayrshire,380,4597,4977,101.9331454,324.1,13.62433862,5.692182543,91.03139013,24406.52819,500.349895
1104,2021,Scotland,South Ayrshire,637,4713,5350,102.4060437,536.1,13.57552581,6.117322689,88.37209302,29700.27248,3773.715074
1105,2021,Scotland,South Ayrshire,1421,3137,4558,106.074939,898.4,29.76190476,4.995235723,73.28244275,37844.0367,4000.669568
1106,2021,Scotland,South Ayrshire,467,2168,2635,111.0447761,514.4,18.15718157,5.422532136,91.35802469,36008.67679,991.3506321
1107,2021,Scotland,South Ayrshire,872,2090,2962,105.4812673,745.2,34.4765343,4.72898249,85.52631579,42741.93548,1571.847507
1108,2021,Scotland,South Ayrshire,1225,2967,4192,102.0086775,625.1,27.72397094,4.877763434,84.42211055,31886.22754,2115.312617
1109,2021,Scotland,South Ayrshire,434,3755,4189,101.712274,402.6,14.4278607,5.504382489,96.21212121,27055.44933,859.1885442
1110,2021,Scotland,South Ayrshire,554,3906,4460,98.19725081,517.6,13.06740028,5.877989578,92.47311828,36382.11382,1081.979321
1111,2021,Scotland,South Ayrshire,180,3859,4039,106.236522,287.1,4.592901879,6.051934288,96,22866.34461,1123.439667
1112,2021,Scotland,South Ayrshire,387,5003,5390,105.3185309,323.7,12.57142857,5.803511462,93.29608939,25115.35926,452.397029
1113,2021,Scotland,South Ayrshire,260,2901,3161,88.79401223,369.5,15.26717557,5.728900484,96.15384615,28770.59569,1452.483801
1114,2021,Scotland,South Ayrshire,793,5129,5922,101.7162992,469.7,22.74401473,5.493562941,90.94827586,29950.08319,611.1578357
1115,2021,Scotland,South Ayrshire,506,5326,5832,80.27204081,357.6,13.30049261,5.807103363,90.16393443,29354.20744,467.5984752
1116,2021,Scotland,South Ayrshire,357,4960,5317,105.9119984,313.1,13.70499419,5.885711103,93.62745098,22097.37828,312.7101547
1117,2021,Scotland,South Ayrshire,606,3333,3939,106.7888122,450.8,17.7734375,5.55424123,90.15151515,31645.56962,856.3406645
1118,2021,Scotland,South Ayrshire,386,5108,5494,104.5565553,351.6,13.04347826,6.131216289,94.33962264,21368.86102,1162.182362
1119,2021,Scotland,South Lanarkshire,202,2221,2423,103.61237,391.3,16.66666667,5.83617345,97.02970297,15692.82137,3761.996161
1120,2021,Scotland,South Lanarkshire,402,5458,5860,94.0934453,349.6,11.51241535,5.851226772,96.42857143,20068.02721,558.2455141
1121,2021,Scotland,South Lanarkshire,641,4115,4756,100.2196897,438.2,17.34317343,5.375665618,90.76923077,24336.79354,762.8996518
1122,2021,Scotland,South Lanarkshire,474,3197,3671,102.5858103,410.9,17.87610619,5.284954163,91.39072848,29514.3213,1102.877071
1123,2021,Scotland,South Lanarkshire,342,3388,3730,101.4396852,393.9,11.83800623,5.738490625,90.07633588,26231.88406,772.1359631
1124,2021,Scotland,South Lanarkshire,156,2718,2874,101.028518,315.5,2.729528536,5.481181596,87.01298701,17938.42035,981.8819404
1125,2021,Scotland,South Lanarkshire,430,1967,2397,98.09589041,508.5,16.96658098,5.221301009,88,34499.20509,1628.070175
1126,2021,Scotland,South Lanarkshire,651,3439,4090,100.6609547,407,16.47058824,5.358052064,90.10989011,28309.85915,1117.445838
1127,2021,Scotland,South Lanarkshire,395,2921,3316,94.77692082,443.7,14.88970588,5.292563765,84.96240602,20754.71698,1343.137255
1128,2021,Scotland,South Lanarkshire,167,2374,2541,83.2097173,378.7,5.405405405,5.993429041,91.95402299,22390.3177,783.8983051
1129,2021,Scotland,South Lanarkshire,240,2410,2650,100.9701302,314.9,10.45576408,5.779609233,93.82716049,22180.45113,1423.635107
1130,2021,Scotland,South Lanarkshire,302,1897,2199,100.8545771,409.3,14.4092219,5.252858716,90.69767442,29904.7619,1187.150838
1131,2021,Scotland,South Lanarkshire,493,3401,3894,98.15395038,490.6,8.771929825,5.960886901,94.92753623,26923.07692,1851.072781
1132,2021,Scotland,South Lanarkshire,388,3585,3973,94.09978664,379.7,8.962264151,5.935307465,93.29268293,20643.72919,881.5426997
1133,2021,Scotland,South Lanarkshire,867,3400,4267,106.6583599,453.2,21.43884892,5.208349721,95.29411765,30806.14203,1808.846761
1134,2021,Scotland,South Lanarkshire,623,3185,3808,102.1594385,476.7,18.48998459,5.560523628,88.65979381,23469.38776,882.4814329
1135,2021,Scotland,South Lanarkshire,517,3765,4282,101.0715136,368.6,15.26104418,5.795636179,94.70588235,28208.09249,583.9416058
1136,2021,Scotland,South Lanarkshire,469,2356,2825,84.6254137,643.3,22.97090352,5.595705839,88.46153846,24666.66667,1302.868255
1137,2021,Scotland,South Lanarkshire,350,2947,3297,108.2226708,344.6,11.76470588,5.947652155,94.66666667,24480.71217,615.9238858
1138,2021,Scotland,South Lanarkshire,493,3321,3814,99.75656408,439.6,19.348659,5.661717213,90.83333333,22764.22764,1889.596603
1139,2021,Scotland,South Lanarkshire,809,3210,4019,103.9608141,601.8,28.87864823,5.557154548,91.2568306,25350.59331,1444.86692
1140,2021,Scotland,South Lanarkshire,956,2620,3576,97.58145478,678.2,24.44444444,5.116482601,90.20618557,26391.09698,1660.884649
1141,2021,Scotland,South Lanarkshire,681,5062,5743,98.54234151,453,17.33067729,5.545690855,94.44444444,24428.8225,701.2195122
1142,2021,Scotland,South Lanarkshire,319,4289,4608,102.5178532,340.7,9.781209781,5.987073119,97.26027397,23444.54463,819.5488722
1143,2021,Scotland,South Lanarkshire,165,2613,2778,98.26447206,361,5.904059041,6.292033584,97.64705882,23338.48532,469.988675
1144,2021,Scotland,South Lanarkshire,124,2965,3089,76.7947158,340.7,6.826801517,5.975713068,94.15584416,20575.53957,726.2804366
1145,2021,Scotland,South Lanarkshire,221,3635,3856,68.31575906,281.3,8.785249458,5.968467219,96.20253165,19093.40659,1140.64603
1146,2021,Scotland,South Lanarkshire,336,3228,3564,106.1892047,425.2,17.91304348,5.629428846,90.30612245,27113.23764,476.1904762
1147,2021,Scotland,South Lanarkshire,629,2168,2797,99.47229551,618.4,26.59846547,5.375124602,87.85046729,26068.37607,1830.732293
1148,2021,Scotland,South Lanarkshire,234,2566,2800,103.5037197,286,11.77944862,5.690033125,95.19230769,21485.41114,791.1001236
1149,2021,Scotland,South Lanarkshire,499,3750,4249,97.81329517,444.1,14.22018349,5.821217851,92.45283019,25253.37838,5553.816047
1150,2021,Scotland,South Lanarkshire,673,2981,3654,104.159656,568.4,21.6,5.476245644,89.61038961,26808.51064,1294.71891
1151,2021,Scotland,South Lanarkshire,614,1489,2103,101.6435296,757.9,33.03167421,5.029367959,83.82352941,33123.02839,1968.085106
1152,2021,Scotland,South Lanarkshire,477,2303,2780,104.3344036,498.7,28.06324111,5.327024029,91.07142857,27929.6875,906.3260341
1153,2021,Scotland,South Lanarkshire,454,6008,6462,85.63210702,330.4,9.896432681,5.836055478,93.79652605,30191.45803,390.8730159
1154,2021,Scotland,South Lanarkshire,143,3933,4076,98.81705414,272.3,5.967741935,5.64299291,97.6,17616.03376,329.9798793
1155,2021,Scotland,South Lanarkshire,1031,3171,4202,100.6383838,708.1,25.78616352,5.000674104,91.47982063,30769.23077,1448.250186
1156,2021,Scotland,South Lanarkshire,814,3096,3910,107.8157585,670.8,26.35379061,5.222157399,83.22147651,30092.59259,2201.062888
1157,2021,Scotland,South Lanarkshire,859,3321,4180,105.3110281,679.4,23.10077519,5.187749571,91.70731707,28110.59908,1791.795666
1158,2021,Scotland,South Lanarkshire,338,2908,3246,106.4416852,456.1,17.69383698,5.612868593,91.17647059,20937.04246,513.733469
1159,2021,Scotland,South Lanarkshire,525,2444,2969,105.5422237,489.9,27.61020882,5.037369248,90.74074074,24778.76106,1411.042945
1160,2021,Scotland,South Lanarkshire,964,4000,4964,104.8368713,636.9,24.71910112,5.166011501,88.34080717,30447.33045,1301.115242
1161,2021,Scotland,South Lanarkshire,1153,3360,4513,104.3188623,650.5,25.86872587,4.91167918,87.34177215,35006.43501,1863.774992
1162,2021,Scotland,South Lanarkshire,488,3326,3814,98.64949468,549.8,15.93090211,5.662789359,92.59259259,32113.82114,1193.433895
1163,2021,Scotland,South Lanarkshire,890,3038,3928,102.4521478,611.7,26.80115274,4.865211816,87.86127168,31390.13453,2912.223134
1164,2021,Scotland,South Lanarkshire,133,3234,3367,94.30257214,240.6,3.275529865,5.883212271,98.63013699,20372.18413,1248.785228
1165,2021,Scotland,South Lanarkshire,351,2744,3095,102.1170472,491.6,13.46863469,5.682357997,92.08633094,26633.16583,815.565032
1166,2021,Scotland,South Lanarkshire,478,6016,6494,84.71091205,366.4,9.917355372,6.082058325,95.69892473,23353.29341,914.3576826
1167,2021,Scotland,South Lanarkshire,520,6387,6907,64.87606448,328,8.660714286,5.728293307,96.22641509,21601.20846,524.8760472
1168,2021,Scotland,South Lanarkshire,987,5336,6323,98.64083904,508.9,20.23289665,5.704343948,91.43730887,23089.43089,741.6154936
1169,2021,Scotland,South Lanarkshire,874,3285,4159,94.86409486,644.6,23.92550143,5.503597477,93.6416185,31650.8938,922.6646248
1170,2021,Scotland,South Lanarkshire,741,4085,4826,110.5687416,552.7,16.39950678,5.710782223,93.1372549,19470.19868,883.4782609
1171,2021,Scotland,South Lanarkshire,453,3387,3840,102.0176991,433.5,9.911504425,6.124303914,93.10344828,27442.37102,1270.187691
1172,2021,Scotland,South Lanarkshire,494,5200,5694,103.0001754,427.7,8.853575482,5.837561556,92.07920792,23869.94449,513.8888889
1173,2021,Scotland,South Lanarkshire,680,2689,3369,88.29901522,656.9,20.36199095,5.739461463,92.20779221,31307.79392,1761.82708
1174,2021,Scotland,South Lanarkshire,741,2846,3587,106.3999232,803.4,21.90889371,5.431252843,92.47311828,29002.62467,3449.352967
1175,2021,Scotland,South Lanarkshire,761,2562,3323,100.3808378,614.5,25.84745763,4.840907573,88.67924528,25468.16479,1076.320939
1176,2021,Scotland,South Lanarkshire,339,2775,3114,105.4713896,373.4,29.74238876,5.558884261,88.88888889,17289.07331,624.6691371
1177,2021,Scotland,South Lanarkshire,627,2044,2671,90.52249172,521.6,25.50831793,5.440665039,91.80327869,24579.12458,761.5230461
1178,2021,Scotland,South Lanarkshire,132,3579,3711,89.82667015,173.8,3.75,6.13570689,98.33333333,19178.08219,1033.891034
1179,2021,Scotland,South Lanarkshire,686,3696,4382,103.5486322,524.3,22.36111111,5.673335778,95.3125,24929.97199,1474.778591
1180,2021,Scotland,South Lanarkshire,934,3557,4491,91.40442231,632.3,20.11299435,5.267481038,88.95027624,29603.39943,1008.492569
1181,2021,Scotland,South Lanarkshire,563,5555,6118,51.81970187,520.5,6.296641791,6.060323714,95.6,26698.56459,901.6786571
1182,2021,Scotland,South Lanarkshire,447,3090,3537,101.0992031,421.9,16.29746835,5.576678474,91.27516779,23890.78498,592.5925926
1183,2021,Scotland,South Lanarkshire,555,3222,3777,105.4156512,497.8,17.97520661,5.513520473,89.23076923,32696.89737,1010.815308
1184,2021,Scotland,South Lanarkshire,453,3656,4109,99.6014666,517.4,15.52447552,5.527364378,91.08280255,35225.80645,1191.881919
1185,2021,Scotland,South Lanarkshire,353,4462,4815,101.0588403,317.1,14.32545202,5.861759934,92.78846154,26248.77571,615.6462585
1186,2021,Scotland,South Lanarkshire,331,4275,4606,103.9087709,346.1,10.57827927,5.705643599,91.28440367,23432.68243,1545.995103
1187,2021,Scotland,South Lanarkshire,362,2659,3021,98.7012987,383.5,12.10526316,5.894162558,94.33962264,31776.9131,2515.592516
1188,2021,Scotland,South Lanarkshire,343,2751,3094,100.9977578,369.1,15.16483516,5.988892617,94.33962264,27031.50912,1563.157895
1189,2021,Scotland,South Lanarkshire,57,2645,2702,108.588326,245,6.818181818,6.271367498,100,15993.26599,110.9057301
1190,2021,Scotland,South Lanarkshire,217,3807,4024,105.3939445,301.4,5.782312925,6.089824945,97.66081871,16178.34395,961.2403101
1191,2021,Scotland,South Lanarkshire,63,4056,4119,91.90187908,183.9,2.173913043,6.257211227,97.32142857,13722.82609,359.9550056
1192,2021,Scotland,South Lanarkshire,309,3531,3840,101.3691128,476.5,12.41007194,6.311898161,97.26027397,27413.5876,1255.526083
1193,2021,Scotland,South Lanarkshire,175,2507,2682,102.9191709,304.3,9.43877551,6.219461868,95.4954955,14666.66667,193.2084309
1194,2021,Scotland,South Lanarkshire,506,4903,5409,92.23550022,415.6,16.63685152,5.911882859,97.59450172,32218.50613,556.3864792
1195,2021,Scotland,South Lanarkshire,697,3448,4145,100.2902992,537.2,17.25,5.20728316,91.2195122,29926.10837,1171.349426
1196,2021,Scotland,South Lanarkshire,498,2651,3149,105.0282305,410.1,24.02707276,5.557536054,92.21556886,32312.40429,1305.9505
1197,2021,Scotland,South Lanarkshire,424,3723,4147,107.3404255,290.8,18.49315068,5.790769327,93.06358382,25647.66839,830.8383234
1198,2021,Scotland,South Lanarkshire,423,3062,3485,99.71540726,483.3,16.60516605,5.564666608,93.93939394,33433.28336,1055.786077
1199,2021,Scotland,South Lanarkshire,532,3077,3609,102.9143226,412.6,20.07575758,5.703084941,92.06349206,29842.93194,1073.298429
1200,2021,Scotland,South Lanarkshire,458,3424,3882,107.0381746,382.1,17.08542714,5.644112048,90.19607843,25360.23055,1229.707792
1201,2021,Scotland,Stirling,190,5177,5367,98.79578525,226.2,6.42303433,6.206322556,96.24413146,21007.19424,494.0711462
1202,2021,Scotland,Stirling,235,4150,4385,93.2499428,299,11.43958869,5.9883891,93.83259912,20040.08016,621.8809981
1203,2021,Scotland,Stirling,147,3100,3247,102.4943311,150.2,4.790419162,5.897396603,94.89051095,18880.20833,373.6754044
1204,2021,Scotland,Stirling,209,3592,3801,100.5055064,293.9,9.486780715,5.950967782,94.66666667,22208.58896,504.6895936
1205,2021,Scotland,Stirling,426,2647,3073,87.26276658,512,20.61688312,5.050232905,89.20863309,21035.05843,1475.862069
1206,2021,Scotland,Stirling,398,2344,2742,97.32396103,728.3,23.20143885,5.374636524,90.57971014,27019.49861,757.6601671
1207,2021,Scotland,Stirling,435,2431,2866,101.7229087,823,22.04301075,5.20158939,90.84507042,30653.26633,745.7811649
1208,2021,Scotland,Stirling,314,3083,3397,107.2166002,473,13.5371179,5.551759287,92.42424242,29629.62963,1069.544365
1209,2021,Scotland,Stirling,472,3028,3500,105.2160954,469.7,22.63868066,5.225988198,87.5739645,30975.1434,702.3255814
1210,2021,Scotland,Stirling,657,4629,5286,103.2400126,463.6,19,5.680122044,92.78350515,21782.17822,1099.249856
1211,2021,Scotland,Stirling,651,3418,4069,93.5153019,523.2,21.40221402,5.433453147,89.8089172,32241.37931,1800.227877
1212,2021,Scotland,Stirling,146,4011,4157,89.96907462,251.7,2.302631579,6.202008918,94.21487603,19850.18727,1016.349978
1213,2021,Scotland,Stirling,335,2106,2441,100.6898455,684.2,22.19020173,5.707237814,89.58333333,32264.95726,3128.911139
1214,2021,Scotland,Stirling,380,3711,4091,101.2877442,559.4,25.42372881,5.509224625,76.08695652,26108.37438,2377.666248
1215,2021,Scotland,Stirling,991,2275,3266,74.66291176,953.7,29.7188755,4.866673752,88.88888889,32818.53282,1337.920489
1216,2021,Scotland,Stirling,436,2726,3162,103.45222,593.3,17.44749596,5.649780329,92.66666667,23690.77307,635.2941176
1217,2021,Scotland,Stirling,98,2710,2808,92.02733485,244.7,3.947368421,6.147491096,96.2962963,21692.30769,748.3443709
1218,2021,Scotland,Stirling,241,7024,7265,108.7632509,246.9,6.580829757,6.048821771,97.95918367,19361.55448,411.9585687
1219,2021,Scotland,Stirling,171,2783,2954,95.81423402,252.2,8.43373494,6.037369165,95.40229885,17931.03448,1756.624141
1220,2021,Scotland,Stirling,156,5499,5655,97.94119499,200.8,2.794759825,6.374273123,98.125,15526.80222,419.1224623
1221,2021,Scotland,Stirling,254,4283,4537,104.1646873,266.5,7.100591716,6.144716704,94.49152542,17506.87443,353.0844156
1222,2021,Scotland,Stirling,286,4623,4909,87.44293748,276.7,9.357997824,6.128054694,96.03960396,18406.59341,868.5676827
1223,2021,Scotland,Stirling,294,3446,3740,101.6283614,433.5,10.86556169,5.798293356,95.54140127,19979.91968,1096.774194
1224,2021,Scotland,Stirling,228,3054,3282,106.2359851,353,13.00236407,5.665717779,94.87179487,14743.58974,1241.025641
1225,2021,Scotland,West Dunbartonshire,947,3130,4077,111.5985627,579.9,24.74820144,5.44577281,91.56626506,31960.22727,1493.28215
1226,2021,Scotland,West Dunbartonshire,1120,3413,4533,95.82895934,963.9,24.83574244,5.250211607,88.73239437,35360.36036,3085.001641
1227,2021,Scotland,West Dunbartonshire,1516,4044,5560,101.4083659,591.8,25.50200803,5.363825765,89.19860627,28108.67294,2200.782998
1228,2021,Scotland,West Dunbartonshire,912,3676,4588,97.87767133,584.1,17.2459893,5.522738356,93.08510638,33439.82961,1048.128342
1229,2021,Scotland,West Dunbartonshire,397,3188,3585,107.0284188,418.1,16.63286004,5.765220987,94.16666667,24378.10945,1875.843455
1230,2021,Scotland,West Dunbartonshire,1229,4018,5247,104.7990287,586.5,30.53497942,5.3904055,87.54578755,27917.28213,729.7297297
1231,2021,Scotland,West Dunbartonshire,445,3945,4390,103.0153425,323,13.27913279,5.553158803,90.12345679,22711.57168,1132.228063
1232,2021,Scotland,West Dunbartonshire,1292,4185,5477,101.2062209,736.3,24.27937916,5.335473376,85.46255507,31848.98354,1975.130133
1233,2021,Scotland,West Dunbartonshire,393,4524,4917,113.3064806,354.9,13,5.845748748,94.97487437,26315.78947,730.1899149
1234,2021,Scotland,West Dunbartonshire,325,3913,4238,104.8321253,378.6,9.87654321,5.746877014,95.36423841,20310.98154,1175.979983
1235,2021,Scotland,West Dunbartonshire,806,4186,4992,107.9066478,590.5,17.03296703,5.394163671,93.67088608,22323.75979,912.6853377
1236,2021,Scotland,West Dunbartonshire,613,6397,7010,86.71962659,473.5,10.27874564,6.023949284,94.092827,20588.23529,1645.06689
1237,2021,Scotland,West Dunbartonshire,1251,4266,5517,101.5488984,706.8,23.57563851,5.152542917,87,20551.85538,1512.292739
1238,2021,Scotland,West Dunbartonshire,772,4322,5094,103.5011517,515,16.41975309,5.511604579,89.74358974,22266.40159,1102.963642
1239,2021,Scotland,West Dunbartonshire,1134,4662,5796,97.82830574,585.5,22.56532067,5.129049417,90.73359073,23885.35032,1357.123547
1240,2021,Scotland,West Dunbartonshire,863,3265,4128,104.0237929,718.9,23.34293948,5.160894118,87.86127168,32299.7416,1682.875264
1241,2021,Scotland,West Dunbartonshire,877,5113,5990,104.1527088,501.2,14.66992665,5.55434067,90.625,23405.69878,1869.292237
1242,2021,Scotland,West Dunbartonshire,836,3635,4471,101.8652455,499,19.33774834,5.422142386,90.81632653,22350.23041,1297.51462
1243,2021,Scotland,West Lothian,785,4019,4804,105.9266847,546.6,24.23076923,5.360035009,91.37055838,33295.96413,1561.634349
1244,2021,Scotland,West Lothian,598,4259,4857,98.3915991,506.7,21.62162162,5.650438898,88.20754717,31159.42029,1591.536339
1245,2021,Scotland,West Lothian,769,4684,5453,103.3717835,492.6,24.77973568,5.647727064,88.16326531,24432.33424,1254.961832
1246,2021,Scotland,West Lothian,288,4431,4719,94.69472835,251.8,8.520179372,6.188893641,93.93939394,24157.30337,909.0909091
1247,2021,Scotland,West Lothian,119,5196,5315,105.2063196,210.3,4.914285714,6.17534022,97.48201439,16322.31405,281.9956616
1248,2021,Scotland,West Lothian,868,4547,5415,98.89129911,577.3,22.58364312,5.332797794,84.39490446,35794.18345,2077.117929
1249,2021,Scotland,West Lothian,233,5716,5949,100.9595255,275.6,6.050955414,5.848145851,92.94871795,21621.62162,401.4008621
1250,2021,Scotland,West Lothian,397,5336,5733,69.05669145,369.2,9.222948439,5.7549828,90.25641026,22010.86957,387.8294408
1251,2021,Scotland,West Lothian,335,2405,2740,91.2797282,402.1,20.78431373,5.427189089,89.91596639,25730.99415,1049.095607
1252,2021,Scotland,West Lothian,1266,4695,5961,110.1494591,596.2,26.98412698,4.998828582,91.57509158,33295.58324,1423.590936
1253,2021,Scotland,West Lothian,705,3880,4585,95.66504546,508.8,17.67838126,5.471925154,92.51968504,21643.83562,2337.955498
1254,2021,Scotland,West Lothian,319,5034,5353,98.19978599,354.9,12.79761905,5.767510232,94.33198381,23388.77339,285.2897474
1255,2021,Scotland,West Lothian,1089,3935,5024,101.2952485,525.8,26.07502287,5.175424407,88.76811594,36526.94611,1371.120963
1256,2021,Scotland,West Lothian,794,4885,5679,104.3179588,522.1,23.23688969,5.186201266,91.7721519,30880,891.9935519
1257,2021,Scotland,West Lothian,139,3617,3756,106.487239,257.4,13.71115174,6.01099829,97.07602339,23643.41085,527.7161863
1258,2021,Scotland,West Lothian,511,2249,2760,100.7889546,551.4,28.86956522,5.358118918,86.61971831,29338.84298,1118.493909
1259,2021,Scotland,West Lothian,653,5296,5949,102.7914614,510.2,13.74407583,5.507610271,92.8802589,29776.67494,911.9414685
1260,2021,Scotland,West Lothian,260,1940,2200,107.4462769,489.1,20.48192771,5.578519389,94.69026549,30606.86016,684.5003934
1261,2021,Scotland,West Lothian,1008,3901,4909,97.96971783,535.2,26.80288462,5.31876879,85.78947368,25767.54386,1485.084306
1262,2021,Scotland,West Lothian,836,5212,6048,101.2238253,504.5,22.85714286,5.632446991,90.83665339,28058.10398,992.2022049
1263,2021,Scotland,West Lothian,1096,3762,4858,103.7880926,638.6,32.79816514,5.410277331,86.76470588,31986.14319,1890.346451
1264,2021,Scotland,West Lothian,425,3788,4213,55.1586582,499.8,10.40799334,5.666130232,91.89189189,26546.00302,1094.2087
1265,2021,Scotland,West Lothian,743,4946,5689,103.9812365,492.3,19.33045356,5.407693881,94,24692.3708,1186.987104
1266,2021,Scotland,West Lothian,825,5507,6332,105.2498738,460.1,17.85195936,5.54949061,90.25157233,28099.17355,754.5691906
1267,2021,Scotland,West Lothian,381,6392,6773,63.91364438,380.7,8.845338983,5.580206451,93.14079422,21256.03865,857.1428571
1268,2021,Scotland,West Lothian,713,3603,4316,107.8867287,486.7,27.90697674,5.31665147,85.48387097,22831.05023,1287.246722
1269,2021,Scotland,West Lothian,904,5517,6421,106.670781,565.6,21.10497238,5.465117562,90.45454545,27490.03984,2283.867493
1270,2021,Scotland,West Lothian,659,5390,6049,107.4951273,385.9,15.37678208,5.751778949,94.13919414,23241.59021,1047.077922
1271,2021,Scotland,West Lothian,407,3236,3643,94.54236378,375.7,14.28571429,5.390238822,88.46153846,19943.82022,956.5950274
1272,2021,Scotland,West Lothian,295,5604,5899,103.3605182,215,5.447830102,6.320114423,93.63957597,17507.64526,481.7127565
1273,2021,Scotland,West Lothian,284,4142,4426,106.5904669,391.5,4.572271386,6.115510134,96.09756098,20410.25641,757.5757576
1274,2021,Scotland,West Lothian,71,3466,3537,108.0015845,182.5,3.703703704,6.239532169,93.91891892,15421.68675,316.9734151
1275,2021,Scotland,West Lothian,503,4777,5280,72.22101015,364.3,12.8383604,5.596763846,89.38547486,26637.06992,716.8831169
1276,2021,Scotland,West Lothian,522,3767,4289,94.2983442,438,20.64965197,5.784930819,90,31795.71664,1176.273458
1277,2021,Scotland,West Lothian,629,5066,5695,105.0626021,433.3,13.01289566,5.529401014,89.40092166,24510.57165,724.7678946
1278,2021,Scotland,West Lothian,204,3736,3940,104.6819708,268,11.35693215,5.908738049,92.89617486,20266.27219,877.4193548
1279,2021,Scotland,West Lothian,286,2455,2741,89.02294517,450.9,19.18819188,5.208450843,94.39252336,25577.26465,1484.063745
