,year,country,la,inc.n,noninc.n,pop,Depop,EM,CP,Attain,PD,EA,crime
1,2022,Scotland,Aberdeen City,317,4492,4809,103.0693418,330.3,9.580052493,5.80488,91.44736842,22064.94588,462.8975265
2,2022,Scotland,Aberdeen City,74,4334,4408,76.42910634,204.2,3.975058457,6.11409,94.88636364,18628.35959,328.4562556
3,2022,Scotland,Aberdeen City,208,6657,6865,98.38120104,207.7,2.71950272,6.27411,98.46743295,17583.89262,333.3333333
4,2022,Scotland,Aberdeen City,713,4784,5497,97.20262254,487.9,16.94915254,5.10323,89.74358974,28368.79433,1117.4135
5,2022,Scotland,Aberdeen City,132,4383,4515,112.1146656,259.8,1.934235977,6.29231,100,19732.0341,669.4720735
6,2022,Scotland,Aberdeen City,88,3958,4046,101.2920569,186.4,1.372212693,6,95.0617284,21955.71956,299.4852597
7,2022,Scotland,Aberdeen City,84,4866,4950,101.4723117,187.8,2.300613497,5.86538,97.22222222,22102.64901,442.0098224
8,2022,Scotland,Aberdeen City,270,4914,5184,82.20008903,323.9,5.125977411,5.92593,92.85714286,19605.17359,691.8767507
9,2022,Scotland,Aberdeen City,461,3434,3895,109.5264676,501.6,16.42857143,5.11957,93.85964912,26724.13793,1499.068901
10,2022,Scotland,Aberdeen City,136,4456,4592,98.54735619,661.8,3.5,6.25472,95.58823529,18849.84026,1093.425606
11,2022,Scotland,Aberdeen City,399,5334,5733,114.0293424,495.6,9.106830123,6.0678,97.43589744,16898.9547,822.5765629
12,2022,Scotland,Aberdeen City,64,3611,3675,99.80404964,226.6,2.909647779,6.4321,97.82608696,13803.68098,1501.527717
13,2022,Scotland,Aberdeen City,159,6192,6351,109.2986279,282.8,4.719387755,6.4,97.95918367,16022.88984,589.3719807
14,2022,Scotland,Aberdeen City,263,3744,4007,99.80327869,675.6,35.94594595,5.21277,90.625,22093.02326,5412.995595
15,2022,Scotland,Aberdeen City,238,2440,2678,104.3338684,708.5,40.49586777,5.56,68.88888889,21238.93805,7829.525483
16,2022,Scotland,Aberdeen City,184,4943,5127,110.1086549,440.3,7.407407407,5.84091,95.91836735,13406.59341,590.3954802
17,2022,Scotland,Aberdeen City,236,4765,5001,108.4262516,374.6,7.334525939,5.87097,94.87179487,23196.44839,752.7247956
18,2022,Scotland,Aberdeen City,501,3449,3950,112.0128088,403.9,15.92039801,4.97414,89.58333333,26265.38988,1139.755767
19,2022,Scotland,Aberdeen City,373,4529,4902,76.41118916,480.9,11.16600791,5.20968,92.77108434,27942.92509,1032.63928
20,2022,Scotland,Aberdeen City,101,3853,3954,108.5696395,362,6.919275124,5.45238,95.96774194,21710.52632,226.5372168
21,2022,Scotland,Aberdeen City,169,3372,3541,105.8590351,382.8,15.10333863,5.25333,90.625,21324.71729,1209.079005
22,2022,Scotland,Aberdeen City,877,4595,5472,114.6516945,721.9,31.08504399,4.80208,81.81818182,26912.1813,1541.289593
23,2022,Scotland,Aberdeen City,1000,3582,4582,112.4629318,791.6,29.51593861,4.71975,79.43925234,26418.43972,1392.778187
24,2022,Scotland,Aberdeen City,389,2908,3297,105.8506706,816.6,17.1686747,5.16667,89.65517241,37888.19876,2983.870968
25,2022,Scotland,Aberdeen City,281,3899,4180,105.1271114,499.6,14.38848921,5.5,96.55172414,21195.65217,1312.607945
26,2022,Scotland,Aberdeen City,737,6364,7101,106.091044,629.4,20.99447514,5,81.39534884,22818.79195,2018.47417
27,2022,Scotland,Aberdeen City,422,3314,3736,100.2869955,561.6,11.55462185,5.67347,91.66666667,20863.30935,2882.311487
28,2022,Scotland,Aberdeen City,440,5276,5716,99.77160494,485.4,25.74679943,5.45882,92.23300971,20266.66667,1216.154199
29,2022,Scotland,Aberdeen City,652,3823,4475,99.15972422,822.1,29.07801418,5.27778,90.32258065,31460.67416,1360.143443
30,2022,Scotland,Aberdeen City,456,4149,4605,121.0084746,806.1,29.10216718,5.30233,90.625,25480.76923,1306.818182
31,2022,Scotland,Aberdeen City,1012,4556,5568,92.97917446,649,27.59515571,5.13235,87.6344086,17627.6771,1839.688283
32,2022,Scotland,Aberdeen City,872,3145,4017,106.9331447,1013.7,33.33333333,5.18644,88.88888889,36158.19209,2157.91491
33,2022,Scotland,Aberdeen City,502,5592,6094,100.7782101,376.6,19.22169811,5.41,92.24137931,21075.83774,692.7710843
34,2022,Scotland,Aberdeen City,814,4651,5465,109.2178392,601.1,24.2542153,5.36792,89.1025641,33087.5576,1985.887097
35,2022,Scotland,Aberdeen City,806,3911,4717,111.2148811,624.7,21.13821138,5.08966,85.22167488,30052.49344,1852.256186
36,2022,Scotland,Aberdeen City,664,4250,4914,105.4720726,493.5,18.73278237,5.02326,88.95348837,25192.80206,988.0995312
37,2022,Scotland,Aberdeen City,552,2953,3505,106.9052674,408.3,18.30769231,4.78512,85.625,26666.66667,1451.282051
38,2022,Scotland,Aberdeen City,923,4469,5392,107.0811408,600.2,23.5563703,4.68981,84.52830189,26823.23857,1226.777707
39,2022,Scotland,Aberdeen City,924,3975,4899,111.5712291,774.4,25,4.7513,84.12017167,30307.69231,1737.949762
40,2022,Scotland,Aberdeen City,152,5497,5649,86.02841325,265.2,7.588279489,5.97849,95.6937799,18582.16971,595.980596
41,2022,Scotland,Aberdeen City,298,3722,4020,67.78550415,480.2,11.85185185,5.2625,88.88888889,21323.52941,866.1870504
42,2022,Scotland,Aberdeen City,397,4870,5267,81.62686214,413.4,30.76923077,5.35659,88.82352941,20036.26473,1655.172414
43,2022,Scotland,Aberdeen City,367,4894,5261,107.3681438,413.9,13.90243902,5.3,90.74074074,23809.52381,1103.092784
44,2022,Scotland,Aberdeen City,97,3965,4062,107.4018261,378.7,6.150793651,5.80519,94.94949495,17093.14227,488.4430877
45,2022,Scotland,Aberdeen City,147,4245,4392,89.68016166,218.9,4.795321637,5.80583,93.12977099,14506.17284,289.6684905
46,2022,Scotland,Aberdeen City,144,4756,4900,104.8435066,321.8,7.835325365,5.72656,95.50561798,19150.57915,392.9797787
47,2022,Scotland,Aberdeen City,284,3348,3632,99.27108323,357.5,11.29032258,5.60227,96,21111.11111,590.5511811
48,2022,Scotland,Aberdeen City,107,2555,2662,110.8159393,257.9,12.38938053,5.69492,91.25,20444.44444,1150.568182
49,2022,Scotland,Aberdeen City,124,3416,3540,72.29870672,316.8,4.773561812,5.86735,92.48120301,21963.39434,511.1700114
50,2022,Scotland,Aberdeenshire,167,2903,3070,102.3449485,368.8,14.44759207,5.6625,92.45283019,14132.76231,583.3824396
51,2022,Scotland,Aberdeenshire,256,5069,5325,95.37928379,239.3,9.007981756,5.71287,95.2,14213.56421,914.9880505
52,2022,Scotland,Aberdeenshire,244,4077,4321,92.62121764,283.3,5.515832482,5.66463,95.65217391,14589.66565,1738.344778
53,2022,Scotland,Aberdeenshire,297,3782,4079,94.63188961,312.3,17.23300971,5.6519,95.95375723,16083.15098,369.047619
54,2022,Scotland,Aberdeenshire,341,5442,5783,96.66216137,280.9,7.942238267,5.72685,96.04316547,15968.84129,779.6610169
55,2022,Scotland,Aberdeenshire,105,4289,4394,66.04942133,226,3.571428571,5.76048,94.81865285,15508.02139,467.6454595
56,2022,Scotland,Aberdeenshire,381,4947,5328,108.5792815,373.2,11.22071517,5.75281,93.69747899,16680.63705,657.2923479
57,2022,Scotland,Aberdeenshire,268,5401,5669,106.849564,349.3,6.946107784,6.17347,95.78544061,16832.38636,640.0742115
58,2022,Scotland,Aberdeenshire,87,2883,2970,111.7085863,304.2,4.794520548,5.77876,97.98657718,18430.65693,292.5045704
59,2022,Scotland,Aberdeenshire,102,4192,4294,110.9171018,298.6,4.452054795,5.63063,95.71428571,21729.23777,402.2082019
60,2022,Scotland,Aberdeenshire,233,5646,5879,78.71168716,339,6.828334397,5.63978,95.34883721,16738.81674,632.0779563
61,2022,Scotland,Aberdeenshire,144,4964,5108,94.07944996,214.9,3.759398496,6.08974,98.46153846,16160.62684,413.6634284
62,2022,Scotland,Aberdeenshire,182,3923,4105,102.0462046,305.3,7.407407407,5.6962,93.15789474,18421.05263,583.9416058
63,2022,Scotland,Aberdeenshire,114,2895,3009,106.8620768,346.5,3.203661327,6.25962,98.37398374,18259.93555,702.5316456
64,2022,Scotland,Aberdeenshire,114,4169,4283,94.01585608,224.5,6.032482599,6.14286,97.52475248,17000,490.430622
65,2022,Scotland,Aberdeenshire,195,3883,4078,103.292693,317.5,10.1978691,5.80556,95.78313253,15980.39216,406.1564771
66,2022,Scotland,Aberdeenshire,275,5928,6203,86.02306195,241.3,8.56498873,5.93274,93.93939394,16766.02086,331.5324165
67,2022,Scotland,Aberdeenshire,322,3232,3554,106.5057404,430.9,12.79863481,5.60584,93.52941176,18627.45098,533.5365854
68,2022,Scotland,Aberdeenshire,334,5136,5470,107.0888348,311.2,11.53305204,5.47015,94.26751592,20614.69265,577.1080475
69,2022,Scotland,Aberdeenshire,524,4814,5338,103.5753398,479.5,18.98211829,5.42623,94.19354839,23903.50877,1810.997695
70,2022,Scotland,Aberdeenshire,162,6203,6365,65.87520707,297,4.272230502,5.65385,93.79084967,14314.31431,422.978556
71,2022,Scotland,Aberdeenshire,174,5775,5949,100.8078943,237.1,6.004803843,5.92857,95.66787004,16682.46445,451.2791032
72,2022,Scotland,Aberdeenshire,107,3310,3417,97.86299766,176.6,5.589307412,5.71538,93.5483871,17936.11794,560.9195402
73,2022,Scotland,Aberdeenshire,103,4940,5043,85.32358516,268,3.737373737,5.93711,95.56650246,15497.73756,309.8686426
74,2022,Scotland,Aberdeenshire,95,3793,3888,110.624111,258.5,6.161971831,5.98901,95.93495935,17592.59259,367.6826318
75,2022,Scotland,Aberdeenshire,134,3835,3969,104.9268119,187.1,5.637254902,5.98039,96.2962963,16572.50471,419.4915254
76,2022,Scotland,Aberdeenshire,152,4078,4230,100.4567978,260.8,6.880733945,5.8913,93.68421053,17001.33869,231.6890882
77,2022,Scotland,Aberdeenshire,184,5082,5266,102.1280663,237.3,7.560483871,5.74854,89.92248062,15960.59113,467.3776662
78,2022,Scotland,Aberdeenshire,252,5841,6093,95.97045726,324.4,7.862190813,5.75897,93.92712551,17057.90297,649.986402
79,2022,Scotland,Aberdeenshire,252,3841,4093,106.5995251,385.1,8.214849921,5.53125,92.30769231,15741.58326,563.1986242
80,2022,Scotland,Aberdeenshire,168,4378,4546,92.39573094,266.1,7.268722467,5.78616,94.41340782,13492.06349,582.5885468
81,2022,Scotland,Aberdeenshire,249,5777,6026,92.6381681,336.7,8.564631245,5.705,91.41630901,15384.61538,225.8403361
82,2022,Scotland,Aberdeenshire,185,4877,5062,99.98670566,281.3,7.192118227,5.69524,95.11278195,16122.23393,476.346912
83,2022,Scotland,Aberdeenshire,203,3725,3928,98.09579733,317.9,5.960264901,5.61538,94.73684211,13598.9011,467.9306172
84,2022,Scotland,Aberdeenshire,216,4825,5041,93.78142366,284.5,4.78515625,5.57143,94.53551913,17176.25899,463.9175258
85,2022,Scotland,Aberdeenshire,253,4400,4653,99.60088692,283.3,12.91989664,5.7,93.29608939,13806.70611,815.6547184
86,2022,Scotland,Aberdeenshire,488,3843,4331,104.6581637,479.1,17.5035868,5.60169,89.17197452,16187.34593,1281.16939
87,2022,Scotland,Aberdeenshire,110,2748,2858,101.3552411,354.1,7.976653696,5.5914,87.90322581,14700.19342,379.6033994
88,2022,Scotland,Aberdeenshire,404,4204,4608,112.4530369,374.6,18.78088962,5.23704,93.01075269,23018.54975,1071.281417
89,2022,Scotland,Aberdeenshire,288,2925,3213,101.4185877,363.6,13.7295082,5.33333,90.26548673,16427.7839,637.3626374
90,2022,Scotland,Aberdeenshire,305,3505,3810,93.96099639,369.8,13.40782123,5.28,89.47368421,16166.50532,486.196951
91,2022,Scotland,Aberdeenshire,511,3568,4079,107.5590551,489.1,23.94636015,5.23239,90.58823529,23123.73225,1654.068475
92,2022,Scotland,Aberdeenshire,468,3439,3907,105.2779239,489.9,16.93290735,5.25385,86.66666667,17654.63918,945.7167091
93,2022,Scotland,Aberdeenshire,251,2876,3127,102.6992963,293.1,10.07604563,5.45161,95.16129032,16851.16851,576.2897914
94,2022,Scotland,Aberdeenshire,281,2747,3028,104.7903504,330.1,17.71894094,5.42391,95.08196721,19293.07806,674.8109366
95,2022,Scotland,Aberdeenshire,332,4708,5040,89.88420505,334.2,11.2407211,5.66242,91.58415842,16251.1542,510.2362205
96,2022,Scotland,Aberdeenshire,289,2350,2639,106.9056059,402.9,15.04854369,5.54545,89.71962617,18114.87482,1220.527046
97,2022,Scotland,Aberdeenshire,136,2973,3109,89.31399774,323.2,3.566121842,5.58947,91.93548387,16483.51648,395.1975988
98,2022,Scotland,Aberdeenshire,364,4136,4500,99.32566723,400.2,14.4486692,5.08527,91.52542373,15413.89153,654.6588154
99,2022,Scotland,Aberdeenshire,317,4222,4539,101.3796743,376,15.37376587,5.12381,83.66013072,15635.17915,1666.055046
100,2022,Scotland,Aberdeenshire,364,2148,2512,108.1612859,518.6,18.9701897,5,83.33333333,20500,2221.453287
101,2022,Scotland,Aberdeenshire,1143,5140,6283,102.6923904,779.2,26.92307692,5.17033,77.04280156,21246.70764,2517.432075
102,2022,Scotland,Aberdeenshire,333,3918,4251,107.8516457,347.3,12.46056782,5.10656,93.33333333,19042.66389,973.0848861
103,2022,Scotland,Aberdeenshire,382,6787,7169,75.79766213,370,9.383675736,5.4539,93.76854599,18476.62142,786.9177403
104,2022,Scotland,Aberdeenshire,530,5690,6220,90.22056602,381.4,12.42798354,5.21429,94.52054795,17470.76023,826.0869565
105,2022,Scotland,Aberdeenshire,175,3996,4171,107.4013862,397.2,6.666666667,5.53472,92.98245614,23488.60258,682.8391734
106,2022,Scotland,Aberdeenshire,404,1946,2350,109.6145455,627.7,20.22988506,4.56716,80.73394495,20330.96927,1594.202899
107,2022,Scotland,Aberdeenshire,345,2315,2660,106.1731557,514.4,17.85714286,5.08108,89.88764045,18960.24465,2332.490518
108,2022,Scotland,Aberdeenshire,737,2830,3567,109.6129096,689.7,30.54187192,4.17391,89.36170213,21635.43441,3576.12782
109,2022,Scotland,Angus,246,5280,5526,105.096384,216.4,7.116104869,5.86413,97.79735683,16504.12603,647.997395
110,2022,Scotland,Angus,214,6036,6250,86.65146295,248.4,6.575342466,5.74793,96.42857143,18665.66717,564.1748942
111,2022,Scotland,Angus,140,2659,2799,102.8162291,258.9,11.48325359,5.59223,91.8699187,18522.60198,449.3628437
112,2022,Scotland,Angus,226,4536,4762,94.56327396,335.4,6.827880512,5.80519,95.88235294,20743.75363,485.4000758
113,2022,Scotland,Angus,529,4796,5325,96.85155577,494.2,17.760181,5.32487,93.18181818,19110.37891,593.9393939
114,2022,Scotland,Angus,267,5147,5414,103.5480624,276.7,9.866666667,5.79268,96.5,19409.76163,501.8050542
115,2022,Scotland,Angus,134,2646,2780,90.36767944,265.5,11.85344828,5.64384,93.47826087,17565.69848,677.4361647
116,2022,Scotland,Angus,616,5012,5628,108.3343873,409.2,19.2575406,5.61538,92.06349206,21756.97865,539.7022333
117,2022,Scotland,Angus,360,3259,3619,105.6544202,394.7,19.05940594,5.33333,97.27272727,17403.84615,955.6993529
118,2022,Scotland,Angus,1027,3706,4733,104.3776255,702,36.17391304,5.2197,89.40397351,24245.47284,2681.6609
119,2022,Scotland,Angus,866,4226,5092,95.25181741,493.5,24.46183953,4.94248,90.49429658,22292.32387,1003.824092
120,2022,Scotland,Angus,936,3737,4673,107.6694411,491.5,35.36165327,4.56977,88.1773399,23588.03987,1277.715145
121,2022,Scotland,Angus,222,2659,2881,105.3983353,292.3,14.1025641,5.35065,93.61702128,13972.60274,1248.415716
122,2022,Scotland,Angus,842,4704,5546,108.5164835,486.5,29.78723404,5.28226,85.62874251,26953.74801,1856.872636
123,2022,Scotland,Angus,573,4141,4714,104.8666764,393,18.22985469,5.26531,92.039801,20094.33962,1241.806264
124,2022,Scotland,Angus,255,3571,3826,98.39003093,397.2,13.7733142,5.59155,94.04761905,18316.83168,705.0092764
125,2022,Scotland,Angus,216,3254,3470,103.5432294,262.6,13.19148936,5.39806,96.49122807,15137.61468,919.0809191
126,2022,Scotland,Angus,629,2876,3505,104.6808097,551.8,32.74760383,5.04762,89.67741935,25312.5,1501.657982
127,2022,Scotland,Angus,333,3532,3865,100.452056,362.4,22.58064516,5.54867,96,22035.48086,942.5287356
128,2022,Scotland,Angus,367,5055,5422,95.33424122,326.2,9.242618742,5.49677,93.12169312,15445.66545,1012.279125
129,2022,Scotland,Angus,294,4102,4396,93.38793298,341.2,11.14503817,5.4898,93.40659341,20350.29191,782.6086957
130,2022,Scotland,Angus,812,3939,4751,107.2389063,513.8,27.69640479,5.03289,90,25000,1980.952381
131,2022,Scotland,Angus,597,4288,4885,105.9349075,488.5,23.02259887,5.30657,93.10344828,21782.17822,965.8678286
132,2022,Scotland,Angus,197,2684,2881,100.4730139,268,8.653846154,5.44444,95.14563107,17706.82148,556.9155447
133,2022,Scotland,Angus,636,5395,6031,103.2140043,401.4,16.70305677,5.55959,92.91666667,21236.72705,878.0200354
134,2022,Scotland,Angus,210,3296,3506,104.7067827,288.3,16.47058824,5.82979,98.2300885,19281.04575,826.3236022
135,2022,Scotland,Argyll and Bute,247,3588,3835,96.49411571,350.7,11.74652241,5.88496,95.74468085,19514.38849,386.4118896
136,2022,Scotland,Argyll and Bute,628,5169,5797,103.1545556,562,14.84848485,5.19876,93.68932039,27360.13986,1542.028986
137,2022,Scotland,Argyll and Bute,194,2516,2710,113.3324418,405.2,20.63953488,5.62687,95.6043956,22095.2381,1789.737171
138,2022,Scotland,Argyll and Bute,340,5258,5598,90.84662995,364.7,12.31079717,5.54144,94.89361702,24472.84345,640.7322654
139,2022,Scotland,Argyll and Bute,146,2091,2237,95.13733184,211.8,11.76470588,5.68852,95.12195122,15789.47368,773.0851825
140,2022,Scotland,Argyll and Bute,225,2848,3073,98.60935525,281,16.78321678,5.69048,94.4,21254.3554,1122.994652
141,2022,Scotland,Argyll and Bute,405,3254,3659,104.6778304,443.2,17.70491803,5.14966,94.02173913,29308.32356,1807.447775
142,2022,Scotland,Argyll and Bute,169,2256,2425,98.42105263,262.2,19.19504644,6.0625,100,18552.63158,656.1859193
143,2022,Scotland,Argyll and Bute,267,3071,3338,99.36080901,318.8,13.8832998,5.66935,95.89041096,19580.41958,350.7062835
144,2022,Scotland,Argyll and Bute,246,2612,2858,98.11133201,353,21.7847769,5.50725,96.66666667,18996.79829,389.3085415
145,2022,Scotland,Argyll and Bute,747,3896,4643,109.8406255,517.1,15.51204819,5.21918,94.97206704,21506.27615,1172.985782
146,2022,Scotland,Argyll and Bute,196,2326,2522,106.147809,293.8,13.62007168,5.67606,96.1038961,14950.49505,583.2037325
147,2022,Scotland,Argyll and Bute,870,2752,3622,108.1791159,600.4,30.76923077,5.41026,90.29850746,23489.27875,2018.877819
148,2022,Scotland,Argyll and Bute,191,2458,2649,96.69265594,393.5,25.58922559,5.73333,96.82539683,13488.84381,724.9466951
149,2022,Scotland,Argyll and Bute,252,2919,3171,106.121805,391,21.36498516,5.84416,91.08910891,14232.20974,2259.50783
150,2022,Scotland,Argyll and Bute,686,4362,5048,105.8732195,474.1,23.32361516,5.64228,92.47311828,22509.45776,1305.998481
151,2022,Scotland,Argyll and Bute,801,3560,4361,106.5762244,535.5,20.79510703,5.38462,91.61676647,22992.70073,1900.698216
152,2022,Scotland,Argyll and Bute,410,6415,6825,90.55137475,260,16.71641791,5.68421,91.61676647,15693.43066,355.6187767
153,2022,Scotland,Argyll and Bute,201,3993,4194,98.26753545,309.2,7.611940299,5.85586,95,16493.19456,482.5291181
154,2022,Scotland,Argyll and Bute,214,4077,4291,103.8500665,262.4,11.33069829,5.88462,94.48275862,17991.6318,459.1406908
155,2022,Scotland,Argyll and Bute,398,2602,3000,101.9419594,424.1,18.79699248,5.85484,88.37209302,21846.15385,1853.052404
156,2022,Scotland,Argyll and Bute,478,3480,3958,92.50267216,436.3,10.89820359,5.7,90.60773481,23261.69406,537.8627035
157,2022,Scotland,Argyll and Bute,139,2857,2996,101.4236072,307.5,3.773584906,5.81915,94.69026549,17879.94891,1197.502838
158,2022,Scotland,Clackmannanshire,583,3745,4328,103.9854211,449,16.77419355,5.38728,89.75903614,28973.10513,919.5844556
159,2022,Scotland,Clackmannanshire,819,4561,5380,98.73113643,471.5,25.55762082,5.23288,93.39622642,25034.01361,1207.904258
160,2022,Scotland,Clackmannanshire,181,2693,2874,98.79391101,328,8.880994671,5.76316,96.03960396,19427.71084,443.4728295
161,2022,Scotland,Clackmannanshire,606,3959,4565,99.66218594,482.9,18.87323944,5.5873,90.38461538,27380.95238,865.1226158
162,2022,Scotland,Clackmannanshire,304,1928,2232,90.67496816,475.8,25.75,5.19277,89.65517241,25539.56835,687.2852234
163,2022,Scotland,Clackmannanshire,670,3984,4654,107.2293605,413.5,28.79581152,5.65278,91.07142857,20880,1101.886792
164,2022,Scotland,Clackmannanshire,146,3488,3634,99.6064099,218.8,7.281553398,6.10526,95.38461538,16363.63636,298.3539095
165,2022,Scotland,Clackmannanshire,518,4315,4833,88.07159655,444.8,21.92513369,5.58491,91.51515152,24740.12474,921.0125038
166,2022,Scotland,Clackmannanshire,898,4320,5218,104.7274897,679.6,32.44873341,5.12994,87.76371308,26429.24086,1155.094095
167,2022,Scotland,Clackmannanshire,1567,3047,4614,103.0601327,727.5,41.1622276,4.89941,84.09090909,28043.77565,4023.241206
168,2022,Scotland,Clackmannanshire,740,4984,5724,97.52656332,490.8,21.1299435,5.47712,91.32653061,24836.60131,780.7807808
169,2022,Scotland,Clackmannanshire,273,3121,3394,101.8176488,405.7,12.82051282,5.70093,96.77419355,20144.92754,571.6878403
170,2022,Scotland,Dumfries and Galloway,848,2949,3797,103.1887875,606.6,35.72567783,5.01471,90.55555556,20206.65901,1890.397185
171,2022,Scotland,Dumfries and Galloway,473,2157,2630,114.4305879,632.8,35.95505618,5.32955,93.5483871,23064.51613,4051.4246
172,2022,Scotland,Dumfries and Galloway,602,2825,3427,105.5825483,520.4,19.6875,5.26364,94.11764706,22411.53342,996.3674105
173,2022,Scotland,Dumfries and Galloway,408,3244,3652,110.5777691,409.2,20.3125,5.40476,96.89922481,19324.57786,1347.402597
174,2022,Scotland,Dumfries and Galloway,288,1796,2084,101.9184652,414.1,22.95719844,5.4,95.71428571,17519.37984,338.835795
175,2022,Scotland,Dumfries and Galloway,305,2266,2571,112.7366609,400.3,26.39405204,5.73239,98.87640449,20765.02732,635.4009077
176,2022,Scotland,Dumfries and Galloway,687,4206,4893,103.4979424,340.4,24.0063593,5.52756,93.60465116,18369.82968,659.8984772
177,2022,Scotland,Dumfries and Galloway,729,4695,5424,102.7021967,417.6,22.27848101,5.42162,94.24778761,19186.78526,1424.740194
178,2022,Scotland,Dumfries and Galloway,298,3312,3610,96.41654192,335,16.57250471,5.45299,96.94656489,19844.0208,480.2110818
179,2022,Scotland,Dumfries and Galloway,432,4888,5320,108.8531459,414.2,18.61614498,5.66438,96.35416667,17704.5177,612.8663875
180,2022,Scotland,Dumfries and Galloway,550,4268,4818,103.0014796,421.2,17.74415406,5.34959,94.54545455,22611.23268,1079.652699
181,2022,Scotland,Dumfries and Galloway,495,3661,4156,102.4919355,445.8,15.06129597,5.66187,92.26804124,23529.41176,483.5164835
182,2022,Scotland,Dumfries and Galloway,96,2307,2403,103.5820473,299.2,16.02787456,5.88406,97.8021978,14180.9291,331.9838057
183,2022,Scotland,Dumfries and Galloway,413,3356,3769,100.8767924,356.8,19.63190184,5.5678,96.25,18116.59193,659.0683845
184,2022,Scotland,Dumfries and Galloway,776,3830,4606,103.6794648,429.3,28.49872774,5.21656,89.37198068,29390.35487,1042.296073
185,2022,Scotland,Dumfries and Galloway,389,3615,4004,104.494863,402.7,14.51612903,6.09449,95.18072289,22440.27304,420.9541628
186,2022,Scotland,Dumfries and Galloway,286,4184,4470,103.9465602,330,18.38111298,5.93077,94.76744186,21691.79229,503.1695721
187,2022,Scotland,Dumfries and Galloway,303,3243,3546,91.23370489,407.5,13.96648045,5.71094,91.86046512,19060.40268,578.9473684
188,2022,Scotland,Dumfries and Galloway,1457,4331,5788,111.9783569,763.1,35.44921875,5.0597,88.57142857,32558.13953,2103.712434
189,2022,Scotland,Dumfries and Galloway,806,3768,4574,103.337585,490.6,23.81578947,5.20253,92.43243243,28443.11377,2606.602476
190,2022,Scotland,Dumfries and Galloway,316,3223,3539,106.4919476,273,15.5210643,5.91753,93.33333333,21387.94084,648.241206
191,2022,Scotland,Dumfries and Galloway,289,3055,3344,106.2348912,469.9,13.43612335,5.71875,96.18320611,21399.17695,1152.416357
192,2022,Scotland,Dumfries and Galloway,254,2878,3132,108.515138,351,20.27027027,5.79545,89.47368421,31125.82781,747.3928158
193,2022,Scotland,Dumfries and Galloway,121,2625,2746,106.0741998,279.5,5.412371134,6.12791,95.41284404,17832.64746,239.5577396
194,2022,Scotland,Dumfries and Galloway,117,2656,2773,104.175239,269,7.512953368,5.9,94.69026549,18100.12837,356.0076287
195,2022,Scotland,Dumfries and Galloway,678,2592,3270,94.79205695,726.2,27.2556391,5.24706,90,28891.82058,5254.969749
196,2022,Scotland,Dumfries and Galloway,321,3101,3422,106.085424,551.9,24.42922374,5.73684,94.24460432,26002.76625,1863.136863
197,2022,Scotland,Dumfries and Galloway,280,2664,2944,106.5725472,368.9,18.80165289,5.42857,93.45794393,27223.71968,575.1391466
198,2022,Scotland,Dumfries and Galloway,139,2719,2858,109.0510415,281.5,8.788598575,5.875,96,26710.09772,469.1211401
199,2022,Scotland,Dumfries and Galloway,159,3533,3692,69.96213037,237.9,8.248730964,5.91429,94.19354839,23550.72464,595.5143078
200,2022,Scotland,Dumfries and Galloway,252,3040,3292,101.0307132,287.3,16.63201663,5.72642,96.8,18933.6235,584.0220386
201,2022,Scotland,Dumfries and Galloway,588,4414,5002,98.82423276,464.1,19.14110429,5.3375,91.32653061,25000,1730.702665
202,2022,Scotland,Dumfries and Galloway,319,3464,3783,102.4147851,395.6,20.21857923,5.9396,95.78947368,25020.3749,906.460945
203,2022,Scotland,Dumfries and Galloway,372,3392,3764,106.5603812,223.5,16.26373626,5.72549,95.12195122,11025.64103,538.071066
204,2022,Scotland,Dumfries and Galloway,356,3559,3915,102.875817,328,22.85714286,5.64122,92.02453988,19461.88341,742.2775473
205,2022,Scotland,Dumfries and Galloway,185,2332,2517,108.0529509,262.3,16.17250674,5.53521,94.25287356,20967.74194,1265.189421
206,2022,Scotland,Dumfries and Galloway,404,2710,3114,105.1268214,510.7,14.375,5.21176,91.17647059,27895.39228,1791.044776
207,2022,Scotland,Dumfries and Galloway,719,4866,5585,101.908653,465.3,23.42799189,5.14211,88.84462151,24414.71572,931.0238169
208,2022,Scotland,Dumfries and Galloway,195,2751,2946,105.3852527,415.7,18.50899743,5.63542,95.04132231,17605.6338,644.7613143
209,2022,Scotland,Dumfries and Galloway,379,3641,4020,102.9570562,252.2,24.8502994,5.18349,86.02941176,15561.69429,1495.076097
210,2022,Scotland,Dundee City,212,5521,5733,101.5287143,286.3,7.112375533,6.11111,98.61111111,18220.33898,561.9445896
211,2022,Scotland,Dundee City,633,6604,7237,96.83827399,825.4,17,5.18,85.24590164,36507.93651,1123.660585
212,2022,Scotland,Dundee City,828,4844,5672,104.9553159,643.1,19.86863711,5.10526,93.61702128,28277.63496,768.2866961
213,2022,Scotland,Dundee City,760,4200,4960,99.44649446,879.5,32.43967828,5.39063,85.05747126,24561.40351,4788.408464
214,2022,Scotland,Dundee City,929,4551,5480,97.2733972,849,30,4.69412,86.86868687,33278.1457,2575.18797
215,2022,Scotland,Dundee City,1295,3361,4656,100.505482,964.1,33.1420373,4.92157,84.45945946,34021.8712,2122.335496
216,2022,Scotland,Dundee City,1309,3539,4848,95.8017894,851,25.57823129,4.74725,84.96240602,34203.9801,1678.768516
217,2022,Scotland,Dundee City,1265,4427,5692,98.95278769,784.3,32.76492083,5.16667,84.56375839,22983.87097,1562.987737
218,2022,Scotland,Dundee City,210,3029,3239,105.5644558,295.6,19.76284585,6.0125,96.36363636,25135.86957,973.7827715
219,2022,Scotland,Dundee City,598,3803,4401,107.0669066,485.8,16.73819742,5.51163,93.26923077,27450.98039,1323.46723
220,2022,Scotland,Dundee City,1203,3280,4483,109.2312693,839,28.38541667,4.97368,84.57142857,31314.62334,1990.595611
221,2022,Scotland,Dundee City,153,3034,3187,101.7169271,289.2,13.80208333,6.01613,98.63013699,21528.99824,534.8679756
222,2022,Scotland,Dundee City,732,2021,2753,108.5540489,783.8,33.71212121,4.90625,84.96240602,29492.1875,2052.117264
223,2022,Scotland,Dundee City,329,4796,5125,100.6821374,232.7,9.028960818,5.7907,95.26627219,23957.68513,1340.88418
224,2022,Scotland,Dundee City,196,3526,3722,104.5123189,304.1,10.51660517,5.68548,95.77464789,22563.65233,363.1578947
225,2022,Scotland,Dundee City,295,4154,4449,100.6042764,267.2,5.982905983,5.74107,94.7761194,18501.87266,553.8857879
226,2022,Scotland,Dundee City,246,6378,6624,96.85546971,351.1,5.689277899,5.81176,96.74267101,21910.69574,524.4981653
227,2022,Scotland,Dundee City,1620,4460,6080,100.0595496,580.3,23.83763838,4.76573,85.71428571,23012.04819,1278.252135
228,2022,Scotland,Dundee City,1025,5277,6302,94.49372736,521.4,22.45037645,4.99649,88.66855524,29025.19168,1129.353234
229,2022,Scotland,Dundee City,1694,3607,5301,98.83929123,861.1,26.80161943,4.50644,83.27974277,33660.58906,3001.172333
230,2022,Scotland,Dundee City,534,2723,3257,98.43024978,443.9,19.62209302,4.98684,89.77272727,26614.17323,2547.387887
231,2022,Scotland,Dundee City,901,3145,4046,93.86213409,624.5,20.08928571,4.75238,83.72093023,26498.00266,1043.344841
232,2022,Scotland,Dundee City,485,4324,4809,105.2873076,359.2,16.05633803,5.35625,91.04477612,25374.37604,1128.515486
233,2022,Scotland,Dundee City,424,3223,3647,99.98169001,405.4,19.9592668,5.27368,86.56716418,23836.54938,3242.274966
234,2022,Scotland,Dundee City,1063,3790,4853,104.4495978,732.8,27.80847145,4.76404,95.41284404,31016.04278,1509.775525
235,2022,Scotland,Dundee City,365,3367,3732,95.20229144,453.2,13.84364821,5.49438,94.91525424,23348.51936,746.0674157
236,2022,Scotland,Dundee City,930,3530,4460,105.8366675,928,25.44757033,4.80833,85.71428571,30088.49558,2685.920578
237,2022,Scotland,Dundee City,1181,3130,4311,102.5410943,701.9,33.9055794,4.81579,87.08133971,22824.30213,2796.065078
238,2022,Scotland,Dundee City,1420,4176,5596,97.74314884,672.7,23.98785425,4.79191,87.95180723,32080.92486,2512.762337
239,2022,Scotland,Dundee City,1441,4648,6089,99.04455061,611.5,25.32679739,5.14231,85.11904762,29821.26058,1306.573276
240,2022,Scotland,Dundee City,115,3851,3966,80.81374452,303.5,6.063720452,5.69655,92.90322581,20632.73728,261.0883926
241,2022,Scotland,East Ayrshire,850,2332,3182,109.222484,656.3,36.08695652,5.12963,90.90909091,31019.20236,1085.399449
242,2022,Scotland,East Ayrshire,682,3455,4137,100.2611818,513.3,25.57471264,5.42759,85.57692308,29245.28302,560.2006689
243,2022,Scotland,East Ayrshire,723,4275,4998,104.1706161,475.9,21.49410223,5.42308,92.43243243,26660.15625,854.1600759
244,2022,Scotland,East Ayrshire,473,2651,3124,103.8211734,497.8,32.03539823,5.25424,91.15646259,32621.95122,647.2491909
245,2022,Scotland,East Ayrshire,417,3555,3972,109.163488,492.9,19.27083333,5.64286,92.90780142,28694.71413,435.9673025
246,2022,Scotland,East Ayrshire,795,3945,4740,103.586286,513,22.54047323,5.25,93.49112426,26012.05857,1137.197359
247,2022,Scotland,East Ayrshire,574,2101,2675,108.1473926,630.8,37.59590793,4.87838,88.04347826,32625.18968,870.1134931
248,2022,Scotland,East Ayrshire,982,3856,4838,106.351895,616.2,25.61366062,4.96894,90.52132701,28401.72786,1149.584488
249,2022,Scotland,East Ayrshire,510,3359,3869,102.8698148,498.6,18.58108108,5.336,94.96855346,23843.05835,1712.756467
250,2022,Scotland,East Ayrshire,782,2915,3697,103.7804767,574.7,27.11111111,4.93701,91.02564103,38054.18719,1882.352941
251,2022,Scotland,East Ayrshire,295,5728,6023,84.78879287,274.7,7.198612316,5.91579,96.3963964,18802.76285,642.0587471
252,2022,Scotland,East Ayrshire,385,3742,4127,106.9158879,319.7,12.43941842,5.88889,95.48022599,20704.37567,935.2209352
253,2022,Scotland,East Ayrshire,312,2147,2459,100.5069066,432.6,20.30360531,5.21127,88.17204301,24493.24324,667.5307842
254,2022,Scotland,East Ayrshire,441,3402,3843,104.9650607,403.3,21.58894646,5.55462,93.50649351,17549.32503,803.9215686
255,2022,Scotland,East Ayrshire,539,2258,2797,114.5607235,707.5,32.5648415,5.30108,88.18181818,27056.96203,1676.190476
256,2022,Scotland,East Ayrshire,740,4032,4772,101.619345,442.5,24.72527473,5.22727,94.79768786,29615.38462,804.2212518
257,2022,Scotland,East Ayrshire,898,4755,5653,109.9608419,578.2,24.5852187,5.42308,89.57345972,29376.6012,1701.349831
258,2022,Scotland,East Ayrshire,1403,2978,4381,103.3591143,752.4,36.97813121,4.98696,87.35177866,29777.07006,1530.909091
259,2022,Scotland,East Ayrshire,768,3406,4174,99.41506965,665.9,31.40703518,5.42241,92.66666667,28737.1134,989.1304348
260,2022,Scotland,East Ayrshire,496,2341,2837,107.7120823,710.9,24.42244224,5.75,90,29344.72934,3761.088114
261,2022,Scotland,East Ayrshire,298,2913,3211,102.806906,432.2,9.610983982,5.93243,98.86363636,24528.30189,1300.893744
262,2022,Scotland,East Ayrshire,463,2444,2907,106.257379,504.9,21.09704641,5.7027,90.34482759,27934.6211,944.5100354
263,2022,Scotland,East Ayrshire,579,3054,3633,107.1442089,497.7,27.12146423,5.4717,90.47619048,34356.72515,716.553288
264,2022,Scotland,East Ayrshire,139,5716,5855,101.0574978,292.8,7.239382239,6.09794,96.33699634,17803.36581,466.7411962
265,2022,Scotland,East Ayrshire,1115,3478,4593,100.1316656,779.6,25.98930481,5.13441,90.66666667,32727.27273,1079.66457
266,2022,Scotland,East Ayrshire,1294,3402,4696,96.68657961,701.6,27.8372591,5.05464,86.05769231,26151.31579,1589.932474
267,2022,Scotland,East Ayrshire,713,3245,3958,104.5053414,620.1,29.77667494,5.46341,86.60714286,27985.94848,5644.883921
268,2022,Scotland,East Ayrshire,161,5650,5811,93.86725178,229.2,5.736137667,6.10784,95.83333333,20765.4146,408.388521
269,2022,Scotland,East Ayrshire,369,3864,4233,78.18332642,692.8,10.18907563,5.52985,93.41317365,20439.56044,827.9845956
270,2022,Scotland,East Ayrshire,336,2409,2745,108.8384166,431.1,18.18181818,5.51807,90.90909091,21965.31792,748.4828051
271,2022,Scotland,East Dunbartonshire,88,2665,2753,106.0918114,202.7,4.242424242,6.37113,99.14529915,14310.64572,293.7420179
272,2022,Scotland,East Dunbartonshire,354,3123,3477,98.53094493,259.4,11.99376947,6.13675,95.90643275,25058.82353,473.8641915
273,2022,Scotland,East Dunbartonshire,107,3206,3313,101.3542629,290,1.685393258,6.23077,100,19230.76923,454.0295119
274,2022,Scotland,East Dunbartonshire,238,3763,4001,96.21052632,333.3,5.434782609,6.325,99.28571429,19539.37593,1034.155598
275,2022,Scotland,East Dunbartonshire,57,2870,2927,82.83791363,145.5,1.59901599,6.42391,98.4496124,19362.45573,189.2430279
276,2022,Scotland,East Dunbartonshire,123,3634,3757,95.75471698,165.9,2.222222222,6.6,98.67549669,24141.22137,376.2074225
277,2022,Scotland,East Dunbartonshire,136,4345,4481,96.06341841,223.8,7.493188011,6.22619,98.17351598,17403.06583,238.8797364
278,2022,Scotland,East Dunbartonshire,199,4015,4214,99.14292516,189,5.493133583,6.34328,98.88268156,21851.45318,503.8918476
279,2022,Scotland,East Dunbartonshire,135,2747,2882,98.28775268,296.7,11.50793651,6.11268,98.86363636,21145.37445,308.5642317
280,2022,Scotland,East Dunbartonshire,125,3515,3640,102.5121405,211.7,3.770197487,6.47917,95.38461538,18429.00302,181.1776548
281,2022,Scotland,East Dunbartonshire,80,3163,3243,101.5384615,172.1,3.663793103,6.37879,100,18933.33333,461.5384615
282,2022,Scotland,East Dunbartonshire,80,2799,2879,98.95269881,138.4,4.929577465,6.6,99.0990991,19252.87356,456.25
283,2022,Scotland,East Dunbartonshire,123,2684,2807,101.4697237,253.3,8.333333333,6.3913,96.89922481,18722.78665,451.3481829
284,2022,Scotland,East Dunbartonshire,202,4919,5121,102.7372143,225.8,5.147864184,6.26667,98.27586207,21870.28658,154.8520303
285,2022,Scotland,East Dunbartonshire,306,6241,6547,97.67610372,266.2,4.967602592,6.25309,97.4025974,21589.56109,1635.089541
286,2022,Scotland,East Dunbartonshire,786,4862,5648,88.61156257,403.7,19.41228851,5.97235,93.98496241,25918.76209,663.493841
287,2022,Scotland,East Dunbartonshire,81,2309,2390,100.0682594,257.9,6.605922551,6.16842,97.34513274,18846.15385,260.2739726
288,2022,Scotland,East Dunbartonshire,182,3865,4047,100.9427062,274.7,8.873239437,6.15,95.23809524,22706.20945,325.1670379
289,2022,Scotland,East Dunbartonshire,314,4807,5121,103.3599274,208,8.034744843,6.09896,96.49122807,19984.85995,557.0745044
290,2022,Scotland,East Dunbartonshire,89,3153,3242,101.797304,178.7,4.013961606,6.33708,99.12280702,17892.42591,293.3188485
291,2022,Scotland,East Dunbartonshire,342,3120,3462,98.8045007,277,10.07067138,5.97959,92.06349206,19822.48521,836.4839319
292,2022,Scotland,East Dunbartonshire,525,3734,4259,95.01306458,460.5,9.686609687,5.8777,92.22222222,21256.45439,1689.831748
293,2022,Scotland,East Dunbartonshire,1068,3079,4147,98.14814815,599.7,28.25788752,5.49673,91.1627907,30158.73016,346.6269102
294,2022,Scotland,East Dunbartonshire,284,4657,4941,59.19896943,294.8,5.590496157,6.16883,96.15384615,23085.58559,282.5174825
295,2022,Scotland,East Dunbartonshire,321,2539,2860,96.78820437,442.3,18.01980198,5.64211,93.80530973,20214.3951,559.9547511
296,2022,Scotland,East Dunbartonshire,513,2701,3214,109.5968449,535.5,25.40983607,5.60194,92.42424242,31818.18182,784.623486
297,2022,Scotland,East Dunbartonshire,278,3770,4048,106.4273863,367.6,12.47739602,5.74359,95.83333333,26340.99617,444.6503011
298,2022,Scotland,East Dunbartonshire,599,4110,4709,103.9582268,432.3,21.18644068,5.78523,93.47826087,32327.1665,641.5770609
299,2022,Scotland,East Lothian,827,5830,6657,78.75071432,427.8,12.34647705,5.26066,91.50943396,25077.08119,784.9381791
300,2022,Scotland,East Lothian,452,4092,4544,100.8184634,378.8,14.53674121,5.36923,91.13924051,18921.7759,983.2707409
301,2022,Scotland,East Lothian,167,2861,3028,107.5040783,289.1,8.174386921,6.20513,95.04950495,21650.87957,772.4301842
302,2022,Scotland,East Lothian,781,4143,4924,104.3469086,386.7,15.17706577,5.56989,90,27104.72279,1613.747954
303,2022,Scotland,East Lothian,776,3846,4622,90.06124351,411.7,20.10309278,4.91156,88.88888889,22122.12212,1329.256518
304,2022,Scotland,East Lothian,438,1935,2373,91.82249512,465.5,15.01901141,5.02899,95.12195122,22082.01893,761.1548556
305,2022,Scotland,East Lothian,849,4748,5597,92.35181644,426.2,19.88950276,5.0122,88.44444444,22122.90503,983.4190966
306,2022,Scotland,East Lothian,548,3735,4283,99.86684421,421.5,17.39130435,5.27536,91.62011173,21512.38592,817.5624527
307,2022,Scotland,East Lothian,479,5284,5763,106.4818128,321.2,15.13437058,5.62644,94.54545455,18993.99399,866.1870504
308,2022,Scotland,East Lothian,921,5875,6796,85.6309983,369.2,14.00560224,5.29502,93.49845201,21366.90647,1337.041615
309,2022,Scotland,East Lothian,656,5362,6018,96.18412421,409.6,15.12673753,5.42105,95.05300353,22732.36282,1040.159641
310,2022,Scotland,East Lothian,372,2535,2907,90.8670639,336.5,17.59425494,5.33645,90.26548673,23127.46386,591.9153032
311,2022,Scotland,East Lothian,425,5357,5782,93.09662526,272.7,9.561752988,5.63441,94.01709402,15194.34629,568.7606112
312,2022,Scotland,East Lothian,334,5428,5762,74.86973948,260.7,8.343409915,5.70659,93.47826087,13875.59809,367.7721088
313,2022,Scotland,East Lothian,308,3927,4235,93.79447548,288,7.820512821,5.76433,93.71980676,16012.72534,884.5113944
314,2022,Scotland,East Lothian,645,4150,4795,99.33089605,476.3,20.9039548,5.54902,87.75510204,17651.51515,1479.099678
315,2022,Scotland,East Lothian,200,4193,4393,92.41409435,247.7,7.028360049,5.875,96.36363636,13419.25701,386.9166334
316,2022,Scotland,East Lothian,130,3145,3275,106.0080252,234.8,2.472527473,6.23,95.72649573,17960.78431,595.8363245
317,2022,Scotland,East Lothian,247,3941,4188,69.76376958,226.6,7.136640557,6.02083,95.85062241,17554.58515,414.5244216
318,2022,Scotland,East Lothian,248,4883,5131,84.60260157,282.8,5.611775529,5.84946,96.77419355,13031.16147,490.1960784
319,2022,Scotland,East Lothian,509,4596,5105,72.41709363,396.4,10.70137383,5.71859,93.00411523,18072.28916,633.0172895
320,2022,Scotland,East Lothian,399,4263,4662,106.0534889,328.4,10.22280472,5.81579,96.42857143,12813.10212,882.1202532
321,2022,Scotland,East Renfrewshire,569,5715,6284,97.70397704,391.8,11.95652174,5.8821,94.38596491,19553.07263,628.4289277
322,2022,Scotland,East Renfrewshire,174,3310,3484,101.9757268,338.1,6.289308176,6.04717,94.53125,17775.46778,267.4307545
323,2022,Scotland,East Renfrewshire,1355,4825,6180,101.4744194,644,24.63157895,5.46544,93.36099585,24839.74359,2128.440367
324,2022,Scotland,East Renfrewshire,391,3607,3998,88.98407885,342.2,11.05463787,5.64885,98,20063.35797,528.0057082
325,2022,Scotland,East Renfrewshire,775,3390,4165,101.6139767,718.1,22.6635514,5.57895,89.44954128,29981.37803,753.8635507
326,2022,Scotland,East Renfrewshire,385,7604,7989,70.92764161,236.7,7.386091127,6.27815,96.51474531,19868.73508,583.6092715
327,2022,Scotland,East Renfrewshire,450,5720,6170,104.6976484,300.5,10.58451817,6.30204,97.65395894,21203.15582,459.7701149
328,2022,Scotland,East Renfrewshire,61,3782,3843,96.19966954,160.1,5.068493151,6.55752,98.63945578,17031.39867,427.5184275
329,2022,Scotland,East Renfrewshire,230,6190,6420,78.03998133,169.7,4.341603053,6.46454,98.19277108,20180.18018,403.5231463
330,2022,Scotland,East Renfrewshire,281,4797,5078,90.90139928,200.2,7.856450048,6.16667,97.22222222,16440.67797,443.2132964
331,2022,Scotland,East Renfrewshire,111,3213,3324,90.61566625,241.6,4.651162791,6.21324,98.82352941,14784.94624,326.4248705
332,2022,Scotland,East Renfrewshire,312,3336,3648,97.02554745,410.9,12.0923913,6.24096,96.58536585,17402.94511,528.2498852
333,2022,Scotland,East Renfrewshire,124,6126,6250,103.0029203,170.9,3.013029316,6.34483,98.39572193,15487.09409,247.2604664
334,2022,Scotland,East Renfrewshire,47,3208,3255,93.77399606,278.4,2.18579235,6.30233,99.42528736,17352.41503,494.1551541
335,2022,Scotland,East Renfrewshire,118,3616,3734,101.0831968,234.9,5.873925501,6.40625,98.25581395,17994.85861,216.6745172
336,2022,Scotland,East Renfrewshire,130,4587,4717,101.995246,248.2,2.593010147,6.48795,97.83549784,17312.25296,152.7663088
337,2022,Scotland,East Renfrewshire,175,4691,4866,101.0428897,194.3,5.58722919,6.51205,99.06542056,19790.10495,396.5785381
338,2022,Scotland,East Renfrewshire,49,3430,3479,99.44428195,155.1,1.846153846,6.56452,98.24561404,15031.98294,335.9030837
339,2022,Scotland,East Renfrewshire,308,3526,3834,101.5209125,371.9,8.743169399,6.3252,94.85714286,24028.90696,1332.280147
340,2022,Scotland,East Renfrewshire,379,3663,4042,98.94601336,347.8,12.70983213,6.32749,98.1981982,19645.29332,693.4164394
341,2022,Scotland,"Edinburgh, City of",219,5612,5831,97.4949788,177.4,3.776824034,6.23243,95.66929134,18540.82999,429.033206
342,2022,Scotland,"Edinburgh, City of",135,6091,6226,90.23918396,213.3,4.529616725,5.99153,97.14285714,17369.72705,326.7301261
343,2022,Scotland,"Edinburgh, City of",96,3203,3299,87.97201457,183,3.86996904,6.31395,99.24242424,13885.64761,644.5012788
344,2022,Scotland,"Edinburgh, City of",113,4180,4293,96.2841355,244.3,6.092124814,6.03371,96.63865546,15759.54509,734.4890511
345,2022,Scotland,"Edinburgh, City of",88,4569,4657,91.62204059,127.8,1.926977688,6.35616,96.36363636,13147.79271,456.7761419
346,2022,Scotland,"Edinburgh, City of",122,4595,4717,106.855507,240.9,6.20782726,6.19048,99.05660377,19166.66667,502.1409109
347,2022,Scotland,"Edinburgh, City of",871,2760,3631,98.14341847,922.2,32.18934911,4.87719,83.19327731,23076.92308,1407.725322
348,2022,Scotland,"Edinburgh, City of",1047,3518,4565,104.2246982,813.3,28.82991556,4.97203,89.75903614,23369.56522,1365.235749
349,2022,Scotland,"Edinburgh, City of",1203,2601,3804,103.8941681,824.5,34.37077131,4.64103,81.25,21957.67196,2285.237698
350,2022,Scotland,"Edinburgh, City of",269,2843,3112,102.3063144,345.3,19.50718686,5.31183,90.26548673,21951.21951,1293.743372
351,2022,Scotland,"Edinburgh, City of",709,3007,3716,88.312785,799.1,23.66504854,5.21244,89.25233645,36895.16129,1667.875272
352,2022,Scotland,"Edinburgh, City of",1075,4871,5946,100.2000572,706.3,19.42528736,5.008,88.125,26807.56396,1266.280753
353,2022,Scotland,"Edinburgh, City of",480,4028,4508,97.03872437,547.6,15.73676681,5.3945,93.29268293,20073.89163,1155.624037
354,2022,Scotland,"Edinburgh, City of",445,4660,5105,90.67227418,464,15.22123894,5.56098,95.40229885,23636.36364,1558.441558
355,2022,Scotland,"Edinburgh, City of",544,4871,5415,86.05732484,579,17.21698113,5.35849,80,28493.15068,1147.651007
356,2022,Scotland,"Edinburgh, City of",387,3661,4048,100.7540767,652.8,9.952606635,5.55556,97.14285714,13855.42169,932.8599096
357,2022,Scotland,"Edinburgh, City of",142,5250,5392,96.05304705,254.7,5.811965812,6.37879,92.04545455,13475.1773,460.7250755
358,2022,Scotland,"Edinburgh, City of",66,4962,5028,98.90859482,223.6,1.805555556,6.26966,97.22222222,12679.24528,573.7704918
359,2022,Scotland,"Edinburgh, City of",140,4554,4694,96.78508514,299.1,2.631578947,6.22222,97,17158.46995,472.5503822
360,2022,Scotland,"Edinburgh, City of",54,4305,4359,100.3392183,159.9,2.25846926,6.5,95.23809524,11497.3262,370.994941
361,2022,Scotland,"Edinburgh, City of",592,3483,4075,100.346811,438,14.61126005,5.56566,88.72180451,22550.54432,963.3911368
362,2022,Scotland,"Edinburgh, City of",492,2174,2666,95.11412268,570.2,23.07692308,5.39506,85.18518519,18147.44802,983.1756046
363,2022,Scotland,"Edinburgh, City of",73,5080,5153,105.4366052,172.8,6.040268456,6.27966,98.05194805,13062.0985,695.1508986
364,2022,Scotland,"Edinburgh, City of",75,5571,5646,89.97444945,156.3,2.739726027,6.52764,99.21568627,9792.53112,298.013245
365,2022,Scotland,"Edinburgh, City of",167,2884,3051,46.97477115,295.6,8.160703076,5.64085,92.37288136,14739.88439,627.4821287
366,2022,Scotland,"Edinburgh, City of",103,2445,2548,107.2114734,189.6,8.171206226,5.48837,86,17668.26923,1196.207148
367,2022,Scotland,"Edinburgh, City of",1254,4633,5887,92.31965891,686.4,29.60750853,5.10163,84.46601942,27651.51515,1417.969785
368,2022,Scotland,"Edinburgh, City of",688,3133,3821,96.69465312,659,19.83356449,5.08955,90.90909091,22923.58804,1011.051985
369,2022,Scotland,"Edinburgh, City of",709,3577,4286,99.03210195,633.7,23.1824417,4.99281,91.46341463,23915.90013,1355.01355
370,2022,Scotland,"Edinburgh, City of",745,2561,3306,103.8554482,681.8,25.94810379,5.04082,85.95041322,22302.15827,1934.460888
371,2022,Scotland,"Edinburgh, City of",107,3125,3232,112.8589406,383.9,9.803921569,6.04225,96.875,16410.25641,1031.56708
372,2022,Scotland,"Edinburgh, City of",193,3066,3259,84.68553163,434.6,2.226720648,6.34615,90.47619048,21174.20597,646.7913087
373,2022,Scotland,"Edinburgh, City of",859,4148,5007,97.13341427,544.8,21.80267966,5.10811,94.44444444,19922.38034,938.6174017
374,2022,Scotland,"Edinburgh, City of",255,6597,6852,95.6362542,265.9,4.508566276,6.30108,96.62447257,18518.51852,1038.618374
375,2022,Scotland,"Edinburgh, City of",368,3021,3389,102.9549299,500.4,11.57024793,5.77778,92.1875,24892.08633,563.4408602
376,2022,Scotland,"Edinburgh, City of",195,5735,5930,86.35646286,414.7,6.355932203,5.90244,96.61016949,15176.71518,471.2837838
377,2022,Scotland,"Edinburgh, City of",174,5653,5827,98.65254487,197.5,2.806122449,6.54455,97.85714286,18879.05605,479.7258709
378,2022,Scotland,"Edinburgh, City of",149,4986,5135,107.7880962,310.4,5.02283105,6.27273,98.48484848,17727.27273,338.5887826
379,2022,Scotland,"Edinburgh, City of",73,4767,4840,106.3538059,168.8,4.642857143,6.54902,94.87179487,9492.273731,342.9796356
380,2022,Scotland,"Edinburgh, City of",173,5918,6091,100.0937811,135.4,1.826484018,6.23333,96.52173913,13697.40376,462.8099174
381,2022,Scotland,"Edinburgh, City of",153,4932,5085,100.4820891,339.3,3.846153846,6.41538,97.89473684,14092.14092,1016.414141
382,2022,Scotland,"Edinburgh, City of",235,5940,6175,102.8859773,290.5,7.608695652,6.25882,98.31932773,14449.9179,367.731556
383,2022,Scotland,"Edinburgh, City of",258,4575,4833,101.6557042,459.5,9.366391185,6.15909,97.91666667,18489.58333,371.0830126
384,2022,Scotland,"Edinburgh, City of",769,7052,7821,84.4394275,630.5,16.59663866,5.625,85.8974359,22305.76441,1072.432722
385,2022,Scotland,"Edinburgh, City of",497,5870,6367,88.43471988,581.2,9.375,6.05128,90.90909091,18617.02128,1658.198614
386,2022,Scotland,"Edinburgh, City of",330,7174,7504,81.80000833,390.9,15.25,5.92857,96.55172414,17763.15789,798.6440678
387,2022,Scotland,"Edinburgh, City of",600,5920,6520,95.12290503,799.6,30.625,5.86364,75,22349.5702,8216.583274
388,2022,Scotland,"Edinburgh, City of",864,7516,8380,78.66944975,744.9,27.04402516,5.33333,88,17965.36797,2020.20202
389,2022,Scotland,"Edinburgh, City of",334,2573,2907,91.71805102,484.9,12.58278146,4.83333,85.71428571,34397.16312,614.4067797
390,2022,Scotland,"Edinburgh, City of",355,4590,4945,83.62846422,449.3,13.98104265,5.41176,90.47619048,20035.77818,920.6200094
391,2022,Scotland,"Edinburgh, City of",299,4886,5185,105.2718504,334.2,9.745762712,5.84211,89.38053097,15631.46998,615.4299176
392,2022,Scotland,"Edinburgh, City of",1019,3482,4501,47.44716219,1237,20.25028441,5.125,88.47736626,21577.72622,2100.613054
393,2022,Scotland,"Edinburgh, City of",1446,3131,4577,91.74616635,880.1,29.91371045,4.97396,86.72985782,32287.82288,1272.611869
394,2022,Scotland,"Edinburgh, City of",1029,2660,3689,106.0192851,781.9,20.94594595,4.86598,80.45112782,32258.06452,1463.068182
395,2022,Scotland,"Edinburgh, City of",294,3562,3856,68.38352371,340.2,11.50627615,5.48515,87.59689922,21642.96998,1622.89761
396,2022,Scotland,"Edinburgh, City of",246,5150,5396,103.0347301,324.1,7.722007722,5.99324,96.79144385,18597.56098,567.6410605
397,2022,Scotland,"Edinburgh, City of",461,3690,4151,89.10786023,425.6,12.3880597,5.71028,87.59689922,17189.63165,1000.647668
398,2022,Scotland,"Edinburgh, City of",162,3906,4068,98.70315789,188.4,5.240793201,6.088,98.63013699,16258.57003,816.5137615
399,2022,Scotland,"Edinburgh, City of",129,2444,2573,98.35236118,283,11.34751773,5.82051,96.03960396,22925.4571,1297.335203
400,2022,Scotland,"Edinburgh, City of",527,3101,3628,104.1844323,503.1,22.71805274,5.06195,82.73381295,23859.64912,1378.70084
401,2022,Scotland,"Edinburgh, City of",86,2738,2824,101.57199,272.3,9.85915493,5.77941,95.83333333,17400.88106,686.4686469
402,2022,Scotland,"Edinburgh, City of",673,2849,3522,108.7367546,702.3,22.50580046,5.16418,87.20930233,27494.90835,1034.934498
403,2022,Scotland,"Edinburgh, City of",1071,3346,4417,112.2283982,841.8,27.9264214,5.19192,86.39455782,25925.92593,1262.313024
404,2022,Scotland,"Edinburgh, City of",308,4328,4636,105.3487505,309.6,6.525285481,5.992,96.89440994,19774.7184,588.8223553
405,2022,Scotland,"Edinburgh, City of",370,3711,4081,58.20307454,419.7,42.31601732,4.76842,96.15384615,13549.61832,974.5948314
406,2022,Scotland,"Edinburgh, City of",844,4322,5166,99.92178334,677.7,14.65256798,5.48,87.80487805,32432.43243,1033.930003
407,2022,Scotland,"Edinburgh, City of",539,4740,5279,102.4596774,428.8,18.5520362,5.53191,92.85714286,13766.23377,801.3598834
408,2022,Scotland,"Edinburgh, City of",845,4552,5397,97.79542025,698.5,25.72402044,5.26027,84.26966292,29813.6646,2129.37327
409,2022,Scotland,"Edinburgh, City of",618,4768,5386,105.4945055,748.5,26.16580311,5.59091,85,30960.2649,1503.184713
410,2022,Scotland,"Edinburgh, City of",296,3341,3637,98.24396657,522.1,18.14671815,4.96552,93.33333333,25274.72527,833.0663249
411,2022,Scotland,"Edinburgh, City of",384,3116,3500,100.7407407,929.6,39.90610329,5.84848,87.5,27561.83746,827.0958084
412,2022,Scotland,"Edinburgh, City of",289,5250,5539,95.64260832,315.7,9.43877551,5.88095,94.73684211,16226.41509,577.9220779
413,2022,Scotland,"Edinburgh, City of",364,3161,3525,102.036618,564.4,15.82278481,5.46341,88.88888889,16716.41791,675.3042795
414,2022,Scotland,"Edinburgh, City of",365,3413,3778,90.0901682,510.9,18.08278867,5.42857,95.29411765,26503.34076,866.5338645
415,2022,Scotland,"Edinburgh, City of",128,3697,3825,96.71577123,232.6,2.923976608,6.05405,95.23809524,21185.37201,636.8330465
416,2022,Scotland,"Edinburgh, City of",171,4578,4749,99.52518733,303.8,4.405874499,6.24561,97.75280899,19234.6425,598.0683507
417,2022,Scotland,"Edinburgh, City of",115,3770,3885,105.0793353,217.7,5.45112782,6.1875,98.24561404,19063.54515,591.0619894
418,2022,Scotland,"Edinburgh, City of",252,3939,4191,89.28681454,292.7,10.85714286,5.78571,85.10638298,16596.63866,585.0041197
419,2022,Scotland,"Edinburgh, City of",154,4597,4751,92.5738697,290.9,7.8,5.43478,98.48484848,20147.42015,547.9452055
420,2022,Scotland,"Edinburgh, City of",100,2713,2813,109.7432763,350.1,7.446808511,5.6,91.66666667,11746.98795,1387.998168
421,2022,Scotland,"Edinburgh, City of",149,3346,3495,111.7691559,250.8,2.692307692,5.38462,90.90909091,19728.91566,887.7407233
422,2022,Scotland,"Edinburgh, City of",66,3156,3222,104.1586281,186.7,3.088803089,6.7,82.35294118,9339.407745,488.2017901
423,2022,Scotland,"Edinburgh, City of",241,5535,5776,105.4930349,259.7,4.166666667,6.04878,92.30769231,14684.59152,563.1313131
424,2022,Scotland,"Edinburgh, City of",59,3999,4058,98.76003568,234.1,13.33333333,5.87179,91.83673469,17439.70315,656.4465409
425,2022,Scotland,"Edinburgh, City of",213,6678,6891,92.98059965,219.3,10.38575668,5.10714,86.20689655,11925.04259,2378.061121
426,2022,Scotland,"Edinburgh, City of",234,4104,4338,102.299937,324.6,5.23255814,5.74242,90.90909091,18998.10964,819.9847445
427,2022,Scotland,"Edinburgh, City of",51,4392,4443,98.18798674,144.6,0.698324022,6.25,97.14285714,15102.04082,521.1864407
428,2022,Scotland,"Edinburgh, City of",88,4596,4684,92.95081967,292,4.87804878,6.15254,94.68085106,15490.3758,1423.574676
429,2022,Scotland,"Edinburgh, City of",125,5918,6043,98.33900227,173.6,1.140350877,6.16788,97.71428571,20321.93159,719.1358025
430,2022,Scotland,"Edinburgh, City of",809,4044,4853,99.75670841,514.5,25.05800464,4.92701,86.80203046,32323.23232,1379.542396
431,2022,Scotland,"Edinburgh, City of",1065,4109,5174,84.24351496,620.3,25.66069906,5.21717,86.44688645,27839.64365,1458.279179
432,2022,Scotland,"Edinburgh, City of",385,5162,5547,92.30030607,395.1,11.53081511,5.61333,92.52873563,23593.96433,739.5751377
433,2022,Scotland,"Edinburgh, City of",820,2221,3041,106.4547677,921.3,31.81818182,5.11111,89.18918919,23545.70637,1137.277427
434,2022,Scotland,"Edinburgh, City of",729,3237,3966,79.62865519,834.5,20.98445596,5.30435,85.34482759,30046.22496,1199.878493
435,2022,Scotland,"Edinburgh, City of",656,3568,4224,96.5028665,630.8,25.10460251,5.26718,87.86127168,25853.65854,1704.809287
436,2022,Scotland,"Edinburgh, City of",1396,4160,5556,80.8240168,725.7,28.90743551,5.21296,85.35714286,27196.65272,1488.696489
437,2022,Scotland,"Edinburgh, City of",123,4446,4569,99.52439399,272.6,5.415162455,6.08029,94.35028249,19959.87964,782.9614604
438,2022,Scotland,"Edinburgh, City of",56,2704,2760,93.9116446,215.6,1.773049645,6.35556,95.58823529,21207.43034,268.4563758
439,2022,Scotland,"Edinburgh, City of",72,3968,4040,95.99730912,176.5,3.663500678,6.38095,99.27007299,21392.19015,463.5108481
440,2022,Scotland,"Edinburgh, City of",815,5372,6187,97.07621197,462.7,15.99326599,5.46842,93.47826087,23668.63905,776.0971981
441,2022,Scotland,"Edinburgh, City of",420,3873,4293,98.55072464,384.6,8.398133748,5.93805,88.81118881,22421.52466,487.5195008
442,2022,Scotland,"Edinburgh, City of",119,5135,5254,95.58253353,201.4,3.212435233,6.07031,95.59748428,16909.38511,508.2508251
443,2022,Scotland,"Edinburgh, City of",118,3701,3819,87.20370856,238.8,7.865168539,5.9899,96.94656489,19295.95828,528.1846427
444,2022,Scotland,"Edinburgh, City of",190,5408,5598,101.7144287,292.9,5.339805825,6.28319,95.68345324,22274.56258,911.5103127
445,2022,Scotland,"Edinburgh, City of",182,2626,2808,106.8925535,265.6,11.72069825,5.42647,87.5,20905.17241,335.3293413
446,2022,Scotland,"Edinburgh, City of",274,4149,4423,92.7101137,354.6,10.27568922,5.58163,91.26984127,21550.59133,620.5493388
447,2022,Scotland,"Edinburgh, City of",278,4614,4892,98.83287293,236.7,9.72972973,5.82828,90.5982906,18953.48837,1911.537272
448,2022,Scotland,"Edinburgh, City of",208,3285,3493,92.82987243,296.5,14.11451398,5.64078,95,19219.65318,3935.369633
449,2022,Scotland,"Edinburgh, City of",562,7021,7583,63.27116212,338.4,7.378551787,5.44726,94.86166008,21754.08426,937.5
450,2022,Scotland,"Edinburgh, City of",290,4526,4816,97.17855427,285.4,8.080808081,5.82659,91.51785714,20235.75639,774.5266781
451,2022,Scotland,"Edinburgh, City of",160,3795,3955,104.0508755,294.5,6.547619048,5.84685,90.78947368,17329.54545,345.6998314
452,2022,Scotland,Eilean Siar,299,2726,3025,100.3875969,515.1,10.94339623,5.76768,97.4789916,28905.28905,584.5629966
453,2022,Scotland,Eilean Siar,225,2683,2908,104.3921293,363.8,11.03286385,5.62353,98.16513761,28874.17219,541.5162455
454,2022,Scotland,Eilean Siar,186,1666,1852,103.8348083,307.6,12.65822785,5.61702,98.27586207,31932.77311,362.5377644
455,2022,Scotland,Eilean Siar,281,2225,2506,101.9875447,334,15.86826347,5.48148,96.1038961,23177.08333,653.5488405
456,2022,Scotland,Eilean Siar,447,3326,3773,106.7501118,386.2,8.986615679,5.44231,96.21212121,24357.8388,252.8089888
457,2022,Scotland,Eilean Siar,260,3419,3679,102.5058658,376.4,7.843137255,5.53691,97.82608696,20675.67568,420.5175601
458,2022,Scotland,Eilean Siar,450,2776,3226,111.8850131,614.9,12.43654822,5.03571,92.91338583,33976.26113,3215.273935
459,2022,Scotland,Eilean Siar,263,2530,2793,116.2860498,547.8,16.47727273,5.27778,94.50549451,28010.4712,1186.556927
460,2022,Scotland,Eilean Siar,226,2962,3188,101.4580408,307.3,10.26156942,5.584,94.9044586,27733.33333,412.1964992
461,2022,Scotland,Falkirk,455,2734,3189,99.31278423,488.2,22.55389718,5.48696,93,30122.32416,968.1881051
462,2022,Scotland,Falkirk,500,3961,4461,81.05937965,425.8,18.90756303,5.6828,89.59537572,21189.59108,1197.691198
463,2022,Scotland,Falkirk,575,3534,4109,101.1212047,434.8,28.27868852,5.29861,86.06060606,22185.06132,680.4979253
464,2022,Scotland,Falkirk,174,2881,3055,102.9773317,299.1,15.20833333,5.83529,88.49557522,17353.95189,444.9267499
465,2022,Scotland,Falkirk,435,3622,4057,100.6404154,423.4,20.03081664,5.50781,89.7260274,20750,1333.051206
466,2022,Scotland,Falkirk,619,4240,4859,100.999931,461,21.8950064,5.58974,91.46919431,24578.79088,1057.34173
467,2022,Scotland,Falkirk,324,3360,3684,94.30604982,451.6,14.44600281,5.57669,93.86792453,25414.36464,593.3974091
468,2022,Scotland,Falkirk,401,6560,6961,82.04038765,465.1,9.495351926,6.01158,96.30681818,21857.30464,1195.227766
469,2022,Scotland,Falkirk,179,3717,3896,100.8869936,370.7,6.750392465,5.94161,96.22641509,21316.96429,417.0141785
470,2022,Scotland,Falkirk,553,2546,3099,100.4630582,642,29.93079585,5.31944,86.62420382,34102.14168,1368.062317
471,2022,Scotland,Falkirk,298,3129,3427,106.0207056,369,15.31007752,5.66929,93.75,22040.81633,591.7159763
472,2022,Scotland,Falkirk,137,3167,3304,106.6611157,230.1,9.821428571,5.7931,94.06779661,18777.77778,312.1577218
473,2022,Scotland,Falkirk,151,2497,2648,107.7072791,340.1,14.19939577,6.03297,95.19230769,25079.8722,337.922403
474,2022,Scotland,Falkirk,308,2420,2728,106.1813538,497,23.39544513,5.60417,87.78625954,27083.33333,738.3343178
475,2022,Scotland,Falkirk,314,4140,4454,70.07017318,392,8.442123586,5.71429,91.11111111,23543.99009,1049.853372
476,2022,Scotland,Falkirk,976,2752,3728,105.8851493,747.8,37.56613757,5.01587,82.65895954,38698.01085,1909.246575
477,2022,Scotland,Falkirk,455,4205,4660,98.03104885,588.3,16.62162162,5.78125,95.47738693,29256.19835,1337.537338
478,2022,Scotland,Falkirk,593,2843,3436,99.37094555,638.6,28.07017544,5.64615,97.5,25170.06803,3268.251273
479,2022,Scotland,Falkirk,743,3888,4631,102.8637715,622.2,25.60509554,5.42763,94.2408377,34045.39386,1066.10499
480,2022,Scotland,Falkirk,473,3053,3526,106.4864865,552.6,18.01470588,5.90909,97.36842105,35984.84848,3817.174515
481,2022,Scotland,Falkirk,300,3284,3584,99.71365849,345.7,15.53784861,5.55072,89.57055215,24637.68116,2489.530014
482,2022,Scotland,Falkirk,662,2304,2966,106.6800662,909.3,28.61035422,5.28571,84.61538462,31150.44248,3087.681549
483,2022,Scotland,Falkirk,530,2241,2771,107.6271186,760.5,32,5.17431,84.82758621,43750,1043.829296
484,2022,Scotland,Falkirk,431,2284,2715,102.8036208,559.2,25.81602374,5.58824,89.13043478,31325.3012,1468.75
485,2022,Scotland,Falkirk,99,3646,3745,101.5303812,164.7,4.451510334,6.16379,97.31543624,18406.59341,206.3628547
486,2022,Scotland,Falkirk,656,2525,3181,101.5704584,566.1,27.36156352,5.27679,89.17197452,25246.54832,965.3465347
487,2022,Scotland,Falkirk,234,2229,2463,107.890319,396.8,16.7115903,5.61333,97.08737864,26117.64706,549.0956072
488,2022,Scotland,Falkirk,737,4078,4815,102.0031254,553.9,28.04597701,5.40828,84.93723849,29054.84247,733.7596769
489,2022,Scotland,Falkirk,128,4598,4726,65.47253041,150.3,6.612244898,5.95455,95.02487562,18944.84412,954.6539379
490,2022,Scotland,Falkirk,232,3945,4177,103.4242021,350.9,8.823529412,6.03333,95.6043956,23411.76471,365.6003324
491,2022,Scotland,Falkirk,523,4710,5233,89.71271514,394.9,14.78016838,5.65929,92.30769231,22950.81967,487.574709
492,2022,Scotland,Falkirk,152,3895,4047,105.8909153,239.5,11.80400891,5.94253,92.85714286,19157.72089,1120.497999
493,2022,Scotland,Falkirk,359,2916,3275,113.1873044,404.3,24.16851441,5.68182,91.60305344,28183.11874,777.027027
494,2022,Scotland,Falkirk,433,2848,3281,101.0830325,472.6,30.32258065,5.48454,87.96992481,24367.50999,967.5785208
495,2022,Scotland,Falkirk,702,4059,4761,105.8120392,623.8,28.96935933,5.18182,94.9044586,30138.44515,1524.001343
496,2022,Scotland,Falkirk,409,2675,3084,111.3602563,581.4,24.3697479,5.64634,97.16981132,22779.36963,998.3452841
497,2022,Scotland,Falkirk,641,3546,4187,104.0590697,558.5,32.65007321,5.59677,84.53038674,24133.66337,1362.458349
498,2022,Scotland,Falkirk,691,3048,3739,106.9550779,720.9,22.909699,5.34906,89.03225806,28789.98609,1520.595968
499,2022,Scotland,Falkirk,326,3997,4323,103.2472094,325.9,18.32611833,5.43226,92.04545455,25072.8863,488.4720594
500,2022,Scotland,Falkirk,293,2739,3032,103.8876652,447,24.6728972,5.35135,91.36690647,24454.14847,554.6311703
501,2022,Scotland,Falkirk,397,2773,3170,101.9691969,588.1,25.51440329,5.44318,87.91208791,32576.98541,1377.870564
502,2022,Scotland,Falkirk,451,4492,4943,92.88324678,407.9,13.8185654,5.59627,93.47826087,27148.4375,717.791411
503,2022,Scotland,Fife,285,2704,2989,97.42041712,617.7,18.71921182,5.35,94,26353.79061,698.0609418
504,2022,Scotland,Fife,579,3440,4019,97.91935484,515.4,26.340882,5.09626,88.57142857,28630.70539,955.7990178
505,2022,Scotland,Fife,218,2975,3193,79.42655936,450.2,13.58543417,5.49565,97.76119403,16112.26611,394.3089431
506,2022,Scotland,Fife,443,3065,3508,94.99688972,454.4,17.35791091,5.25758,89.93288591,29475.10094,691.6912695
507,2022,Scotland,Fife,134,2728,2862,99.90808824,254.3,12.55144033,5.87368,96.74796748,19290.12346,425.0559284
508,2022,Scotland,Fife,125,4100,4225,100.17223,276.9,9.233449477,5.97619,95.27027027,16704.63174,437.2623574
509,2022,Scotland,Fife,211,3449,3660,99.43682442,284.7,14.95495495,5.47244,94.93670886,22208.58896,492.3076923
510,2022,Scotland,Fife,640,3069,3709,95.48969072,481.7,22.76422764,5.64045,89.68253968,34214.18637,1659.100289
511,2022,Scotland,Fife,661,3946,4607,97.9209521,458.5,19.25373134,5.46207,93.78531073,26227.67857,1320.434487
512,2022,Scotland,Fife,279,2833,3112,102.6532577,389.3,16.06060606,5.80882,93.10344828,26551.22655,4011.19403
513,2022,Scotland,Fife,434,2866,3300,100.8679669,410.3,34.17508418,5.22047,91.54929577,28173.91304,1487.006737
514,2022,Scotland,Fife,74,2978,3052,104.5907513,254.2,5.78313253,6.25253,97.5,19974.71555,275.2293578
515,2022,Scotland,Fife,345,4832,5177,103.7808042,405.9,12.03319502,5.74051,94.31279621,22664.0159,766.5383269
516,2022,Scotland,Fife,259,4984,5243,53.99227472,270.7,8.601521358,5.6886,94.09594096,23296.7033,432.970595
517,2022,Scotland,Fife,623,2302,2925,91.64504972,688,25.60137457,5.0303,85.50724638,28270.04219,1091.445428
518,2022,Scotland,Fife,895,3014,3909,89.42961366,756.8,28.18181818,5.13043,82.10526316,28315.41219,1179.883946
519,2022,Scotland,Fife,321,2561,2882,101.0337131,467.7,17.66848816,5.41667,90.44117647,24609.375,522.4304373
520,2022,Scotland,Fife,117,3912,4029,104.3443848,296.6,6.519337017,5.97235,96.35036496,16287.87879,514.0186916
521,2022,Scotland,Fife,48,3021,3069,59.89912806,188.8,4.565801253,6.01887,97.86096257,19259.25926,272.6628895
522,2022,Scotland,Fife,73,3672,3745,107.7807084,200.5,6.363636364,6.09211,98.36065574,16547.61905,403.2258065
523,2022,Scotland,Fife,84,2438,2522,107.9768945,272.9,10.13071895,5.83333,92.10526316,22286.54124,829.846583
524,2022,Scotland,Fife,280,2672,2952,104.8258303,471.4,16.20111732,5.28,94.81481481,30072.46377,981.595092
525,2022,Scotland,Fife,329,2718,3047,102.2818211,478.6,25.69316081,5,88.99082569,27777.77778,703.6466359
526,2022,Scotland,Fife,473,3094,3567,100.5875769,493.8,22.18309859,5.2037,93.98496241,28170.89453,961.5384615
527,2022,Scotland,Fife,315,3707,4022,99.49908165,361,16.42575558,5.26897,95,18472.9064,558.9177643
528,2022,Scotland,Fife,243,2869,3112,105.2586667,396.1,12.12121212,5.55128,88.99082569,24556.21302,1014.127144
529,2022,Scotland,Fife,403,2458,2861,103.4552164,487.3,21.12,5.30435,90.5982906,23913.04348,1002.469136
530,2022,Scotland,Fife,54,2584,2638,110.0757371,256,3.401360544,6.05263,95.54140127,14942.52874,329.9340132
531,2022,Scotland,Fife,136,4243,4379,105.0268308,219.7,4.1015625,6.10833,94.40559441,21293.04287,375.7736516
532,2022,Scotland,Fife,107,2497,2604,107.7233584,286.1,6.02739726,5.76829,93.87755102,22390.10989,535.5832722
533,2022,Scotland,Fife,398,3114,3512,91.88858568,376.5,15.95925297,5.375,88.53503185,22727.27273,1849.345963
534,2022,Scotland,Fife,608,2594,3202,96.50093901,540.5,33.28173375,5.16379,87.07482993,26541.09589,1268.587361
535,2022,Scotland,Fife,636,2460,4859,104.1446109,657.4,26.60944206,4.92135,86.82170543,26706.82731,1224.719101
536,2022,Scotland,Fife,575,4284,2663,87.39512323,471.6,15.48387097,5.39394,91.83673469,23590.8142,1379.527559
537,2022,Scotland,Fife,547,2116,3934,97.63010599,512.3,22.75862069,4.95798,88.11188811,27553.44418,881.3364055
538,2022,Scotland,Fife,505,3429,2813,95.16801361,395.8,16.58986175,5.44094,91.72413793,34175.08418,745.3416149
539,2022,Scotland,Fife,607,2206,2916,104.931887,650.7,33.48519362,5.04211,87.38738739,29925.18703,1104.833647
540,2022,Scotland,Fife,782,2134,6198,100.0115407,617.6,32.31240429,4.92366,82.82208589,31112.68604,1067.039106
541,2022,Scotland,Fife,1081,5117,4369,89.85015693,445.8,21.4988645,5.20319,87.5,23824.78632,1467.526029
542,2022,Scotland,Fife,634,3735,3120,98.68628481,358,17.79769526,5.31356,89.54248366,33390.70568,1267.554915
543,2022,Scotland,Fife,740,2380,3410,108.1653454,667.8,33.19057816,5.01176,88.79310345,21676.64671,1669.421488
544,2022,Scotland,Fife,242,3168,4079,84.70845083,298.8,11.22913505,5.76289,95.4887218,26205.99739,1063.337957
545,2022,Scotland,Fife,557,3522,2590,97.45130009,430.1,20.58823529,5.52113,91.27906977,27312.13873,1254.310345
546,2022,Scotland,Fife,180,2410,2801,104.3802301,320.9,16.93548387,5.67105,87.77777778,23623.01102,704.5143639
547,2022,Scotland,Fife,223,2578,4539,104.6699875,328.2,22.3495702,5.67742,88.34951456,23779.72466,628.8448394
548,2022,Scotland,Fife,1054,3485,3203,99.59412589,588.9,36.06168446,5.47753,91.51785714,27961.57951,2279.437007
549,2022,Scotland,Fife,337,2866,3013,95.22640212,391.8,21.46118721,5.77143,91.85185185,26583.85093,5629.268293
550,2022,Scotland,Fife,332,2681,2925,100.2086766,473.1,28.4375,5.40385,85.71428571,21917.80822,1266.735324
551,2022,Scotland,Fife,455,2470,3096,100.4553216,423.2,29.88721805,5.36607,93.19727891,30214.72393,1223.434808
552,2022,Scotland,Fife,82,2478,2560,102.0035733,134.6,5.035971223,5.87838,97.02970297,16834.53237,921.2283044
553,2022,Scotland,Fife,307,2695,3002,101.3390929,324.2,15.86345382,5.42308,91.89189189,21338.38384,746.6814159
554,2022,Scotland,Fife,554,2426,2980,98.72751207,611.7,29.85074627,5.02062,84.61538462,27629.23351,3221.153846
555,2022,Scotland,Fife,1193,3670,4863,106.5237323,584,34.3495935,4.97487,87.05882353,25443.78698,1502.17464
556,2022,Scotland,Fife,94,3130,3224,104.5492662,272.9,8.712121212,5.725,97.05882353,18550.10661,400.9433962
557,2022,Scotland,Fife,432,4867,5299,95.01531785,319.7,13.28125,5.65534,93.25396825,28387.85047,1974.603175
558,2022,Scotland,Fife,838,2839,3677,99.96400936,735,32.75167785,4.82979,89.9122807,27627.62763,4567.35058
559,2022,Scotland,Fife,286,2718,3004,102.4169184,371.8,17.85714286,5.6875,90.42553191,29126.21359,1701.764371
560,2022,Scotland,Fife,1270,2950,4220,83.55452972,741.6,30.13415893,4.80519,79.42857143,31182.7957,4263.540291
561,2022,Scotland,Fife,701,2945,3646,96.88540823,524.3,27.27272727,5.22901,85.81081081,26422.25032,1759.89673
562,2022,Scotland,Fife,454,2645,3099,85.06524891,476.1,15.22556391,5.22449,95.3125,23878.78788,1385.261194
563,2022,Scotland,Fife,654,3534,4188,103.9000765,511.9,27.42616034,5.22059,85.33333333,27493.26146,1612.903226
564,2022,Scotland,Fife,567,3690,4257,100.1290323,404.9,19.92287918,5.32813,91.40625,17391.30435,1182.00409
565,2022,Scotland,Fife,1094,3010,4104,98.56650478,660.4,28.63027806,5.0878,90.29535865,25078.36991,1318.557476
566,2022,Scotland,Fife,314,1874,2188,101.7284335,467.3,24.7734139,5.61765,92.92929293,33781.51261,1015.82015
567,2022,Scotland,Fife,615,3860,4475,106.4862378,466.3,26.37362637,5.40426,94.08602151,25178.14727,817.679558
568,2022,Scotland,Fife,778,2550,3328,106.166388,665.5,33.27645051,4.86667,83.44827586,30056.71078,5197.433366
569,2022,Scotland,Fife,348,3085,3433,116.083993,379.8,25.42372881,5.66667,93.33333333,23785.80324,1398.328691
570,2022,Scotland,Fife,565,4414,4979,104.3306814,481.5,19.61722488,5.24454,92.53731343,25629.07735,1217.452498
571,2022,Scotland,Fife,323,2398,2721,102.0654473,700.4,22.91262136,5.31405,92.8057554,36807.81759,939.8976982
572,2022,Scotland,Fife,104,3502,3606,105.2978236,279.3,15.6,5.78333,95.58823529,21167.88321,779.7270955
573,2022,Scotland,Fife,578,1606,2184,105.2774837,600.5,32.98755187,5.17647,87.12121212,23939.39394,1473.759885
574,2022,Scotland,Fife,396,1680,2076,109.2048829,541.5,27.98913043,5.29851,87.20930233,24637.68116,1828.388132
575,2022,Scotland,Fife,297,2543,2840,118.3670715,430.4,20.40816327,5.58442,93.75,24528.30189,846.4163823
576,2022,Scotland,Fife,255,4053,4308,91.90420217,324.1,15.12481645,5.75969,95.0617284,24398.93143,1308.54487
577,2022,Scotland,Fife,226,3114,3340,105.1112018,331.9,13.80090498,5.48352,94.81481481,23266.74501,924.5867769
578,2022,Scotland,Fife,1222,3492,4714,102.3284823,714.5,29.59326788,4.83099,80.78817734,30115.14615,2063.172043
579,2022,Scotland,Fife,1037,3434,4471,104.7247604,605,36.51877133,4.88776,87.28813559,29523.80952,1150.410861
580,2022,Scotland,Fife,762,1646,2408,103.8741585,1029.2,38.4057971,4.16667,76.10619469,33471.07438,3630.952381
581,2022,Scotland,Fife,988,2483,3471,98.71924163,854.6,32.26890756,4.83471,84.82758621,32268.90756,2493.981704
582,2022,Scotland,Fife,501,2503,3004,97.77188329,731.1,9.275362319,5.4697,86.07594937,31134.25926,3541.876892
583,2022,Scotland,Fife,519,3006,3525,84.72927606,528.1,21.77722153,5.29358,92.61744966,26939.97072,1018.480493
584,2022,Scotland,Fife,318,2272,2590,100.2274163,439.3,21.93396226,5.23684,95.14563107,21973.09417,864.1975309
585,2022,Scotland,Fife,216,2611,2827,91.51790544,192.1,15.44502618,6,97.19626168,20372.18413,772.3342939
586,2022,Scotland,Fife,954,4500,5454,98.86797022,411.6,24.86187845,5.1092,87.25099602,24491.3928,1006.6305
587,2022,Scotland,Fife,293,3902,4195,104.5140602,372.7,16.72473868,5.76,93.29268293,24952.56167,965.6029838
588,2022,Scotland,Fife,137,2463,2600,105.1034676,241.9,14.15929204,5.78689,90.90909091,23343.37349,577.6444111
589,2022,Scotland,Fife,310,3865,4175,102.9198271,326.9,13.69636964,5.6338,91.27516779,27534.88372,520.0845666
590,2022,Scotland,Fife,260,2621,2881,101.6465816,338.5,18.29268293,5.84416,91.57894737,22751.32275,743.2854466
591,2022,Scotland,Fife,272,3658,3930,98.86573685,333.1,13.90532544,5.69767,93.03797468,22101.09019,1160
592,2022,Scotland,Fife,444,2792,3236,106.1966488,677.3,20.79722704,5.46392,91.12903226,31123.38858,1324.828263
593,2022,Scotland,Fife,241,3623,3864,107.9432114,267.8,7.962529274,5.87129,94.85294118,22825.21947,781.5631263
594,2022,Scotland,Fife,157,2707,2864,99.56684617,265.9,13.13868613,6.06667,90.29126214,19115.89008,719.2870783
595,2022,Scotland,Fife,187,2092,2279,100.1995089,363.8,16.10738255,5.57143,93.44262295,16831.68317,637.0494552
596,2022,Scotland,Fife,320,2374,2694,102.7234978,490.1,23.31606218,5.47059,93.68421053,17799.75278,643.722116
597,2022,Scotland,Fife,433,3829,4262,90.59622288,359.9,17.78093883,5.79085,92.92929293,20510.56338,816.072908
598,2022,Scotland,Fife,139,2324,2463,100.711549,306.3,15.89403974,6.05769,98.63013699,18395.06173,840.8408408
599,2022,Scotland,Fife,337,3822,4159,113.6263736,440.8,27.77777778,5.30769,95,23638.77822,423.4671372
600,2022,Scotland,Fife,223,6000,6223,100.1749498,346.5,7.772020725,5.11765,83.33333333,18063.31471,904.9665712
601,2022,Scotland,Fife,101,4221,4322,108.9707026,245.9,4.329896907,6.12941,95.37037037,15240.64171,446.3874827
602,2022,Scotland,Fife,72,5199,5271,99.21229087,293.2,4.037267081,6.34848,97.36842105,19153.93655,368.445914
603,2022,Scotland,Fife,195,3849,4044,88.27012322,356.6,17.69436997,5.55789,90.69767442,16235.29412,416.1118509
604,2022,Scotland,Fife,113,3544,3657,97.61801269,254.5,13.1661442,5.85714,94.64285714,18879.31034,751.8796992
605,2022,Scotland,Fife,388,3393,3781,98.59793468,317.6,15.75663027,5.62376,91.27516779,21758.73732,528.6701911
606,2022,Scotland,Fife,212,4072,4284,103.6449052,234,3.903903904,6.12977,93.08176101,24720.06891,443.0660168
607,2022,Scotland,Glasgow City,1045,4103,5148,99.43057671,557.4,32.60643821,5.0914,90.15544041,22886.29738,1201.183432
608,2022,Scotland,Glasgow City,541,2757,3298,65.50918717,595.9,19.62421712,5.82051,96.47887324,30490.01815,1187.141948
609,2022,Scotland,Glasgow City,536,4962,5498,94.93882807,604.5,25.53191489,5.84762,96.71052632,29467.68061,724.7207104
610,2022,Scotland,Glasgow City,1983,4080,6063,86.74841772,974,35.76341128,5.21818,88.74598071,36899.03846,2367.232853
611,2022,Scotland,Glasgow City,1116,2066,3182,87.8511236,868.8,33.53658537,5.03448,87.25490196,34234.23423,1572.988273
612,2022,Scotland,Glasgow City,703,2424,3127,100.765613,544.8,33.62637363,5.31858,89.67741935,30825.68807,1094.357977
613,2022,Scotland,Glasgow City,338,5599,5937,88.13334042,270.7,12.17075386,6.1086,94.140625,22021.2766,444.6569448
614,2022,Scotland,Glasgow City,1593,4228,5821,101.2188985,666.7,36.53846154,4.95222,88.61538462,38400,1363.874346
615,2022,Scotland,Glasgow City,545,2570,3115,115.940007,546.6,22.4137931,5.65278,92.55319149,31669.26677,1394.538059
616,2022,Scotland,Glasgow City,1168,3233,4401,103.7813765,681.1,30.21766965,5.42236,91.26213592,32056.19413,1067.03689
617,2022,Scotland,Glasgow City,719,4534,5253,104.5051058,385.6,20.77151335,5.65,93.46733668,22972.97297,1182.410423
618,2022,Scotland,Glasgow City,1300,4015,5315,101.9212357,715.7,23.57343312,5.17062,91.35802469,36737.23537,754.7732697
619,2022,Scotland,Glasgow City,568,2832,3400,106.5592052,527.9,26.73434856,5.56364,89.58333333,22743.68231,750.5938242
620,2022,Scotland,Glasgow City,1438,4834,6272,102.4758912,1068.7,56.8,5.41243,94.39655172,30769.23077,2541.222114
621,2022,Scotland,Glasgow City,1736,4316,6052,91.42873859,1005,32.03883495,5.35754,89.26829268,34090.90909,2644.003777
622,2022,Scotland,Glasgow City,869,2641,3510,93.53051643,704.5,33.51851852,5.34783,90.32258065,30804.24886,4025.052192
623,2022,Scotland,Glasgow City,746,4335,5081,101.6320378,505.4,17.66826923,5.58594,92.82051282,26813.18681,1114.803625
624,2022,Scotland,Glasgow City,1182,2343,3525,93.47481158,898.2,33.15508021,5.24,90.90909091,32264.95726,2821.824382
625,2022,Scotland,Glasgow City,691,2551,3242,83.27813003,943.8,37.81902552,5.23288,90.10989011,31935.48387,1877.087508
626,2022,Scotland,Glasgow City,586,3659,4245,91.02708804,744.5,36.15916955,5.82609,95.14563107,35607.67591,1552.623504
627,2022,Scotland,Glasgow City,721,2950,3671,97.1303415,610.4,29.43396226,5.72727,93.15068493,26086.95652,2531.152648
628,2022,Scotland,Glasgow City,693,3967,4660,103.9686534,343.1,31.81818182,5.66429,90.64327485,17128.87439,793.804453
629,2022,Scotland,Glasgow City,756,4300,5056,95.65775127,581.3,43.39981007,5.57233,92.44444444,27325.5814,1140.031234
630,2022,Scotland,Glasgow City,1392,4304,5696,97.50395714,870.4,90.32541777,5.21429,93.06122449,29305.9126,1956.952004
631,2022,Scotland,Glasgow City,1190,3246,4436,85.30275486,745,57.45654163,5.41611,93.22916667,30147.05882,1513.944223
632,2022,Scotland,Glasgow City,590,4492,5082,97.64367064,512.3,18.08510638,5.84211,94.49541284,25796.17834,1462.655602
633,2022,Scotland,Glasgow City,665,5073,5738,104.0812647,401.8,47.08994709,5.20455,90.75630252,18840.57971,1653.705398
634,2022,Scotland,Glasgow City,345,5483,5828,100.0672495,296,18.40628507,5.96774,93.75,19319.82634,703.3144705
635,2022,Scotland,Glasgow City,301,3448,3749,95.04500568,466.8,29.94186047,5.55,94.54545455,23095.8231,1401.294498
636,2022,Scotland,Glasgow City,332,3164,3496,101.7074156,516.6,20.90909091,5.71429,96.07843137,23054.75504,824.5818748
637,2022,Scotland,Glasgow City,316,4222,4538,95.9251271,260.3,15.78947368,5.75,95.16129032,19858.15603,410.5839416
638,2022,Scotland,Glasgow City,1039,3347,4386,98.28420257,759.5,30.75435203,5.64198,88.13559322,35286.6242,2165.884194
639,2022,Scotland,Glasgow City,1297,2955,4252,111.5992543,708.1,46.8305304,5.47561,86.95652174,26765.79926,1436.151397
640,2022,Scotland,Glasgow City,681,2482,3163,101.8092643,561.7,34.51178451,5.47826,91.47286822,26175.86912,972.629521
641,2022,Scotland,Glasgow City,666,4722,5388,102.9514885,339.4,20.04454343,5.87692,92.68292683,23404.25532,798.6219856
642,2022,Scotland,Glasgow City,318,3101,3419,97.92868628,332.9,12.63650546,6.01351,90.2173913,22865.01377,437.9898571
643,2022,Scotland,Glasgow City,316,4432,4748,103.6023969,236.2,11.09422492,6.22727,96.80851064,21849.50136,368.6327078
644,2022,Scotland,Glasgow City,139,2679,2818,102.0639226,329.6,7.03125,6.21127,97.56097561,17817.67956,446.3208685
645,2022,Scotland,Glasgow City,838,2977,3815,101.2127201,581.4,26.01010101,5.40714,89.18918919,20751.8797,1240.174672
646,2022,Scotland,Glasgow City,1859,3180,5039,103.1593775,951.6,35.3400223,5.21429,85.97285068,31578.94737,991.1242604
647,2022,Scotland,Glasgow City,1481,2808,4289,98.22633215,1148.5,31.70212766,5.20952,87.5,39914.16309,1375.123072
648,2022,Scotland,Glasgow City,1157,3711,4868,101.605393,675.5,31.42174432,5.39548,93.2735426,34207.38975,1289.906482
649,2022,Scotland,Glasgow City,444,3661,4105,108.7572832,352.2,23.31838565,5.512,88.88888889,24324.32432,862.6974484
650,2022,Scotland,Glasgow City,369,3817,4186,109.5520869,442.8,27.98833819,5.57664,92.54658385,19333.33333,662.8477905
651,2022,Scotland,Glasgow City,626,4652,5278,87.87601997,449.5,15.78125,5.88506,93.85964912,24205.37897,552.4458506
652,2022,Scotland,Glasgow City,607,3733,4340,102.2046354,584,22.40963855,5.9125,92.52336449,22885.57214,1568.691133
653,2022,Scotland,Glasgow City,1516,4745,6261,76.54104046,654.4,26.31184408,5.38863,91.57088123,34956.18306,2017.084061
654,2022,Scotland,Glasgow City,1728,4457,6185,100.9749701,958.8,37.69063181,5.07813,92.07317073,36935.86698,1022.155086
655,2022,Scotland,Glasgow City,884,4863,5747,84.75394931,662.7,27.72727273,5.21277,89.18918919,36341.46341,3887.015177
656,2022,Scotland,Glasgow City,785,3643,4428,93.35699406,716.7,28.41409692,5.20455,86.79245283,29753.91499,3192.982456
657,2022,Scotland,Glasgow City,990,3009,3999,101.3025679,870.4,40.06116208,5.10112,87.5,46408.83978,1694.785276
658,2022,Scotland,Glasgow City,1332,2318,3650,60.11231448,949.6,42.33654877,4.98621,89.47368421,32403.43348,1439.675566
659,2022,Scotland,Glasgow City,2292,4909,7201,82.20850288,1117,35.01063076,4.90385,84.87972509,39473.68421,4379.726139
660,2022,Scotland,Glasgow City,925,2618,3543,95.82237508,1019.5,28.17391304,4.74725,88.69565217,35883.90501,992.3011121
661,2022,Scotland,Glasgow City,1672,4662,6334,86.84597818,995.4,31.56748911,5.03,92.13483146,40620.78273,1292.294259
662,2022,Scotland,Glasgow City,426,3433,3859,110.715638,425,20.36613272,5.48515,97.36842105,31320.75472,1443.071492
663,2022,Scotland,Glasgow City,441,2190,2631,106.9503171,640.8,19.33842239,5.20833,93.82716049,34298.78049,910.3353867
664,2022,Scotland,Glasgow City,191,3366,3557,108.1422464,275,14.07407407,5.9,98.52941176,23253.38895,507.9681275
665,2022,Scotland,Glasgow City,697,2972,3669,109.6361186,457.6,20.54794521,5.14286,87.38738739,26909.51821,1105.186621
666,2022,Scotland,Glasgow City,752,5600,6352,72.88150648,595.9,10.51373955,5.57971,90.75144509,28665.20788,928.4073507
667,2022,Scotland,Glasgow City,239,3876,4115,109.9355947,276.4,6.477732794,5.76531,95.53571429,21725.23962,716.3803938
668,2022,Scotland,Glasgow City,275,4011,4286,106.5829434,312.8,17.44840525,5.80263,94.55782313,27139.03743,469.6032035
669,2022,Scotland,Glasgow City,773,2351,3124,105.8156672,856.4,31.16883117,5.54321,91.30434783,30580.35714,889.3380495
670,2022,Scotland,Glasgow City,917,1550,2467,106.5139203,980.8,34.13043478,5.03409,88.28828829,31713.55499,1574.239714
671,2022,Scotland,Glasgow City,800,3785,4585,78.05718223,742.7,20.01696353,5.74545,87.86407767,28266.03325,2136.150235
672,2022,Scotland,Glasgow City,1377,2154,3531,99.3376174,939.3,35.90096286,4.80851,90.45226131,34400,1605.049594
673,2022,Scotland,Glasgow City,1412,3323,4735,91.99923499,710.7,32.8358209,5.27948,90.97744361,31016.04278,1060.399016
674,2022,Scotland,Glasgow City,1170,3990,5160,106.3055725,642.7,26.76258993,5.32432,89.89361702,33301.79754,1130.016051
675,2022,Scotland,Glasgow City,1512,3159,4671,106.2108849,856.8,35.94009983,5.58621,89.25619835,38731.44399,2860.601868
676,2022,Scotland,Glasgow City,985,2909,3894,98.76659448,710.7,31.46473779,5.33333,89.51612903,34658.1876,1282.823935
677,2022,Scotland,Glasgow City,1408,3151,4559,74.48224852,862.5,27.63772176,5.01786,83.77192982,45272.2063,1568.327729
678,2022,Scotland,Glasgow City,798,2648,3446,104.7648075,607,27.14932127,5.0122,88.7755102,34793.18735,2060.301508
679,2022,Scotland,Glasgow City,1951,4501,6452,100.6215544,792.9,28.54743913,5.18908,90.5775076,37384.14006,1473.995563
680,2022,Scotland,Glasgow City,1591,3966,5557,96.66309216,857.1,32.05607477,5.06965,89.3442623,39085.71429,1270.179714
681,2022,Scotland,Glasgow City,1349,4399,5748,100.0233973,666.3,34.34935522,5.28638,88.93280632,31298.55716,2042.737217
682,2022,Scotland,Glasgow City,1138,3475,4613,96.16941313,697.2,28.97959184,5.36957,91.13924051,33333.33333,1449.175824
683,2022,Scotland,Glasgow City,371,5691,6062,88.54987507,323.8,13.31738437,6.02165,93.33333333,19586.50707,978.6725135
684,2022,Scotland,Glasgow City,841,2553,3394,102.7053328,641,33.33333333,5.31746,89.58333333,36712.74962,626.945309
685,2022,Scotland,Glasgow City,783,2215,2998,98.525,756.3,30.34351145,5.38793,89.62962963,40189.1253,1254.458977
686,2022,Scotland,Glasgow City,864,2708,3572,134.1188409,792.2,41.83673469,5.19608,90.76923077,28433.73494,1137.835338
687,2022,Scotland,Glasgow City,1350,3134,4484,98.28595915,884.6,29.25598991,5.41135,91.30434783,37156.51135,2042.976267
688,2022,Scotland,Glasgow City,1377,3323,4700,109.6250319,802,37.51824818,5.33108,89.59537572,31262.13592,1437.059042
689,2022,Scotland,Glasgow City,1120,2874,3994,97.6950847,1021,39.89071038,5.33333,88.13559322,35869.56522,1693.302892
690,2022,Scotland,Glasgow City,214,639,853,234.7246127,512.9,36.42384106,5.11111,87.5,12371.13402,4345.549738
691,2022,Scotland,Glasgow City,1784,4069,5853,97.95132994,978.5,35.6302521,5.40299,92.28070175,45770.39275,1211.829767
692,2022,Scotland,Glasgow City,466,4077,4543,101.5332056,788,27.36156352,5.41667,86.2745098,39896.37306,1132.824427
693,2022,Scotland,Glasgow City,484,2119,2603,105.9045226,603.5,29.03225806,5.31429,90.47619048,40374.33155,1034.288926
694,2022,Scotland,Glasgow City,1448,3315,4763,107.6742995,900.7,36.16071429,5.30882,89.24050633,38095.2381,2030.864198
695,2022,Scotland,Glasgow City,539,3820,4359,103.6392015,714.1,27.3006135,5.80556,94.23076923,30769.23077,774.2509641
696,2022,Scotland,Glasgow City,910,5337,6247,81.19062002,791.8,37.52620545,5.27059,87.61061947,35217.3913,1318.030359
697,2022,Scotland,Glasgow City,1091,8724,9815,85.6864312,1235.2,36.77884615,5.88462,93.75,31229.77346,3831.005727
698,2022,Scotland,Glasgow City,747,4479,5226,75.41820244,858.2,28.61035422,5.83721,96.15384615,36235.29412,4103.592924
699,2022,Scotland,Glasgow City,379,3392,3771,78.3988178,789.9,64.90250696,5.1875,90,20858.89571,22450.13477
700,2022,Scotland,Glasgow City,613,4512,5125,89.94895956,555.3,21.09589041,5.66102,86.41975309,32608.69565,2312.312312
701,2022,Scotland,Glasgow City,583,8874,9457,76.69765927,529.1,15.21335807,6.30233,96.15384615,19047.61905,1168.345975
702,2022,Scotland,Glasgow City,603,6771,7374,90.89281508,442.1,27.6119403,6.01942,91.11111111,21844.66019,995.0819672
703,2022,Scotland,Glasgow City,828,2719,3547,99.20566561,979.4,30.37974684,5.82,87.3015873,38155.51537,2241.014799
704,2022,Scotland,Glasgow City,1050,5289,6339,98.95732986,616.5,42.78283485,5.57143,93.66197183,23547.40061,1262.991414
705,2022,Scotland,Glasgow City,1596,3309,4905,96.16293221,795,38.18681319,5.23776,87.62886598,29790.94077,1415.775787
706,2022,Scotland,Glasgow City,1276,6280,7556,92.16883117,774.7,23.04785894,5.61345,92.90322581,28251.74825,1366.333542
707,2022,Scotland,Glasgow City,1864,4158,6022,95.64809708,854.8,34.93621197,5.17262,93.33333333,37149.53271,1551.814834
708,2022,Scotland,Glasgow City,1391,2959,4350,95.63392107,673.6,27.3364486,5.01639,90.5,31547.61905,1597.573306
709,2022,Scotland,Glasgow City,947,2092,3039,105.5785332,813.3,35.0071736,5.10526,89.23076923,46031.74603,1071.428571
710,2022,Scotland,Glasgow City,713,3724,4437,95.04497637,548.7,22.43346008,5.64607,94.21052632,25938.56655,718.9097104
711,2022,Scotland,Glasgow City,693,2970,3663,110.738255,639.8,21.82835821,5.44715,90.07633588,29483.69565,957.9831933
712,2022,Scotland,Glasgow City,1036,2396,3432,96.91629956,870.7,36.63911846,5.30841,91.36690647,32426.30385,1283.929341
713,2022,Scotland,Glasgow City,806,2221,3027,98.47471548,839.5,27.57936508,5.31633,91.66666667,29813.6646,1332.046332
714,2022,Scotland,Glasgow City,1563,2615,4178,91.34956875,853.9,34.29394813,5.03,93.38842975,29672.44701,1959.107807
715,2022,Scotland,Glasgow City,241,5931,6172,99.2436609,229.9,5.256410256,6.36957,98.21428571,16639.47798,455.833727
716,2022,Scotland,Glasgow City,224,3895,4119,96.53964813,303.9,4.498977505,6.24561,87.77777778,20628.68369,713.1011609
717,2022,Scotland,Glasgow City,322,6014,6336,96.32750054,383.3,9.845559846,6.21569,95.58823529,13487.47592,1453.534551
718,2022,Scotland,Glasgow City,820,6406,7226,77.30452765,716.6,19.94680851,5.83929,84.70588235,30485.43689,579.9480235
719,2022,Scotland,Glasgow City,548,4735,5283,96.60958904,489.2,20.1946472,5.50943,97.05882353,19370.46005,1087.335158
720,2022,Scotland,Glasgow City,690,3268,3958,96.82032301,675.4,17.1624714,5.41538,90.54054054,31692.91339,1223.231668
721,2022,Scotland,Glasgow City,219,5506,5725,99.07122575,316.1,4.195804196,6.09836,96.34146341,17382.19895,321.9605959
722,2022,Scotland,Glasgow City,168,4358,4526,91.10617009,274.2,2.283105023,6.54167,98.55072464,17187.5,854.1024923
723,2022,Scotland,Glasgow City,221,5492,5713,99.02255196,260.6,4.985888993,6.57071,98.07692308,20869.56522,1176.806627
724,2022,Scotland,Glasgow City,344,4160,4504,99.00414938,302.3,7.512520868,6.11111,92.92035398,14705.88235,748.2305359
725,2022,Scotland,Glasgow City,179,2558,2737,102.4492386,193.8,4.140786749,6.5625,96.63865546,23389.83051,992.0106525
726,2022,Scotland,Glasgow City,1052,2637,3689,103.0695635,763.6,38.69731801,5.21739,84.95575221,32860.52009,1458.684654
727,2022,Scotland,Glasgow City,676,3816,4492,100.2632802,420.2,27.46170678,6.13559,96.36363636,21418.02068,876.9344141
728,2022,Scotland,Glasgow City,1106,2491,3597,99.76224441,747.1,40.73033708,5.14912,87.5,28235.29412,1792.960663
729,2022,Scotland,Glasgow City,1107,3675,4782,100.2228773,647.8,32.40857503,5.23871,91.62011173,24801.5873,973.424903
730,2022,Scotland,Glasgow City,531,2452,2983,103.5085701,657.6,23.80952381,5.60396,90.83333333,31455.39906,876.7908309
731,2022,Scotland,Glasgow City,597,2023,2620,110.7981221,689.3,22.16494845,5.40845,87.23404255,36281.17914,856.25
732,2022,Scotland,Glasgow City,943,3007,3950,102.9272899,623.8,31.01265823,5.18919,94.48818898,24287.48451,911.3001215
733,2022,Scotland,Glasgow City,827,2454,3281,113.7733946,768.7,34,5.5942,91.91919192,35867.7686,1745.862253
734,2022,Scotland,Glasgow City,816,2897,3713,100.7815373,623.4,32.45125348,5.39316,89.18918919,28767.12329,953.5972754
735,2022,Scotland,Glasgow City,303,3939,4242,104.8585691,428.8,14.61377871,6.09231,92.68292683,20363.16472,929.8183114
736,2022,Scotland,Glasgow City,869,5694,6563,94.71757588,585,18.53600945,5.51429,93.82022472,27237.35409,951.7766497
737,2022,Scotland,Glasgow City,1358,4286,5644,103.8100463,663.8,27.84667418,5.26667,91.96428571,28911.56463,808.0808081
738,2022,Scotland,Glasgow City,272,2641,2913,99.54812472,372.1,15.15789474,5.59259,93.44262295,21428.57143,2506.753106
739,2022,Scotland,Glasgow City,776,1777,2553,107.9916898,1028.2,35.97122302,4.93333,83.83838384,28000,1770.623742
740,2022,Scotland,Glasgow City,1277,2088,3365,103.2556348,879.5,40.19488429,5.05385,81.48148148,40993.78882,1081.545064
741,2022,Scotland,Glasgow City,1116,2048,3164,100.980893,986.8,34.28571429,5.28302,84.31372549,34320.98765,2006.487488
742,2022,Scotland,Glasgow City,943,2651,3594,98.93546241,816.2,32.59361997,5.2303,84.14634146,27777.77778,1066.552901
743,2022,Scotland,Highland,298,4492,4790,97.41659184,268.8,14.26380368,5.90857,94.80519481,13760,1210.562414
744,2022,Scotland,Highland,394,4235,4629,100.1161356,485.4,16.21966794,5.30481,92.85714286,23121.38728,865.2430044
745,2022,Scotland,Highland,608,5098,5706,101.7639157,634.4,18.72909699,5.1164,89.51612903,25430.21033,1904.88702
746,2022,Scotland,Highland,362,4407,4769,99.01437926,460.5,16.25183016,5.67949,93.84615385,15891.47287,1321.954485
747,2022,Scotland,Highland,274,3578,3852,106.3063063,271.4,13.8996139,5.79817,95.52238806,20816.73307,1278.561011
748,2022,Scotland,Highland,366,4905,5271,106.1142342,287.7,22.07407407,5.70073,92.17877095,18965.51724,1308.573412
749,2022,Scotland,Highland,296,4419,4715,102.4709409,220.3,15.74212894,5.72,95.8974359,17692.30769,518.8118812
750,2022,Scotland,Highland,239,4484,4723,84.73252119,193.6,12.39570918,5.48571,92.48826291,14296.8143,625.4180602
751,2022,Scotland,Highland,513,3512,4025,113.2757837,474.3,29.04761905,5.15217,89.7810219,22142.85714,1201.657459
752,2022,Scotland,Highland,415,4162,4577,107.1362013,389.4,12.70125224,5.38136,90.3030303,19485.29412,629.3103448
753,2022,Scotland,Highland,393,5114,5507,88.22618125,337.5,12.15121512,5.66154,95.47325103,17380.56013,982.7760892
754,2022,Scotland,Highland,251,3744,3995,107.4956971,365.9,11.76470588,5.70732,94.07894737,20662.98343,474.3255004
755,2022,Scotland,Highland,375,2779,3154,106.8534435,415.7,15.83333333,5.40566,92.30769231,23508.77193,774.0585774
756,2022,Scotland,Highland,381,5798,6179,88.62721717,383.3,10.27164686,5.55224,93.77431907,20570.57057,498.1014072
757,2022,Scotland,Highland,253,5350,5603,79.70194085,258.4,9.069585614,5.73047,96.07843137,15703.7037,683.7173968
758,2022,Scotland,Highland,117,3254,3371,76.54538704,313.9,10.43577982,5.86275,96.72131148,21299.63899,780.5071315
759,2022,Scotland,Highland,207,4805,5012,80.44738569,274.2,8.128078818,5.77193,93.86792453,21673.25428,532.1979776
760,2022,Scotland,Highland,490,3085,3575,106.4503403,416.3,18.51851852,5.50893,91.02564103,21733.14993,998.5387238
761,2022,Scotland,Highland,539,3322,3861,105.2483862,527.3,17.65676568,5.05,90.24390244,27399.16551,800.1808318
762,2022,Scotland,Highland,79,2247,2326,111.1160516,359.6,13.06818182,5.775,93.5483871,17540.68716,400.3021148
763,2022,Scotland,Highland,657,3541,4198,103.9533949,783.7,15.50068587,5.46154,83.8150289,24670.43315,9024.810476
764,2022,Scotland,Highland,269,4103,4372,106.0832025,309.5,13.95881007,6.02885,94.59459459,21629.62963,1026.17366
765,2022,Scotland,Highland,894,3622,4516,109.107129,623,26.40117994,4.9011,90.45226131,26937.26937,1417.439703
766,2022,Scotland,Highland,626,3308,3934,107.4653238,631.8,25.58139535,5.27419,81.81818182,32271.46814,2731.819931
767,2022,Scotland,Highland,1225,2226,3451,98.5205111,832.3,36.60714286,4.66187,81.39534884,40759.49367,2791.595197
768,2022,Scotland,Highland,186,2797,2983,110.4638747,465.3,17.00680272,5.69492,94.87179487,20930.23256,485.9028194
769,2022,Scotland,Highland,525,3450,3975,80.16111199,439.1,13.20512821,5.48696,92.71523179,21973.68421,1129.266521
770,2022,Scotland,Highland,495,6216,6711,93.50713232,279.2,13.44765343,5.75325,96.59863946,19167.64361,487.134649
771,2022,Scotland,Highland,325,4298,4623,99.2094575,310.1,12.85475793,5.78767,95.45454545,16336.63366,737.704918
772,2022,Scotland,Highland,214,2467,2681,98.46550454,377.5,16.66666667,5.4898,94.91525424,15758.46834,935.080405
773,2022,Scotland,Highland,249,3238,3487,94.83482387,407.5,18.29787234,5.57143,96.18320611,16698.47328,1085.740913
774,2022,Scotland,Highland,391,3226,3617,100.2473364,403,10.07462687,5.40385,90.22556391,20335.19553,1249.387555
775,2022,Scotland,Highland,205,3153,3358,95.14154552,298.9,10.02178649,5.70642,94.48818898,14589.37198,358.8987217
776,2022,Scotland,Highland,190,2801,2991,101.0109988,329.5,15.19756839,5.78082,95.29411765,19339.16424,523.4979179
777,2022,Scotland,Highland,218,3002,3220,99.4429544,269.9,15.22727273,6.02198,96.61016949,15268.8172,625
778,2022,Scotland,Highland,289,3407,3696,104.4246951,439.3,18.11175337,5.5812,92.90322581,23922.90249,1188.544153
779,2022,Scotland,Highland,197,3024,3221,107.6738609,272,12.84796574,5.57143,93.51851852,20162.2248,847.6585655
780,2022,Scotland,Highland,292,3141,3433,93.39710253,349.8,14.28571429,5.51852,93.75,20320.19704,829.4717331
781,2022,Scotland,Highland,281,3481,3762,91.81060411,363.7,11.29707113,5.47107,91.39072848,24022.98851,1071.895425
782,2022,Scotland,Highland,634,4787,5421,103.8899854,472.8,18.08510638,5.25,89.91596639,29530.20134,1928.504233
783,2022,Scotland,Highland,417,6385,6802,91.70351855,293.7,9.059534081,5.73991,96.5034965,17044.22869,821.1217787
784,2022,Scotland,Highland,157,3456,3613,100.4483895,270.2,8.53432282,5.71667,94.82758621,18564.5933,647.3108044
785,2022,Scotland,Highland,1111,4825,5936,98.13736903,620.6,24.71819646,5.05116,94.22382671,23000.8244,1722.689076
786,2022,Scotland,Highland,733,3562,4295,98.99298139,562,23.23232323,5.14286,86.70520231,22832.05269,1321.18451
787,2022,Scotland,Highland,529,3842,4371,103.5001156,412.6,23.46041056,5.46259,92.22797927,19964.8197,955.7945042
788,2022,Scotland,Highland,527,3188,3715,103.4747987,476.6,16.07898449,5.30508,92.94871795,18254.87945,1651.551313
789,2022,Scotland,Highland,562,5610,6172,99.34987539,355,14.57219251,5.69178,95.6284153,17071.9603,782.7616535
790,2022,Scotland,Highland,498,3573,4071,105.9345718,370.5,20.07366483,5.55238,94.44444444,19969.62794,716.2534435
791,2022,Scotland,Highland,315,2568,2883,95.65694231,303.3,16.09195402,5.40244,90.29126214,14416.47597,621.8202374
792,2022,Scotland,Highland,613,2889,3502,106.5067495,644.2,23.92026578,5.10526,89.65517241,19061.16643,1525.343439
793,2022,Scotland,Highland,490,2754,3244,105.0355891,583.1,20.74074074,4.8427,86.7768595,20703.65359,1325.301205
794,2022,Scotland,Highland,275,3319,3594,102.0766919,331.2,16.66666667,5.52991,95.67901235,13850.68762,644.7124304
795,2022,Scotland,Highland,388,4761,5149,103.243607,335.2,11.1409396,5.70732,93.1372549,14432.98969,825.8706468
796,2022,Scotland,Highland,328,2280,2608,115.5676411,593.5,17.60797342,5.49206,90.24390244,19243.42105,2434.431742
797,2022,Scotland,Highland,504,4131,4635,104.0666908,408.7,22.51815981,5.32026,89.0625,17382.99904,1113.553114
798,2022,Scotland,Highland,257,3043,3300,106.5570401,401.5,16.13756614,5.77907,94.01709402,20125.78616,808.3989501
799,2022,Scotland,Inverclyde,114,2467,2581,103.975984,283.9,6.182795699,5.83333,88.23529412,22305.76441,356.6009105
800,2022,Scotland,Inverclyde,220,2975,3195,104.7116431,357.5,9.765625,5.64516,95,19448.27586,779.7913234
801,2022,Scotland,Inverclyde,229,5857,6086,96.72167338,329.6,7.954545455,5.99522,96.72727273,14475.87354,341.6149068
802,2022,Scotland,Inverclyde,101,2976,3077,108.6191024,227.1,6.129032258,6.16279,98.0952381,16158.19209,297.9737783
803,2022,Scotland,Inverclyde,331,3775,4106,100.8769851,338.5,11.83333333,5.74219,96.15384615,16417.91045,362.7942879
804,2022,Scotland,Inverclyde,560,3442,4002,111.4848164,549.6,16.70822943,5.88462,92.75362319,22325.10288,705.2677405
805,2022,Scotland,Inverclyde,1503,4748,6251,98.76657893,646.1,24.32228916,5.28485,92.42819843,29219.60073,629.0083868
806,2022,Scotland,Inverclyde,1160,3533,4693,104.8006167,692.9,23.68742369,5.35227,92,26599.74906,977.8194314
807,2022,Scotland,Inverclyde,268,4639,4907,102.6953629,351.7,5.936073059,6.19828,97.94520548,24647.05882,475.0869061
808,2022,Scotland,Inverclyde,879,4736,5615,107.7041602,526.3,18.65136298,5.94406,94.97206704,26323.75189,1379.821958
809,2022,Scotland,Inverclyde,590,3687,4277,113.5510542,430.6,22.48995984,5.81148,93.75,22340.42553,892.5869894
810,2022,Scotland,Inverclyde,1089,2532,3621,106.1538462,768.1,28.1938326,5.46667,91,23940.43528,1767.052254
811,2022,Scotland,Inverclyde,1761,3109,4870,97.56413579,810.5,22.01704545,5.44615,94.28571429,28752.10793,5364.885496
812,2022,Scotland,Inverclyde,1866,4854,6720,94.73502588,696.8,20.38910506,5.35556,92.64705882,31791.90751,787.7169559
813,2022,Scotland,Inverclyde,947,4553,5500,102.2813224,539.2,21.19437939,5.51007,94.87179487,22643.09764,1359.365825
814,2022,Scotland,Inverclyde,1129,3329,4458,109.9740735,633.3,26.01626016,5.36424,93.5483871,29561.67176,1005.545287
815,2022,Scotland,Inverclyde,1198,3603,4801,105.4334127,542,25.53191489,5.46392,90.6122449,22079.20792,652.9209622
816,2022,Scotland,Midlothian,194,3165,3359,70.37742382,333.5,6.71641791,5.80435,93.04347826,15132.6053,549.1900435
817,2022,Scotland,Midlothian,370,3470,3840,104.3952117,438.5,15.90457256,5.81111,95.58823529,20400,994.5750452
818,2022,Scotland,Midlothian,271,3519,3790,106.9342395,363,14.60101868,5.79487,94.23076923,15448.85177,790.6295754
819,2022,Scotland,Midlothian,406,2393,2799,100.2892354,526.8,27.11496746,5.13043,94.01709402,21616.8717,1080.737444
820,2022,Scotland,Midlothian,243,3243,3486,105.664488,402.8,12.5,5.78571,94.77124183,16788.32117,396.1885657
821,2022,Scotland,Midlothian,100,2925,3025,54.40422438,244,8.633093525,5.76471,98.95833333,10535.71429,484.0649429
822,2022,Scotland,Midlothian,299,3029,3328,97.0820728,315.4,10.93502377,5.39394,96.09375,14361.00132,729.8578199
823,2022,Scotland,Midlothian,287,2191,2478,99.42895086,539.7,15.46961326,5.42857,89.41176471,19937.6947,2926.045016
824,2022,Scotland,Midlothian,445,3403,3848,101.1305973,382.6,16.42066421,5.49057,93.28358209,23825.13661,869.5652174
825,2022,Scotland,Midlothian,522,4232,4754,104.0940325,402.1,15.51020408,5.32867,91.24423963,22774.32712,613.25771
826,2022,Scotland,Midlothian,690,5059,5749,101.7283364,635,15.99526066,5.46897,93.5,21612.23072,1030.649038
827,2022,Scotland,Midlothian,336,7883,8219,71.12696778,255.5,7.584650113,5.81682,95.58823529,15857.28444,458.7155963
828,2022,Scotland,Midlothian,178,4760,4938,90.51051838,253.8,6.976744186,5.90265,96.66666667,18792.40163,1560.97561
829,2022,Scotland,Midlothian,359,3500,3859,67.8488189,378.7,11.13028473,5.50943,96.15384615,21948.35681,919.1891141
830,2022,Scotland,Midlothian,649,3521,4170,79.69259102,480.1,20.89704383,5.26531,90.59405941,19541.77898,1149.870801
831,2022,Scotland,Midlothian,699,2180,2879,96.27743833,676.9,27.0661157,5.12,87.38738739,20672.26891,3055.705787
832,2022,Scotland,Midlothian,606,6676,7282,70.34666223,308.5,10.39387309,5.50463,92.56198347,19574.46809,550.4407444
833,2022,Scotland,Midlothian,521,2483,3004,97.16289449,528.2,29.54545455,4.94574,90.34482759,22537.87879,1019.042717
834,2022,Scotland,Midlothian,838,3761,4599,101.8614719,546.4,24.53416149,5.05096,90.32258065,24904.7014,1457.532331
835,2022,Scotland,Midlothian,538,3629,4167,98.82409794,450.8,14.6422629,5.43165,93.60465116,24573.37884,760.6177606
836,2022,Scotland,Midlothian,517,2410,2927,76.97703469,447,16.91358025,5.16794,90,22400,1070.967742
837,2022,Scotland,Midlothian,665,2925,3590,102.2560478,429.2,23.31961591,5.43662,91.57303371,23004.69484,1321.989529
838,2022,Scotland,Moray,270,3970,4240,109.921782,407.3,17.56521739,5.3271,95.30201342,19238.47695,727.0352634
839,2022,Scotland,Moray,227,3514,3741,110.0875486,486.1,13,5.656,99.28057554,20238.09524,905.8157488
840,2022,Scotland,Moray,179,2959,3138,102.8485923,313.4,12.64637002,5.41237,91.4893617,16223.77622,461.6240267
841,2022,Scotland,Moray,527,4064,4591,107.930087,413.8,21.35338346,5.33121,89.47368421,18173.98794,1544.811321
842,2022,Scotland,Moray,498,5135,5633,108.1212599,302.9,23.61673414,5.52713,86.76470588,15363.51166,677.6622445
843,2022,Scotland,Moray,460,2899,3359,103.9738431,415.1,18.5483871,5.68889,92.24137931,20079.78723,1141.990904
844,2022,Scotland,Moray,422,4348,4770,92.28943442,359.2,11.30536131,5.69753,89,21535.74581,1144.024515
845,2022,Scotland,Moray,217,3429,3646,103.1344127,302.1,14.7113594,5.63725,87.83783784,17244.89796,504.041845
846,2022,Scotland,Moray,185,2269,2454,93.49506798,342.4,17.57719715,5.63333,94.28571429,11824.81752,1234.832263
847,2022,Scotland,Moray,308,4284,4592,55.50665701,335.7,10.88588589,5.58824,95.25862069,16981.13208,566.9844456
848,2022,Scotland,Moray,278,3050,3328,91.29588432,287.8,14.20689655,5.60177,96.09375,19358.97436,855.8558559
849,2022,Scotland,Moray,614,3675,4289,108.0879836,589.9,28.79019908,5.09709,88,23706.37786,2181.425486
850,2022,Scotland,Moray,525,3521,4046,107.5218818,452.7,32.05317578,5.1976,91.74311927,20068.61063,1720.383275
851,2022,Scotland,Moray,298,3834,4132,111.4488533,401.9,15.53719008,5.5124,93.46405229,16397.51553,978.0065512
852,2022,Scotland,Moray,155,2987,3142,103.8289249,290.5,5.133928571,5.76543,96.49122807,20126.44889,2037.802717
853,2022,Scotland,Moray,306,2987,3293,102.8981117,423.4,20.86614173,5.37079,87.5,18407.9602,2649.098474
854,2022,Scotland,Moray,193,3008,3201,102.824147,461.1,12.4600639,5.35484,91.59663866,21929.82456,529.1790307
855,2022,Scotland,Moray,230,3281,3511,104.1122253,338.1,14.18604651,5.65385,87.27272727,17569.19374,800.1988072
856,2022,Scotland,Moray,354,3887,4241,96.61980487,373,19.69504447,5.19444,90.84507042,11909.26276,694.3989519
857,2022,Scotland,Moray,268,5147,5415,103.8543228,298.1,12.47058824,5.62205,93.10344828,15004.19111,511.0371938
858,2022,Scotland,Moray,282,3659,3941,96.09834313,262.3,15.63421829,5.44565,86.95652174,12667.66021,465.1162791
859,2022,Scotland,Moray,339,3334,3673,102.2835751,355.8,16.87657431,5.83333,95.72649573,14720,1440.042827
860,2022,Scotland,Moray,737,4643,5380,107.9428118,455.6,24.41430333,5.15484,86.20689655,20147.42015,816.1911082
861,2022,Scotland,Moray,245,3779,4024,79.0649943,340.9,13.03225806,5.54286,93.49112426,15432.74244,386.9580795
862,2022,Scotland,North Ayrshire,291,4248,4539,100.6637807,278.4,16.37010676,6.0438,96.61016949,23887.14734,688.6715566
863,2022,Scotland,North Ayrshire,381,2340,2721,83.68847219,507.9,20.43399638,5.42105,90.90909091,25806.45161,1684.890656
864,2022,Scotland,North Ayrshire,300,2509,2809,95.22683294,366,12.08791209,5.87,93.75,24831.30904,729.7019527
865,2022,Scotland,North Ayrshire,437,3071,3508,106.6063704,430.4,22.17973231,5.58586,92.8,26957.49441,1012.396694
866,2022,Scotland,North Ayrshire,640,2156,2796,108.7390919,593,36.74698795,5.275,87.16216216,24528.30189,971.3945173
867,2022,Scotland,North Ayrshire,586,1700,2286,104.1733547,822,34.28571429,5.29358,90.15151515,28712.87129,798.5865724
868,2022,Scotland,North Ayrshire,609,3556,4165,100.5010961,445.8,19.66463415,5.35345,88.11188811,26969.69697,518.2699478
869,2022,Scotland,North Ayrshire,480,4523,5003,112.6401631,403.1,18.25503356,5.79882,95.34883721,22535.21127,477.3030708
870,2022,Scotland,North Ayrshire,918,2626,3544,105.0844168,776.1,31.96159122,5,89.13043478,34253.24675,1126.829268
871,2022,Scotland,North Ayrshire,989,2341,3330,95.62574731,794.5,32.57142857,5.11765,87.20930233,26868.68687,1241.920591
872,2022,Scotland,North Ayrshire,623,2482,3105,100.5858943,637.6,35.30701754,5.43529,90.83333333,27371.69518,1063.264221
873,2022,Scotland,North Ayrshire,720,2494,3214,98.91941957,562.7,24.2,5.26374,90.6779661,30813.95349,3900.214592
874,2022,Scotland,North Ayrshire,1018,2023,3041,120.8012735,826.3,41.71779141,4.71622,87.12871287,33500,5603.735824
875,2022,Scotland,North Ayrshire,645,2338,2983,78.11462713,476.9,23.37228715,5.47222,88,24678.11159,1744.791667
876,2022,Scotland,North Ayrshire,1125,2668,3793,108.511236,878,29.15057915,5.2,81.29496403,32250.83987,3119.353305
877,2022,Scotland,North Ayrshire,1021,2136,3157,105.0482636,964.5,35.71428571,5.02564,86.45833333,31778.42566,2281.348788
878,2022,Scotland,North Ayrshire,266,2811,3077,102.1727322,303.8,18.12865497,5.75342,91.39784946,21008.40336,587.2291904
879,2022,Scotland,North Ayrshire,902,3400,4302,106.2149095,552.9,28.32512315,5.28324,88.08510638,27762.80323,813.1294293
880,2022,Scotland,North Ayrshire,285,3301,3586,110.4570637,396.6,10.37527594,5.9569,96.85534591,24000,769.9950323
881,2022,Scotland,North Ayrshire,1052,4111,5163,105.7194949,633.4,24.67917078,5.41546,89.21933086,28344.37086,795.4545455
882,2022,Scotland,North Ayrshire,555,2248,2803,111.1648016,708.2,27.3556231,5.62105,93,26904.7619,2640.569395
883,2022,Scotland,North Ayrshire,1036,3016,4052,107.3423578,594,37.78071334,5.29299,88.67924528,24878.04878,1553.200163
884,2022,Scotland,North Ayrshire,205,4866,5071,107.4051324,293.4,9.428571429,6.03883,96.18320611,20841.68337,432.3975476
885,2022,Scotland,North Ayrshire,759,2291,3050,100.4816848,560.2,36.41536273,5.36,84,28665.20788,790.1761879
886,2022,Scotland,North Ayrshire,988,3113,4101,103.6606061,811.5,36.44444444,5.2028,84.3373494,36625.97114,1082.725061
887,2022,Scotland,North Ayrshire,813,3019,3832,100.9163209,567.7,25.14619883,5.49286,91.12426036,30208.33333,1888.937473
888,2022,Scotland,North Ayrshire,500,2367,2867,104.683868,603,24.74489796,5.34783,90.09009009,26611.79698,1429.391504
889,2022,Scotland,North Ayrshire,548,2380,2928,104.7021228,430.7,27.16297787,5.4375,93.95973154,19561.55143,717.7814029
890,2022,Scotland,North Ayrshire,167,2464,2631,71.18995849,351.7,7.455429498,5.80189,98.34710744,15326.08696,834.109972
891,2022,Scotland,North Ayrshire,414,4282,4696,105.2915129,344.8,16.08832808,5.65649,94.02173913,22804.42804,545.3805454
892,2022,Scotland,North Ayrshire,246,3489,3735,103.9930714,239.8,9.823677582,5.9802,96.42857143,17693.83698,754.9295775
893,2022,Scotland,North Ayrshire,828,3955,4783,106.0630092,439.7,29.06764168,5.62821,87.56476684,23751.78317,1090.295991
894,2022,Scotland,North Ayrshire,201,3787,3988,102.8055439,328.6,7.472527473,5.86607,96.32352941,19223.54415,855.6430446
895,2022,Scotland,North Ayrshire,186,2735,2921,104.8868128,280.5,16.77631579,5.88462,88.7755102,19214.43737,968.6038744
896,2022,Scotland,North Ayrshire,535,2724,3259,104.7872896,487.8,23.33333333,5.35345,87.07482993,21111.11111,943.3962264
897,2022,Scotland,North Ayrshire,972,3003,3975,105.2422759,709.4,34.02777778,5.40602,90.625,23390.27595,1269.470405
898,2022,Scotland,North Ayrshire,429,2670,3099,109.4231211,380.4,12.78026906,5.63333,92.56198347,20569.62025,824.9158249
899,2022,Scotland,North Ayrshire,389,3488,3877,100.2291437,481.6,13.44086022,5.67939,94.28571429,24897.95918,1128.162588
900,2022,Scotland,North Lanarkshire,596,3245,3841,122.4727198,544.4,24.33035714,5.26364,90.66666667,30357.14286,997.0958374
901,2022,Scotland,North Lanarkshire,448,3014,3462,104.6038332,598.1,15.85585586,5.74,94.96402878,28868.6606,866.4085189
902,2022,Scotland,North Lanarkshire,671,3630,4301,105.8666896,609.8,20.54616385,5.38843,88.88888889,35407.72532,1526.151444
903,2022,Scotland,North Lanarkshire,713,6073,6786,90.75791801,384,12.79163315,5.65789,91.90283401,30718.95425,2267.1156
904,2022,Scotland,North Lanarkshire,1488,3246,4734,93.75486795,1069,32.29061554,4.65608,78.97196262,31890.33189,2894.211577
905,2022,Scotland,North Lanarkshire,720,3234,3954,103.3505155,745.5,23.98921833,5.2053,85.54913295,36878.21612,1593.515223
906,2022,Scotland,North Lanarkshire,1051,3839,4890,101.2712719,723.6,30.01328021,5.15707,89.36170213,36924.58374,1994.319975
907,2022,Scotland,North Lanarkshire,920,5190,6110,99.36953095,497.2,22.50554324,5.38389,93.30708661,28679.24528,1716.455696
908,2022,Scotland,North Lanarkshire,607,3173,3780,103.5840029,455,20.91310751,5.17606,89.3081761,30273.9726,901.4582413
909,2022,Scotland,North Lanarkshire,260,2543,2803,105.9800664,316.5,19.61852861,5.41304,89.3442623,24763.40694,1143.53782
910,2022,Scotland,North Lanarkshire,1085,4465,5550,102.4782557,662.2,24.21796165,4.83333,84.49612403,26020.89269,1275.167785
911,2022,Scotland,North Lanarkshire,268,3578,3846,96.31679216,480.9,14.26307448,5.48454,88.88888889,31027.66798,1146.752205
912,2022,Scotland,North Lanarkshire,613,3754,4367,100.8261359,577.8,23.40153453,5.07333,87.07865169,24232.45614,974.9816041
913,2022,Scotland,North Lanarkshire,508,2317,2825,98.79157556,563.4,18.63354037,5.41,91.37931034,26838.9662,1222.455404
914,2022,Scotland,North Lanarkshire,891,4475,5366,81.75589303,544,21.93113772,5.13714,91.62561576,29953.05164,1667.413716
915,2022,Scotland,North Lanarkshire,490,4085,4575,67.19111522,555.1,11.17145074,5.58721,92.01877934,29522.43126,723.1859272
916,2022,Scotland,North Lanarkshire,493,2565,3058,106.8511345,449.7,21.74840085,5.1913,89.11564626,34775.37438,970.9762533
917,2022,Scotland,North Lanarkshire,560,3361,3921,96.24564893,501.9,19.10902696,5.47059,94.52736318,30673.75887,761.9047619
918,2022,Scotland,North Lanarkshire,460,2808,3268,82.30467682,523.5,18.95861148,5.50345,88.48167539,27822.58065,897.382634
919,2022,Scotland,North Lanarkshire,846,4489,5335,93.93976196,474.7,21.70997485,5.27273,89.41979522,30371.56704,1233.855455
920,2022,Scotland,North Lanarkshire,1007,2789,3796,103.0917613,767.4,26.31578947,5.30488,89,39601.76991,6925.551471
921,2022,Scotland,North Lanarkshire,163,3922,4085,92.66818952,213,5.319148936,6.15909,96.79487179,19707.40103,1109.097499
922,2022,Scotland,North Lanarkshire,726,3357,4083,100.2194052,590,22.12160414,5.3617,85.57692308,28993.28859,819.7989172
923,2022,Scotland,North Lanarkshire,687,2453,3140,103.4304563,893.6,28.64321608,5.20863,85.10638298,37215.18987,1817.2936
924,2022,Scotland,North Lanarkshire,1067,3788,4855,100.8196166,915.8,33.40732519,5.33163,83.26996198,39397.74153,2779.325286
925,2022,Scotland,North Lanarkshire,787,4529,5316,99.44912303,508.9,23.35329341,5.20526,94.24778761,27404.9217,1164.383562
926,2022,Scotland,North Lanarkshire,846,4157,5003,106.3948165,577.2,27.77777778,5.22156,85.85365854,31474.59727,1336.984536
927,2022,Scotland,North Lanarkshire,993,4061,5054,105.4712059,594.2,32.42924528,5.25843,89.65517241,33828.57143,884.9009901
928,2022,Scotland,North Lanarkshire,923,3804,4727,105.9962022,544.8,25.87412587,5.08176,90.04739336,35822.63711,1650.582363
929,2022,Scotland,North Lanarkshire,232,2242,2474,106.1964668,539.3,15.70996979,5.77778,95.61403509,33484.1629,697.9958535
930,2022,Scotland,North Lanarkshire,653,2786,3439,100.7958577,683.9,24.78031634,5.17895,88.63636364,31710.91445,1851.351351
931,2022,Scotland,North Lanarkshire,725,4131,4856,97.905829,599.9,22.97128589,5.39881,81.66666667,29220.77922,1616.968952
932,2022,Scotland,North Lanarkshire,1137,4564,5701,96.16552345,659.8,24.27536232,5.11538,84.16289593,27772.02073,713.5497166
933,2022,Scotland,North Lanarkshire,287,4439,4726,110.2151346,351,15.33834586,5.85093,92.40506329,19690.26549,1337.375178
934,2022,Scotland,North Lanarkshire,1138,5136,6274,104.4377565,674.5,22.58064516,5.30522,89.77635783,30340.55728,769.6177062
935,2022,Scotland,North Lanarkshire,1117,4798,5915,106.8718431,625.6,26.02739726,5.15625,89.7689769,33647.79874,909.8185699
936,2022,Scotland,North Lanarkshire,1181,5031,6212,105.6360344,682.7,23.27044025,5.34579,91.05960265,38715.43265,1358.091624
937,2022,Scotland,North Lanarkshire,350,2109,2459,113.8549892,567.1,24.86772487,5.72222,95.37037037,24800,1738.826816
938,2022,Scotland,North Lanarkshire,779,3377,4156,103.6570093,621.7,22.42703533,5.45378,96.20253165,36375.48892,1445.49763
939,2022,Scotland,North Lanarkshire,973,3674,4647,101.4467964,728.9,27.80429594,5.215,86.17886179,33795.01385,965.3624118
940,2022,Scotland,North Lanarkshire,568,3376,3944,105.2700462,566.3,22.19917012,5.32609,94.23076923,29120.19827,1811.36543
941,2022,Scotland,North Lanarkshire,653,2455,3108,135.6110009,785.2,27.30263158,5.09211,89.52380952,36440.67797,7972.483707
942,2022,Scotland,North Lanarkshire,592,2550,3142,84.86238532,600.7,18.40490798,5.29213,91.52542373,28774.42274,727.1906052
943,2022,Scotland,North Lanarkshire,791,5278,6069,95.22534583,508.3,18.06020067,5.4375,91.14391144,28974.35897,882.5748051
944,2022,Scotland,North Lanarkshire,328,2106,2434,106.7224507,462,19.34604905,5.2967,88.23529412,34003.65631,893.6170213
945,2022,Scotland,North Lanarkshire,368,2160,2528,102.6622074,461.2,25.37688442,5.57647,85.71428571,27790.4328,551.4705882
946,2022,Scotland,North Lanarkshire,342,3737,4079,99.8487395,336.1,18.09169765,5.73256,94.75982533,22879.68442,835.2758353
947,2022,Scotland,North Lanarkshire,294,3221,3515,105.8684782,394.4,14.03508772,5.44118,91.44385027,28432.95638,393.4010152
948,2022,Scotland,North Lanarkshire,932,2963,3895,104.287078,728.7,34.75783476,4.84706,85.0877193,35806.45161,1396.736968
949,2022,Scotland,North Lanarkshire,752,2304,3056,108.3352574,704.1,29.43469786,4.92308,82.60869565,30357.14286,947.5465313
950,2022,Scotland,North Lanarkshire,353,4359,4712,104.2622951,404.5,12.37410072,5.89344,92.98245614,26517.85714,2087.181382
951,2022,Scotland,North Lanarkshire,816,4890,5706,99.87529691,576.2,20.46783626,5.61677,91.12149533,32008.15494,2136.111111
952,2022,Scotland,North Lanarkshire,1152,4193,5345,105.6420862,690.6,27.52880922,5.0828,83.25358852,35677.87971,1468.994582
953,2022,Scotland,North Lanarkshire,1440,3910,5350,117.7198285,846.4,41.63319946,4.81863,82.53968254,41491.84149,1681.005956
954,2022,Scotland,North Lanarkshire,637,3748,4385,99.18584625,584.8,19.18528252,5.16547,87.86127168,29890.64399,1624.521073
955,2022,Scotland,North Lanarkshire,1095,4752,5847,98.4554004,648.2,23.74227714,5.23109,88.55218855,32182.62806,1027.434104
956,2022,Scotland,North Lanarkshire,509,5269,5778,74.52103179,439.9,11.80781759,5.47951,89.45578231,31271.09111,755.4386804
957,2022,Scotland,North Lanarkshire,488,5820,6308,71.44090087,400.6,7.307307307,5.65986,92.77108434,25319.39605,647.8776422
958,2022,Scotland,North Lanarkshire,351,4410,4761,90.89875619,429.3,8.417849899,5.7598,94.84978541,23345.36703,570.4380712
959,2022,Scotland,North Lanarkshire,128,2551,2679,74.6672213,278,7.196401799,5.78723,98.68421053,23434.99197,582.3293173
960,2022,Scotland,North Lanarkshire,422,3761,4183,97.24326435,368.1,14.73533619,5.71698,91.4893617,28050.17104,693.877551
961,2022,Scotland,North Lanarkshire,521,3010,3531,101.1926775,448.1,24.10865874,5.47287,90.90909091,27581.32956,784.7341338
962,2022,Scotland,North Lanarkshire,223,3376,3599,111.3236655,342.8,14.72275335,5.48276,94.9044586,24474.18738,443.0681277
963,2022,Scotland,North Lanarkshire,498,5897,6395,99.60378256,359.1,11.53846154,5.70039,93.75,27097.9021,533.2016786
964,2022,Scotland,North Lanarkshire,409,4295,4704,110.3817816,480.9,15.24822695,5.50323,90.625,25878.83321,670.1444623
965,2022,Scotland,North Lanarkshire,433,3362,3795,104.536996,438.5,16.51785714,5.72,90.3030303,28299.49239,1058.617673
966,2022,Scotland,North Lanarkshire,652,2823,3475,97.30904383,480.1,17.51724138,5.20455,91.41104294,31423.89525,739.1304348
967,2022,Scotland,North Lanarkshire,1017,3470,4487,103.7719104,602.7,35.40772532,4.7027,82.56410256,43051.77112,3329.817159
968,2022,Scotland,North Lanarkshire,593,3464,4057,108.6930507,528.3,27.8125,5.25,92.85714286,26867.62779,992.1259843
969,2022,Scotland,North Lanarkshire,628,3209,3837,107.1007997,539.9,28.70514821,5.15493,88.63636364,31693.98907,898.1788079
970,2022,Scotland,North Lanarkshire,470,3778,4248,108.0540762,506.5,22.52663623,5.50602,90.5,32954.54545,541.6826738
971,2022,Scotland,North Lanarkshire,465,3130,3595,96.52004454,575.1,24.00690846,5.44444,94.21487603,30111.52416,1667.425968
972,2022,Scotland,North Lanarkshire,221,4767,4988,106.2682621,257.5,7.612903226,5.86636,94.921875,25565.91212,206.9614299
973,2022,Scotland,North Lanarkshire,124,3452,3576,108.9034205,249.9,2.43902439,6.05512,97.14285714,23735.95506,208.8277171
974,2022,Scotland,North Lanarkshire,246,2460,2706,112.7000516,388.1,24.63343109,5.58824,90.29126214,26005.36193,544.9591281
975,2022,Scotland,North Lanarkshire,915,6624,7539,71.19191459,444.6,10.87680355,5.67093,95.34883721,28441.6492,741.2587413
976,2022,Scotland,North Lanarkshire,457,2739,3196,104.6218487,519.9,22.90748899,5.15909,90.6779661,29102.16718,1226.611227
977,2022,Scotland,North Lanarkshire,555,3163,3718,101.933556,438.6,24.57142857,5.36538,90.65934066,27248.67725,648.8070322
978,2022,Scotland,Orkney Islands,166,3013,3179,100.3923232,322.3,9.502262443,5.78873,93.87755102,18801.41011,605.2344602
979,2022,Scotland,Orkney Islands,210,4020,4230,100.4750205,240.8,8.974358974,5.65035,94.47513812,17590.82218,472.0853859
980,2022,Scotland,Orkney Islands,202,4129,4331,80.49210378,229,9.654471545,5.61326,94.61883408,12920.73833,808.8489457
981,2022,Scotland,Orkney Islands,349,3376,3725,107.2353106,526.4,11.96581197,5.63095,91.91176471,28891.50943,1398.344066
982,2022,Scotland,Orkney Islands,200,2168,2368,104.8979009,447.5,16.62049861,5.52381,93.24324324,19534.05018,1196.036801
983,2022,Scotland,Orkney Islands,377,3790,4167,99.61485999,333.3,21.31147541,5.79487,94.40559441,15057.91506,264.084507
984,2022,Scotland,Perth and Kinross,166,3914,4080,84.28265197,314.6,7.037037037,6.09302,94.87179487,20041.10997,813.8195777
985,2022,Scotland,Perth and Kinross,283,4623,4906,96.99863574,339.9,10.4859335,5.81595,93.98148148,22071.42857,653.7890045
986,2022,Scotland,Perth and Kinross,197,3545,3742,89.45641198,168,6.213017751,5.92523,93.33333333,19677.09384,526.3157895
987,2022,Scotland,Perth and Kinross,186,3986,4172,84.38005702,271.5,8.490566038,5.81944,96.40718563,18846.54995,843.2349559
988,2022,Scotland,Perth and Kinross,240,3917,4157,99.40495598,307.3,13.16270567,5.88983,93.05555556,28560.18883,730.6338028
989,2022,Scotland,Perth and Kinross,239,3594,3833,105.3644478,299.5,13.13559322,5.8961,92.92035398,17968.09404,685.8638743
990,2022,Scotland,Perth and Kinross,137,2959,3096,105.7615453,274.9,9.111111111,6,97.5308642,24242.42424,292.3976608
991,2022,Scotland,Perth and Kinross,505,3588,4093,100.4688384,416.6,19.60264901,5.76577,95.0310559,26274.06569,840.7079646
992,2022,Scotland,Perth and Kinross,268,4310,4578,82.92145338,268.1,8.685714286,5.47651,93.75,21925.13369,620.8
993,2022,Scotland,Perth and Kinross,162,4320,4482,82.09842411,255,6.222222222,5.89441,95.32163743,20930.23256,502.1473406
994,2022,Scotland,Perth and Kinross,344,4955,5299,98.53456102,330.1,13.1147541,5.86709,94.25837321,24378.50842,506.7015364
995,2022,Scotland,Perth and Kinross,447,3683,4130,108.6854657,535.2,20.42833608,5.29167,91.7721519,31752.30567,2657.502864
996,2022,Scotland,Perth and Kinross,311,5452,5763,101.2365842,299.9,11.04847802,5.84713,98.94179894,24145.78588,702.1517554
997,2022,Scotland,Perth and Kinross,121,4104,4225,102.7348777,277.6,4.654895666,6.21118,97.44897959,17206.79012,809.5884215
998,2022,Scotland,Perth and Kinross,100,4105,4205,101.1565765,276.9,7.40203193,5.71094,96.05263158,21119.32418,379.1291291
999,2022,Scotland,Perth and Kinross,1019,4556,5575,105.5093046,523.1,30.76923077,4.92473,92.5,31912.4424,1250
1000,2022,Scotland,Perth and Kinross,1010,4923,5933,101.9856334,619.9,27.45098039,5.19231,91.66666667,27901.23457,1282.051282
1001,2022,Scotland,Perth and Kinross,457,2810,3267,104.2690678,543.2,27.09551657,5.08929,87.5,25277.77778,1158.280922
1002,2022,Scotland,Perth and Kinross,481,2746,3227,87.59675288,683.9,25.77777778,5.17647,89.77272727,34362.13992,1451.473137
1003,2022,Scotland,Perth and Kinross,282,2020,2302,103.6426441,431.1,33.5,5.16667,91.66666667,33474.57627,3035.099794
1004,2022,Scotland,Perth and Kinross,786,3858,4644,101.3706838,692.8,37.25490196,5.47059,82.55813953,32092.42619,4117.117117
1005,2022,Scotland,Perth and Kinross,308,3395,3703,102.5600447,339.6,8.921161826,5.9375,94.7826087,24571.42857,1468.866418
1006,2022,Scotland,Perth and Kinross,308,4766,5074,97.83273674,313.3,12.25,5.74138,93.61702128,27516.77852,577.1324864
1007,2022,Scotland,Perth and Kinross,222,3829,4051,101.8736571,298.9,12.14511041,5.90265,100,25026.73797,997.3980919
1008,2022,Scotland,Perth and Kinross,236,4117,4353,92.77684764,371.7,7.920792079,5.52667,93.19727891,21867.32187,788.2974401
1009,2022,Scotland,Perth and Kinross,174,3645,3819,100.2820129,265.1,6.304728546,5.68627,100,19940.76999,695.0160037
1010,2022,Scotland,Perth and Kinross,450,4803,5253,102.3815807,385.6,16.66666667,5.35507,91.25,21301.77515,870.4453441
1011,2022,Scotland,Perth and Kinross,328,2760,3088,99.49372661,401.8,17.24941725,5.1831,87.5,21624.58836,862.7678054
1012,2022,Scotland,Perth and Kinross,213,3882,4095,87.01887897,324.4,12.74509804,5.7156,97.10144928,18457.94393,890.7185629
1013,2022,Scotland,Perth and Kinross,484,2480,2964,101.5655354,499.8,22.52964427,5.21538,83.83838384,25167.33601,932.6113117
1014,2022,Scotland,Perth and Kinross,433,5220,5653,100.9803922,363,12.11267606,5.65517,90.3030303,25437.6931,1022.805805
1015,2022,Scotland,Perth and Kinross,291,4319,4610,96.07150427,296.4,14.86842105,5.69048,94.19354839,22663.13933,562.5879044
1016,2022,Scotland,Perth and Kinross,400,5727,6127,91.83254344,295.6,10.37735849,5.66272,94.00921659,21185.2861,1135.662898
1017,2022,Scotland,Perth and Kinross,194,3694,3888,104.3586896,316.4,14.00966184,5.95652,95.04950495,22108.84354,743.0025445
1018,2022,Scotland,Perth and Kinross,264,4449,4713,107.3114091,348.1,19.96779388,5.64925,93.82022472,20275.43994,986.815821
1019,2022,Scotland,Renfrewshire,235,2463,2698,99.92749245,321.1,10.41162228,6.01282,93.06930693,14409.2219,321.0463734
1020,2022,Scotland,Renfrewshire,185,3682,3867,93.67264978,479.3,4.183535762,5.99359,98.29545455,27459.01639,810.6031502
1021,2022,Scotland,Renfrewshire,191,5503,5694,38.75051746,291.9,3.245686113,5.78903,94.84126984,18496.34065,666.2829184
1022,2022,Scotland,Renfrewshire,253,2984,3237,107.4124842,288.4,10.33591731,6.03704,97.93814433,19776.53631,423.5044997
1023,2022,Scotland,Renfrewshire,984,4532,5516,91.93363188,473.3,25.19480519,5.52157,90.40247678,30167.59777,743.9122291
1024,2022,Scotland,Renfrewshire,914,2585,3499,100.9824494,734.8,27.57973734,5.34615,88.57142857,26265.82278,1229.193342
1025,2022,Scotland,Renfrewshire,658,2939,3597,109.1322471,673.2,22.82352941,5.58696,93.10344828,25899.28058,2249.322493
1026,2022,Scotland,Renfrewshire,560,3141,3701,110.4389816,519.4,19.76744186,5.63115,94.44444444,26261.31953,917.9134654
1027,2022,Scotland,Renfrewshire,426,4746,5172,95.1475204,405.7,9.781209781,5.67114,93.56725146,20000,1505.791506
1028,2022,Scotland,Renfrewshire,1466,2730,4196,99.84163433,864.7,34.73053892,5.17935,82.21343874,29082.77405,1865.230983
1029,2022,Scotland,Renfrewshire,985,2599,3584,92.18480138,986.8,22.77867528,5.33784,87.25490196,29493.8918,2138.888889
1030,2022,Scotland,Renfrewshire,868,4670,5538,104.2252645,555.4,24.66585662,5.58896,92,24573.37884,791.5859397
1031,2022,Scotland,Renfrewshire,968,3885,4853,101.5062704,440.9,22.83870968,5.32847,92.06349206,26637.55459,924.5516388
1032,2022,Scotland,Renfrewshire,170,4515,4685,107.9237638,334.4,6.010928962,6,97.64705882,16951.91524,370.6505295
1033,2022,Scotland,Renfrewshire,639,3420,4059,103.7130165,590.7,24.31610942,5.28676,90.75144509,31070.49608,622.754491
1034,2022,Scotland,Renfrewshire,484,2828,3312,99.10947633,441.2,20.68403909,5.72727,94.44444444,26506.0241,688.6097878
1035,2022,Scotland,Renfrewshire,143,3470,3613,102.7672956,297.6,4.845814978,5.99225,97.9020979,15958.81596,824.1082411
1036,2022,Scotland,Renfrewshire,1049,4859,5908,100.1668105,688.2,19.73856209,5.63566,94.40993789,27112.67606,933.3333333
1037,2022,Scotland,Renfrewshire,190,3731,3921,87.92549246,264.3,6.666666667,6.11842,97.23756906,19760.47904,263.2582984
1038,2022,Scotland,Renfrewshire,749,3310,4059,90.8246054,674,20.27194067,5.28082,89.56043956,31449.63145,784.7533632
1039,2022,Scotland,Renfrewshire,1187,5695,6882,91.1959753,622.3,21.08036891,5.46789,87.2,23286.38498,3218.838527
1040,2022,Scotland,Renfrewshire,1036,5014,6050,97.96110588,597.4,19.34156379,5.62295,93.75,25583.20373,1024.937656
1041,2022,Scotland,Renfrewshire,165,4600,4765,105.1575113,232.5,6.997084548,6.23894,100,20534.35115,299.4692949
1042,2022,Scotland,Renfrewshire,1466,4057,5523,105.1685821,689.3,39.47368421,5.20225,87.21461187,28891.50943,1568.975725
1043,2022,Scotland,Renfrewshire,984,4108,5092,81.04941122,641.5,26.36447734,5.32955,85.26785714,22664.62481,3140.535373
1044,2022,Scotland,Renfrewshire,999,5866,6865,101.4729379,551.2,26.32042254,5.38367,92.95774648,23486.90154,880.8172531
1045,2022,Scotland,Renfrewshire,615,4372,4987,106.3778163,405.4,18.00595238,5.70395,96.68508287,25789.06851,743.3881344
1046,2022,Scotland,Renfrewshire,344,4985,5329,105.2279328,295.7,15.85535466,5.74627,94.59459459,22103.00429,711.038961
1047,2022,Scotland,Renfrewshire,692,5482,6174,62.70786006,516.2,14.39451637,5.3871,90.36697248,21579.53281,2221.150135
1048,2022,Scotland,Renfrewshire,225,5477,5702,108.1057968,313.9,5.608591885,5.915,98.48484848,19495.21323,238.4372307
1049,2022,Scotland,Renfrewshire,473,4512,4985,107.1905889,484.2,11.34453782,5.71839,92.13973799,21936.58955,602.5369979
1050,2022,Scotland,Renfrewshire,504,5058,5562,105.2215381,344,13.91484943,5.53125,95.2,20575.41412,536.6568915
1051,2022,Scotland,Renfrewshire,141,4291,4432,104.2542095,243.3,7.049180328,6.07317,95.73170732,17854.40613,303.030303
1052,2022,Scotland,Renfrewshire,995,3078,4073,99.14486922,697.1,28.0431433,5.16,89.59537572,29580.83832,1440.162272
1053,2022,Scotland,Renfrewshire,623,3928,4551,104.0772212,388.1,20.57001239,5.39645,89.58333333,24906.13267,566.572238
1054,2022,Scotland,Renfrewshire,67,3131,3198,108.1443524,206.5,4.791666667,6.35433,99.38271605,14929.57746,124.6612466
1055,2022,Scotland,Renfrewshire,120,3103,3223,97.31210586,258.8,4.6875,6.07438,100,13678.61886,363.6363636
1056,2022,Scotland,Renfrewshire,334,4394,4728,99.10500786,287,7.158836689,6.11892,99.54751131,19346.04905,341.9104688
1057,2022,Scotland,Scottish Borders,304,5872,6176,91.80230997,245.4,8.041958042,5.92991,94.90196078,14295.7253,364.1758835
1058,2022,Scotland,Scottish Borders,385,3847,4232,99.75944751,441.3,19.87480438,5.53271,93.87755102,25246.71053,1395.445135
1059,2022,Scotland,Scottish Borders,177,4126,4303,103.6722458,151.9,7.52688172,5.95906,95.47511312,17502.27894,409.7605893
1060,2022,Scotland,Scottish Borders,438,5271,5709,91.81843654,333.2,11.83953033,5.73303,97.21254355,18558.95197,456.7105632
1061,2022,Scotland,Scottish Borders,338,5262,5600,80.75494373,269.9,15.43052003,5.81122,94.30894309,18410.70024,465.2392281
1062,2022,Scotland,Scottish Borders,398,3269,3667,96.45175249,444.7,16.92307692,5.41667,91.72413793,18985.69571,1913.18328
1063,2022,Scotland,Scottish Borders,426,2626,3052,101.4884833,531.1,29.74238876,5.2125,89.36170213,23310.81081,1462.102689
1064,2022,Scotland,Scottish Borders,335,2907,3242,99.17230241,332.4,14.28571429,5.7234,91.30434783,22022.02202,1932.864104
1065,2022,Scotland,Scottish Borders,576,2066,2642,110.9818772,581.5,35.78431373,5.16071,90.72164948,22933.8843,1875.409836
1066,2022,Scotland,Scottish Borders,371,5003,5374,97.3382398,248.7,7.220216606,6.02235,94.69387755,20431.55765,598.5354982
1067,2022,Scotland,Scottish Borders,138,2894,3032,91.99503568,216.5,6.031746032,6.07087,97.00598802,20082.53095,257.5107296
1068,2022,Scotland,Scottish Borders,291,3871,4162,98.25194451,318,12.01848998,5.55634,96.44670051,13930.34826,375.1512707
1069,2022,Scotland,Scottish Borders,259,2497,2756,92.49188766,363.8,11.11111111,5.25439,92.68292683,23975.15528,607.6093129
1070,2022,Scotland,Scottish Borders,292,3421,3713,93.54999584,251.6,13.86138614,5.67133,95.14563107,19224.28331,503.2822757
1071,2022,Scotland,Scottish Borders,461,3096,3557,98.90720504,401.4,24.43095599,5.08333,91.13924051,18061.67401,1135.135135
1072,2022,Scotland,Scottish Borders,296,3710,4006,95.8622868,255.5,15.52238806,5.66972,94.30379747,20905.92334,337.0786517
1073,2022,Scotland,Scottish Borders,269,2482,2751,94.26552363,342.4,16.28571429,5.13699,91.57894737,18905.9501,967.1179884
1074,2022,Scotland,Scottish Borders,266,4425,4691,100.7549069,298.2,10.60842434,5.71895,95.5801105,18156.99659,495.5478126
1075,2022,Scotland,Scottish Borders,342,2936,3278,103.6425903,513.2,22.81879195,5.23762,92.56198347,19672.13115,868.596882
1076,2022,Scotland,Scottish Borders,273,2079,2352,91.97138315,398.6,15.57093426,5.71014,93.42105263,21334.79212,1153.558052
1077,2022,Scotland,Scottish Borders,159,2792,2951,101.1766076,241.3,11.48825065,5.58442,92.22222222,22113.02211,276.903713
1078,2022,Scotland,Scottish Borders,260,3394,3654,97.32634571,382.7,15.01706485,5.74766,95.65217391,16401.59046,552.9522024
1079,2022,Scotland,Scottish Borders,526,3356,3882,100.3177258,338,21.43906021,5.43925,91.71974522,22818.79195,1043.932144
1080,2022,Scotland,Scottish Borders,304,3749,4053,94.40914867,289.3,13.66223909,5.71,91.26984127,18289.08555,494.1985389
1081,2022,Scotland,Scottish Borders,766,2247,3013,106.2129834,592.5,38.46153846,4.61417,84.47204969,32134.83146,2052.040213
1082,2022,Scotland,Scottish Borders,553,3640,4193,102.2311076,521.7,18.46435101,5.28736,90,26473.17502,1821.862348
1083,2022,Scotland,Scottish Borders,379,2955,3334,101.0408246,449.7,15.13513514,5.74419,93.65079365,21844.66019,947.0899471
1084,2022,Scotland,Scottish Borders,450,2899,3349,107.752173,426.6,20.83333333,5.27826,92.56756757,21566.26506,1822.734101
1085,2022,Scotland,Scottish Borders,111,2625,2736,101.3031299,416,14.57142857,5.83333,95.18072289,14067.99531,1183.510638
1086,2022,Scotland,Scottish Borders,668,4892,5560,104.6634645,433,21.82926829,5.45062,90.29126214,22665.80811,1065.810594
1087,2022,Scotland,Shetland Islands,141,3239,3380,96.05250458,333.8,9.833585477,5.31731,95.33333333,18691.58879,280.7881773
1088,2022,Scotland,Shetland Islands,205,3199,3404,101.4673231,337.2,9.063444109,5.71515,95.58823529,21542.55319,727.7227723
1089,2022,Scotland,Shetland Islands,354,4265,4619,108.3308845,419.8,13.82799325,5.60145,96.62162162,23885.03469,1579.831933
1090,2022,Scotland,Shetland Islands,168,3257,3425,93.34946757,238.3,7.627118644,5.696,95.54140127,17073.17073,723.5265932
1091,2022,Scotland,Shetland Islands,123,2765,2888,100.1903176,250.3,9.153713299,5.77143,97.63779528,14904.67938,403.1765425
1092,2022,Scotland,Shetland Islands,138,2483,2621,100.803879,342,10.13384321,5.64474,94.84536082,16763.00578,564.6173149
1093,2022,Scotland,Shetland Islands,158,2585,2743,106.0396786,312.4,5.324074074,5.65169,96.52173913,14100.90556,343.6657682
1094,2022,Scotland,South Ayrshire,596,4764,5360,103.8021363,411.7,22.31759657,5.584,93.52941176,21744.62705,855.9010364
1095,2022,Scotland,South Ayrshire,706,2565,3271,104.1899441,587.8,29.66101695,5.38333,92.90780142,29101.28388,1022.128556
1096,2022,Scotland,South Ayrshire,515,2703,3218,105.0543069,515.7,23.62637363,5.66197,94.17475728,26150.83252,1230.135374
1097,2022,Scotland,South Ayrshire,712,3966,4678,106.755759,543.2,27.02312139,5.60947,93.62745098,24489.79592,1065.57377
1098,2022,Scotland,South Ayrshire,326,4056,4382,86.451979,396.5,9.112149533,5.76761,96.46464646,24444.44444,1212.96619
1099,2022,Scotland,South Ayrshire,280,3482,3762,98.33654351,324.2,9.770992366,5.77419,94.97206704,23501.76263,1510.152284
1100,2022,Scotland,South Ayrshire,167,5839,6006,102.1708723,262.1,4.768041237,6.46584,96.07843137,19479.9659,363.5116598
1101,2022,Scotland,South Ayrshire,609,3581,4190,104.5044332,543.7,24.2074928,5.57447,93.18181818,25985.09052,623.2956759
1102,2022,Scotland,South Ayrshire,408,4988,5396,103.6003488,236.1,14.47543161,5.88757,96.22641509,23794.41624,522.9846769
1103,2022,Scotland,South Ayrshire,380,4597,4977,101.9331454,305.6,15.38461538,5.71503,91.73553719,20921.72641,421.4963119
1104,2022,Scotland,South Ayrshire,637,4713,5350,102.4060437,548.4,18.23416507,6.14286,97.03703704,28072.09175,4049.382716
1105,2022,Scotland,South Ayrshire,1421,3137,4558,106.074939,955.3,36.06271777,4.94737,84.2519685,33627.34289,3871.287129
1106,2022,Scotland,South Ayrshire,467,2168,2635,111.0447761,506.9,21.16991643,5.60377,92.20779221,26697.89227,1066.024759
1107,2022,Scotland,South Ayrshire,872,2090,2962,105.4812673,703,30.41144902,5.01709,87.95180723,34836.06557,1828.83939
1108,2022,Scotland,South Ayrshire,1225,2967,4192,102.0086775,688.8,28.65779927,4.96273,84.53608247,32878.78788,2569.050322
1109,2022,Scotland,South Ayrshire,434,3755,4189,101.712274,399.8,15.81632653,5.6,96.42857143,27582.93839,1399.128022
1110,2022,Scotland,South Ayrshire,554,3906,4460,98.19725081,534.8,16.03375527,5.71429,96.96969697,30901.72239,966.7786487
1111,2022,Scotland,South Ayrshire,180,3859,4039,106.236522,312.9,2.69058296,6.04673,99.2,23580.44164,972.0246562
1112,2022,Scotland,South Ayrshire,387,5003,5390,105.3185309,298.9,10.65088757,5.62658,94.61077844,24470.13487,462.7071823
1113,2022,Scotland,South Ayrshire,260,2901,3161,88.79401223,389.4,15.45801527,5.5,97.19626168,26481.71501,1091.196626
1114,2022,Scotland,South Ayrshire,793,5129,5922,101.7162992,499.8,22.80867107,5.64634,89.90825688,25636.81183,564.2897249
1115,2022,Scotland,South Ayrshire,506,5326,5832,80.27204081,364.3,13.10344828,5.74038,92.65306122,25145.44279,478.7759131
1116,2022,Scotland,South Ayrshire,357,4960,5317,105.9119984,333.8,12.73809524,5.77143,96.98492462,19005.84795,449.8153743
1117,2022,Scotland,South Ayrshire,606,3333,3939,106.7888122,449.7,22.96450939,5.56034,92.74193548,26648.59982,721.6981132
1118,2022,Scotland,South Ayrshire,386,5108,5494,104.5565553,317.1,11.77446103,6.21774,92.45283019,22109.53347,1041.746457
1119,2022,Scotland,South Lanarkshire,202,2221,2423,103.61237,364.6,17.61363636,5.78481,96.875,17986.79868,2067.430025
1120,2022,Scotland,South Lanarkshire,402,5458,5860,94.0934453,369.5,13.79690949,5.84574,96.66666667,23680.82368,654.7285954
1121,2022,Scotland,South Lanarkshire,641,4115,4756,100.2196897,447.6,16.70616114,5.36054,89.20454545,28683.91451,732.1711569
1122,2022,Scotland,South Lanarkshire,474,3197,3671,102.5858103,394.5,19.49458484,5.35714,83.33333333,24283.93524,880.5031447
1123,2022,Scotland,South Lanarkshire,342,3388,3730,101.4396852,448.4,11.38088012,5.50833,91.33858268,27456.6474,735.4733848
1124,2022,Scotland,South Lanarkshire,156,2718,2874,101.028518,302.2,5.714285714,5.57534,93.40659341,18087.8553,755.2870091
1125,2022,Scotland,South Lanarkshire,430,1967,2397,98.09589041,560,14.51187335,5.56522,89.47368421,26540.28436,1242.816092
1126,2022,Scotland,South Lanarkshire,651,3439,4090,100.6609547,440.7,20.40816327,5.34483,88.23529412,25779.03683,841.192003
1127,2022,Scotland,South Lanarkshire,395,2921,3316,94.77692082,482.4,14.52205882,5.17347,85.38461538,26542.49127,1315.921647
1128,2022,Scotland,South Lanarkshire,167,2374,2541,83.2097173,350.3,6.856187291,5.86111,87.20930233,25255.47445,685.9756098
1129,2022,Scotland,South Lanarkshire,240,2410,2650,100.9701302,413.7,13.64902507,5.49351,94.44444444,27382.38842,1167.259786
1130,2022,Scotland,South Lanarkshire,302,1897,2199,100.8545771,401.8,21.05263158,5.40541,88.60759494,25891.18199,739.4366197
1131,2022,Scotland,South Lanarkshire,493,3401,3894,98.15395038,525.5,12.66666667,5.86,93.05555556,30225.40984,1518.771331
1132,2022,Scotland,South Lanarkshire,388,3585,3973,94.09978664,397.7,10.22364217,5.91176,94.88636364,19347.82609,1029.354207
1133,2022,Scotland,South Lanarkshire,867,3400,4267,106.6583599,438.5,23.72634643,5.05755,90,31470.58824,1414.022718
1134,2022,Scotland,South Lanarkshire,623,3185,3808,102.1594385,506.2,23.1884058,5.56349,92.21556886,24203.82166,1064.301552
1135,2022,Scotland,South Lanarkshire,517,3765,4282,101.0715136,362.4,14.38356164,5.69565,92.40506329,30952.38095,605.9405941
1136,2022,Scotland,South Lanarkshire,469,2356,2825,84.6254137,581.9,22.23903177,5.48571,92.48120301,28363.047,868.1672026
1137,2022,Scotland,South Lanarkshire,350,2947,3297,108.2226708,375.3,17.08428246,5.82243,95.83333333,26656.84831,792.18107
1138,2022,Scotland,South Lanarkshire,493,3321,3814,99.75656408,470.2,17.40812379,5.53922,91.52542373,23076.92308,2422.307365
1139,2022,Scotland,South Lanarkshire,809,3210,4019,103.9608141,577.9,26.73879444,5.52047,95,25950.05429,1511.335013
1140,2022,Scotland,South Lanarkshire,956,2620,3576,97.58145478,628.1,27.41258741,5.12121,90.76086957,25948.40668,1445.466491
1141,2022,Scotland,South Lanarkshire,681,5062,5743,98.54234151,443.5,16.61691542,5.51269,92.24806202,26105.08757,612.5827815
1142,2022,Scotland,South Lanarkshire,319,4289,4608,102.5178532,368.6,9.736842105,6.01754,97.75784753,19430.05181,674.8939452
1143,2022,Scotland,South Lanarkshire,165,2613,2778,98.26447206,390,7.394366197,6.04878,98.7654321,20423.60061,445.1864218
1144,2022,Scotland,South Lanarkshire,124,2965,3089,76.7947158,281.2,6.934306569,5.93798,96.98795181,16056.33803,588.4843353
1145,2022,Scotland,South Lanarkshire,221,3635,3856,68.31575906,301.1,8.210526316,5.96992,93.82716049,23320.1581,1067.378252
1146,2022,Scotland,South Lanarkshire,336,3228,3564,106.1892047,449.1,16.22103387,5.73759,90.52631579,24193.54839,458.4657286
1147,2022,Scotland,South Lanarkshire,629,2168,2797,99.47229551,595.6,28.50241546,5.125,82.82828283,28571.42857,1884.317233
1148,2022,Scotland,South Lanarkshire,234,2566,2800,103.5037197,323.5,9.768637532,5.93056,89.10891089,24516.12903,1129.62963
1149,2022,Scotland,South Lanarkshire,499,3750,4249,97.81329517,475.7,16.07142857,5.85542,91.42857143,27102.04082,4905.956113
1150,2022,Scotland,South Lanarkshire,673,2981,3654,104.159656,531.8,23.12373225,5.59615,86.75496689,21377.33142,1284.987277
1151,2022,Scotland,South Lanarkshire,614,1489,2103,101.6435296,692.6,36.94117647,4.86207,83.72093023,35331.23028,1782.544379
1152,2022,Scotland,South Lanarkshire,477,2303,2780,104.3344036,545.7,29.6969697,5.33673,93.98496241,25800,867.0181605
1153,2022,Scotland,South Lanarkshire,454,6008,6462,85.63210702,363.8,9.010011123,5.8869,94.10430839,26370.37037,398.3769827
1154,2022,Scotland,South Lanarkshire,143,3933,4076,98.81705414,232.5,6.055900621,6.06452,96.72131148,16956.07763,313.4020619
1155,2022,Scotland,South Lanarkshire,1031,3171,4202,100.6383838,721.9,27.86069652,4.85638,88.78923767,25000,1338.81825
1156,2022,Scotland,South Lanarkshire,814,3096,3910,107.8157585,691.6,27.5862069,5.09804,91.04477612,25204.2007,1962.19622
1157,2022,Scotland,South Lanarkshire,859,3321,4180,105.3110281,688.1,26.88,5.18543,89.94974874,26551.72414,1729.117877
1158,2022,Scotland,South Lanarkshire,338,2908,3246,106.4416852,455.9,16.10878661,5.56481,93.02325581,19321.53392,528.2426778
1159,2022,Scotland,South Lanarkshire,525,2444,2969,105.5422237,511.2,24.48512586,5.47872,87.1559633,30144.92754,1057.585825
1160,2022,Scotland,South Lanarkshire,964,4000,4964,104.8368713,654.5,26.53333333,5.29101,88.47736626,25108.22511,1705.451068
1161,2022,Scotland,South Lanarkshire,1153,3360,4513,104.3188623,712.5,32.09169054,5.34884,85.96491228,33504.49294,1946.354883
1162,2022,Scotland,South Lanarkshire,488,3326,3814,98.64949468,587,15.90457256,5.79381,86.82170543,29900,1117.216117
1163,2022,Scotland,South Lanarkshire,890,3038,3928,102.4521478,648.8,28.61586314,4.85496,85,30712.16617,3233.305156
1164,2022,Scotland,South Lanarkshire,133,3234,3367,94.30257214,249.5,3.697183099,5.94737,94.52054795,17647.05882,1236.966825
1165,2022,Scotland,South Lanarkshire,351,2744,3095,102.1170472,491.4,13.63636364,5.59091,89.3129771,25445.70502,662.5835189
1166,2022,Scotland,South Lanarkshire,478,6016,6494,84.71091205,382.1,8.541266795,5.93125,94.81865285,22590.9381,864.1975309
1167,2022,Scotland,South Lanarkshire,520,6387,6907,64.87606448,318.8,9.64378801,5.74777,96.1038961,18340.61135,652.5974026
1168,2022,Scotland,South Lanarkshire,987,5336,6323,98.64083904,484.4,23.11248074,5.64504,92.12827988,28638.49765,819.3227563
1169,2022,Scotland,South Lanarkshire,874,3285,4159,94.86409486,644.6,18.85026738,5.57971,86.62790698,29018.78914,1088.082902
1170,2022,Scotland,South Lanarkshire,741,4085,4826,110.5687416,547.5,18.97810219,5.77483,91.58415842,20129.03226,774.3055556
1171,2022,Scotland,South Lanarkshire,453,3387,3840,102.0176991,393.2,9.403254973,6.10417,95.72649573,24919.44146,1420.276909
1172,2022,Scotland,South Lanarkshire,494,5200,5694,103.0001754,427.5,10.1754386,5.81818,95.47738693,22388.0597,506.3649222
1173,2022,Scotland,South Lanarkshire,680,2689,3369,88.29901522,627.3,17.27447217,5.64384,91.56626506,28978.00776,1790.359602
1174,2022,Scotland,South Lanarkshire,741,2846,3587,106.3999232,791.8,20.75892857,5.22857,88.37209302,30013.10616,3129.190881
1175,2022,Scotland,South Lanarkshire,761,2562,3323,100.3808378,623.8,26.93965517,5,83.76068376,30125,852.5232729
1176,2022,Scotland,South Lanarkshire,339,2775,3114,105.4713896,344.4,25.98607889,5.6129,92.39130435,19342.10526,522.4274406
1177,2022,Scotland,South Lanarkshire,627,2044,2671,90.52249172,505.6,27.52808989,5.38136,83.60655738,23825.50336,773.3990148
1178,2022,Scotland,South Lanarkshire,132,3579,3711,89.82667015,194.7,3.546099291,6.04494,94.54545455,20143.88489,1001.749781
1179,2022,Scotland,South Lanarkshire,686,3696,4382,103.5486322,550.6,22.19286658,5.71154,95.55555556,26539.85507,1173.913043
1180,2022,Scotland,South Lanarkshire,934,3557,4491,91.40442231,658,20.27334852,5.26087,86.63101604,27635.32764,1210.697506
1181,2022,Scotland,South Lanarkshire,563,5555,6118,51.81970187,508.8,6.344658207,5.93007,96.30872483,29005.52486,893.1143763
1182,2022,Scotland,South Lanarkshire,447,3090,3537,101.0992031,392.8,17.06539075,5.46341,93.46405229,22056.38474,756.8901687
1183,2022,Scotland,South Lanarkshire,555,3222,3777,105.4156512,507.2,16.70235546,5.68,88.63636364,31768.95307,847.9532164
1184,2022,Scotland,South Lanarkshire,453,3656,4109,99.6014666,501.4,13.51724138,5.59524,90.0621118,30837.56345,1193.245779
1185,2022,Scotland,South Lanarkshire,353,4462,4815,101.0588403,310.1,13.40361446,5.8913,94.25837321,25601.53994,640.2753873
1186,2022,Scotland,South Lanarkshire,331,4275,4606,103.9087709,363.9,10.36414566,5.86667,93.80952381,22471.91011,1662.591687
1187,2022,Scotland,South Lanarkshire,362,2659,3021,98.7012987,397.6,13.36898396,5.81944,92.45283019,28070.17544,2011.464304
1188,2022,Scotland,South Lanarkshire,343,2751,3094,100.9977578,380.5,30.69977427,5.70652,94.59459459,26776.8595,2065.491184
1189,2022,Scotland,South Lanarkshire,57,2645,2702,108.588326,238.5,2.824858757,6.2381,98.95833333,18652.03762,149.1609695
1190,2022,Scotland,South Lanarkshire,217,3807,4024,105.3939445,322.3,8.633093525,6.0597,97.10982659,18671.6792,856.2450903
1191,2022,Scotland,South Lanarkshire,63,4056,4119,91.90187908,192.8,2.870813397,6.25197,97.5,15789.47368,385.8636855
1192,2022,Scotland,South Lanarkshire,309,3531,3840,101.3691128,477.4,11.74311927,6.08772,95.68345324,26691.26691,1319.56912
1193,2022,Scotland,South Lanarkshire,175,2507,2682,102.9191709,291.3,10.6870229,6.10976,95.14563107,15805.94679,236.7205543
1194,2022,Scotland,South Lanarkshire,506,4903,5409,92.23550022,411.4,17.1455051,5.77075,95.65217391,34580.49887,623.8698011
1195,2022,Scotland,South Lanarkshire,697,3448,4145,100.2902992,509.1,19.33842239,5.3253,92.57425743,32281.5534,1168.779715
1196,2022,Scotland,South Lanarkshire,498,2651,3149,105.0282305,381,27.4611399,5.38406,90.8496732,26940.63927,1226.11465
1197,2022,Scotland,South Lanarkshire,424,3723,4147,107.3404255,294.8,19.12751678,5.75833,94.07894737,25224.0717,748.9649981
1198,2022,Scotland,South Lanarkshire,423,3062,3485,99.71540726,474,18.82352941,5.47917,93.45794393,29083.09456,757.717493
1199,2022,Scotland,South Lanarkshire,532,3077,3609,102.9143226,457.7,22.53258845,5.47253,94.26229508,32573.72654,888.8888889
1200,2022,Scotland,South Lanarkshire,458,3424,3882,107.0381746,393.5,21.81500873,5.67176,92.81045752,24832.21477,1095.100865
1201,2022,Scotland,Stirling,190,5177,5367,98.79578525,234.9,6.810442679,6.1988,96.55172414,21540.65621,552.5787006
1202,2022,Scotland,Stirling,235,4150,4385,93.2499428,265.4,10.42780749,5.92655,96.31147541,21492.53731,726.9914927
1203,2022,Scotland,Stirling,147,3100,3247,102.4943311,194.2,6.060606061,5.8972,96.26865672,18038.74092,378.5310734
1204,2022,Scotland,Stirling,209,3592,3801,100.5055064,304.7,8.012820513,6.05128,96.1038961,21052.63158,328.2374101
1205,2022,Scotland,Stirling,426,2647,3073,87.26276658,550,16.71554252,5.42574,89.23076923,25848.14216,1441.839894
1206,2022,Scotland,Stirling,398,2344,2742,97.32396103,606.9,25.82417582,5.14679,92.76315789,27968.33773,573.0659026
1207,2022,Scotland,Stirling,435,2431,2866,101.7229087,799.5,25.98130841,5.07874,86.18421053,23039.21569,467.8998912
1208,2022,Scotland,Stirling,314,3083,3397,107.2166002,425.5,14.41241685,5.61111,95.83333333,26955.30726,603.8647343
1209,2022,Scotland,Stirling,472,3028,3500,105.2160954,470.1,24.32432432,5.34351,88.63636364,25531.91489,645.7480673
1210,2022,Scotland,Stirling,657,4629,5286,103.2400126,443.2,15.36231884,5.67606,93.61702128,24886.87783,806.1311382
1211,2022,Scotland,Stirling,651,3418,4069,93.5153019,514.1,21.7552534,5.32468,87.97814208,34683.09859,1224.723388
1212,2022,Scotland,Stirling,146,4011,4157,89.96907462,278.9,3.626943005,6.15929,95.41984733,21214.28571,965.1474531
1213,2022,Scotland,Stirling,335,2106,2441,100.6898455,629.9,23.12138728,5.75806,89.28571429,25545.85153,3650.401482
1214,2022,Scotland,Stirling,380,3711,4091,101.2877442,656,23,4.83333,71.11111111,33854.16667,1878.771256
1215,2022,Scotland,Stirling,991,2275,3266,74.66291176,971.3,29.25598991,4.74468,87.4251497,33644.85981,1322.712116
1216,2022,Scotland,Stirling,436,2726,3162,103.45222,560.7,15.84,5.41538,93.78881988,21969.69697,707.9646018
1217,2022,Scotland,Stirling,98,2710,2808,92.02733485,267.8,4.6875,6,98.91304348,22620.90484,483.0287206
1218,2022,Scotland,Stirling,241,7024,7265,108.7632509,237.5,6.706408346,6.12174,95.59748428,19664.42953,485.0407978
1219,2022,Scotland,Stirling,171,2783,2954,95.81423402,270.5,8.032128514,5.9661,98.52941176,22602.73973,1608.818011
1220,2022,Scotland,Stirling,156,5499,5655,97.94119499,205.3,5.300353357,6.29461,97.25609756,16573.5568,397.3299428
1221,2022,Scotland,Stirling,254,4283,4537,104.1646873,250.2,6.515151515,5.96373,96.2962963,19195.61243,482.9903402
1222,2022,Scotland,Stirling,286,4623,4909,87.44293748,315,9.130434783,6.04734,94.60784314,19102.11268,805.0565536
1223,2022,Scotland,Stirling,294,3446,3740,101.6283614,470.2,9.638554217,6.09524,95.4248366,17187.5,1055.500496
1224,2022,Scotland,Stirling,228,3054,3282,106.2359851,382.1,21.37931034,5.7907,92.43697479,18124.20786,1269.008915
1225,2022,Scotland,West Dunbartonshire,947,3130,4077,111.5985627,597.1,28.48297214,5.03145,89.47368421,27747.25275,1666.039865
1226,2022,Scotland,West Dunbartonshire,1120,3413,4533,95.82895934,956.2,25.72178478,5.00752,87.65432099,33685.32207,3315.006468
1227,2022,Scotland,West Dunbartonshire,1516,4044,5560,101.4083659,582.8,27.23658052,5.46522,88.53046595,27340.42553,1958.239278
1228,2022,Scotland,West Dunbartonshire,912,3676,4588,97.87767133,617.9,17.78074866,5.37594,87.22222222,33261.80258,1145.467323
1229,2022,Scotland,West Dunbartonshire,397,3188,3585,107.0284188,438.9,18.94273128,5.8,94.61538462,25966.18357,1418.013857
1230,2022,Scotland,West Dunbartonshire,1229,4018,5247,104.7990287,566.2,30.77564637,5.2451,87.54716981,29445.23471,849.1418248
1231,2022,Scotland,West Dunbartonshire,445,3945,4390,103.0153425,343.1,15.62082777,5.38235,92.20779221,23109.2437,948.4873262
1232,2022,Scotland,West Dunbartonshire,1292,4185,5477,101.2062209,722.6,22.66226623,5.43791,88.63636364,30900.47393,1670.0611
1233,2022,Scotland,West Dunbartonshire,393,4524,4917,113.3064806,358.9,13.18101933,5.73292,96.24413146,24410.25641,606.2624917
1234,2022,Scotland,West Dunbartonshire,325,3913,4238,104.8321253,379.9,14.23149905,5.77869,92.45283019,25426.94497,1315.104167
1235,2022,Scotland,West Dunbartonshire,806,4186,4992,107.9066478,563.8,18.3352081,5.34737,92.34042553,27438.23147,782.9902126
1236,2022,Scotland,West Dunbartonshire,613,6397,7010,86.71962659,501.3,9.75,5.83069,95.67099567,20753.51213,1656.792646
1237,2022,Scotland,West Dunbartonshire,1251,4266,5517,101.5488984,717.7,24.59839357,5.09091,84.65346535,26280.19324,1329.879102
1238,2022,Scotland,West Dunbartonshire,772,4322,5094,103.5011517,555.3,17.16514954,5.43158,89.28571429,24411.76471,1006.794317
1239,2022,Scotland,West Dunbartonshire,1134,4662,5796,97.82830574,543.6,20.30744337,4.9876,89.55223881,24491.97861,1317.349138
1240,2022,Scotland,West Dunbartonshire,863,3265,4128,104.0237929,768.7,26.53958944,5.09322,81.7679558,36813.92236,1541.125541
1241,2022,Scotland,West Dunbartonshire,877,5113,5990,104.1527088,510.1,15.875,5.55034,90.90909091,23326.57201,1363.769388
1242,2022,Scotland,West Dunbartonshire,836,3635,4471,101.8652455,502.5,18.14814815,5.35152,87.6344086,23620.30905,979.5158287
1243,2022,Scotland,West Lothian,785,4019,4804,105.9266847,531.3,24.76821192,5.39773,96.1722488,35593.22034,1315.697877
1244,2022,Scotland,West Lothian,598,4259,4857,98.3915991,502.8,20.92511013,5.61047,92.30769231,28784.40367,1250
1245,2022,Scotland,West Lothian,769,4684,5453,103.3717835,462.5,24.73745624,5.44811,95.39748954,24372.75986,1005.880532
1246,2022,Scotland,West Lothian,288,4431,4719,94.69472835,266.1,7.474747475,6.03756,95.22058824,21351.35135,954.2972118
1247,2022,Scotland,West Lothian,119,5196,5315,105.2063196,234.7,5.369928401,6.10215,99.2481203,17687.74704,272.2852512
1248,2022,Scotland,West Lothian,868,4547,5415,98.89129911,606.8,28.99906455,5.19617,86.90095847,28776.18523,2323.825503
1249,2022,Scotland,West Lothian,233,5716,5949,100.9595255,273.7,6.614785992,5.87421,95.91836735,18980.16997,382.5717322
1250,2022,Scotland,West Lothian,397,5336,5733,69.05669145,352.5,7.440667094,5.8022,93.47826087,22241.37931,343.9312138
1251,2022,Scotland,West Lothian,335,2405,2740,91.2797282,450.9,24.15841584,5.31915,89.91596639,29657.79468,1144.004014
1252,2022,Scotland,West Lothian,1266,4695,5961,110.1494591,638,32.53253253,5.13793,92.54901961,31823.46109,1133.049818
1253,2022,Scotland,West Lothian,705,3880,4585,95.66504546,516.4,21.54515778,5.47368,93.6440678,25490.19608,2269.129288
1254,2022,Scotland,West Lothian,319,5034,5353,98.19978599,339.9,11.75879397,5.69744,96.21848739,24411.76471,414.9000606
1255,2022,Scotland,West Lothian,1089,3935,5024,101.2952485,618.1,26.72413793,5.12889,92.72727273,27231.46747,1265.060241
1256,2022,Scotland,West Lothian,794,4885,5679,104.3179588,498.6,23.21100917,5.25103,92.53246753,24572.31726,763.3795164
1257,2022,Scotland,West Lothian,139,3617,3756,106.487239,258.1,12.77890467,5.96377,94.15204678,20426.06516,594.8762484
1258,2022,Scotland,West Lothian,511,2249,2760,100.7889546,439.5,25.73402418,5.13158,88.97058824,29313.92931,1147.721032
1259,2022,Scotland,West Lothian,653,5296,5949,102.7914614,516.4,16.74462114,5.49565,93.03797468,25060.82725,919.2128431
1260,2022,Scotland,West Lothian,260,1940,2200,107.4462769,538.8,23.00613497,5.67857,92.59259259,20533.33333,906.1748196
1261,2022,Scotland,West Lothian,1008,3901,4909,97.96971783,585.7,28.4503632,5.23864,86.29441624,27559.91285,1661.826396
1262,2022,Scotland,West Lothian,836,5212,6048,101.2238253,508.2,21.59730034,5.57346,94.36090226,23211.67883,697.2972973
1263,2022,Scotland,West Lothian,1096,3762,4858,103.7880926,683.6,39.61813842,5.18497,90.82125604,29710.98266,1942.95302
1264,2022,Scotland,West Lothian,425,3788,4213,55.1586582,503.2,13.66965012,5.60204,93.90862944,25075.5287,886.0116781
1265,2022,Scotland,West Lothian,743,4946,5689,103.9812365,478.6,13.17829457,5.29146,94.921875,24606.4623,1105.200946
1266,2022,Scotland,West Lothian,825,5507,6332,105.2498738,447.9,20.37174721,5.55197,94.94047619,26337.44856,982.1428571
1267,2022,Scotland,West Lothian,381,6392,6773,63.91364438,392.9,9.807162534,5.61278,95.67901235,21700.22371,992.9980904
1268,2022,Scotland,West Lothian,713,3603,4316,107.8867287,506.6,30.52486188,5.17219,92.89617486,30402.3845,1318.858062
1269,2022,Scotland,West Lothian,904,5517,6421,106.670781,521.6,22.27171492,5.55063,90.49773756,26179.24528,2479.093607
1270,2022,Scotland,West Lothian,659,5390,6049,107.4951273,370.7,14.76793249,5.58605,94.81481481,22877.12288,899.5294769
1271,2022,Scotland,West Lothian,407,3236,3643,94.54236378,400.6,16.81818182,5.44697,89.41176471,22670.37552,866.0409556
1272,2022,Scotland,West Lothian,295,5604,5899,103.3605182,261,5.243445693,6.27273,95.43859649,16328.06622,369.6969697
1273,2022,Scotland,West Lothian,284,4142,4426,106.5904669,408.6,7.298136646,6.15436,97.19626168,24503.96825,842.5811755
1274,2022,Scotland,West Lothian,71,3466,3537,108.0015845,175.5,6.382978723,6.20721,97.5308642,16213.01775,342.5357873
1275,2022,Scotland,West Lothian,503,4777,5280,72.22101015,364.8,10.81460674,5.62963,90.85714286,28281.75027,758.3992095
1276,2022,Scotland,West Lothian,522,3767,4289,94.2983442,502.3,20.04555809,5.49153,94.20289855,32958.19936,1195.24618
1277,2022,Scotland,West Lothian,629,5066,5695,105.0626021,433.6,14.94117647,5.64444,92.79279279,21973.78566,807.3070124
1278,2022,Scotland,West Lothian,204,3736,3940,104.6819708,263.2,11.05845182,6.00746,91.44385027,23976.60819,623.9092496
1279,2022,Scotland,West Lothian,286,2455,2741,89.02294517,485.3,15.88785047,5.19101,88.99082569,29043.47826,1554.770318
