,year,country,la,inc.n,noninc.n,pop,Depop,EM,CP,Attain,PD,EA,crime
1,2023,Scotland,Aberdeen City,317,4492,4809,101.7085169,304.4271145,7.814169912,5.75188,95.20958084,18945.69121,390.6154595
2,2023,Scotland,Aberdeen City,74,4334,4408,72.11113898,175.4846542,3.990030657,6.08075,94.23076923,15898.81807,310.9701967
3,2023,Scotland,Aberdeen City,208,6657,6865,98.04631555,189.1593356,1.779067971,6.30097,99.21568627,16094.23114,370.6559619
4,2023,Scotland,Aberdeen City,713,4784,5497,96.17807127,446.5829835,13.28168098,5,90.39548023,28633.16123,1188.218767
5,2023,Scotland,Aberdeen City,132,4383,4515,113.1628816,279.7183462,4.880979851,6.16176,94.56521739,21782.82041,769.8127203
6,2023,Scotland,Aberdeen City,88,3958,4046,101.3825266,173.0473332,0.976961485,5.9322,100,23705.45528,400.113916
7,2023,Scotland,Aberdeen City,84,4866,4950,101.697232,179.1569353,2.184335683,5.98214,97.36842105,21292.66628,503.3845519
8,2023,Scotland,Aberdeen City,270,4914,5184,79.61870639,271.622404,4.461695545,5.86441,95,24739.13057,776.3317484
9,2023,Scotland,Aberdeen City,461,3434,3895,110.733815,498.0501319,15.81205953,5.28182,90.69767442,34626.63876,1809.666977
10,2023,Scotland,Aberdeen City,136,4456,4592,97.34215517,633.4307845,2.372207025,6.13934,97.12230216,17377.26872,1130.288235
11,2023,Scotland,Aberdeen City,399,5334,5733,114.4676722,418.9595576,9.236143345,6.01449,90.72164948,18920.50601,766.9125584
12,2023,Scotland,Aberdeen City,64,3611,3675,98.95506648,180.4907952,1.91309753,6.4359,97.22222222,12649.8387,815.4003267
13,2023,Scotland,Aberdeen City,159,6192,6351,109.7630363,268.7855235,5.139789846,6.2451,97.84172662,18460.143,456.492762
14,2023,Scotland,Aberdeen City,263,3744,4007,95.37447418,578.504268,22.9594673,5.26667,90,19834.71861,4797.611483
15,2023,Scotland,Aberdeen City,238,2440,2678,100.5774076,649.8066304,28.7735264,5.13793,83.92857143,17983.45824,8236.658522
16,2023,Scotland,Aberdeen City,184,4943,5127,109.5440918,378.089319,6.050230269,5.72093,90.32258065,18296.89648,539.3661015
17,2023,Scotland,Aberdeen City,236,4765,5001,109.3610267,349.9516518,4.792397308,5.65455,91.66666667,22356.95432,918.2870825
18,2023,Scotland,Aberdeen City,501,3449,3950,113.4883062,418.9968585,15.74145902,4.97087,79.25925926,32911.37418,951.02059
19,2023,Scotland,Aberdeen City,373,4529,4902,74.54762612,413.6181863,9.956232418,5.21212,85.36585366,22412.33609,1085.540486
20,2023,Scotland,Aberdeen City,101,3853,3954,108.9128661,327.6874345,6.914740613,5.57143,92.37288136,16048.71847,271.0384037
21,2023,Scotland,Aberdeen City,169,3372,3541,102.9905499,335.9090927,13.87189721,5.35294,88.23529412,18234.64869,1252.082638
22,2023,Scotland,Aberdeen City,877,4595,5472,114.7388006,625.185172,27.6695567,4.82857,87.31343284,27570.6527,1418.44771
23,2023,Scotland,Aberdeen City,1000,3582,4582,112.5290794,745.8158508,26.86461463,4.68553,81.8627451,26941.17889,1284.233526
24,2023,Scotland,Aberdeen City,389,2908,3297,105.5500943,749.3913632,12.58490543,5.13043,96.875,27834.65284,3134.85886
25,2023,Scotland,Aberdeen City,281,3899,4180,104.5440905,431.2636365,11.68688413,4.86667,84.21052632,21539.42536,1594.354094
26,2023,Scotland,Aberdeen City,737,6364,7101,105.6043199,577.0521802,26.39101423,5.41176,81.30841121,25085.16977,2153.212174
27,2023,Scotland,Aberdeen City,422,3314,3736,99.46918458,465.3456915,11.61109802,5.75,88.05970149,25913.36174,3130.227987
28,2023,Scotland,Aberdeen City,440,5276,5716,99.69232533,449.4420768,22.25368717,5.36,90.16393443,21248.94896,1489.996746
29,2023,Scotland,Aberdeen City,652,3823,4475,98.30028011,745.2983439,24.63425961,5.3,85.18518519,27465.72192,1262.673189
30,2023,Scotland,Aberdeen City,456,4149,4605,121.0608855,846.2560388,28.09992199,5.4186,85.24590164,29122.21414,1374.679991
31,2023,Scotland,Aberdeen City,1012,4556,5568,92.46624673,606.9940993,24.65535837,5.06618,82.71604938,20743.32067,2093.63386
32,2023,Scotland,Aberdeen City,872,3145,4017,105.8299261,895.3845119,25.79449447,5.15152,83.64779874,28596.90517,2000.080891
33,2023,Scotland,Aberdeen City,502,5592,6094,100.0709022,389.2719703,15.3355521,5.21905,91.04477612,19638.53852,688.5084716
34,2023,Scotland,Aberdeen City,814,4651,5465,110.4158467,604.3591443,19.31047533,5.28689,84.13793103,32107.50798,1646.597994
35,2023,Scotland,Aberdeen City,806,3911,4717,112.6427459,561.4998742,19.58586883,4.99286,85.48387097,27450.23614,1753.678418
36,2023,Scotland,Aberdeen City,664,4250,4914,105.6076834,502.3559736,15.09910094,4.96324,86.82634731,28396.80331,1068.560317
37,2023,Scotland,Aberdeen City,552,2953,3505,107.0856941,372.6304736,13.74358464,4.78519,84.86842105,24508.57692,1774.748941
38,2023,Scotland,Aberdeen City,923,4469,5392,108.3568045,586.3582995,18.95659112,4.55365,81.22743682,29947.84208,1514.32403
39,2023,Scotland,Aberdeen City,924,3975,4899,112.3408547,743.2793865,18.9443975,4.53052,84.52380952,26648.99989,1988.979307
40,2023,Scotland,Aberdeen City,152,5497,5649,82.96897668,246.9980408,4.978912778,5.95392,96.15384615,18196.85313,584.1848965
41,2023,Scotland,Aberdeen City,298,3722,4020,64.82170852,492.7312351,11.5424646,5.04444,90.07633588,26593.24895,1023.590121
42,2023,Scotland,Aberdeen City,397,4870,5267,78.01378122,397.2504735,15.42559834,5.40972,88.70967742,20785.71389,1314.006749
43,2023,Scotland,Aberdeen City,367,4894,5261,107.1098111,410.2975434,11.28975039,5.2,88.88888889,23671.36542,1204.926463
44,2023,Scotland,Aberdeen City,97,3965,4062,106.9381229,366.5045301,4.209319814,5.7381,97,18335.28114,490.7534811
45,2023,Scotland,Aberdeen City,147,4245,4392,86.99137899,217.8971439,6.098154907,5.74561,91.72413793,18934.50957,289.1334872
46,2023,Scotland,Aberdeen City,144,4756,4900,104.9929856,297.6016963,5.890446663,5.73333,94.67455621,18347.83739,541.3705373
47,2023,Scotland,Aberdeen City,284,3348,3632,99.54790119,350.9132811,10.30576513,5.57609,94.17475728,21641.10085,772.8670675
48,2023,Scotland,Aberdeen City,107,2555,2662,111.6116219,263.2795345,11.9802403,5.6338,90.58823529,20612.52311,1084.316884
49,2023,Scotland,Aberdeen City,124,3416,3540,70.54404719,350.5961341,5.132295444,5.82759,94.92753623,22960.40473,422.022035
50,2023,Scotland,Aberdeenshire,167,2903,3070,103.4653314,418.9715785,16.13777451,5.55,96.80851064,12340.03901,398.1657653
51,2023,Scotland,Aberdeenshire,256,5069,5325,95.18613477,213.7892439,10.37849248,5.61307,95.3125,15073.16886,624.4087651
52,2023,Scotland,Aberdeenshire,244,4077,4321,90.30533677,259.1248776,7.009477967,5.55307,90.98712446,14718.35483,495.3560804
53,2023,Scotland,Aberdeenshire,297,3782,4079,93.40305404,351.6305867,12.73212303,5.53947,94.61077844,17581.81799,556.836291
54,2023,Scotland,Aberdeenshire,341,5442,5783,96.40963071,275.356574,6.802851477,5.65611,90,15799.18793,442.3096986
55,2023,Scotland,Aberdeenshire,105,4289,4394,62.82926077,221.751874,3.577896645,5.68852,94.52054795,13632.32676,572.8094971
56,2023,Scotland,Aberdeenshire,381,4947,5328,109.4618253,421.3493857,9.47883292,5.65497,92.82511211,17329.55745,679.2319937
57,2023,Scotland,Aberdeenshire,268,5401,5669,107.5345291,345.9134015,6.240593352,6.14554,92.96296296,17560.78026,613.5965349
58,2023,Scotland,Aberdeenshire,87,2883,2970,113.8152556,284.2712466,8.314271932,5.73832,93.75,21407.66976,229.1524409
59,2023,Scotland,Aberdeenshire,102,4192,4294,112.9151605,322.0972346,5.347537987,5.65116,96.05263158,19580.26122,535.2739943
60,2023,Scotland,Aberdeenshire,233,5646,5879,77.61689208,341.9783895,6.003423649,5.56915,93.06930693,20343.61516,491.8375632
61,2023,Scotland,Aberdeenshire,144,4964,5108,93.23566381,184.7942541,5.78451758,5.99412,95.81151832,15075.82062,476.7069785
62,2023,Scotland,Aberdeenshire,182,3923,4105,102.3447997,279.2721712,7.804790493,5.74545,97.47474747,20952.07342,486.4852546
63,2023,Scotland,Aberdeenshire,114,2895,3009,106.7596005,315.8151618,3.296581037,6.04545,95.61403509,18772.03972,828.9662608
64,2023,Scotland,Aberdeenshire,114,4169,4283,92.43952429,245.5737514,5.585757097,6.12281,96.2962963,18483.64466,433.1821921
65,2023,Scotland,Aberdeenshire,195,3883,4078,102.9686472,311.6404087,8.132306649,5.8125,94.53551913,14742.45641,401.0429365
66,2023,Scotland,Aberdeenshire,275,5928,6203,85.04458452,231.0375988,8.177364903,5.81746,94.32176656,17894.46559,405.7432552
67,2023,Scotland,Aberdeenshire,322,3232,3554,107.174603,458.7583924,9.4988499,5.33088,93.10344828,19555.9605,799.2437516
68,2023,Scotland,Aberdeenshire,334,5136,5470,108.1376439,320.5502576,12.15515324,5.35172,93.22033898,21040.03821,628.203798
69,2023,Scotland,Aberdeenshire,524,4814,5338,104.2904241,449.8867297,17.24489585,5.60902,91.57303371,22856.60272,1762.566492
70,2023,Scotland,Aberdeenshire,162,6203,6365,63.56045505,291.0859806,4.06349727,5.73498,95.04373178,17060.75481,595.5957494
71,2023,Scotland,Aberdeenshire,174,5775,5949,100.7240228,208.8949111,5.748882588,5.81818,93.79084967,19261.84209,581.3056235
72,2023,Scotland,Aberdeenshire,107,3310,3417,97.82020766,141.6769235,5.70414796,5.57037,94.64285714,15731.89627,509.1407579
73,2023,Scotland,Aberdeenshire,103,4940,5043,85.7911509,222.1188019,3.414655747,5.98611,94.70899471,13871.2218,309.9045288
74,2023,Scotland,Aberdeenshire,95,3793,3888,111.5852509,243.1307947,5.812456114,6.05952,92.85714286,16188.54746,452.5538447
75,2023,Scotland,Aberdeenshire,134,3835,3969,105.6474386,188.0730267,3.121131914,6.16049,96.79144385,16547.13262,506.79901
76,2023,Scotland,Aberdeenshire,152,4078,4230,100.3884021,226.7351343,7.989369398,5.7803,88.54166667,16795.07957,321.2427579
77,2023,Scotland,Aberdeenshire,184,5082,5266,102.7272917,239.7850559,7.409634478,5.72067,94.23076923,16071.4974,471.9007331
78,2023,Scotland,Aberdeenshire,252,5841,6093,96.17953718,319.7074913,7.852720921,5.69712,95.37815126,18673.68281,533.4291342
79,2023,Scotland,Aberdeenshire,252,3841,4093,107.042136,428.9060444,8.086513895,5.45865,93.15068493,18624.40366,367.711939
80,2023,Scotland,Aberdeenshire,168,4378,4546,91.4701293,298.1703174,7.872446581,5.77564,91.83673469,14388.81659,738.1329157
81,2023,Scotland,Aberdeenshire,249,5777,6026,92.33757966,346.0832296,8.17792533,5.61856,93.49593496,14793.23341,289.2061342
82,2023,Scotland,Aberdeenshire,185,4877,5062,100.0009629,259.6589089,6.189843609,5.67961,93.90243902,20305.85256,525.5870463
83,2023,Scotland,Aberdeenshire,203,3725,3928,97.97018095,354.7647671,7.348835878,5.53741,91.90751445,20508.79146,358.57018
84,2023,Scotland,Aberdeenshire,216,4825,5041,93.48651825,262.6016131,5.36127815,5.58451,95.34883721,19826.96296,546.6914576
85,2023,Scotland,Aberdeenshire,253,4400,4653,98.98309405,279.482035,10.11756185,5.63158,92.26519337,14304.92859,814.1851989
86,2023,Scotland,Aberdeenshire,488,3843,4331,104.4109087,461.9250517,14.96369687,5.62727,89.92805755,18027.7158,1123.795766
87,2023,Scotland,Aberdeenshire,110,2748,2858,100.9288195,367.121575,9.935518027,5.54545,92.30769231,14766.71715,620.9494796
88,2023,Scotland,Aberdeenshire,404,4204,4608,113.7424544,377.4678998,22.55531856,5.17266,87.15083799,23065.47082,1127.889873
89,2023,Scotland,Aberdeenshire,288,2925,3213,100.7799514,313.6319151,14.03415261,5.16667,88.99082569,16219.85109,586.7645955
90,2023,Scotland,Aberdeenshire,305,3505,3810,91.78140791,334.5323519,12.06879385,5.27451,92.07317073,16134.93833,531.473448
91,2023,Scotland,Aberdeenshire,511,3568,4079,108.844146,472.9071944,22.04615194,5.22302,87.5,18850.78608,1845.428373
92,2023,Scotland,Aberdeenshire,468,3439,3907,106.4050476,430.2554153,14.53490286,5.29915,85.88235294,17124.62509,758.0984571
93,2023,Scotland,Aberdeenshire,251,2876,3127,102.6227515,290.7320232,5.963953367,5.37895,93.49593496,18477.32742,627.3811677
94,2023,Scotland,Aberdeenshire,281,2747,3028,105.2659271,326.3936378,17.13371758,5.375,92.91338583,15387.51869,507.7865703
95,2023,Scotland,Aberdeenshire,332,4708,5040,88.75923941,374.8429526,8.696977172,5.57396,93.51851852,15710.49653,369.1980547
96,2023,Scotland,Aberdeenshire,289,2350,2639,107.3218177,375.9006899,12.83656494,5.36634,90.35087719,18417.01453,1195.527324
97,2023,Scotland,Aberdeenshire,136,2973,3109,87.75486729,334.2773873,3.99443228,5.50485,94.21487603,14542.26211,504.0850391
98,2023,Scotland,Aberdeenshire,364,4136,4500,98.75024962,397.5857283,13.86196489,5.19708,88.16568047,19563.68964,691.1146473
99,2023,Scotland,Aberdeenshire,317,4222,4539,102.6537356,383.9658949,16.30077447,4.98529,91.71974522,12538.21582,1524.638557
100,2023,Scotland,Aberdeenshire,364,2148,2512,108.1743763,514.9132785,19.12975049,4.83333,83.13253012,20696.23607,2220.992384
101,2023,Scotland,Aberdeenshire,1143,5140,6283,101.726891,847.9473501,24.43593521,5.03141,83.15018315,16281.83367,2427.223956
102,2023,Scotland,Aberdeenshire,333,3918,4251,109.1057497,390.9476382,11.19342367,5.10949,93.08176101,17510.09234,954.4084607
103,2023,Scotland,Aberdeenshire,382,6787,7169,74.40935538,368.6153862,9.676482411,5.29492,94.13407821,16954.67791,689.0801962
104,2023,Scotland,Aberdeenshire,530,5690,6220,88.93918175,372.1473274,10.68890561,5.00467,89.65517241,17839.31507,645.306436
105,2023,Scotland,Aberdeenshire,175,3996,4171,108.510619,431.3805267,8.472025116,5.44203,96.13259669,20451.83646,560.9293239
106,2023,Scotland,Aberdeenshire,404,1946,2350,109.8526535,693.6457629,17.85846769,4.56522,87,16298.7604,1335.436338
107,2023,Scotland,Aberdeenshire,345,2315,2660,106.1320336,643.7539545,14.08442518,5.06329,89.53488372,22967.66085,1948.250121
108,2023,Scotland,Aberdeenshire,737,2830,3567,110.6547982,723.4480541,24.622457,4.20769,86.16352201,25750.61896,3432.861783
109,2023,Scotland,Angus,246,5280,5526,106.4279146,190.4443529,7.279508195,5.65497,93.95348837,19294.3228,609.295492
110,2023,Scotland,Angus,214,6036,6250,84.34951423,255.5627502,7.240629546,5.63534,94.48275862,23534.89245,657.1827249
111,2023,Scotland,Angus,140,2659,2799,102.4932747,238.9399086,10.32691271,5.32979,95.4954955,22510.76552,564.4163197
112,2023,Scotland,Angus,226,4536,4762,94.17615596,319.2218775,5.681728995,5.81875,93.78238342,21522.58561,460.1996278
113,2023,Scotland,Angus,529,4796,5325,96.90537249,448.5833046,17.82005995,5.08756,86.55462185,19419.04046,616.6896089
114,2023,Scotland,Angus,267,5147,5414,103.9305506,268.1220601,8.493261531,5.63226,95.26066351,18808.23518,443.7925563
115,2023,Scotland,Angus,134,2646,2780,88.08561326,321.3154115,10.32235748,5.62667,98.01980198,17380.97346,648.7440877
116,2023,Scotland,Angus,616,5012,5628,108.312585,363.6141808,15.18505882,5.46927,91.41630901,23383.2261,805.4089202
117,2023,Scotland,Angus,360,3259,3619,106.3826217,393.8540074,17.59775587,5.42105,91.17647059,21255.87497,1283.414723
118,2023,Scotland,Angus,1027,3706,4733,105.4157024,687.7439681,36.7343111,4.9,85.18518519,29914.45793,3007.26196
119,2023,Scotland,Angus,866,4226,5092,94.60546193,538.4193952,25.9873088,4.80995,90.28776978,27926.38145,919.3077528
120,2023,Scotland,Angus,936,3737,4673,108.8586752,530.5474466,34.54145069,4.52353,87.87878788,21258.95462,1436.277465
121,2023,Scotland,Angus,222,2659,2881,106.4775579,280.4848713,14.14485983,5.30233,92.85714286,20217.17539,1091.349655
122,2023,Scotland,Angus,842,4704,5546,109.700066,524.9156194,27.14303874,5.10256,89.18918919,25856.98914,1555.224541
123,2023,Scotland,Angus,573,4141,4714,105.4061504,363.2075667,18.5262525,5.02439,90.19607843,29291.96996,1349.238494
124,2023,Scotland,Angus,255,3571,3826,98.49878832,367.1843778,10.30792413,5.47143,91.20879121,22341.7577,454.0643966
125,2023,Scotland,Angus,216,3254,3470,104.537747,275.5129342,10.25147959,5.42056,92.68292683,14700.26978,670.9102382
126,2023,Scotland,Angus,629,2876,3505,106.0846829,590.1872745,30.28908159,4.72727,88.82352941,29717.91461,1262.851259
127,2023,Scotland,Angus,333,3532,3865,100.323923,389.0056284,16.4691209,5.35398,94.4,22636.32885,1177.26714
128,2023,Scotland,Angus,367,5055,5422,93.49351499,317.4371605,9.902242488,5.34177,95.6284153,20463.8525,647.2957922
129,2023,Scotland,Angus,294,4102,4396,93.67222448,376.7767503,11.40136444,5.31159,92.55319149,21670.16354,744.5235323
130,2023,Scotland,Angus,812,3939,4751,108.6873895,555.6253289,24.58436922,4.9593,86.14718615,22215.98646,1912.168339
131,2023,Scotland,Angus,597,4288,4885,106.8670594,527.1386562,23.4656883,5.25949,85.71428571,20786.28134,1082.679282
132,2023,Scotland,Angus,197,2684,2881,100.4871516,216.0182975,8.205817944,5.47727,93.93939394,18192.80206,560.4178519
133,2023,Scotland,Angus,636,5395,6031,103.4290703,339.0696006,16.83131915,5.40331,89.77777778,23677.30934,793.7559475
134,2023,Scotland,Angus,210,3296,3506,105.5828206,276.8250118,15.42733147,5.93151,96,18134.9854,685.8184589
135,2023,Scotland,Argyll and Bute,247,3588,3835,95.04546724,354.7808226,10.96116096,5.79817,98.52941176,16646.57173,487.179391
136,2023,Scotland,Argyll and Bute,628,5169,5797,104.1894335,579.9970705,13.36437639,5.12717,95.19230769,29191.44566,1479.711207
137,2023,Scotland,Argyll and Bute,194,2516,2710,114.8790694,428.1668654,20.37606461,5.58065,96.7032967,24107.36794,2098.186757
138,2023,Scotland,Argyll and Bute,340,5258,5598,88.73152712,342.4457292,9.904368415,5.44211,94.53781513,22859.71914,875.1647748
139,2023,Scotland,Argyll and Bute,146,2091,2237,94.53173289,226.6580111,12.3504695,5.58065,100,19023.11286,755.5192182
140,2023,Scotland,Argyll and Bute,225,2848,3073,98.52667747,319.5573448,10.8959377,5.62222,95,22653.55226,985.5650701
141,2023,Scotland,Argyll and Bute,405,3254,3659,104.9158643,414.2446886,17.58309727,5.15152,96.82539683,30176.3111,1623.604224
142,2023,Scotland,Argyll and Bute,169,2256,2425,97.98812738,321.0830355,15.03061112,6.06154,100,17413.29611,576.1034803
143,2023,Scotland,Argyll and Bute,267,3071,3338,98.56155313,318.4628062,9.598622962,5.66667,92.94871795,20886.20024,576.1055926
144,2023,Scotland,Argyll and Bute,246,2612,2858,97.7333442,387.0581163,23.94140619,5.41176,95.12195122,18200.41727,563.6815128
145,2023,Scotland,Argyll and Bute,747,3896,4643,110.8231225,512.3246897,16.21132486,5.20548,92.59259259,25615.57882,1618.042708
146,2023,Scotland,Argyll and Bute,196,2326,2522,105.599635,275.4731517,17.56000827,5.63235,98.7804878,15924.57371,809.1226077
147,2023,Scotland,Argyll and Bute,870,2752,3622,109.4317259,640.8196499,24.36027287,5.22018,87.5,22434.97962,2213.793692
148,2023,Scotland,Argyll and Bute,191,2458,2649,95.58649764,394.0794704,20.34844833,5.69048,96,18804.58049,761.3673844
149,2023,Scotland,Argyll and Bute,252,2919,3171,105.3392785,423.9621758,17.54710459,5.64865,93.93939394,16096.31537,1716.58883
150,2023,Scotland,Argyll and Bute,686,4362,5048,106.4324454,442.6726373,22.08538657,5.49265,92.43243243,23165.6217,1472.990672
151,2023,Scotland,Argyll and Bute,801,3560,4361,107.0891137,505.1177312,20.1554542,5.25352,91.4893617,24927.54256,1954.484287
152,2023,Scotland,Argyll and Bute,410,6415,6825,91.28981369,295.8719515,16.59263589,5.54861,93.78881988,14989.63792,295.4221264
153,2023,Scotland,Argyll and Bute,201,3993,4194,98.44770509,258.950424,7.211107359,5.68807,93.23308271,18790.33803,399.742849
154,2023,Scotland,Argyll and Bute,214,4077,4291,103.3445704,251.7897313,12.66982505,5.75676,94.36619718,20798.69295,379.8791181
155,2023,Scotland,Argyll and Bute,398,2602,3000,101.2272971,413.3785361,16.32029328,5.84483,90.47619048,24606.45347,2197.500612
156,2023,Scotland,Argyll and Bute,478,3480,3958,90.62458948,422.5813755,11.47005377,5.63226,93.18181818,26340.78595,938.2103956
157,2023,Scotland,Argyll and Bute,139,2857,2996,101.7042212,295.451534,5.013967437,5.70213,97.22222222,20948.08844,1373.299989
158,2023,Scotland,Clackmannanshire,583,3745,4328,104.255168,487.1442543,14.58377962,5.24852,90.8045977,25398.7903,1111.381982
159,2023,Scotland,Clackmannanshire,819,4561,5380,98.34898252,474.0855456,21.07628779,5.10084,87.76371308,26019.48602,1101.019738
160,2023,Scotland,Clackmannanshire,181,2693,2874,99.06735958,321.7139371,9.417397363,5.75,95.87628866,19278.63999,368.5804091
161,2023,Scotland,Clackmannanshire,606,3959,4565,98.05717558,483.0835636,18.38221406,5.6129,91.19496855,26498.62887,885.2412143
162,2023,Scotland,Clackmannanshire,304,1928,2232,89.05259476,489.7671915,23.17395185,5.23077,88.76404494,21452.183,827.80599
163,2023,Scotland,Clackmannanshire,670,3984,4654,108.0835722,428.7928489,26.80846137,5.43506,93.78531073,24384.04942,1469.878065
164,2023,Scotland,Clackmannanshire,146,3488,3634,99.31608385,210.3979943,6.603220968,5.96429,100,16950.69486,328.2278949
165,2023,Scotland,Clackmannanshire,518,4315,4833,86.77560367,477.3160351,18.49180592,5.28302,90.42553191,25299.93138,1101.590638
166,2023,Scotland,Clackmannanshire,898,4320,5218,105.1635086,683.7706554,32.42808492,4.97,88.69565217,26744.02226,1256.54474
167,2023,Scotland,Clackmannanshire,1567,3047,4614,101.98709,712.5925445,36.64351374,4.82609,84.25925926,25308.36997,3627.160886
168,2023,Scotland,Clackmannanshire,740,4984,5724,97.21849554,468.3443978,21.75053814,5.32484,89.24731183,23105.59274,679.4050775
169,2023,Scotland,Clackmannanshire,273,3121,3394,102.0943159,360.6280414,10.52105569,5.73171,95.79831933,19970.67041,856.2289454
170,2023,Scotland,Dumfries and Galloway,848,2949,3797,104.176062,550.6445217,29.74676441,5.00735,88.95027624,22515.2964,2242.922977
171,2023,Scotland,Dumfries and Galloway,473,2157,2630,115.297786,650.5423744,34.68803644,5.43529,90.76923077,20966.33494,4933.880237
172,2023,Scotland,Dumfries and Galloway,602,2825,3427,106.2314528,525.852822,19.82780463,5.11818,92.3566879,20351.61142,1533.877553
173,2023,Scotland,Dumfries and Galloway,408,3244,3652,111.6761382,400.0668709,20.61457707,5.25882,93.33333333,16979.69469,1767.256921
174,2023,Scotland,Dumfries and Galloway,288,1796,2084,102.9483991,351.4667555,27.74859788,5.4127,96.1038961,18233.88274,525.0170362
175,2023,Scotland,Dumfries and Galloway,305,2266,2571,113.1379838,437.3484286,24.9739255,5.63768,97.82608696,17506.08722,2268.624409
176,2023,Scotland,Dumfries and Galloway,687,4206,4893,103.8164036,321.8271827,24.51790652,5.28682,94.73684211,16062.30077,776.0807104
177,2023,Scotland,Dumfries and Galloway,729,4695,5424,102.5421877,451.1100235,22.97307708,5.2328,98.2832618,19773.35974,1585.923514
178,2023,Scotland,Dumfries and Galloway,298,3312,3610,96.02850574,333.503135,17.62662865,5.7,95.91836735,18803.13663,931.1273363
179,2023,Scotland,Dumfries and Galloway,432,4888,5320,109.8834114,379.6754645,17.59394911,5.62937,96.66666667,19620.68805,710.7532851
180,2023,Scotland,Dumfries and Galloway,550,4268,4818,102.8820926,444.0320436,19.2381555,5.29545,94.56521739,26321.03068,1383.460524
181,2023,Scotland,Dumfries and Galloway,495,3661,4156,102.3401546,483.7799806,15.35935922,5.5814,94.11764706,26920.44272,828.2207839
182,2023,Scotland,Dumfries and Galloway,96,2307,2403,103.5414684,260.5315422,17.04437673,5.81818,98.93617021,14829.39527,651.5090455
183,2023,Scotland,Dumfries and Galloway,413,3356,3769,100.7800287,363.1781517,17.36388854,5.53982,93.47826087,19008.1773,671.011206
184,2023,Scotland,Dumfries and Galloway,776,3830,4606,104.3821753,398.3302692,26.6785227,5.04242,94.44444444,28307.27452,878.5855773
185,2023,Scotland,Dumfries and Galloway,389,3615,4004,104.6004763,352.0689977,14.50605588,6.06015,96.53179191,22511.41555,591.8733051
186,2023,Scotland,Dumfries and Galloway,286,4184,4470,104.2753454,298.4143122,16.22779631,5.86047,96.17486339,19749.53247,636.3085836
187,2023,Scotland,Dumfries and Galloway,303,3243,3546,90.17422883,364.0084385,12.51899519,5.52857,91.39784946,23612.12368,686.2845773
188,2023,Scotland,Dumfries and Galloway,1457,4331,5788,112.9420723,787.3478484,29.05636011,5.04911,89.24731183,36307.2494,2194.745048
189,2023,Scotland,Dumfries and Galloway,806,3768,4574,103.5900664,514.8916616,19.56225889,5.10127,91.83673469,26410.57191,2290.591457
190,2023,Scotland,Dumfries and Galloway,316,3223,3539,106.6700043,267.0186832,15.43724516,5.77143,91.85185185,23021.5359,670.0111471
191,2023,Scotland,Dumfries and Galloway,289,3055,3344,106.5705984,493.1322085,14.65273991,5.72222,94.30894309,23593.38879,1446.836202
192,2023,Scotland,Dumfries and Galloway,254,2878,3132,108.4625904,372.0308257,20.15128299,5.57831,95.4954955,24978.39274,1061.455883
193,2023,Scotland,Dumfries and Galloway,121,2625,2746,106.2808687,260.3176525,9.391700013,6.07778,96.33027523,17967.06713,405.0649753
194,2023,Scotland,Dumfries and Galloway,117,2656,2773,104.4293716,208.2205678,9.445568813,5.75904,94.39252336,17604.25963,212.0497937
195,2023,Scotland,Dumfries and Galloway,678,2592,3270,93.63868811,694.0107596,25.95087771,5.1828,90.6779661,37958.12889,6197.535019
196,2023,Scotland,Dumfries and Galloway,321,3101,3422,107.4061574,559.1867792,20.65356249,5.7,90.8496732,25392.32392,1829.215764
197,2023,Scotland,Dumfries and Galloway,280,2664,2944,106.3183598,385.7630319,13.59942646,5.42,95.27559055,30425.32731,610.0880446
198,2023,Scotland,Dumfries and Galloway,139,2719,2858,109.236737,312.7138103,12.33309405,5.96739,95.16129032,25509.16994,472.0099849
199,2023,Scotland,Dumfries and Galloway,159,3533,3692,68.42053173,193.7543096,7.27241323,5.89623,92.30769231,22483.50265,1135.184905
200,2023,Scotland,Dumfries and Galloway,252,3040,3292,100.8898475,242.4715982,14.69893417,5.73786,95.07042254,20272.92392,1015.0663
201,2023,Scotland,Dumfries and Galloway,588,4414,5002,97.80330604,525.7903137,17.17260942,5.04375,92.30769231,24485.31357,1887.18078
202,2023,Scotland,Dumfries and Galloway,319,3464,3783,101.5301178,426.3403582,17.69794721,5.97037,96.62921348,25693.32195,1515.110587
203,2023,Scotland,Dumfries and Galloway,372,3392,3764,107.5278664,232.257961,14.29480811,5.65138,98.52941176,15038.0046,528.2595698
204,2023,Scotland,Dumfries and Galloway,356,3559,3915,102.942392,315.7335137,20.90388873,5.46324,94.25287356,19939.7771,1317.058921
205,2023,Scotland,Dumfries and Galloway,185,2332,2517,107.1273133,241.0148715,12.77739613,5.39394,96.66666667,20425.96279,1679.073364
206,2023,Scotland,Dumfries and Galloway,404,2710,3114,103.7962752,552.6999854,18.7226535,5.17582,91,25153.87456,1900.24959
207,2023,Scotland,Dumfries and Galloway,719,4866,5585,102.4432871,471.0843103,24.83719388,5.1729,92.72030651,30287.75872,987.9502897
208,2023,Scotland,Dumfries and Galloway,195,2751,2946,104.9660321,467.4559546,12.44144453,5.61111,93.96551724,17582.1778,586.4247503
209,2023,Scotland,Dumfries and Galloway,379,3641,4020,102.7894494,300.0989265,19.95752049,5.11111,93.70629371,18312.8914,1962.002286
210,2023,Scotland,Dundee City,212,5521,5733,102.1980606,240.042952,6.765290466,5.9901,97.88732394,19884.98843,1012.392411
211,2023,Scotland,Dundee City,633,6604,7237,97.03802295,754.4986583,13.2854262,4.92157,85.71428571,43013.77058,934.3292802
212,2023,Scotland,Dundee City,828,4844,5672,104.8632963,586.8081387,21.61758293,5.2973,90.72164948,25694.86702,921.536349
213,2023,Scotland,Dundee City,760,4200,4960,98.06422279,892.3255111,28.9016177,5.29577,80.68181818,27047.40924,4770.191784
214,2023,Scotland,Dundee City,929,4551,5480,97.13682167,812.919751,27.28552749,4.7619,94.54545455,31201.64402,2741.049862
215,2023,Scotland,Dundee City,1295,3361,4656,99.66787578,869.2475913,29.0407031,4.74775,86.53846154,35763.95111,2263.487517
216,2023,Scotland,Dundee City,1309,3539,4848,94.42978738,781.5736416,26.38265807,4.98864,87.09677419,34051.6865,1739.780503
217,2023,Scotland,Dundee City,1265,4427,5692,97.84789946,766.4264402,27.98471225,4.94068,86.66666667,33444.45834,1541.213467
218,2023,Scotland,Dundee City,210,3029,3239,106.045255,319.9611331,16.18028407,5.97778,97.4137931,22200.37846,794.5111318
219,2023,Scotland,Dundee City,598,3803,4401,108.6784272,464.1338881,18.44788091,5.525,89.09090909,30508.02817,1216.408631
220,2023,Scotland,Dundee City,1203,3280,4483,111.4834533,803.9583766,28.09883631,4.92086,77.65957447,36775.84675,1861.751322
221,2023,Scotland,Dundee City,153,3034,3187,102.2662414,261.0405577,10.80668353,6.05263,98.64864865,22208.17612,672.7734196
222,2023,Scotland,Dundee City,732,2021,2753,110.5867003,792.5506662,32.71335044,4.71429,85.59322034,29870.45894,2314.285758
223,2023,Scotland,Dundee City,329,4796,5125,101.6907844,213.4059339,9.135389867,5.8062,94.79768786,27851.30585,1009.848032
224,2023,Scotland,Dundee City,196,3526,3722,105.3666967,299.3507632,6.41971106,5.53226,95.03546099,21917.22772,529.8214932
225,2023,Scotland,Dundee City,295,4154,4449,101.3888983,279.0044622,5.931537428,5.70492,96.42857143,22645.12057,662.0313445
226,2023,Scotland,Dundee City,246,6378,6624,94.88576294,288.5937024,5.470593662,5.76871,97.88519637,25776.49938,461.6215369
227,2023,Scotland,Dundee City,1620,4460,6080,100.0644715,518.1283426,21.89789061,4.66107,85.08287293,29173.2452,1300.087424
228,2023,Scotland,Dundee City,1025,5277,6302,94.11758703,501.4611176,16.97022491,5.01948,89.33333333,32360.04263,1445.300421
229,2023,Scotland,Dundee City,1694,3607,5301,99.32622127,814.9043872,22.74050062,4.45703,83.69905956,29933.46612,2984.496567
230,2023,Scotland,Dundee City,534,2723,3257,96.40709009,401.6701641,16.09980487,4.98101,90.4494382,19297.15222,2367.341136
231,2023,Scotland,Dundee City,901,3145,4046,93.43136096,535.5980584,15.73044644,4.68421,85.546875,28128.93207,1118.829773
232,2023,Scotland,Dundee City,485,4324,4809,105.7649221,298.5246874,13.44594481,5.13291,90.30612245,27980.07373,808.4965391
233,2023,Scotland,Dundee City,424,3223,3647,100.4891589,385.2780998,15.78924324,5.12121,89.55223881,27639.77015,2725.008891
234,2023,Scotland,Dundee City,1063,3790,4853,104.5856488,691.2033321,21.71156908,4.79268,82.5,34253.91624,1519.112532
235,2023,Scotland,Dundee City,365,3367,3732,95.28570588,485.120489,9.847616563,5.48673,95.27559055,27393.22805,739.3928498
236,2023,Scotland,Dundee City,930,3530,4460,106.7493456,897.0321856,23.7855628,4.8843,87.65432099,34629.99206,2498.662
237,2023,Scotland,Dundee City,1181,3130,4311,103.2526321,626.2849663,26.05999505,4.79012,81.95121951,31311.2589,2333.95983
238,2023,Scotland,Dundee City,1420,4176,5596,98.23670501,590.9913884,21.67280056,4.75843,85.32818533,32472.23807,2545.512237
239,2023,Scotland,Dundee City,1441,4648,6089,99.24044823,574.5785036,21.5777143,5.10902,87.65060241,32425.1931,1730.750496
240,2023,Scotland,Dundee City,115,3851,3966,77.45852428,234.088695,6.134659235,5.70238,97.17514124,25078.07057,1078.937478
241,2023,Scotland,East Ayrshire,850,2332,3182,110.0638369,724.8888099,29.98460702,5.12727,88.79310345,28389.93063,1201.895549
242,2023,Scotland,East Ayrshire,682,3455,4137,100.5693727,505.9493479,25.19362109,5.5098,92.43697479,28928.73581,486.9964454
243,2023,Scotland,East Ayrshire,723,4275,4998,103.5536573,499.5880856,20.49833247,5.37572,91.04477612,32474.64145,651.4574529
244,2023,Scotland,East Ayrshire,473,2651,3124,103.8279063,550.0457699,30.29744609,5.04959,86.66666667,26303.00641,521.3763608
245,2023,Scotland,East Ayrshire,417,3555,3972,110.1072938,408.5112414,16.86775767,5.57143,93.33333333,30594.31013,545.0616329
246,2023,Scotland,East Ayrshire,795,3945,4740,102.7576895,487.1652965,18.34488951,5.18705,90.96385542,24002.022,1074.514994
247,2023,Scotland,East Ayrshire,574,2101,2675,107.581748,660.084466,38.36616887,4.87692,87.5,35511.82886,730.6193438
248,2023,Scotland,East Ayrshire,982,3856,4838,105.6400283,637.2542256,25.66307304,4.92727,91.30434783,29053.50056,1117.802282
249,2023,Scotland,East Ayrshire,510,3359,3869,102.3162303,486.4061716,17.31259773,5.16176,94.08284024,23596.04648,2092.342466
250,2023,Scotland,East Ayrshire,782,2915,3697,102.7945958,557.6469441,22.62958849,5.0873,89.59537572,28499.53167,2012.773316
251,2023,Scotland,East Ayrshire,295,5728,6023,83.23579294,264.3898096,7.092280569,5.94845,94.77911647,20516.55674,761.4412401
252,2023,Scotland,East Ayrshire,385,3742,4127,107.408155,325.8615202,11.955305,5.89655,95.93023256,23501.51942,918.9474385
253,2023,Scotland,East Ayrshire,312,2147,2459,99.42604657,416.6375182,16.88183785,5.20833,92.85714286,24472.39223,401.1572135
254,2023,Scotland,East Ayrshire,441,3402,3843,105.506765,413.2104155,19.54396522,5.5,92.70072993,20149.2098,878.4561606
255,2023,Scotland,East Ayrshire,539,2258,2797,115.6033474,639.5318171,31.5210884,5.21687,91.66666667,23261.30923,1212.926117
256,2023,Scotland,East Ayrshire,740,4032,4772,102.4945052,466.8575285,22.27604642,5.16667,93.22033898,35881.8958,722.5375674
257,2023,Scotland,East Ayrshire,898,4755,5653,110.6396184,600.7846642,25.88458192,5.39456,90.82125604,34477.433,1820.294228
258,2023,Scotland,East Ayrshire,1403,2978,4381,103.1960635,686.9971476,30.91099038,4.78017,87.83269962,34681.97051,1469.334541
259,2023,Scotland,East Ayrshire,768,3406,4174,99.19874466,612.97959,28.84384706,5.34848,92.1686747,34918.44438,1100.408113
260,2023,Scotland,East Ayrshire,496,2341,2837,108.3971051,762.6204938,22.47920659,5.625,91.89189189,28431.74877,3789.061772
261,2023,Scotland,East Ayrshire,298,2913,3211,101.6092691,393.3261261,10.78110682,5.91566,96.66666667,27016.61439,1462.785105
262,2023,Scotland,East Ayrshire,463,2444,2907,105.5043912,504.7878885,19.14921066,5.54717,92.14285714,28403.66814,1096.893353
263,2023,Scotland,East Ayrshire,579,3054,3633,107.6806526,471.1293269,25.98895359,5.48837,92.85714286,23678.88627,788.0479597
264,2023,Scotland,East Ayrshire,139,5716,5855,100.9849616,302.1485465,5.620894816,6.13043,98.18181818,16844.57415,446.7992666
265,2023,Scotland,East Ayrshire,1115,3478,4593,100.3529794,751.4259546,26.54185985,5.10881,90.63829787,35515.43281,1240.384938
266,2023,Scotland,East Ayrshire,1294,3402,4696,95.78354284,711.045249,21.53944783,5,88.79310345,34021.85847,1979.418019
267,2023,Scotland,East Ayrshire,713,3245,3958,104.4764068,621.1877169,26.98206639,5.40741,89.83050847,31251.13345,5755.374131
268,2023,Scotland,East Ayrshire,161,5650,5811,93.03086601,216.3242434,5.308517858,6.11111,97.9757085,18223.62038,445.5603499
269,2023,Scotland,East Ayrshire,369,3864,4233,75.81867193,638.3099122,8.936775383,5.55405,92.81767956,26709.09519,842.288115
270,2023,Scotland,East Ayrshire,336,2409,2745,109.248246,447.1555073,16.72063283,5.5,94.56521739,23938.41217,658.8238733
271,2023,Scotland,East Dunbartonshire,88,2665,2753,108.0093596,189.9985087,4.061984827,6.34737,99.16666667,13576.28554,286.4930181
272,2023,Scotland,East Dunbartonshire,354,3123,3477,98.27561102,242.1477362,11.32499291,6.12403,93.75,21701.34947,295.6235739
273,2023,Scotland,East Dunbartonshire,107,3206,3313,101.9770407,301.9314209,2.219469986,6.31683,98.47328244,18247.09784,307.1548978
274,2023,Scotland,East Dunbartonshire,238,3763,4001,96.05511309,331.5575663,4.097524612,6.31405,98.57142857,17297.84142,848.9675662
275,2023,Scotland,East Dunbartonshire,57,2870,2927,80.28986252,123.6861605,1.186004388,6.50476,98.51851852,19652.42119,260.2434236
276,2023,Scotland,East Dunbartonshire,123,3634,3757,95.70866725,184.791862,1.629453907,6.58407,97.4522293,20685.26278,330.7499691
277,2023,Scotland,East Dunbartonshire,136,4345,4481,96.60332746,204.6914298,6.622364205,6.28814,99.09502262,19896.26492,319.1854179
278,2023,Scotland,East Dunbartonshire,199,4015,4214,99.67810523,177.811793,4.724825059,6.28467,96.37305699,16725.38918,490.1713073
279,2023,Scotland,East Dunbartonshire,135,2747,2882,98.68396047,269.7213554,10.66360114,6.17143,95.69892473,17496.63964,425.5909541
280,2023,Scotland,East Dunbartonshire,125,3515,3640,103.0011004,217.1478564,3.044384132,6.33673,97.4137931,22975.81616,380.5981505
281,2023,Scotland,East Dunbartonshire,80,3163,3243,102.2447954,180.8684787,4.101491392,6.43939,96.66666667,18827.75131,441.99026
282,2023,Scotland,East Dunbartonshire,80,2799,2879,99.65756039,151.516891,5.176255272,6.41772,98.07692308,15077.82079,390.6776717
283,2023,Scotland,East Dunbartonshire,123,2684,2807,101.400698,204.6186458,5.737288267,6.26804,97.76119403,17260.07366,492.3497572
284,2023,Scotland,East Dunbartonshire,202,4919,5121,102.4105188,236.9369978,6.580626402,6.17391,97.82608696,21045.79733,228.635969
285,2023,Scotland,East Dunbartonshire,306,6241,6547,97.21199455,262.9267696,5.336724751,6.23602,97.20930233,24499.85042,1275.952466
286,2023,Scotland,East Dunbartonshire,786,4862,5648,88.43220658,414.6240229,16.12000152,6.0381,93.53612167,28360.35233,612.4921982
287,2023,Scotland,East Dunbartonshire,81,2309,2390,100.8441542,266.3433024,6.134750546,6.27273,93.45794393,18348.4644,173.8190954
288,2023,Scotland,East Dunbartonshire,182,3865,4047,102.1090893,275.9270552,8.16409037,6.13542,95.76271186,20454.6643,231.0522699
289,2023,Scotland,East Dunbartonshire,314,4807,5121,102.8435378,258.5470302,8.659685853,6.02717,96.72131148,22423.21361,499.783843
290,2023,Scotland,East Dunbartonshire,89,3153,3242,102.0330481,153.1514687,3.303079901,6.29167,96.63865546,17450.74118,298.1794608
291,2023,Scotland,East Dunbartonshire,342,3120,3462,98.27431953,290.4567585,8.773851018,5.72165,93.79844961,24315.47188,884.0255336
292,2023,Scotland,East Dunbartonshire,525,3734,4259,92.64073317,476.1329609,11.01683532,5.96774,92.10526316,24629.94661,1534.002523
293,2023,Scotland,East Dunbartonshire,1068,3079,4147,98.53066769,628.8654047,19.03346339,5.4303,95.34883721,32590.03941,1122.566536
294,2023,Scotland,East Dunbartonshire,284,4657,4941,57.51693636,301.2908099,5.483613504,6.09816,98.04878049,21119.43505,333.4129551
295,2023,Scotland,East Dunbartonshire,321,2539,2860,96.42763676,457.7570022,15.59336348,5.42,91.8699187,21907.84699,668.0489894
296,2023,Scotland,East Dunbartonshire,513,2701,3214,110.0635363,506.6091018,23.1682754,5.48598,93.70629371,28652.33508,981.8685973
297,2023,Scotland,East Dunbartonshire,278,3770,4048,107.6899611,341.5067625,8.166033586,5.69565,94.89051095,24011.22016,268.2849045
298,2023,Scotland,East Dunbartonshire,599,4110,4709,104.6330354,438.6584358,18.5800236,5.77241,91.90751445,28838.2356,679.3962591
299,2023,Scotland,East Lothian,827,5830,6657,76.67854989,412.7480786,13.17729735,4.97222,91.02040816,26413.84214,989.6649685
300,2023,Scotland,East Lothian,452,4092,4544,101.3089266,372.6056526,11.61270477,5.3578,94,22306.59034,1211.38481
301,2023,Scotland,East Lothian,167,2861,3028,109.5755014,301.6724269,7.035283074,5.9726,94.05940594,18234.29872,5808.260286
302,2023,Scotland,East Lothian,781,4143,4924,106.0210087,371.7939819,12.26956586,5.34375,91,25612.15995,1012.189881
303,2023,Scotland,East Lothian,776,3846,4622,89.18622457,409.4743744,17.3202304,4.78659,87.93103448,23555.70497,2812.761331
304,2023,Scotland,East Lothian,438,1935,2373,92.14042532,477.3259545,15.15871876,5.01351,95.23809524,20669.95381,932.6564101
305,2023,Scotland,East Lothian,849,4748,5597,92.83118943,441.0822937,15.75053147,5.10119,93.21266968,21982.61212,1981.535389
306,2023,Scotland,East Lothian,548,3735,4283,99.68931513,366.7573922,14.61644729,5.17333,93.87755102,23805.44747,2000.070315
307,2023,Scotland,East Lothian,479,5284,5763,107.8550657,331.4188055,12.73906173,5.54598,95.06726457,19324.30657,1352.136068
308,2023,Scotland,East Lothian,921,5875,6796,83.42470733,324.4602666,15.18491873,5.2,90.35087719,21145.80954,774.7710928
309,2023,Scotland,East Lothian,656,5362,6018,95.58931166,420.0387256,13.40513434,5.30072,97.82608696,25233.04496,869.4564094
310,2023,Scotland,East Lothian,372,2535,2907,87.1392079,358.1995617,14.25204778,5.13559,95.3125,18519.40572,832.1014958
311,2023,Scotland,East Lothian,425,5357,5782,91.09548171,281.8218729,10.18182038,5.5049,97.89029536,16907.87405,822.1950099
312,2023,Scotland,East Lothian,334,5428,5762,70.62141109,233.901281,7.754764906,5.66845,96.92982456,14792.31116,999.3334499
313,2023,Scotland,East Lothian,308,3927,4235,94.02408236,276.389808,9.413403242,5.62914,96.39175258,18192.94595,1332.342451
314,2023,Scotland,East Lothian,645,4150,4795,99.40477471,513.4338008,19.7458478,5.5,95.5,18002.14929,829.2668482
315,2023,Scotland,East Lothian,200,4193,4393,91.14124308,269.6718936,7.363890499,5.85185,97.64705882,19899.07155,781.9043486
316,2023,Scotland,East Lothian,130,3145,3275,106.9544045,198.5965602,1.399969503,6.23,98.47328244,14708.15923,596.2821982
317,2023,Scotland,East Lothian,247,3941,4188,67.68817304,186.3182098,7.054230472,6.03535,97.25490196,16307.84807,1325.317363
318,2023,Scotland,East Lothian,248,4883,5131,82.58072768,266.5526917,6.907592657,5.75243,96.28099174,11049.86849,1720.584339
319,2023,Scotland,East Lothian,509,4596,5105,70.6138863,447.1362733,9.534850209,5.55825,94.88188976,19491.72094,660.1470019
320,2023,Scotland,East Lothian,399,4263,4662,107.2579326,337.2186568,8.272308851,5.73171,96.31147541,18544.81739,1291.006072
321,2023,Scotland,East Renfrewshire,569,5715,6284,95.85927573,348.5503567,9.770337134,5.78543,94.46254072,18970.86919,531.6359322
322,2023,Scotland,East Renfrewshire,174,3310,3484,101.7825926,283.7112082,4.796851745,6.0463,95.41984733,14932.79393,337.2031071
323,2023,Scotland,East Renfrewshire,1355,4825,6180,100.9064126,614.9027771,20.2746066,5.35268,95.76923077,24811.62233,2314.567571
324,2023,Scotland,East Renfrewshire,391,3607,3998,86.21570397,359.8212697,11.16632936,5.68148,94.25287356,19613.17737,502.4013054
325,2023,Scotland,East Renfrewshire,775,3390,4165,100.7423222,826.0972601,22.87046016,5.4532,92.79661017,28520.88985,895.3898103
326,2023,Scotland,East Renfrewshire,385,7604,7989,69.96510684,228.5937656,7.185097963,6.18971,97.25685786,21278.57378,530.3028375
327,2023,Scotland,East Renfrewshire,450,5720,6170,104.6173898,293.8477549,10.27435187,6.22581,99.36708861,23199.70499,466.5648207
328,2023,Scotland,East Renfrewshire,61,3782,3843,95.88161698,159.3851306,6.020881448,6.38983,98.73417722,13794.17588,437.0748134
329,2023,Scotland,East Renfrewshire,230,6190,6420,72.38832802,149.4987054,5.62444278,6.44482,97.61904762,19069.51695,393.9344984
330,2023,Scotland,East Renfrewshire,281,4797,5078,90.36982184,177.2944652,6.208562169,6.22995,95.18072289,18439.67334,513.7980001
331,2023,Scotland,East Renfrewshire,111,3213,3324,90.37695023,266.0816063,5.604925574,6.33333,97.20670391,20115.60363,408.2596767
332,2023,Scotland,East Renfrewshire,312,3336,3648,96.76175426,352.5706209,10.20474474,6.13369,97.19626168,23260.16793,614.4751009
333,2023,Scotland,East Renfrewshire,124,6126,6250,103.3814998,142.79177,2.813651157,6.26733,98.13829787,16261.40344,353.4319237
334,2023,Scotland,East Renfrewshire,47,3208,3255,93.8827006,273.3468042,2.923965676,6.30645,96.38554217,18744.60295,313.3131718
335,2023,Scotland,East Renfrewshire,118,3616,3734,101.8332835,239.004759,4.239597561,6.28986,96.95121951,16865.65125,290.3047947
336,2023,Scotland,East Renfrewshire,130,4587,4717,102.5329247,197.33182,2.557738952,6.42286,99.10313901,22008.74306,220.6572431
337,2023,Scotland,East Renfrewshire,175,4691,4866,101.3548255,193.476512,6.826196025,6.41615,98.06763285,19694.15304,351.967404
338,2023,Scotland,East Renfrewshire,49,3430,3479,99.24606849,160.7993412,1.364977158,6.51515,98.88268156,16585.67461,295.2435138
339,2023,Scotland,East Renfrewshire,308,3526,3834,101.9387495,351.0832062,7.785060479,6.37615,94.07894737,25263.50883,1389.556726
340,2023,Scotland,East Renfrewshire,379,3663,4042,98.95236055,332.7309057,11.02833005,6.30808,98,17197.25804,584.9099272
341,2023,Scotland,"Edinburgh, City of",219,5612,5831,96.40558601,177.2454169,4.088365365,6.17062,95.63492063,15743.72953,486.4736529
342,2023,Scotland,"Edinburgh, City of",135,6091,6226,91.65868079,181.2152527,4.597855734,6.01681,97.95918367,19825.75914,491.1420085
343,2023,Scotland,"Edinburgh, City of",96,3203,3299,87.67110132,208.6379199,2.418428224,6.24176,95.04132231,18485.31234,524.4097981
344,2023,Scotland,"Edinburgh, City of",113,4180,4293,96.99353376,194.9933829,5.725897619,6,95.28301887,19170.14747,625.9397699
345,2023,Scotland,"Edinburgh, City of",88,4569,4657,91.89175422,124.5740804,1.993799614,6.30588,99.12280702,14444.2923,617.5875678
346,2023,Scotland,"Edinburgh, City of",122,4595,4717,107.7164412,232.004333,5.582906913,6.10714,96.07843137,20499.71381,773.708536
347,2023,Scotland,"Edinburgh, City of",871,2760,3631,98.05389696,826.0385353,26.69729942,4.8359,91.15044248,28546.54917,1302.463417
348,2023,Scotland,"Edinburgh, City of",1047,3518,4565,105.7738321,731.9120379,30.27614232,4.97516,92.67015707,31502.75889,1640.82413
349,2023,Scotland,"Edinburgh, City of",1203,2601,3804,105.1907006,852.7632879,30.43852831,4.68391,86.09625668,31124.23766,3106.730762
350,2023,Scotland,"Edinburgh, City of",269,2843,3112,103.1197244,354.6541308,21.15605593,5.14444,91.81818182,22439.49493,1357.534529
351,2023,Scotland,"Edinburgh, City of",709,3007,3716,86.30088032,722.4199088,21.22764882,5.08955,91.80327869,30965.46835,1914.405076
352,2023,Scotland,"Edinburgh, City of",1075,4871,5946,99.21812467,560.1700453,16.77306035,5.07586,88.95348837,34087.3457,1483.357795
353,2023,Scotland,"Edinburgh, City of",480,4028,4508,95.69285169,496.3596009,17.53436336,5.46875,96.12903226,21518.44926,1624.349432
354,2023,Scotland,"Edinburgh, City of",445,4660,5105,88.63867083,429.2396975,14.64115093,5.41975,87.75510204,27315.39463,1246.407369
355,2023,Scotland,"Edinburgh, City of",544,4871,5415,85.29308133,597.7753672,16.90160664,5.23077,90.47619048,24268.62,1426.361706
356,2023,Scotland,"Edinburgh, City of",387,3661,4048,102.5989669,677.635211,11.80160824,5.60714,100,16704.67163,1017.202554
357,2023,Scotland,"Edinburgh, City of",142,5250,5392,96.16258912,245.0805129,5.427956324,6.33333,97.87234043,15438.93939,344.1086712
358,2023,Scotland,"Edinburgh, City of",66,4962,5028,99.37941687,202.992691,2.517174821,6.34483,98.37398374,16413.73333,648.6874656
359,2023,Scotland,"Edinburgh, City of",140,4554,4694,96.90822601,292.9991809,2.051545822,6.2766,97.22222222,15589.54041,522.7025402
360,2023,Scotland,"Edinburgh, City of",54,4305,4359,100.7953968,154.4777397,2.008483455,6.46429,97.72727273,14231.93079,516.5873023
361,2023,Scotland,"Edinburgh, City of",592,3483,4075,99.40889431,418.9468304,17.09182332,5.53226,93.15068493,28129.75488,1245.365232
362,2023,Scotland,"Edinburgh, City of",492,2174,2666,92.81634117,496.4276521,20.42253698,5.3908,87.82608696,25313.07612,874.5694242
363,2023,Scotland,"Edinburgh, City of",73,5080,5153,104.3341938,163.2018031,6.71423006,6.18978,98.28571429,14245.05503,744.516222
364,2023,Scotland,"Edinburgh, City of",75,5571,5646,90.51665318,159.1136218,1.940394388,6.45918,97.95918367,14116.67332,323.1346515
365,2023,Scotland,"Edinburgh, City of",167,2884,3051,40.29983086,236.1699047,8.979345137,5.5736,95.2991453,17525.30243,857.3916498
366,2023,Scotland,"Edinburgh, City of",103,2445,2548,107.2560376,202.1587939,12.3428473,5.725,95.45454545,15160.62974,890.1799148
367,2023,Scotland,"Edinburgh, City of",1254,4633,5887,92.47520826,576.3122747,26.24693419,5.01953,89.20863309,26169.46661,1358.241924
368,2023,Scotland,"Edinburgh, City of",688,3133,3821,96.53918629,559.2779755,22.9178072,4.91156,90.22988506,23144.25245,1338.949235
369,2023,Scotland,"Edinburgh, City of",709,3577,4286,99.6708678,592.9567694,20.74686296,4.83333,88.27160494,24932.41538,1900.235003
370,2023,Scotland,"Edinburgh, City of",745,2561,3306,105.722002,643.2935897,23.60408094,5.25,91.26984127,25424.62016,1541.15757
371,2023,Scotland,"Edinburgh, City of",107,3125,3232,114.6928425,353.9369395,7.462445932,5.9403,98.80952381,19879.44424,1257.744221
372,2023,Scotland,"Edinburgh, City of",193,3066,3259,84.87440593,439.213404,4.190182793,6.22642,92.10526316,25234.66754,763.9963452
373,2023,Scotland,"Edinburgh, City of",859,4148,5007,96.80384219,500.0254855,20.88232523,5.13669,92.26190476,22664.71756,748.953614
374,2023,Scotland,"Edinburgh, City of",255,6597,6852,94.75576038,224.2273853,3.841802618,6.27419,96.95652174,21028.78055,1212.984861
375,2023,Scotland,"Edinburgh, City of",368,3021,3389,102.4801281,381.4912851,9.117660032,5.79245,95.65217391,25848.98429,699.3175255
376,2023,Scotland,"Edinburgh, City of",195,5735,5930,85.35072334,379.6500684,4.420695066,6.13333,92.98245614,21229.85724,514.4150868
377,2023,Scotland,"Edinburgh, City of",174,5653,5827,98.72233643,211.7611668,2.782436873,6.5514,97.01492537,22912.78956,740.9992314
378,2023,Scotland,"Edinburgh, City of",149,4986,5135,108.7950482,291.9447637,4.953658598,6.15217,95.38461538,26459.39581,405.9494045
379,2023,Scotland,"Edinburgh, City of",73,4767,4840,106.8947932,154.0217041,1.906149301,6.42857,97.5,13256.29998,335.7278399
380,2023,Scotland,"Edinburgh, City of",173,5918,6091,100.8783853,117.7095266,3.389252886,6.28916,98.13084112,15702.1823,790.2715028
381,2023,Scotland,"Edinburgh, City of",153,4932,5085,101.3728989,345.5271052,2.902748039,6.2381,96.55172414,15059.08253,891.3765179
382,2023,Scotland,"Edinburgh, City of",235,5940,6175,103.7831829,282.9171966,7.802038987,6.37634,98.47328244,21430.9579,516.4901941
383,2023,Scotland,"Edinburgh, City of",258,4575,4833,102.2685376,515.927096,8.368162584,6.2449,91.66666667,19343.19869,316.9184278
384,2023,Scotland,"Edinburgh, City of",769,7052,7821,81.22034538,537.840215,16.32496304,5.45614,86.81318681,30810.42682,1180.635307
385,2023,Scotland,"Edinburgh, City of",497,5870,6367,86.77998621,495.0083353,14.21968308,5.89744,88.88888889,22279.91103,2509.807501
386,2023,Scotland,"Edinburgh, City of",330,7174,7504,80.4373209,333.0044858,12.24559094,5.92453,97.05882353,21654.26263,993.4287484
387,2023,Scotland,"Edinburgh, City of",600,5920,6520,94.20304865,728.0823421,27.61781154,5.63636,79.16666667,16763.89342,9679.702114
388,2023,Scotland,"Edinburgh, City of",864,7516,8380,79.93732586,723.6236044,28.54586129,5.33333,88.88888889,24428.46358,2450.95164
389,2023,Scotland,"Edinburgh, City of",334,2573,2907,90.62219234,522.4437496,14.01395553,5,88,41439.90938,896.6312729
390,2023,Scotland,"Edinburgh, City of",355,4590,4945,80.96949412,412.8988976,11.00266827,5.375,97.5,22758.45305,1031.048711
391,2023,Scotland,"Edinburgh, City of",299,4886,5185,104.9149653,285.9936354,8.495304514,5.89474,90.51724138,20843.26638,550.331262
392,2023,Scotland,"Edinburgh, City of",1019,3482,4501,43.65118113,1031.146175,19.17204619,5.21186,90.3654485,31685.68876,2115.284724
393,2023,Scotland,"Edinburgh, City of",1446,3131,4577,91.25438943,889.9407145,25.35333196,4.90821,88.25910931,31072.87779,1300.304275
394,2023,Scotland,"Edinburgh, City of",1029,2660,3689,107.5187732,760.3361687,23.56769639,4.65347,82.26950355,33166.92376,1327.865302
395,2023,Scotland,"Edinburgh, City of",294,3562,3856,65.77531126,270.06907,12.20942904,5.38532,89.36170213,20026.36394,1827.969012
396,2023,Scotland,"Edinburgh, City of",246,5150,5396,103.082513,284.6570911,4.772177171,6.06548,96.03960396,18227.82834,608.5948838
397,2023,Scotland,"Edinburgh, City of",461,3690,4151,87.42757985,387.8974005,10.05423228,5.85849,87.5,20532.73383,1736.036454
398,2023,Scotland,"Edinburgh, City of",162,3906,4068,99.36753462,245.6249588,4.490774629,6.03361,93.79310345,23779.69094,590.6706156
399,2023,Scotland,"Edinburgh, City of",129,2444,2573,98.20261461,254.7361216,7.710939325,5.575,96.96969697,21575.80883,822.6168955
400,2023,Scotland,"Edinburgh, City of",527,3101,3628,104.6799133,463.8604343,15.86953933,4.87069,90.22556391,26119.94163,1532.800506
401,2023,Scotland,"Edinburgh, City of",86,2738,2824,101.6185059,288.9028316,8.235037956,5.84127,98.8372093,18321.15671,604.0640832
402,2023,Scotland,"Edinburgh, City of",673,2849,3522,108.921933,669.1687922,21.97708916,5.09211,87.77777778,31003.19526,1085.873155
403,2023,Scotland,"Edinburgh, City of",1071,3346,4417,113.9702749,773.3002703,25.28172421,5.2381,89.43089431,29260.03978,1673.894018
404,2023,Scotland,"Edinburgh, City of",308,4328,4636,106.2585786,264.198272,5.450660417,5.84091,94.01197605,17104.249,512.210727
405,2023,Scotland,"Edinburgh, City of",370,3711,4081,52.50027952,312.1880661,22.1316523,4.75,96.66666667,13667.77658,1040.514739
406,2023,Scotland,"Edinburgh, City of",844,4322,5166,101.0427799,612.6242465,15.66254194,5.35366,91.59663866,27861.6529,981.5731556
407,2023,Scotland,"Edinburgh, City of",539,4740,5279,102.685123,384.1543198,13.29884841,5.38182,95,15780.90644,1663.799899
408,2023,Scotland,"Edinburgh, City of",845,4552,5397,97.87607924,670.9268244,23.52618936,5.05556,89.58333333,37290.34302,2126.940868
409,2023,Scotland,"Edinburgh, City of",618,4768,5386,106.3259123,714.0902355,28.69507068,5.39063,87.5,32219.47383,1550.145421
410,2023,Scotland,"Edinburgh, City of",296,3341,3637,97.81399174,554.4264409,18.41800176,4.975,91.89189189,32339.87205,854.7549625
411,2023,Scotland,"Edinburgh, City of",384,3116,3500,99.96645297,1020.319885,27.71222585,5.53333,95,37005.34314,928.3669534
412,2023,Scotland,"Edinburgh, City of",289,5250,5539,94.56848058,275.0905688,9.472764429,6,100,20364.51032,727.2555307
413,2023,Scotland,"Edinburgh, City of",364,3161,3525,103.227646,449.6713689,16.60794993,5.34043,90,24461.42685,1025.295245
414,2023,Scotland,"Edinburgh, City of",365,3413,3778,88.15315866,556.0932203,17.67228757,5.61111,96.96969697,26315.14872,879.9177266
415,2023,Scotland,"Edinburgh, City of",128,3697,3825,97.38065517,207.5040505,3.036103703,6.08602,97.05882353,18576.73496,721.6983843
416,2023,Scotland,"Edinburgh, City of",171,4578,4749,100.486962,277.5449098,2.649461154,6.28571,96.66666667,18506.87652,730.9458858
417,2023,Scotland,"Edinburgh, City of",115,3770,3885,105.9430591,217.6015783,5.20132918,6.36364,90,21987.70551,874.6581676
418,2023,Scotland,"Edinburgh, City of",252,3939,4191,87.04616562,296.8847266,11.59936678,5.89286,88.37209302,26574.91426,637.999701
419,2023,Scotland,"Edinburgh, City of",154,4597,4751,90.36960086,301.0319081,7.203215706,5.84091,94.02985075,20577.10241,751.908172
420,2023,Scotland,"Edinburgh, City of",100,2713,2813,110.5390936,335.0151947,5.377749729,5.82353,88.46153846,10444.02702,1152.786134
421,2023,Scotland,"Edinburgh, City of",149,3346,3495,112.8772033,215.978697,3.502806293,5.375,100,19098.11982,1413.873007
422,2023,Scotland,"Edinburgh, City of",66,3156,3222,103.4465529,152.709885,8.822627152,6.6,81.25,11784.45971,372.8425147
423,2023,Scotland,"Edinburgh, City of",241,5535,5776,106.1596524,221.77363,4.554974603,5.91429,94.33962264,19016.19028,703.594157
424,2023,Scotland,"Edinburgh, City of",59,3999,4058,99.64284183,163.0085337,10.35904825,5.77143,97.77777778,18275.26497,640.6980257
425,2023,Scotland,"Edinburgh, City of",213,6678,6891,91.23556971,171.2110134,7.227125446,5.12121,85.71428571,15635.75792,2635.35203
426,2023,Scotland,"Edinburgh, City of",234,4104,4338,102.8717503,317.1425986,4.27363581,5.55738,93.82716049,24388.74978,770.3704394
427,2023,Scotland,"Edinburgh, City of",51,4392,4443,98.3834145,133.3859738,1.404525758,6.23333,94.28571429,16331.50343,666.1558861
428,2023,Scotland,"Edinburgh, City of",88,4596,4684,92.31871478,221.9584817,2.515555744,6.29231,96.66666667,14895.91603,1887.479329
429,2023,Scotland,"Edinburgh, City of",125,5918,6043,97.99709162,155.229426,1.391308662,6.20635,98.30508475,17928.5733,494.8822318
430,2023,Scotland,"Edinburgh, City of",809,4044,4853,100.1756228,453.3664581,23.73304261,5.17778,88.44221106,35351.38448,1419.991468
431,2023,Scotland,"Edinburgh, City of",1065,4109,5174,82.90948176,557.0940622,25.8614763,5.12745,90.83969466,25577.17145,1304.941746
432,2023,Scotland,"Edinburgh, City of",385,5162,5547,91.69318944,317.745176,10.91979198,5.67347,93.92265193,22397.57101,890.1404452
433,2023,Scotland,"Edinburgh, City of",820,2221,3041,108.7192073,878.4205035,28.38374291,5.27848,90.2173913,25963.3816,1619.690288
434,2023,Scotland,"Edinburgh, City of",729,3237,3966,75.46321594,793.6947716,16.33426409,5.34234,84.67153285,26046.57614,1351.883557
435,2023,Scotland,"Edinburgh, City of",656,3568,4224,94.56013208,636.8260227,26.98138825,5.16197,90.11627907,25809.56266,1628.368357
436,2023,Scotland,"Edinburgh, City of",1396,4160,5556,79.59242766,684.7019136,25.8544409,5.22174,91.20521173,22338.14802,1269.805389
437,2023,Scotland,"Edinburgh, City of",123,4446,4569,100.144007,238.0044169,4.419345115,5.96454,93.97590361,16399.2207,805.6308793
438,2023,Scotland,"Edinburgh, City of",56,2704,2760,93.64336648,204.5573299,2.285037171,6.23404,97.10144928,19552.66676,386.7704323
439,2023,Scotland,"Edinburgh, City of",72,3968,4040,95.88219401,172.0871817,3.609307612,6.36275,96.92307692,24325.04178,604.7825439
440,2023,Scotland,"Edinburgh, City of",815,5372,6187,96.49440662,448.6265127,17.45476258,5.5122,93.33333333,27579.15958,778.7843552
441,2023,Scotland,"Edinburgh, City of",420,3873,4293,99.40940201,371.0536744,5.91187088,5.76316,92.5170068,24839.29938,468.0895047
442,2023,Scotland,"Edinburgh, City of",119,5135,5254,95.36822392,180.3834677,3.854366814,6.11765,97.72727273,15523.35988,621.9507288
443,2023,Scotland,"Edinburgh, City of",118,3701,3819,86.124674,204.8300596,5.909374694,5.86111,95.34883721,19182.47429,521.9701018
444,2023,Scotland,"Edinburgh, City of",190,5408,5598,101.3673342,238.3856947,5.301213247,6.09735,95.68345324,21652.67182,916.4911088
445,2023,Scotland,"Edinburgh, City of",182,2626,2808,108.3867813,234.9204016,10.99144111,5.5,86.31578947,13673.82139,340.9010183
446,2023,Scotland,"Edinburgh, City of",274,4149,4423,92.34383802,366.9757459,10.48663841,5.53153,93.89312977,20767.49433,558.2074732
447,2023,Scotland,"Edinburgh, City of",278,4614,4892,98.60551258,226.9425178,11.18633885,5.83784,95,22778.84129,2372.198831
448,2023,Scotland,"Edinburgh, City of",208,3285,3493,90.92317676,256.0278615,11.58294527,5.70588,99.23076923,20710.48702,6341.345708
449,2023,Scotland,"Edinburgh, City of",562,7021,7583,62.05541894,299.7020866,7.52083757,5.43668,95.40983607,22382.37124,1165.467713
450,2023,Scotland,"Edinburgh, City of",290,4526,4816,97.47184899,250.5909062,11.31074786,5.82682,94.54545455,22081.33457,708.3444147
451,2023,Scotland,"Edinburgh, City of",160,3795,3955,105.3053796,269.0711513,9.262552081,5.79104,96.07843137,15295.48233,566.3359215
452,2023,Scotland,Eilean Siar,299,2726,3025,100.0035391,506.8973284,11.93122044,5.6699,98.4,28407.69612,339.6919446
453,2023,Scotland,Eilean Siar,225,2683,2908,104.2784751,385.5570645,11.45986802,5.5814,97.4137931,26138.64419,462.0587576
454,2023,Scotland,Eilean Siar,186,1666,1852,102.9653617,256.9665344,12.8014337,5.73171,100,27171.22795,291.0816633
455,2023,Scotland,Eilean Siar,281,2225,2506,101.5229945,372.6704707,18.91900188,5.50847,96,20725.98673,447.2050811
456,2023,Scotland,Eilean Siar,447,3326,3773,105.7749444,410.8492355,10.77923586,5.22642,97.2027972,22629.84428,440.2837673
457,2023,Scotland,Eilean Siar,260,3419,3679,102.3080514,365.0691903,9.8115939,5.55797,98.32402235,20050.6289,456.1068506
458,2023,Scotland,Eilean Siar,450,2776,3226,113.3910698,686.2327934,17.91278489,4.94286,93.89312977,29587.69249,2814.393196
459,2023,Scotland,Eilean Siar,263,2530,2793,116.3014291,524.9117899,20.50703466,5.22222,98.01980198,29884.9286,1200.933916
460,2023,Scotland,Eilean Siar,226,2962,3188,102.6771469,302.6202536,10.00596881,5.61207,97.26027397,23518.14496,494.0738241
461,2023,Scotland,Falkirk,455,2734,3189,96.87869911,461.1213214,22.2862716,5.35294,93.91304348,26972.83049,853.2917418
462,2023,Scotland,Falkirk,500,3961,4461,79.39059033,361.7769561,15.63520626,5.59896,88.77005348,23536.95493,1086.023375
463,2023,Scotland,Falkirk,575,3534,4109,101.6491987,371.7757745,27.01395105,5.09375,89.88095238,21516.42846,683.5212107
464,2023,Scotland,Falkirk,174,2881,3055,103.7946811,310.8567352,13.98178178,5.61,92.23300971,19127.12159,445.1117668
465,2023,Scotland,Falkirk,435,3622,4057,101.1498771,398.9763003,16.3993716,5.48529,91.09589041,24433.53199,866.236138
466,2023,Scotland,Falkirk,619,4240,4859,101.173054,450.4696159,17.99654089,5.39429,90.86538462,26263.23685,831.1487327
467,2023,Scotland,Falkirk,324,3360,3684,93.8719311,527.7847306,14.28996166,5.45455,90.69767442,24975.87809,768.8290778
468,2023,Scotland,Falkirk,401,6560,6961,81.25364017,472.3367346,8.474897088,5.97026,96.59442724,23321.32711,1377.247499
469,2023,Scotland,Falkirk,179,3717,3896,100.56078,434.1623528,5.970912367,5.93836,97.76536313,23223.57911,654.2284614
470,2023,Scotland,Falkirk,553,2546,3099,100.2798326,609.6142351,21.78230154,5.33562,86.51685393,35573.08596,1789.887163
471,2023,Scotland,Falkirk,298,3129,3427,106.8350557,394.4423004,13.6265126,5.56303,90.90909091,24244.23385,759.9250778
472,2023,Scotland,Falkirk,137,3167,3304,107.1427089,230.2657108,6.275592249,5.67059,97.39130435,19731.03079,354.0854362
473,2023,Scotland,Falkirk,151,2497,2648,108.3843825,304.7673151,13.62220799,5.88095,93.39622642,18830.66631,451.9428032
474,2023,Scotland,Falkirk,308,2420,2728,107.4052687,424.4646514,21.12683865,5.49,86.61417323,30517.02665,548.2561168
475,2023,Scotland,Falkirk,314,4140,4454,67.59899805,402.5289999,9.137023166,5.69355,92.27272727,25859.31751,1114.178362
476,2023,Scotland,Falkirk,976,2752,3728,106.9584408,787.3974119,33.42566331,4.85075,82.05128205,37336.28386,1497.927918
477,2023,Scotland,Falkirk,455,4205,4660,98.25636508,655.1493439,14.1237841,5.63226,93.86792453,27957.13687,1119.891624
478,2023,Scotland,Falkirk,593,2843,3436,99.00541885,636.3401404,24.9842526,5.56338,87.09677419,29955.73021,3778.205555
479,2023,Scotland,Falkirk,743,3888,4631,102.0059521,731.9323668,23.83445398,5.30323,89.89361702,35044.71444,1435.663192
480,2023,Scotland,Falkirk,473,3053,3526,106.3402522,586.6463643,12.92727525,5.76056,97.91666667,33233.9435,4286.357595
481,2023,Scotland,Falkirk,300,3284,3584,99.94453883,387.1772342,14.49818078,5.41463,88.88888889,25161.94708,2099.799233
482,2023,Scotland,Falkirk,662,2304,2966,107.110149,857.8794098,21.95144265,5.23256,83.51648352,35703.92781,2651.143217
483,2023,Scotland,Falkirk,530,2241,2771,107.7253979,773.3961123,28.4636634,5.14286,83.08823529,35923.77569,1033.295166
484,2023,Scotland,Falkirk,431,2284,2715,103.5531054,587.3504287,24.16319836,5.47191,94.33962264,40156.74523,1666.061506
485,2023,Scotland,Falkirk,99,3646,3745,101.2224366,174.9915823,4.142811403,6.27132,97.48427673,17174.06061,235.6308742
486,2023,Scotland,Falkirk,656,2525,3181,101.7271232,548.0857414,29.94819378,5.296,89.61038961,23445.76588,1170.865475
487,2023,Scotland,Falkirk,234,2229,2463,109.0426405,338.3324816,12.90089188,5.55,94.11764706,23618.06767,608.1373758
488,2023,Scotland,Falkirk,737,4078,4815,101.7610569,514.8595199,25.11797233,5.30168,85.53191489,28137.83995,748.0815168
489,2023,Scotland,Falkirk,128,4598,4726,64.58162086,144.6141666,5.939386925,5.83938,94.82758621,20504.55028,653.2739112
490,2023,Scotland,Falkirk,232,3945,4177,103.9371046,326.8718889,6.97364899,5.93662,96.04519774,23501.1911,340.4003756
491,2023,Scotland,Falkirk,523,4710,5233,89.63387334,384.3833895,14.52610684,5.56,91.63636364,20803.40786,601.4402158
492,2023,Scotland,Falkirk,152,3895,4047,105.6008426,226.5872278,10.91648598,5.87013,95.23809524,20421.79193,1010.07605
493,2023,Scotland,Falkirk,359,2916,3275,114.9940422,359.2792424,17.76380756,5.55,89.90825688,25338.83176,731.6981546
494,2023,Scotland,Falkirk,433,2848,3281,101.5160603,471.6690778,27.6049524,5.31959,85.82677165,24331.31632,964.5630128
495,2023,Scotland,Falkirk,702,4059,4761,105.8857127,590.7094251,26.32147415,5.10625,92.85714286,29726.78423,1517.104835
496,2023,Scotland,Falkirk,409,2675,3084,112.7327314,545.6723025,25.38126742,5.4026,95.3271028,25350.24188,1444.658785
497,2023,Scotland,Falkirk,641,3546,4187,104.2286754,623.5017691,29.6871213,5.34091,88.69047619,25511.08986,1350.235051
498,2023,Scotland,Falkirk,691,3048,3739,107.5932215,690.7856406,22.5879294,5.22321,87.11656442,30484.73092,1587.064282
499,2023,Scotland,Falkirk,326,3997,4323,102.935904,321.0489223,14.56286292,5.36076,92.67015707,24499.36466,729.7374581
500,2023,Scotland,Falkirk,293,2739,3032,103.8229684,410.4554484,20.40605094,5.25243,90.76923077,24443.73762,606.3282378
501,2023,Scotland,Falkirk,397,2773,3170,101.7716379,534.983911,24.60914285,5.31325,88.11881188,28226.27539,1209.652297
502,2023,Scotland,Falkirk,451,4492,4943,91.80020513,358.5128359,14.70198775,5.60248,93.2038835,22666.0214,681.171777
503,2023,Scotland,Fife,285,2704,2989,97.20368659,643.2521097,16.94413695,5.31579,96.84210526,28734.59217,742.8910153
504,2023,Scotland,Fife,579,3440,4019,96.3607741,481.5887268,21.75321691,5.11236,92.10526316,24489.52598,625.0922062
505,2023,Scotland,Fife,218,2975,3193,76.39808635,426.9668277,9.001111249,5.42727,93.93939394,21966.13524,502.7784649
506,2023,Scotland,Fife,443,3065,3508,94.44335672,487.233025,18.51416003,5.16107,92.77108434,28352.58335,538.338004
507,2023,Scotland,Fife,134,2728,2862,99.13979713,246.7809108,14.48729159,5.9434,96.58119658,19001.95661,488.0569094
508,2023,Scotland,Fife,125,4100,4225,101.2907251,271.8810283,8.065291065,5.92661,97.36842105,19176.41872,639.8236697
509,2023,Scotland,Fife,211,3449,3660,100.0251579,283.0036009,10.38498246,5.53913,93.15068493,19384.78761,623.7792955
510,2023,Scotland,Fife,640,3069,3709,95.19868441,482.0376741,19.33138779,5.62025,85.95041322,27881.48225,1830.413033
511,2023,Scotland,Fife,661,3946,4607,97.98846351,478.0709203,19.32756857,5.40741,90.5027933,26108.7115,1196.851305
512,2023,Scotland,Fife,279,2833,3112,101.5284836,440.7862162,14.82019356,5.6,95.50561798,26855.84984,3157.246823
513,2023,Scotland,Fife,434,2866,3300,101.2633102,348.6195681,24.06301234,5.17188,93.91891892,24589.60468,1586.987216
514,2023,Scotland,Fife,74,2978,3052,105.0882155,229.6920491,6.394548199,6.2,98.26086957,20201.68677,404.8581853
515,2023,Scotland,Fife,345,4832,5177,104.5130364,362.1724371,9.246900052,5.71345,95.34883721,25800.75536,769.3761273
516,2023,Scotland,Fife,259,4984,5243,52.17145877,306.4579653,7.767668141,5.63071,93.68770764,19016.90919,487.6742305
517,2023,Scotland,Fife,623,2302,2925,90.93980676,678.0564795,22.95059192,4.93137,86.36363636,26878.20974,1102.946125
518,2023,Scotland,Fife,895,3014,3909,88.73307834,643.3610759,25.57128151,5.06849,84.81675393,29107.50158,1314.031215
519,2023,Scotland,Fife,321,2561,2882,101.2559761,419.893698,18.19763652,5.37288,92.8057554,27661.99704,662.6307029
520,2023,Scotland,Fife,117,3912,4029,105.1501218,331.6210791,4.809690356,5.92166,97.05882353,15585.61956,672.5679445
521,2023,Scotland,Fife,48,3021,3069,55.99108803,160.6627974,5.316595526,5.93785,97.23502304,21264.10111,369.3134363
522,2023,Scotland,Fife,73,3672,3745,108.6390615,243.5611238,6.706941278,6.03906,96.17486339,19686.00078,485.5944224
523,2023,Scotland,Fife,84,2438,2522,108.1491649,278.0914182,13.34766657,5.69811,91.89189189,19472.7929,840.0891873
524,2023,Scotland,Fife,280,2672,2952,104.8090709,464.2470536,14.04887478,5.34,91.4893617,28002.9339,655.1538038
525,2023,Scotland,Fife,329,2718,3047,101.5459804,435.3682148,19.61546668,5.03659,87.25490196,26606.49425,1024.339386
526,2023,Scotland,Fife,473,3094,3567,100.0422873,468.8899812,20.88106378,5.11321,95.16129032,27943.41908,1130.208378
527,2023,Scotland,Fife,315,3707,4022,99.49068628,363.3344676,15.66785783,5.25333,91.4893617,24039.95667,467.2673396
528,2023,Scotland,Fife,243,2869,3112,105.9688262,403.551436,14.25494412,5.69512,92.30769231,28908.21346,1051.429398
529,2023,Scotland,Fife,403,2458,2861,98.64839402,436.3493587,19.39964481,5.21138,89.05109489,30977.04712,882.3949798
530,2023,Scotland,Fife,54,2584,2638,110.3018593,314.7385814,2.347002763,6.11667,92.19858156,19587.50236,458.2625818
531,2023,Scotland,Fife,136,4243,4379,105.3904189,174.4437966,7.178335682,6.025,96.62162162,19893.59191,381.7590756
532,2023,Scotland,Fife,107,2497,2604,108.5347947,282.2928255,7.268357417,5.7381,92.92035398,20031.44536,609.882616
533,2023,Scotland,Fife,398,3114,3512,90.70982429,349.6063335,13.22898375,5.45631,91.03448276,31951.66953,1809.098066
534,2023,Scotland,Fife,608,2594,3202,96.13262904,519.7281982,24.14639223,5.19708,88.31168831,27225.68083,1365.698562
535,2023,Scotland,Fife,636,2460,4859,105.7387895,668.2853137,25.49262844,5.0202,89.16666667,28605.09128,1493.192292
536,2023,Scotland,Fife,575,4284,2663,86.73404054,473.9805686,16.11542113,5.25381,90.8,29162.28913,1318.691616
537,2023,Scotland,Fife,547,2116,3934,97.23321,473.8487481,20.87752177,4.9845,88.66666667,25129.74605,818.5737387
538,2023,Scotland,Fife,505,3429,2813,95.09765189,418.0294764,16.55262676,5.39568,91.94630872,29187.22732,857.7544046
539,2023,Scotland,Fife,607,2206,2916,105.5296306,762.4931793,34.52019492,4.95652,88.59649123,26048.99414,1638.656997
540,2023,Scotland,Fife,782,2134,6198,100.9804286,653.3875046,28.83418043,4.85366,81.76100629,32058.237,972.7262056
541,2023,Scotland,Fife,1081,5117,4369,87.84562758,417.6483909,17.88016135,5.11923,90.03215434,25403.49541,1551.09169
542,2023,Scotland,Fife,634,3735,3120,97.6496102,367.24206,15.18394978,5.28276,95.4248366,33458.56082,1097.220146
543,2023,Scotland,Fife,740,2380,3410,110.3990358,724.2071164,29.31953425,4.94792,85.36585366,21102.78707,1391.916655
544,2023,Scotland,Fife,242,3168,4079,83.96898139,233.956756,10.38696704,5.62105,93.65079365,25728.36895,1005.792731
545,2023,Scotland,Fife,557,3522,2590,98.49179443,419.3454014,18.17011715,5.39355,93.37016575,18428.97594,1527.725901
546,2023,Scotland,Fife,180,2410,2801,104.7704637,364.3851315,15.90456673,5.6375,91.42857143,25373.43296,647.7871916
547,2023,Scotland,Fife,223,2578,4539,105.8008607,301.2282323,19.81742922,5.74324,88.88888889,28969.2746,859.2380997
548,2023,Scotland,Fife,1054,3485,3203,98.70860571,572.2171273,31.47325453,5.36066,87.60683761,31846.45507,1814.430575
549,2023,Scotland,Fife,337,2866,3013,94.29785069,388.9369576,24.00188602,5.65421,92.85714286,30168.31725,5233.942869
550,2023,Scotland,Fife,332,2681,2925,99.33910246,457.7449703,28.96564321,5.25,90.24390244,31935.53364,1218.853671
551,2023,Scotland,Fife,455,2470,3096,100.5156854,424.6075688,26.19861632,5.30328,90.27777778,39486.52784,1076.611995
552,2023,Scotland,Fife,82,2478,2560,102.1194961,140.6651761,6.491315485,5.8046,96.26168224,19038.61447,823.8201455
553,2023,Scotland,Fife,307,2695,3002,101.0901534,318.9818677,17.43172949,5.36364,95,18500.36991,541.3682292
554,2023,Scotland,Fife,554,2426,2980,98.67597009,571.7551641,28.63322076,4.84466,83.59375,24947.92063,2572.021471
555,2023,Scotland,Fife,1193,3670,4863,107.8734416,741.966485,34.23174629,4.801,85.05747126,29822.58314,1856.829734
556,2023,Scotland,Fife,94,3130,3224,105.0950371,263.286592,9.267422226,5.57303,98.07692308,19295.17301,318.1988678
557,2023,Scotland,Fife,432,4867,5299,95.26436461,321.5873166,11.13401923,5.61842,96.21212121,36403.13626,2236.411036
558,2023,Scotland,Fife,838,2839,3677,100.5762858,714.9554198,29.45969054,4.68586,88.23529412,30601.88919,4077.264665
559,2023,Scotland,Fife,286,2718,3004,103.6707796,415.8775025,20.6943894,5.61818,90.10989011,28526.46783,1649.591521
560,2023,Scotland,Fife,1270,2950,4220,80.8390958,724.1344757,28.08652516,4.75287,83.96226415,35927.77959,3880.298934
561,2023,Scotland,Fife,701,2945,3646,97.00223926,496.9532307,28.39790183,5.33333,87.65432099,28185.55222,1849.144573
562,2023,Scotland,Fife,454,2645,3099,83.53841733,452.8154412,16.92193892,5.29808,89.6,26496.16361,1097.333188
563,2023,Scotland,Fife,654,3534,4188,104.7562773,534.2207809,19.6472235,5.01439,89.09090909,28640.79017,1344.749383
564,2023,Scotland,Fife,567,3690,4257,99.9381648,363.0852724,19.30388654,5.24286,91.36690647,23652.16267,1076.839802
565,2023,Scotland,Fife,1094,3010,4104,98.06922149,691.5731776,26.38705637,4.895,87.5,29229.73178,1410.790468
566,2023,Scotland,Fife,314,1874,2188,102.1037519,356.3710274,18.52971399,5.375,91.01123596,35064.04404,800.5108855
567,2023,Scotland,Fife,615,3860,4475,107.5999212,506.1925012,26.43505877,5.48936,92.5,27711.01678,904.9367394
568,2023,Scotland,Fife,778,2550,3328,107.3800494,571.8286195,30.30607883,4.65,82.38993711,28703.40242,4222.993181
569,2023,Scotland,Fife,348,3085,3433,118.8242785,400.2966336,20.45140877,5.58242,94.73684211,24572.0392,1403.952953
570,2023,Scotland,Fife,565,4414,4979,105.2629485,466.1438155,15.69984846,5.23188,86.90909091,25981.42335,1268.778171
571,2023,Scotland,Fife,323,2398,2721,101.8245417,659.0660392,21.36198328,5.18966,90,40526.85166,773.2718471
572,2023,Scotland,Fife,104,3502,3606,104.9660507,250.5209222,16.60175725,5.62602,96.20253165,20657.706,1279.840076
573,2023,Scotland,Fife,578,1606,2184,105.5945919,640.4326994,28.25217397,5.12121,83.84615385,31465.9683,1162.431249
574,2023,Scotland,Fife,396,1680,2076,109.0707376,574.0151647,28.90323648,4.97619,88.42105263,34556.56486,1603.153314
575,2023,Scotland,Fife,297,2543,2840,121.6344468,469.8126188,16.19890575,5.44565,92.92929293,26816.0368,572.6955173
576,2023,Scotland,Fife,255,4053,4308,90.61313684,308.4330715,14.35235941,5.744,92.54658385,25175.05135,839.4548121
577,2023,Scotland,Fife,226,3114,3340,105.9474986,328.5050876,14.73585882,5.5618,90.6779661,21977.93338,755.1815685
578,2023,Scotland,Fife,1222,3492,4714,101.8773925,752.9844379,28.02853409,4.89571,87.20379147,29927.98893,1929.297198
579,2023,Scotland,Fife,1037,3434,4471,104.364419,583.9925957,32.93328937,4.72385,90.26217228,32876.27193,1324.615631
580,2023,Scotland,Fife,762,1646,2408,104.244881,1056.761377,38.97316032,4.41584,78.35820896,43735.47149,3046.354315
581,2023,Scotland,Fife,988,2483,3471,99.51047337,734.9718317,27.70990042,4.66667,81.70731707,33784.43102,2307.371552
582,2023,Scotland,Fife,501,2503,3004,96.47468809,730.111094,12.92551087,5.38571,88.29787234,34185.39631,4320.614405
583,2023,Scotland,Fife,519,3006,3525,83.40547062,470.7155322,16.24691277,5.1087,90.18404908,26811.57427,1205.981107
584,2023,Scotland,Fife,318,2272,2590,100.2795473,369.9573942,17.53545987,5.31313,90.32258065,26409.74461,784.0084937
585,2023,Scotland,Fife,216,2611,2827,89.82112948,189.8603228,13.26147129,6.04878,98.18181818,16473.69123,537.3539201
586,2023,Scotland,Fife,954,4500,5454,98.79801437,472.427493,21.07765081,5.20339,85,23646.96443,1039.939799
587,2023,Scotland,Fife,293,3902,4195,104.6852953,355.9353063,14.53736542,5.59459,92.90322581,25132.35146,792.3176284
588,2023,Scotland,Fife,137,2463,2600,106.4609405,216.7798325,11.39959239,5.53448,91.89189189,26600.79876,531.8830321
589,2023,Scotland,Fife,310,3865,4175,103.5065095,318.5787015,11.23421998,5.32353,92.20779221,23010.22637,527.9889376
590,2023,Scotland,Fife,260,2621,2881,102.2023932,340.0437293,14.28435346,5.56338,95.69892473,27871.96812,767.8096888
591,2023,Scotland,Fife,272,3658,3930,99.18207234,312.9386507,13.89865934,5.61702,92,21615.4701,902.9957248
592,2023,Scotland,Fife,444,2792,3236,106.3918798,686.5093018,20.7443333,5.44211,95.90163934,36127.9914,1501.114282
593,2023,Scotland,Fife,241,3623,3864,108.825381,283.1962021,7.175230866,5.74576,97.12230216,25730.24829,1052.94055
594,2023,Scotland,Fife,157,2707,2864,99.90082391,268.0683115,10.07848198,5.74359,93.75,19090.79363,365.6201812
595,2023,Scotland,Fife,187,2092,2279,98.99835218,314.2611702,13.47779343,5.36585,96.77419355,19797.59775,799.0689182
596,2023,Scotland,Fife,320,2374,2694,102.1158119,447.2365858,20.43837428,5.55128,93.68421053,20624.07805,705.5977488
597,2023,Scotland,Fife,433,3829,4262,90.45986957,361.6268957,14.51578112,5.90909,93.65079365,25413.40858,983.790115
598,2023,Scotland,Fife,139,2324,2463,99.99316423,306.3014119,14.60505967,5.84906,95.71428571,19206.58883,594.8508969
599,2023,Scotland,Fife,337,3822,4159,117.1955555,359.092921,21.81777651,5.46341,93.75,24804.03435,525.2100362
600,2023,Scotland,Fife,223,6000,6223,104.8169671,324.0835973,8.88187505,5.33333,93.33333333,22646.34849,919.4754622
601,2023,Scotland,Fife,101,4221,4322,110.8137499,278.4973316,3.920023154,6.24359,93.10344828,15074.70728,422.0860324
602,2023,Scotland,Fife,72,5199,5271,98.78874393,291.118074,2.829184174,6.27273,90.14084507,18217.71116,487.6855815
603,2023,Scotland,Fife,195,3849,4044,87.38964696,352.0868311,22.17216007,5.26042,92.37288136,20327.53986,327.1344161
604,2023,Scotland,Fife,113,3544,3657,94.21046258,256.75031,11.32439042,5.65068,93.33333333,17340.25087,767.7990526
605,2023,Scotland,Fife,388,3393,3781,97.89680306,334.285471,13.67697769,5.45946,91.4893617,23624.8463,446.9841225
606,2023,Scotland,Fife,212,4072,4284,103.9165399,198.4497978,3.169308373,6.00806,95.90643275,22448.21501,357.2778139
607,2023,Scotland,Glasgow City,1045,4103,5148,98.71993773,530.8549141,29.41606817,5.32447,84.18367347,24835.2055,939.9745804
608,2023,Scotland,Glasgow City,541,2757,3298,61.33643637,597.28887,20.73158661,5.87975,90.85365854,30368.86416,898.3824678
609,2023,Scotland,Glasgow City,536,4962,5498,94.63374557,600.8137724,24.33644309,5.86058,96.875,26426.76419,560.6524425
610,2023,Scotland,Glasgow City,1983,4080,6063,84.10640796,923.6421844,29.51399302,5.11348,88.4057971,33952.82757,2296.807371
611,2023,Scotland,Glasgow City,1116,2066,3182,86.41359469,898.5640921,26.23636379,5.09268,90.5982906,40819.06738,1327.852908
612,2023,Scotland,Glasgow City,703,2424,3127,99.97605962,491.377538,28.78199498,5.16279,91.09589041,33629.09151,1025.308039
613,2023,Scotland,Glasgow City,338,5599,5937,87.51058472,272.0606745,13.62151791,6.0514,97.45454545,21857.9367,339.9399938
614,2023,Scotland,Glasgow City,1593,4228,5821,101.0676855,669.3916865,30.43803337,4.98355,87.46594005,40398.22933,1171.734608
615,2023,Scotland,Glasgow City,545,2570,3115,116.8096316,531.7489397,23.88335193,5.37681,88.78504673,28995.01498,1461.735331
616,2023,Scotland,Glasgow City,1168,3233,4401,103.881702,676.6199951,26.67958905,5.32222,86.75799087,27765.5062,1153.970822
617,2023,Scotland,Glasgow City,719,4534,5253,104.8422835,398.5137886,20.01775506,5.64539,93.84615385,25867.45064,1114.012628
618,2023,Scotland,Glasgow City,1300,4015,5315,101.3224026,729.5037099,19.47188839,5.19178,90.57971014,35283.04536,778.9753767
619,2023,Scotland,Glasgow City,568,2832,3400,106.8555557,477.8149709,29.50094219,5.48276,91.03448276,26542.17086,808.7693502
620,2023,Scotland,Glasgow City,1438,4834,6272,101.9082327,902.2934462,39.78011325,5.39063,90.4,29829.24187,2058.714646
621,2023,Scotland,Glasgow City,1736,4316,6052,88.96353293,977.7667691,31.53531418,5.30387,89.37198068,32412.65824,2693.868369
622,2023,Scotland,Glasgow City,869,2641,3510,92.22639523,698.6222267,28.8242739,5.4,87.74193548,31158.37861,4184.957524
623,2023,Scotland,Glasgow City,746,4335,5081,101.573111,481.2462134,21.21493184,5.42446,90.10416667,29351.76352,875.5191286
624,2023,Scotland,Glasgow City,1182,2343,3525,92.71753783,842.5313691,30.57380832,5.2439,86.14457831,32249.84314,2842.274034
625,2023,Scotland,Glasgow City,691,2551,3242,79.83761188,755.0031452,35.48509544,5.42647,94.68085106,38833.59253,1431.028118
626,2023,Scotland,Glasgow City,586,3659,4245,88.26647583,665.4806304,33.41127319,5.64,92.85714286,36071.21621,1320.775723
627,2023,Scotland,Glasgow City,721,2950,3671,96.63183076,614.3743429,28.38493515,5.36066,93.05555556,22681.16876,1961.021981
628,2023,Scotland,Glasgow City,693,3967,4660,102.8132393,357.8837878,29.1654405,5.60993,91.90751445,22052.26949,611.1507411
629,2023,Scotland,Glasgow City,756,4300,5056,94.03897969,527.261178,42.04441625,5.50641,95.8974359,28142.77081,1034.037143
630,2023,Scotland,Glasgow City,1392,4304,5696,96.51933673,862.2760557,78.84973974,5.07179,87.71186441,30964.2457,1486.739248
631,2023,Scotland,Glasgow City,1190,3246,4436,83.32306125,732.5483559,52.60830995,5.52147,95.85492228,26391.2517,1381.428462
632,2023,Scotland,Glasgow City,590,4492,5082,97.3057828,436.4428282,17.62952877,5.76596,96.63865546,26525.84502,1540.861892
633,2023,Scotland,Glasgow City,665,5073,5738,103.0475711,342.9200748,47.35242202,5.21053,89.74358974,21170.87234,1611.367291
634,2023,Scotland,Glasgow City,345,5483,5828,98.68488098,283.4043873,15.37623418,5.90845,93.37349398,20096.60697,816.3722914
635,2023,Scotland,Glasgow City,301,3448,3749,93.9341635,394.1355772,27.43827066,5.43182,86.2745098,24045.60457,1345.98517
636,2023,Scotland,Glasgow City,332,3164,3496,102.4300214,519.6161092,23.32670935,5.71739,93.87755102,20403.87477,512.6719018
637,2023,Scotland,Glasgow City,316,4222,4538,95.7191043,238.0802009,11.4518544,5.78846,95.3125,21804.81887,303.0909702
638,2023,Scotland,Glasgow City,1039,3347,4386,96.62143986,763.1257866,25.93298483,5.60241,91,32807.30919,2079.591534
639,2023,Scotland,Glasgow City,1297,2955,4252,111.3169889,620.3790224,44.6682384,5.34911,86.48648649,27578.71442,1461.372422
640,2023,Scotland,Glasgow City,681,2482,3163,99.81877253,581.7412401,32.28897356,5.2197,91.91176471,23312.38515,866.7351187
641,2023,Scotland,Glasgow City,666,4722,5388,102.363854,307.1894036,18.6097431,5.7554,92.66666667,24269.23599,679.9531894
642,2023,Scotland,Glasgow City,318,3101,3419,96.77001642,312.4874058,10.78189348,5.93333,96.03960396,21709.65226,436.4045696
643,2023,Scotland,Glasgow City,316,4432,4748,102.3442513,189.4015291,9.947177327,6.11765,93.81443299,23480.88488,405.0969306
644,2023,Scotland,Glasgow City,139,2679,2818,102.8877975,314.4327748,8.475849185,6.07692,97.6744186,17736.53553,294.7489192
645,2023,Scotland,Glasgow City,838,2977,3815,99.68370306,540.2810538,24.23765563,5.2381,90.66666667,26935.64912,1086.785717
646,2023,Scotland,Glasgow City,1859,3180,5039,101.8454716,988.8255937,27.57903941,5.16418,89.53488372,30580.7382,925.9654041
647,2023,Scotland,Glasgow City,1481,2808,4289,96.65933776,1021.797664,26.27352384,5.17371,91.09311741,43187.08993,1378.66571
648,2023,Scotland,Glasgow City,1157,3711,4868,101.5395198,565.5517653,29.56889004,5.21176,89.13043478,35061.47003,1044.149186
649,2023,Scotland,Glasgow City,444,3661,4105,109.9796591,314.863673,23.42120892,5.57143,90.44585987,24137.2355,652.0435817
650,2023,Scotland,Glasgow City,369,3817,4186,110.2592812,381.6665338,24.04904363,5.60465,97.41935484,21752.75111,392.0597994
651,2023,Scotland,Glasgow City,626,4652,5278,85.53219272,431.9834338,15.78882377,5.56989,95.93495935,23489.57905,464.0759782
652,2023,Scotland,Glasgow City,607,3733,4340,102.3017536,546.7310523,20.28539663,5.77647,92.52336449,23520.31831,1329.13717
653,2023,Scotland,Glasgow City,1516,4745,6261,73.55782577,601.6458809,26.55728165,5.40086,93.68421053,36659.5247,1746.457637
654,2023,Scotland,Glasgow City,1728,4457,6185,101.6564365,895.1613483,35.41247247,5.21311,93.125,34164.00317,867.2740563
655,2023,Scotland,Glasgow City,884,4863,5747,82.12103228,574.2412591,25.65593982,5.06731,90.51094891,39049.25932,3875.296391
656,2023,Scotland,Glasgow City,785,3643,4428,92.42778096,684.2200312,27.44045244,5.23913,90.625,31898.41819,2554.044904
657,2023,Scotland,Glasgow City,990,3009,3999,100.4687003,813.8519094,37.82171042,4.97403,88.70967742,44502.52604,1409.891392
658,2023,Scotland,Glasgow City,1332,2318,3650,57.18111385,833.3261563,36.79133016,5.03247,90.75144509,36167.48297,1423.795086
659,2023,Scotland,Glasgow City,2292,4909,7201,80.28955591,997.0700632,30.16215222,4.96169,87.79761905,39047.91631,4306.432375
660,2023,Scotland,Glasgow City,925,2618,3543,95.29622357,1054.372064,27.23502637,4.94048,89.56521739,38754.59886,1662.989099
661,2023,Scotland,Glasgow City,1672,4662,6334,84.96492104,961.3326445,25.98866129,4.94059,89.96138996,38939.12865,1368.40432
662,2023,Scotland,Glasgow City,426,3433,3859,111.0744701,362.2808769,21.38707907,5.48913,96.3963964,26589.60567,1414.382887
663,2023,Scotland,Glasgow City,441,2190,2631,106.6969948,680.1041049,23.52172353,5.23457,97.5308642,31714.82119,1370.470803
664,2023,Scotland,Glasgow City,191,3366,3557,108.7392212,231.4585814,13.8812675,5.94595,97.46835443,21792.12659,512.9267063
665,2023,Scotland,Glasgow City,697,2972,3669,110.2273676,400.9659362,20.42154239,5.16935,87.80487805,27288.24858,968.3075025
666,2023,Scotland,Glasgow City,752,5600,6352,70.05727566,533.8330725,10.6986956,5.5614,87.5,28783.84675,927.5781624
667,2023,Scotland,Glasgow City,239,3876,4115,110.9428328,269.0725101,9.611798561,5.67257,93.1372549,23329.30177,685.799033
668,2023,Scotland,Glasgow City,275,4011,4286,106.8655573,351.1900524,18.21225758,5.77778,94.92753623,19846.53816,461.8885332
669,2023,Scotland,Glasgow City,773,2351,3124,104.9739311,761.0780878,31.25982205,5.36082,87.82608696,34573.67745,1156.746547
670,2023,Scotland,Glasgow City,917,1550,2467,105.7757468,890.9438455,32.19411909,5.04255,90.56603774,35490.61831,1449.210259
671,2023,Scotland,Glasgow City,800,3785,4585,75.28517168,714.93757,16.16934486,5.45699,89.75609756,26192.17016,2116.392916
672,2023,Scotland,Glasgow City,1377,2154,3531,99.91716725,1024.580118,26.62489104,4.87342,85.92964824,43055.3969,1513.305761
673,2023,Scotland,Glasgow City,1412,3323,4735,89.73050254,680.466069,28.62437838,5.28185,88.51351351,36954.84578,1000.457112
674,2023,Scotland,Glasgow City,1170,3990,5160,106.6515866,590.9331331,23.24276352,5.23026,90.86757991,29795.63424,1174.187965
675,2023,Scotland,Glasgow City,1512,3159,4671,105.5179115,834.033664,28.13701567,5.325,85.14851485,38205.47812,2869.270342
676,2023,Scotland,Glasgow City,985,2909,3894,99.00443041,630.1765259,30.75912168,5.27027,86.7768595,33931.95732,1383.637981
677,2023,Scotland,Glasgow City,1408,3151,4559,72.72181399,869.378371,22.48487042,5.00538,87.85425101,39589.22196,1456.781819
678,2023,Scotland,Glasgow City,798,2648,3446,104.6813723,528.6652445,23.73840935,4.82716,86.66666667,36982.47153,1541.571735
679,2023,Scotland,Glasgow City,1951,4501,6452,99.87519949,834.8077412,25.78682181,5.15284,87.1559633,37445.75003,1229.304937
680,2023,Scotland,Glasgow City,1591,3966,5557,96.86145013,868.778227,31.65320488,4.95909,90.26217228,40925.65438,1568.028019
681,2023,Scotland,Glasgow City,1349,4399,5748,99.70531608,653.6356446,27.52226056,5.27397,90.29850746,39840.91207,2235.900083
682,2023,Scotland,Glasgow City,1138,3475,4613,95.4095184,644.0357635,26.62632952,5.35915,90.71038251,29981.6273,1119.173737
683,2023,Scotland,Glasgow City,371,5691,6062,85.30740155,265.0117239,11.43925825,5.95885,89.40397351,18618.72648,964.6068858
684,2023,Scotland,Glasgow City,841,2553,3394,102.340419,595.3037519,31.78382043,5.32203,90.13157895,35130.52005,894.2626394
685,2023,Scotland,Glasgow City,783,2215,2998,99.05135951,752.9252626,24.85945321,5.45378,94.73684211,34369.78371,1592.68522
686,2023,Scotland,Glasgow City,864,2708,3572,133.9813993,737.0877829,41.12440112,5.02105,90.24390244,38079.74923,971.1798526
687,2023,Scotland,Glasgow City,1350,3134,4484,96.57044483,824.2396183,25.12739161,5.4026,90.625,33022.63061,1950.044238
688,2023,Scotland,Glasgow City,1377,3323,4700,109.755899,803.5655358,34.04398792,5.16993,86.03351955,26943.41517,1734.345517
689,2023,Scotland,Glasgow City,1120,2874,3994,96.20003897,990.3346187,35.71149909,5.28155,91.40625,35042.13567,1946.519722
690,2023,Scotland,Glasgow City,214,639,853,225.9249813,441.8950688,37.88901338,5.11765,88,20343.77015,3173.314888
691,2023,Scotland,Glasgow City,1784,4069,5853,96.2362037,904.4560799,32.93418709,5.4,91.12903226,43681.08447,1047.129696
692,2023,Scotland,Glasgow City,466,4077,4543,102.0342036,755.7777241,25.9644249,4.90244,93.75,41649.05396,1169.648485
693,2023,Scotland,Glasgow City,484,2119,2603,107.3860348,533.641969,23.74356974,5.35294,95.12195122,29810.01733,904.4738253
694,2023,Scotland,Glasgow City,1448,3315,4763,108.3015688,829.5118761,33.86306231,5.21622,91.62011173,30180.07386,1703.101963
695,2023,Scotland,Glasgow City,539,3820,4359,103.9485937,701.3101718,24.15661965,5.6,95.74468085,34109.63253,711.7833782
696,2023,Scotland,Glasgow City,910,5337,6247,79.01297332,788.6359392,30.70440528,5.10714,90.4,36235.59165,1322.669638
697,2023,Scotland,Glasgow City,1091,8724,9815,83.15412946,1082.701301,31.176299,5.66102,90.19607843,34012.06013,3590.408947
698,2023,Scotland,Glasgow City,747,4479,5226,71.90578686,888.0238303,25.49388922,5.38889,88.13559322,32386.868,4003.462396
699,2023,Scotland,Glasgow City,379,3392,3771,72.22590525,667.6859909,48.50212392,4.29167,95.83333333,24713.01799,20541.78211
700,2023,Scotland,Glasgow City,613,4512,5125,88.90172111,539.4139869,20.25532397,5.6875,87.80487805,30191.71376,1788.511003
701,2023,Scotland,Glasgow City,583,8874,9457,73.69246347,434.5777543,14.0889305,6.26316,91.35802469,22065.00462,983.5859381
702,2023,Scotland,Glasgow City,603,6771,7374,90.50866266,400.8066374,23.96294383,6.03158,96.55172414,23611.17338,652.8167822
703,2023,Scotland,Glasgow City,828,2719,3547,95.34922331,1111.537166,25.95792199,5.69565,93.50649351,35482.27102,1947.126379
704,2023,Scotland,Glasgow City,1050,5289,6339,98.70379372,558.7767381,36.86071595,5.55752,93.43065693,26500.14814,1245.756778
705,2023,Scotland,Glasgow City,1596,3309,4905,94.44967196,767.1295528,33.31915267,5.30137,88.60103627,37372.71659,1366.654284
706,2023,Scotland,Glasgow City,1276,6280,7556,90.21692692,744.5756168,18.51869835,5.60156,89.44099379,26915.40249,1397.901047
707,2023,Scotland,Glasgow City,1864,4158,6022,94.29918938,757.6861097,28.54283609,5.15854,86.31578947,40171.66745,1499.75934
708,2023,Scotland,Glasgow City,1391,2959,4350,93.76026683,624.290779,25.72875418,4.98469,90.99526066,36404.58224,1471.113002
709,2023,Scotland,Glasgow City,947,2092,3039,103.7021787,840.6508897,31.24471913,5.06667,92.95774648,40955.02732,1069.381565
710,2023,Scotland,Glasgow City,713,3724,4437,95.02420991,461.2819309,22.16745678,5.54315,95.215311,27859.84186,769.5188328
711,2023,Scotland,Glasgow City,693,2970,3663,109.1004616,639.3077167,24.65061933,5.4958,92.42424242,24694.6327,1233.695482
712,2023,Scotland,Glasgow City,1036,2396,3432,95.19556689,855.3354408,31.93061064,5.36585,92.85714286,36067.83385,1158.012856
713,2023,Scotland,Glasgow City,806,2221,3027,96.92440964,749.1533822,28.07383949,5.32632,86.95652174,25563.95089,1133.924023
714,2023,Scotland,Glasgow City,1563,2615,4178,91.20550211,924.0183871,28.75060527,4.96875,87.96992481,32728.12384,1643.875748
715,2023,Scotland,Glasgow City,241,5931,6172,98.1473438,202.0220092,6.752673303,6.20408,98.21428571,15701.21187,554.7709598
716,2023,Scotland,Glasgow City,224,3895,4119,96.01395465,254.1348617,4.35212469,6.17188,85.22727273,18873.97133,665.2711321
717,2023,Scotland,Glasgow City,322,6014,6336,96.91527626,268.9912153,6.87678987,5.94118,93.33333333,16869.07007,1220.240778
718,2023,Scotland,Glasgow City,820,6406,7226,72.90590046,720.7082983,17.51004467,5.85714,85.36585366,18518.63262,1154.368818
719,2023,Scotland,Glasgow City,548,4735,5283,96.1546891,451.9967747,18.45074193,5.52083,93.84615385,21795.563,982.4207825
720,2023,Scotland,Glasgow City,690,3268,3958,95.18746359,559.9107758,14.42550288,5.39623,85.07462687,30441.74384,1219.017039
721,2023,Scotland,Glasgow City,219,5506,5725,97.83386493,236.076229,4.416045082,6.23077,96.34146341,18925.56472,282.5472498
722,2023,Scotland,Glasgow City,168,4358,4526,89.60758126,251.4572995,2.251688029,6.29091,98.30508475,16425.00349,1069.677107
723,2023,Scotland,Glasgow City,221,5492,5713,97.55603396,251.6739652,4.685181124,6.51075,99.21568627,19427.7724,1107.759408
724,2023,Scotland,Glasgow City,344,4160,4504,99.07135991,292.4510444,8.466539575,6.06977,96.2962963,15232.25999,867.9078327
725,2023,Scotland,Glasgow City,179,2558,2737,103.0411659,181.6183167,4.683562887,6.66667,95.61403509,25100.03657,645.6281222
726,2023,Scotland,Glasgow City,1052,2637,3689,103.5229877,820.9274653,31.50153187,5.30928,85.29411765,32494.2782,1365.684482
727,2023,Scotland,Glasgow City,676,3816,4492,99.97409312,371.1578179,23.84707116,6.02098,95.88235294,19299.18261,850.8887516
728,2023,Scotland,Glasgow City,1106,2491,3597,98.7778214,695.1987907,38.76973623,5.09434,81.95488722,29029.898,1591.481884
729,2023,Scotland,Glasgow City,1107,3675,4782,99.29192221,598.92147,34.74501873,5.30723,91.09947644,31779.39887,1306.214764
730,2023,Scotland,Glasgow City,531,2452,2983,103.7409551,644.8629821,22.63179345,5.48544,87.3015873,32796.3428,922.1915797
731,2023,Scotland,Glasgow City,597,2023,2620,110.3513275,781.1274863,20.4319084,5.40278,87.95180723,38070.69766,869.5972754
732,2023,Scotland,Glasgow City,943,3007,3950,101.9193324,608.6906232,29.45337352,5.09322,87.76978417,33298.53336,1100.056231
733,2023,Scotland,Glasgow City,827,2454,3281,116.6284688,792.4302885,28.51738797,5.51852,87.61904762,38613.32458,1286.931794
734,2023,Scotland,Glasgow City,816,2897,3713,99.91139277,595.3703976,27.82279601,5.21774,87.83783784,25287.02273,714.5151115
735,2023,Scotland,Glasgow City,303,3939,4242,103.6491885,383.3777846,9.081974456,6.07692,90.47619048,20567.40198,1063.634282
736,2023,Scotland,Glasgow City,869,5694,6563,93.40648957,499.769276,15.67789436,5.35065,92.04545455,31879.6975,935.9033046
737,2023,Scotland,Glasgow City,1358,4286,5644,102.670571,611.2794375,22.17612779,5.14,91.52542373,27607.00453,924.3303041
738,2023,Scotland,Glasgow City,272,2641,2913,99.59326412,319.6208647,14.49426893,5.57547,92.85714286,20832.16511,2376.719587
739,2023,Scotland,Glasgow City,776,1777,2553,106.9775033,957.5941114,30.19148158,4.93277,82.03125,24479.61429,1635.467686
740,2023,Scotland,Glasgow City,1277,2088,3365,102.3096684,818.9336644,32.24181202,4.91034,75.35211268,32966.61675,1295.231144
741,2023,Scotland,Glasgow City,1116,2048,3164,97.5614319,944.295112,25.50388853,5.01786,83.92857143,41979.54764,1880.130259
742,2023,Scotland,Glasgow City,943,2651,3594,98.92460586,735.5835344,29.00131988,5.06098,83.63636364,28387.37633,1101.230382
743,2023,Scotland,Highland,298,4492,4790,97.02158425,223.4505744,12.24658211,5.77011,95.51569507,16387.81848,962.9436328
744,2023,Scotland,Highland,394,4235,4629,100.6394745,451.0967416,12.64851314,5.27692,94.02390438,26320.27279,929.5608191
745,2023,Scotland,Highland,608,5098,5706,101.132685,636.370333,16.03716543,5.04712,89.35361217,22925.83814,1634.002756
746,2023,Scotland,Highland,362,4407,4769,98.17434023,410.6668963,16.34201255,5.55556,95.23809524,16303.25624,1540.878364
747,2023,Scotland,Highland,274,3578,3852,106.6626758,238.5843989,18.44771133,5.81148,96.47887324,18760.15731,1624.406004
748,2023,Scotland,Highland,366,4905,5271,108.141321,293.7247107,22.51026142,5.71779,93.95604396,22154.43705,1400.939729
749,2023,Scotland,Highland,296,4419,4715,103.3655537,230.7475135,13.92691253,5.61446,92.14659686,21127.79663,706.928779
750,2023,Scotland,Highland,239,4484,4723,83.01529199,209.452188,10.43240065,5.5,91.9047619,16031.28663,679.5928476
751,2023,Scotland,Highland,513,3512,4025,115.6902783,497.9273411,26.88398644,5.27907,90.17857143,24305.94524,1883.177138
752,2023,Scotland,Highland,415,4162,4577,108.0581182,409.2759053,12.12172445,5.50806,95.73170732,18281.48266,747.3513986
753,2023,Scotland,Highland,393,5114,5507,85.17885908,317.9807872,9.569551021,5.56682,94.18181818,15940.37485,801.688188
754,2023,Scotland,Highland,251,3744,3995,108.3464336,394.3287645,12.16031605,5.57143,94.0397351,19062.06443,831.3680094
755,2023,Scotland,Highland,375,2779,3154,107.5531847,465.3940217,15.93609394,5.16216,93.47826087,22854.50501,1050.532133
756,2023,Scotland,Highland,381,5798,6179,85.75219152,326.3290607,9.637327055,5.5619,96.41577061,17856.0381,511.417292
757,2023,Scotland,Highland,253,5350,5603,78.1210233,256.5536528,7.930121275,5.62633,95.52238806,17044.00687,998.0937018
758,2023,Scotland,Highland,117,3254,3371,74.6151915,335.9404576,10.56183753,5.76101,94.36619718,19026.08898,1144.583191
759,2023,Scotland,Highland,207,4805,5012,76.72182691,312.2712292,8.206581217,5.64734,96.8,18105.30014,840.9620321
760,2023,Scotland,Highland,490,3085,3575,107.5764613,424.2402744,18.70487138,5.44355,92.90322581,23592.35808,1156.904463
761,2023,Scotland,Highland,539,3322,3861,106.3891329,550.7233921,16.18096061,5.14765,92.09039548,27231.3793,1085.570888
762,2023,Scotland,Highland,79,2247,2326,111.9990491,338.426369,10.0548984,5.67532,94.84536082,17002.56142,262.2720514
763,2023,Scotland,Highland,657,3541,4198,103.6886187,722.9623587,21.0549081,5.41379,81.54761905,19967.18825,9513.339285
764,2023,Scotland,Highland,269,4103,4372,107.3867906,322.2116798,10.76465979,5.98165,97.05882353,21197.57782,1167.773469
765,2023,Scotland,Highland,894,3622,4516,111.0240014,553.4990714,24.43179896,4.80925,88.46153846,24976.66464,1592.665945
766,2023,Scotland,Highland,626,3308,3934,107.815977,600.570921,25.48815852,5.07576,89.10891089,31131.85248,3493.830731
767,2023,Scotland,Highland,1225,2226,3451,99.60719458,889.2553154,34.83989301,4.57447,84.69945355,36358.79814,3297.720022
768,2023,Scotland,Highland,186,2797,2983,111.8832055,404.3349014,12.09545914,5.83636,87.17948718,19688.82015,759.6196182
769,2023,Scotland,Highland,525,3450,3975,78.79786385,432.8441388,12.59302136,5.27068,94.44444444,26662.75315,948.3643427
770,2023,Scotland,Highland,495,6216,6711,92.9709331,261.9101082,12.33206252,5.66667,96.08540925,22929.27396,556.120829
771,2023,Scotland,Highland,325,4298,4623,98.60648463,294.4084273,12.16423723,5.81761,97.02970297,18107.14137,771.4563726
772,2023,Scotland,Highland,214,2467,2681,97.57325422,311.6916093,12.58906715,5.40659,98.1981982,19972.23463,847.6212232
773,2023,Scotland,Highland,249,3238,3487,94.22093714,354.7783914,19.05557657,5.57609,93.75,15304.04419,1027.4048
774,2023,Scotland,Highland,391,3226,3617,100.5851851,406.0810685,13.97374797,5.38043,94.26229508,21192.22116,1055.683108
775,2023,Scotland,Highland,205,3153,3358,94.01752336,295.990663,10.05642895,5.69608,94.21487603,14538.66857,351.6433967
776,2023,Scotland,Highland,190,2801,2991,100.2043452,374.0325391,17.6472421,5.89552,98.93617021,15258.39783,438.6787417
777,2023,Scotland,Highland,218,3002,3220,99.20253719,223.2403713,15.84481155,5.87097,94.11764706,14266.14598,700.069441
778,2023,Scotland,Highland,289,3407,3696,105.4053348,430.4208081,13.80979989,5.52586,91.27516779,21403.8555,1493.385736
779,2023,Scotland,Highland,197,3024,3221,108.8341517,235.0914091,11.27797619,5.44828,96.22641509,20158.1086,1141.888787
780,2023,Scotland,Highland,292,3141,3433,92.69019232,315.0889066,12.06754317,5.42727,94.96402878,20106.85031,620.589549
781,2023,Scotland,Highland,281,3481,3762,91.26775566,355.4069108,10.84352285,5.40458,95.73170732,20678.90697,1116.919598
782,2023,Scotland,Highland,634,4787,5421,103.9926779,513.4560293,14.18615138,5.16575,89.55823293,25370.38358,2493.01011
783,2023,Scotland,Highland,417,6385,6802,90.96054971,266.9769615,10.97140141,5.75417,96.73913043,17957.19573,998.6413942
784,2023,Scotland,Highland,157,3456,3613,99.73449863,255.3561545,9.399883904,5.56489,95.65217391,18035.23479,850.0389273
785,2023,Scotland,Highland,1111,4825,5936,97.87949496,646.4473894,19.97588996,4.95614,90.10989011,22192.64773,2263.34134
786,2023,Scotland,Highland,733,3562,4295,99.18603745,557.9701371,22.05524585,4.95161,86.63101604,23468.46086,1749.582481
787,2023,Scotland,Highland,529,3842,4371,103.2169703,400.4406106,19.8942139,5.36646,90.10416667,18758.56649,952.1010821
788,2023,Scotland,Highland,527,3188,3715,103.6642293,486.8033862,16.12186585,5.21429,90.78947368,21381.44518,1483.044198
789,2023,Scotland,Highland,562,5610,6172,98.85088194,350.5427671,13.46460408,5.64539,93.44262295,17905.87637,676.5058738
790,2023,Scotland,Highland,498,3573,4071,106.1501567,374.4310551,23.2338888,5.58974,93.83561644,18629.73043,969.8084299
791,2023,Scotland,Highland,315,2568,2883,94.40301112,288.5627672,15.70672275,5.23864,93,14669.28753,760.6466539
792,2023,Scotland,Highland,613,2889,3502,106.9330285,571.4724808,22.75296876,4.89394,86.9047619,21023.16508,1773.605416
793,2023,Scotland,Highland,490,2754,3244,105.5019775,581.894196,19.247314,4.58,88.33333333,21136.49555,1465.798167
794,2023,Scotland,Highland,275,3319,3594,101.1897721,306.6420735,11.99227179,5.40323,96.89440994,13273.22361,631.5665912
795,2023,Scotland,Highland,388,4761,5149,103.225863,333.2094849,15.14652994,5.74251,93.17073171,14992.41198,779.6766064
796,2023,Scotland,Highland,328,2280,2608,117.8239756,577.6864136,18.31041923,5.29825,84.14634146,23323.54835,2063.234325
797,2023,Scotland,Highland,504,4131,4635,104.3813424,423.2595548,19.03216495,5.33333,90.77669903,19177.59351,957.8966929
798,2023,Scotland,Highland,257,3043,3300,106.2302009,312.9063667,15.09691862,5.66667,96.33027523,17594.07518,988.8479458
799,2023,Scotland,Inverclyde,114,2467,2581,103.6427297,278.1836738,6.883113805,5.41379,93.5483871,20562.60089,462.6027692
800,2023,Scotland,Inverclyde,220,2975,3195,104.3217495,328.0588394,11.84821071,5.66667,95.12195122,20955.31824,907.1029621
801,2023,Scotland,Inverclyde,229,5857,6086,96.2085325,312.2967742,8.727516287,5.915,96.13899614,15129.08673,408.5483699
802,2023,Scotland,Inverclyde,101,2976,3077,108.7230686,247.8063486,5.764683138,6.18182,97.97979798,16757.49312,305.9182028
803,2023,Scotland,Inverclyde,331,3775,4106,100.6008796,324.0069557,7.399134584,5.70248,94.23076923,22185.61575,374.9119153
804,2023,Scotland,Inverclyde,560,3442,4002,113.1199063,550.3582002,16.32311022,5.90476,95.93495935,25903.56135,1298.315284
805,2023,Scotland,Inverclyde,1503,4748,6251,98.1495644,636.9043656,23.30793107,5.07988,89.92443325,28789.62656,868.2314056
806,2023,Scotland,Inverclyde,1160,3533,4693,103.7117334,697.0409942,17.289051,5.29947,90.43478261,25616.1634,980.1629698
807,2023,Scotland,Inverclyde,268,4639,4907,101.8281098,337.8514792,3.945485832,6.056,97.36842105,22929.84733,332.1705717
808,2023,Scotland,Inverclyde,879,4736,5615,107.8692907,557.0264088,16.24661843,5.90299,94.08284024,26183.78138,1466.156427
809,2023,Scotland,Inverclyde,590,3687,4277,114.1185454,420.9454732,17.70502006,5.76106,93.42105263,25263.98032,888.4476439
810,2023,Scotland,Inverclyde,1089,2532,3621,106.8561769,774.3616484,24.2901857,5.5,89.71962617,21722.99624,1554.014971
811,2023,Scotland,Inverclyde,1761,3109,4870,97.16444549,829.8498159,18.91160384,5.26866,88.82352941,33716.33615,4645.136363
812,2023,Scotland,Inverclyde,1866,4854,6720,93.41474094,666.8722788,18.49100398,5.38132,90.20771513,27861.78119,814.0378712
813,2023,Scotland,Inverclyde,947,4553,5500,102.1174804,516.9569898,17.08295158,5.47945,93.36734694,24213.8538,1523.819425
814,2023,Scotland,Inverclyde,1129,3329,4458,109.187261,584.0767559,23.65949968,5.27329,92.67015707,26915.49162,1224.343042
815,2023,Scotland,Inverclyde,1198,3603,4801,105.7000364,480.4979209,20.46995946,5.36548,90.31007752,21236.37496,646.6795672
816,2023,Scotland,Midlothian,194,3165,3359,68.09780562,295.2578902,6.714143461,5.93684,95.16129032,15999.2225,790.690286
817,2023,Scotland,Midlothian,370,3470,3840,104.7780408,470.6148559,13.87473192,5.54082,92.68292683,20271.51151,1434.722711
818,2023,Scotland,Midlothian,271,3519,3790,107.4252619,385.9639964,16.0339889,5.63846,96.66666667,15315.51517,869.40807
819,2023,Scotland,Midlothian,406,2393,2799,101.5975994,553.0285357,23.9336901,4.97479,95.27559055,23262.37099,1383.180244
820,2023,Scotland,Midlothian,243,3243,3486,107.0637901,420.5307497,9.865060489,5.60504,97.94520548,15812.21965,618.8030259
821,2023,Scotland,Midlothian,100,2925,3025,48.72232509,219.7398196,8.911317774,5.71552,94.7826087,14780.57416,689.990681
822,2023,Scotland,Midlothian,299,3029,3328,95.42297383,310.9276104,9.156549259,5.43363,94.57364341,19988.74953,939.2083568
823,2023,Scotland,Midlothian,287,2191,2478,98.2195917,533.4155773,17.03452075,5.42857,93.93939394,18409.38641,4052.817676
824,2023,Scotland,Midlothian,445,3403,3848,101.2882252,382.0978926,15.40778204,5.33645,95.65217391,24279.0378,890.6976105
825,2023,Scotland,Midlothian,522,4232,4754,105.630236,359.0773307,17.14416363,5.27778,95.16908213,21454.48133,877.3692256
826,2023,Scotland,Midlothian,690,5059,5749,101.8906296,672.5944633,14.37229042,5.34014,94.30051813,24436.09351,1227.349412
827,2023,Scotland,Midlothian,336,7883,8219,69.58099252,264.2098675,6.400368952,5.84677,96.05263158,20942.81469,567.4718254
828,2023,Scotland,Midlothian,178,4760,4938,89.79903265,263.79629,5.511398766,5.96032,97.16312057,22325.55461,1629.251535
829,2023,Scotland,Midlothian,359,3500,3859,64.45770332,322.7154894,8.873823104,5.55625,93.25842697,24451.42376,1054.951282
830,2023,Scotland,Midlothian,649,3521,4170,78.05383296,434.1855745,16.84131812,5.35256,91.78743961,19338.26138,1157.26328
831,2023,Scotland,Midlothian,699,2180,2879,96.47064739,707.5853534,27.42408767,5.06667,90.35087719,23442.70047,2949.252831
832,2023,Scotland,Midlothian,606,6676,7282,68.810532,334.9427368,9.384028114,5.5,94.81481481,19697.72037,680.2310307
833,2023,Scotland,Midlothian,521,2483,3004,97.42453721,506.8953106,25.68857492,4.96899,94.59459459,24984.4682,1091.923918
834,2023,Scotland,Midlothian,838,3761,4599,101.8964211,514.7939517,20.31322834,5.05978,92.61083744,22617.85805,1176.493253
835,2023,Scotland,Midlothian,538,3629,4167,99.76564692,485.4702117,12.44655228,5.26154,93.93939394,26283.93301,924.8181075
836,2023,Scotland,Midlothian,517,2410,2927,73.87322565,475.0284102,17.22437605,5.09231,91.01796407,26705.24343,805.9991177
837,2023,Scotland,Midlothian,665,2925,3590,102.5428047,472.5248494,24.63690569,5.27027,94.11764706,25135.39313,1172.118538
838,2023,Scotland,Moray,270,3970,4240,110.9487077,446.7883588,12.38471836,5.39252,96.875,19165.54025,554.4968783
839,2023,Scotland,Moray,227,3514,3741,111.5010325,520.7496106,15.75268244,5.69106,98,18893.37567,736.4486297
840,2023,Scotland,Moray,179,2959,3138,103.8490361,316.935011,16.51627864,5.21053,96.96969697,15384.6349,618.1444079
841,2023,Scotland,Moray,527,4064,4591,108.1938366,381.284483,25.45029782,5.16552,92.26519337,17334.68203,995.1952811
842,2023,Scotland,Moray,498,5135,5633,109.125665,278.7425903,22.86075433,5.56115,90.60773481,18285.0168,630.0323584
843,2023,Scotland,Moray,460,2899,3359,103.5384376,374.0434419,20.49217208,5.59804,95.41984733,16641.69467,1421.818572
844,2023,Scotland,Moray,422,4348,4770,91.55938103,345.0740518,9.199272114,5.56831,93.77777778,17498.63217,1337.411463
845,2023,Scotland,Moray,217,3429,3646,101.4989645,302.0521963,13.65431114,5.60504,94.66666667,16779.06226,528.3369363
846,2023,Scotland,Moray,185,2269,2454,92.74938984,353.9719548,18.93363727,5.50515,96.55172414,15324.67505,1326.970702
847,2023,Scotland,Moray,308,4284,4592,52.75631301,341.9167968,10.12100359,5.39827,95.65217391,17358.98066,711.2965994
848,2023,Scotland,Moray,278,3050,3328,88.69825739,299.755134,13.5117282,5.48529,94.52054795,20889.53247,920.5551068
849,2023,Scotland,Moray,614,3675,4289,110.0836316,575.544442,28.06337395,4.94495,92.12598425,22644.26054,2371.612632
850,2023,Scotland,Moray,525,3521,4046,109.1338911,471.4030535,27.76068977,5.11801,90,20293.49248,1786.606713
851,2023,Scotland,Moray,298,3834,4132,113.7574006,478.1438392,16.49922437,5.51429,96.83544304,17035.23625,1161.719036
852,2023,Scotland,Moray,155,2987,3142,104.074256,319.1126086,5.170724567,5.77778,95.53571429,17725.50989,1645.095972
853,2023,Scotland,Moray,306,2987,3293,103.2350093,412.3510481,20.53973358,5.34737,93.85964912,19259.87164,2599.24927
854,2023,Scotland,Moray,193,3008,3201,102.2337792,413.8325464,8.569766302,5.45263,90.38461538,22764.90978,492.8408147
855,2023,Scotland,Moray,230,3281,3511,104.4723763,324.756666,12.6607102,5.4321,94.79166667,16798.11413,600.9458163
856,2023,Scotland,Moray,354,3887,4241,95.99358296,353.633567,16.81682317,5.2,95.27027027,15381.09436,698.8744116
857,2023,Scotland,Moray,268,5147,5415,103.9238505,270.6473294,12.96525064,5.54225,96.3190184,16568.739,611.9439643
858,2023,Scotland,Moray,282,3659,3941,94.78109099,258.0292337,12.74494637,5.63636,98.16513761,10113.61732,498.0607407
859,2023,Scotland,Moray,339,3334,3673,102.7748647,280.6140624,18.32573537,5.70115,96.61016949,14644.15527,1472.390383
860,2023,Scotland,Moray,737,4643,5380,108.0039624,489.046521,20.76408347,5.03922,91.26213592,20427.99661,884.4194261
861,2023,Scotland,Moray,245,3779,4024,76.62554908,272.988484,8.151456043,5.57463,97.57575758,14721.284,289.1238556
862,2023,Scotland,North Ayrshire,291,4248,4539,100.181119,312.2000244,17.04475187,6.04478,95.97701149,20763.28212,440.5725124
863,2023,Scotland,North Ayrshire,381,2340,2721,80.42150731,483.8646758,16.11707637,5.45882,88.99082569,27068.19337,1881.745034
864,2023,Scotland,North Ayrshire,300,2509,2809,93.93087799,321.4492975,9.551808481,5.73077,95.8677686,27807.28274,1031.719737
865,2023,Scotland,North Ayrshire,437,3071,3508,107.1009752,446.5158203,20.69566644,5.61207,97.72727273,31634.38083,1158.336362
866,2023,Scotland,North Ayrshire,640,2156,2796,109.598399,536.2604854,28.44146253,5.26154,92.75362319,25410.67092,995.0064524
867,2023,Scotland,North Ayrshire,586,1700,2286,102.5834415,790.6578145,26.59940053,5.16514,91.97080292,32062.21955,947.8013931
868,2023,Scotland,North Ayrshire,609,3556,4165,99.42352535,438.913464,15.11087622,5.30534,92.25806452,31542.22834,801.6520178
869,2023,Scotland,North Ayrshire,480,4523,5003,113.7279765,358.9524623,14.14022647,5.69318,95.215311,21372.56166,378.7462232
870,2023,Scotland,North Ayrshire,918,2626,3544,105.6760015,843.3186473,23.926661,4.89683,89.93288591,28581.41836,1258.59689
871,2023,Scotland,North Ayrshire,989,2341,3330,94.78280654,727.0179737,27.27808419,5,90.56603774,31097.35884,1145.521292
872,2023,Scotland,North Ayrshire,623,2482,3105,101.1782435,670.562333,26.32082377,5.33333,95.09803922,31795.93269,1102.401118
873,2023,Scotland,North Ayrshire,720,2494,3214,98.91103908,522.8275172,22.42906927,5.10309,91.22807018,30819.43431,4067.650595
874,2023,Scotland,North Ayrshire,1018,2023,3041,124.5764855,809.6875683,33.98037057,4.9,78.18181818,35498.78768,5627.636034
875,2023,Scotland,North Ayrshire,645,2338,2983,77.52303539,417.5563404,21.73607803,5.3,84.76821192,31688.13207,1834.47204
876,2023,Scotland,North Ayrshire,1125,2668,3793,109.586392,878.2683669,29.01916877,5.17117,84.7133758,32512.57264,4331.387269
877,2023,Scotland,North Ayrshire,1021,2136,3157,106.1668149,965.4604749,28.33825094,5.16216,89.10891089,34668.39297,2678.520558
878,2023,Scotland,North Ayrshire,266,2811,3077,102.1227624,300.6142953,15.77018364,5.7625,91.34615385,21993.38073,683.9702807
879,2023,Scotland,North Ayrshire,902,3400,4302,106.6886281,517.8409287,23.94687593,5.29714,90.27777778,27036.07756,895.2045913
880,2023,Scotland,North Ayrshire,285,3301,3586,111.6965097,393.9669112,8.539959238,5.93578,97.02380952,23380.75671,821.6099866
881,2023,Scotland,North Ayrshire,1052,4111,5163,105.4764187,647.887386,20.48933318,5.25446,93.04029304,31028.98499,561.6950676
882,2023,Scotland,North Ayrshire,555,2248,2803,112.8516506,709.6280039,25.67720373,5.5,87.80487805,27560.90715,2472.07396
883,2023,Scotland,North Ayrshire,1036,3016,4052,108.4046882,513.9078941,35.31865186,5.14773,86.2745098,30085.88278,1798.134663
884,2023,Scotland,North Ayrshire,205,4866,5071,108.6553565,254.6961372,10.63268262,5.95775,97.71863118,22693.4286,197.7093371
885,2023,Scotland,North Ayrshire,759,2291,3050,98.92061758,512.4035816,28.26006577,5.20395,89.18918919,36944.16978,817.0351272
886,2023,Scotland,North Ayrshire,988,3113,4101,104.8516792,830.8140007,28.46501907,5.09677,93.75,28665.38206,994.1109816
887,2023,Scotland,North Ayrshire,813,3019,3832,100.7880817,549.5111497,21.82630753,5.14599,90.41916168,30505.06285,1645.94146
888,2023,Scotland,North Ayrshire,500,2367,2867,104.5894454,612.3740391,20.2468582,5.36842,89.42307692,25941.47386,1765.039573
889,2023,Scotland,North Ayrshire,548,2380,2928,104.5285142,427.9418135,24.44097092,5.44615,95.39473684,26317.4872,749.9021462
890,2023,Scotland,North Ayrshire,167,2464,2631,66.44801053,361.834397,7.168650323,5.64486,93.70629371,19295.84118,1404.413093
891,2023,Scotland,North Ayrshire,414,4282,4696,106.1270859,332.454231,15.00668861,5.72464,94.28571429,21603.27104,661.6256726
892,2023,Scotland,North Ayrshire,246,3489,3735,103.3524972,220.964563,8.559321131,6,94.4,18363.23027,806.2012999
893,2023,Scotland,North Ayrshire,828,3955,4783,106.1411085,500.8984511,26.11542163,5.52564,90.90909091,21997.75182,1516.265591
894,2023,Scotland,North Ayrshire,201,3787,3988,102.4243791,329.2939676,8.348134156,5.85593,98.54014599,14634.4326,689.7855926
895,2023,Scotland,North Ayrshire,186,2735,2921,105.2319,294.3141711,18.9515878,5.72368,95.40229885,20894.61156,939.0618016
896,2023,Scotland,North Ayrshire,535,2724,3259,104.549131,437.82193,18.64552782,5.40541,89.8089172,23594.49192,944.9854177
897,2023,Scotland,North Ayrshire,972,3003,3975,106.0360501,778.9466044,25.6358758,5.4,89.63414634,22836.47504,1237.488397
898,2023,Scotland,North Ayrshire,429,2670,3099,110.2958115,377.1828894,10.37409893,5.42574,90.43478261,25174.86986,806.0456276
899,2023,Scotland,North Ayrshire,389,3488,3877,99.52933289,571.7653583,13.77268232,5.5625,94.07894737,25031.57971,1279.550303
900,2023,Scotland,North Lanarkshire,596,3245,3841,124.691833,622.7222952,22.08129804,5.38532,91.54929577,29548.17439,659.9323758
901,2023,Scotland,North Lanarkshire,448,3014,3462,104.2914638,609.4802945,13.31711013,5.4898,93.79844961,31899.0675,1171.38071
902,2023,Scotland,North Lanarkshire,671,3630,4301,106.9631207,618.5580391,17.74875001,5.5,88.06818182,41204.09526,1875.55741
903,2023,Scotland,North Lanarkshire,713,6073,6786,90.35129873,408.8914817,10.84818691,5.72381,90.63670412,29288.12055,2274.419132
904,2023,Scotland,North Lanarkshire,1488,3246,4734,93.46731904,1094.693846,27.82638848,4.44954,82.37704918,33932.71509,2980.969395
905,2023,Scotland,North Lanarkshire,720,3234,3954,103.7430824,790.7655786,23.69194447,5.13291,91.27906977,41376.34197,1277.968554
906,2023,Scotland,North Lanarkshire,1051,3839,4890,101.234865,722.5359397,21.83783893,5.14433,90.24390244,33101.761,2055.638242
907,2023,Scotland,North Lanarkshire,920,5190,6110,98.78808349,504.2777383,18.73560612,5.47644,93.35793358,28384.79886,1475.651207
908,2023,Scotland,North Lanarkshire,607,3173,3780,103.8505273,431.6386861,19.54808833,5.15541,92.17877095,30038.54155,893.9939555
909,2023,Scotland,North Lanarkshire,260,2543,2803,106.7288783,331.5698963,20.84400061,5.47727,93.16239316,25336.29125,823.6662751
910,2023,Scotland,North Lanarkshire,1085,4465,5550,102.1072012,693.4434756,18.29206891,4.935,87.31343284,31678.37154,1178.920091
911,2023,Scotland,North Lanarkshire,268,3578,3846,96.63193496,395.9159473,12.67798892,5.46392,92,27576.63576,1155.149207
912,2023,Scotland,North Lanarkshire,613,3754,4367,100.6866968,528.9561422,21.80236053,5.16438,89.36170213,26317.37563,1134.579049
913,2023,Scotland,North Lanarkshire,508,2317,2825,98.72744482,535.4835833,15.99300201,5.31646,95.65217391,21855.18405,1192.510644
914,2023,Scotland,North Lanarkshire,891,4475,5366,78.54480198,544.2746584,16.66203379,5.03415,88.7966805,32079.27576,1378.946567
915,2023,Scotland,North Lanarkshire,490,4085,4575,63.98064517,550.6114796,11.34236992,5.50296,93.99141631,26683.60088,631.0480159
916,2023,Scotland,North Lanarkshire,493,2565,3058,107.6615556,428.8889983,20.2431979,5.37607,92.14285714,30096.25732,784.6119032
917,2023,Scotland,North Lanarkshire,560,3361,3921,95.86136576,491.9428287,16.5495008,5.46835,95.85492228,28958.14922,808.7660505
918,2023,Scotland,North Lanarkshire,460,2808,3268,81.70669004,542.1320075,16.40203402,5.46617,89.67391304,35933.83324,959.2571429
919,2023,Scotland,North Lanarkshire,846,4489,5335,93.72828963,577.9852232,20.16386196,5.21687,90.26845638,32271.2118,1375.522084
920,2023,Scotland,North Lanarkshire,1007,2789,3796,104.5115665,825.2028779,26.77489725,5.27473,88.49557522,42206.66517,5800.917092
921,2023,Scotland,North Lanarkshire,163,3922,4085,91.54374502,226.5884764,5.956633905,6.05263,97.05882353,19744.0051,916.8410302
922,2023,Scotland,North Lanarkshire,726,3357,4083,99.85977823,558.5471264,18.84470095,5.23944,86.4321608,30427.02921,907.0105339
923,2023,Scotland,North Lanarkshire,687,2453,3140,103.1532385,907.9205494,27.47735294,5.04795,86.74033149,40129.5062,1355.00564
924,2023,Scotland,North Lanarkshire,1067,3788,4855,100.4916923,971.4209445,27.85813205,5.18317,87.6,44142.24915,2504.819421
925,2023,Scotland,North Lanarkshire,787,4529,5316,99.67085126,498.4820019,20.87214593,5.22872,93.19148936,27178.30309,1199.281087
926,2023,Scotland,North Lanarkshire,846,4157,5003,106.9602708,612.7899707,22.18953149,5.11834,86.66666667,33221.78574,1285.433326
927,2023,Scotland,North Lanarkshire,993,4061,5054,105.963859,588.9840234,25.7751559,5.09249,83.11688312,33988.12021,945.7677508
928,2023,Scotland,North Lanarkshire,923,3804,4727,105.6936056,570.5569389,23.02748042,5.06936,90.64039409,35273.03677,1843.798265
929,2023,Scotland,North Lanarkshire,232,2242,2474,107.7471837,548.2633184,16.28949492,5.60256,93.45794393,32036.06427,1040.009253
930,2023,Scotland,North Lanarkshire,653,2786,3439,100.7978143,623.1726555,22.61454767,5.17708,88.46153846,27614.32168,1607.305824
931,2023,Scotland,North Lanarkshire,725,4131,4856,97.91962362,649.4018731,19.76942605,5.39216,86.82170543,28801.09487,1525.335302
932,2023,Scotland,North Lanarkshire,1137,4564,5701,95.39201209,567.7796548,25.03424697,5.08861,82.95964126,31207.21593,787.3530893
933,2023,Scotland,North Lanarkshire,287,4439,4726,111.3016334,351.7645675,14.27580029,5.7973,89.15662651,21451.64345,870.2020705
934,2023,Scotland,North Lanarkshire,1138,5136,6274,104.7191309,701.4572168,18.74699847,5.24206,87.4617737,26538.84372,705.4431888
935,2023,Scotland,North Lanarkshire,1117,4798,5915,107.1655823,593.8791618,20.08934959,5.13136,88.38709677,36659.96097,746.9095184
936,2023,Scotland,North Lanarkshire,1181,5031,6212,107.0554691,703.8005441,21.66418412,5.22549,90.71428571,44598.83031,1263.086609
937,2023,Scotland,North Lanarkshire,350,2109,2459,114.5931499,564.0240118,22.56362883,5.79221,94.23076923,26571.2867,1633.290323
938,2023,Scotland,North Lanarkshire,779,3377,4156,104.117148,615.7501469,21.11428488,5.42149,91.94630872,36665.48893,1529.919308
939,2023,Scotland,North Lanarkshire,973,3674,4647,101.2253669,609.1399377,21.37411141,5.01471,90.234375,32683.06947,1087.414324
940,2023,Scotland,North Lanarkshire,568,3376,3944,105.3546171,493.4681761,23.32805463,5.20619,93.85964912,32284.60801,2229.80689
941,2023,Scotland,North Lanarkshire,653,2455,3108,143.2544202,767.7739969,36.92335576,5.26087,92.30769231,39147.42673,9918.668871
942,2023,Scotland,North Lanarkshire,592,2550,3142,83.92309376,607.060106,18.1781044,5.29032,92.85714286,29739.19587,776.3332497
943,2023,Scotland,North Lanarkshire,791,5278,6069,95.11713732,499.8636841,16.60295894,5.40175,90.72164948,31704.30047,838.8884952
944,2023,Scotland,North Lanarkshire,328,2106,2434,107.5182519,470.9024495,17.76294874,5.07317,87.5,30527.34956,607.8855706
945,2023,Scotland,North Lanarkshire,368,2160,2528,103.2795112,375.7691872,23.77976307,5.43333,93.22033898,37747.28049,471.728662
946,2023,Scotland,North Lanarkshire,342,3737,4079,100.6951865,299.1250042,14.20604436,5.63978,94.19642857,26651.50812,662.1393053
947,2023,Scotland,North Lanarkshire,294,3221,3515,105.2667441,370.1636945,14.78771716,5.53226,93.5828877,30740.60961,428.1346968
948,2023,Scotland,North Lanarkshire,932,2963,3895,104.3223595,764.065261,27.18451061,4.78495,87.38738739,36470.19318,1410.356914
949,2023,Scotland,North Lanarkshire,752,2304,3056,109.2704969,774.8385365,27.2512065,4.83929,89.47368421,39532.44389,940.2281041
950,2023,Scotland,North Lanarkshire,353,4359,4712,104.6471404,429.1484633,14.35792046,5.83594,95.50561798,29490.63604,2117.788304
951,2023,Scotland,North Lanarkshire,816,4890,5706,99.39737205,581.582444,15.98726822,5.54802,90.87136929,28889.37029,2347.598881
952,2023,Scotland,North Lanarkshire,1152,4193,5345,106.4660262,646.9194291,29.94570443,4.87037,86.75799087,31198.1189,1405.683929
953,2023,Scotland,North Lanarkshire,1440,3910,5350,119.7410346,868.2910146,37.47791231,4.67935,79.84189723,42732.76468,1893.003218
954,2023,Scotland,North Lanarkshire,637,3748,4385,99.8114024,581.3506945,16.3473049,5.20438,90.5027933,28627.01817,1538.116746
955,2023,Scotland,North Lanarkshire,1095,4752,5847,99.03597313,650.6246788,24.34347517,5.01653,88.125,29838.93732,1118.411069
956,2023,Scotland,North Lanarkshire,509,5269,5778,73.03693819,430.8011457,11.53944778,5.47418,94.55128205,25949.39096,815.0868204
957,2023,Scotland,North Lanarkshire,488,5820,6308,67.48096835,417.968721,6.468579625,5.68293,94.58762887,28502.19742,572.3390878
958,2023,Scotland,North Lanarkshire,351,4410,4761,90.23749013,391.7685612,6.936296113,5.58454,93.50649351,26424.04047,395.045753
959,2023,Scotland,North Lanarkshire,128,2551,2679,72.83544386,268.3977806,8.346152997,5.83168,95.74468085,23047.29002,475.2583833
960,2023,Scotland,North Lanarkshire,422,3761,4183,96.86077661,361.2053797,14.86462313,5.70513,93,26356.02736,612.2345696
961,2023,Scotland,North Lanarkshire,521,3010,3531,100.4635279,441.9584327,23.41305823,5.26891,89.3081761,27582.85408,790.9175939
962,2023,Scotland,North Lanarkshire,223,3376,3599,113.6054362,340.796006,14.30888587,5.4359,94.63087248,25547.86315,440.5770792
963,2023,Scotland,North Lanarkshire,498,5897,6395,99.69530987,304.5902555,12.1425518,5.61719,95.06578947,22662.69777,749.1990766
964,2023,Scotland,North Lanarkshire,409,4295,4704,111.7575535,489.9962416,13.2330352,5.46358,93.68421053,27551.54763,862.0189245
965,2023,Scotland,North Lanarkshire,433,3362,3795,104.8057529,452.9664186,15.63131536,5.648,94.08284024,30263.99772,1349.038146
966,2023,Scotland,North Lanarkshire,652,2823,3475,96.32049674,472.2474681,18.07178701,5.03521,89.67741935,32282.83978,821.3580237
967,2023,Scotland,North Lanarkshire,1017,3470,4487,103.5456623,638.1124824,29.06491067,4.74534,85.9223301,39037.88602,3079.117792
968,2023,Scotland,North Lanarkshire,593,3464,4057,107.8975868,570.5752247,26.40493788,5.13333,89.57055215,30662.68965,914.6212425
969,2023,Scotland,North Lanarkshire,628,3209,3837,107.2312656,565.8309376,28.61629351,5.13768,91.47727273,32729.81203,899.0266693
970,2023,Scotland,North Lanarkshire,470,3778,4248,108.4864956,525.1936763,23.07363569,5.40645,92.89099526,28088.30285,742.840391
971,2023,Scotland,North Lanarkshire,465,3130,3595,96.43931369,566.6806686,17.08359508,5.14423,92.30769231,36376.2857,1312.642269
972,2023,Scotland,North Lanarkshire,221,4767,4988,107.3050541,257.510883,6.905293092,5.91441,93.90681004,21608.21063,138.1935013
973,2023,Scotland,North Lanarkshire,124,3452,3576,110.0233428,246.3781043,3.882801238,6.04167,96.15384615,26051.63518,201.0836645
974,2023,Scotland,North Lanarkshire,246,2460,2706,113.7257779,341.050861,21.05452958,5.5,90.90909091,25823.48547,633.0152578
975,2023,Scotland,North Lanarkshire,915,6624,7539,69.14673826,428.3283487,8.54209319,5.64238,95.26315789,32659.28671,718.8776571
976,2023,Scotland,North Lanarkshire,457,2739,3196,106.3307562,510.0430066,21.19071374,5.10227,91.74311927,29276.1592,1390.883588
977,2023,Scotland,North Lanarkshire,555,3163,3718,100.6776425,401.3109221,19.52773308,5.37126,92.3857868,29724.34831,605.7535601
978,2023,Scotland,Orkney Islands,166,3013,3179,100.7868281,282.5845587,9.636916814,5.68421,96.73913043,14689.32101,480.0569535
979,2023,Scotland,Orkney Islands,210,4020,4230,100.3697974,252.5329504,6.469732264,5.57746,94.62365591,16449.3325,401.7838139
980,2023,Scotland,Orkney Islands,202,4129,4331,79.2149784,245.8312405,11.57533493,5.61111,96.32653061,13278.43466,731.3335421
981,2023,Scotland,Orkney Islands,349,3376,3725,109.2796066,546.0912407,10.69692687,5.56383,93.52517986,27992.23515,1569.579487
982,2023,Scotland,Orkney Islands,200,2168,2368,105.2028425,371.1680185,17.16886965,5.45161,87.67123288,21296.302,1022.567932
983,2023,Scotland,Orkney Islands,377,3790,4167,99.29797216,379.0089888,20.13099712,5.79104,93.03797468,13553.6593,443.0239798
984,2023,Scotland,Perth and Kinross,166,3914,4080,83.15645068,308.9669247,7.036822056,6.09924,93.46405229,20005.39146,743.4164375
985,2023,Scotland,Perth and Kinross,283,4623,4906,96.75076344,329.9962672,7.299829094,5.64865,92.52336449,25095.05231,646.593813
986,2023,Scotland,Perth and Kinross,197,3545,3742,87.16753777,189.8911056,6.785299934,5.90826,92.46575342,20154.33599,526.1926234
987,2023,Scotland,Perth and Kinross,186,3986,4172,83.84679799,275.3759739,6.890777445,5.87603,93.78881988,18420.31247,497.8913501
988,2023,Scotland,Perth and Kinross,240,3917,4157,98.84773208,284.9547211,10.12427591,5.62857,96.2962963,26667.83971,750.1105815
989,2023,Scotland,Perth and Kinross,239,3594,3833,105.1259313,230.8376709,14.04503141,5.76829,92.66055046,25451.9383,647.5069257
990,2023,Scotland,Perth and Kinross,137,2959,3096,105.3583888,278.0179821,10.12619952,6,96.38554217,26595.61546,512.8430302
991,2023,Scotland,Perth and Kinross,505,3588,4093,99.83782288,414.0516138,16.71012422,5.53719,93.63057325,30513.50964,1080.350342
992,2023,Scotland,Perth and Kinross,268,4310,4578,80.48433655,277.5102572,8.74217263,5.47134,94.70899471,24431.33956,584.0410861
993,2023,Scotland,Perth and Kinross,162,4320,4482,80.63576326,241.1721836,6.896112341,5.74667,96.35416667,22570.51028,463.971311
994,2023,Scotland,Perth and Kinross,344,4955,5299,97.73893518,319.9049927,10.53999342,5.67485,93.1372549,28271.52894,621.3305878
995,2023,Scotland,Perth and Kinross,447,3683,4130,108.6919643,540.6718064,18.73592817,5.24828,91.90751445,31868.55207,3093.253225
996,2023,Scotland,Perth and Kinross,311,5452,5763,100.7686292,309.5293335,9.279071668,5.82278,95.71428571,27026.00284,992.3848516
997,2023,Scotland,Perth and Kinross,121,4104,4225,102.6886398,226.577116,3.394122624,6.08974,98.00995025,19592.99885,787.6612921
998,2023,Scotland,Perth and Kinross,100,4105,4205,98.89779169,268.3235426,7.561909021,5.75862,94.79768786,22939.76414,534.0657438
999,2023,Scotland,Perth and Kinross,1019,4556,5575,105.5477315,535.9175089,29.23913756,4.96277,87.12446352,32155.5599,1214.242612
1000,2023,Scotland,Perth and Kinross,1010,4923,5933,102.6431519,560.0544613,23.53288306,5.2,85.10638298,28322.39725,1665.497344
1001,2023,Scotland,Perth and Kinross,457,2810,3267,104.4638133,602.7692589,29.68219488,5.04386,88.57142857,30685.17316,1472.479059
1002,2023,Scotland,Perth and Kinross,481,2746,3227,87.57032892,650.6130534,21.52176797,5.05172,81.87919463,40157.08296,1222.201924
1003,2023,Scotland,Perth and Kinross,282,2020,2302,103.8435717,373.0719321,32.84532,5.13793,91.4893617,33124.24702,3365.406182
1004,2023,Scotland,Perth and Kinross,786,3858,4644,100.5825011,632.8805045,39.24501456,5.44,82.75862069,32332.91381,3992.22008
1005,2023,Scotland,Perth and Kinross,308,3395,3703,102.3546458,330.0647528,10.64770894,5.97647,95.68965517,28490.96739,1061.446711
1006,2023,Scotland,Perth and Kinross,308,4766,5074,96.16005632,291.4853757,10.78264033,5.77551,92.53731343,27890.19845,598.7712827
1007,2023,Scotland,Perth and Kinross,222,3829,4051,101.5332243,284.6756911,10.03543253,5.75652,97.18309859,25765.91979,726.5684188
1008,2023,Scotland,Perth and Kinross,236,4117,4353,92.00718417,355.8125177,6.181667309,5.50625,92.59259259,17914.28074,635.613523
1009,2023,Scotland,Perth and Kinross,174,3645,3819,99.93783485,230.7572766,8.091646349,5.85714,97.18309859,24389.15728,895.5598897
1010,2023,Scotland,Perth and Kinross,450,4803,5253,101.9283778,424.6417215,17.25181731,5.22695,91.95402299,24597.01305,883.1250697
1011,2023,Scotland,Perth and Kinross,328,2760,3088,98.50580625,403.6263913,13.53218095,5.35135,89.87341772,22469.48928,754.5121643
1012,2023,Scotland,Perth and Kinross,213,3882,4095,84.66311241,338.766118,11.5085152,5.47244,96.57534247,18657.82613,796.1225643
1013,2023,Scotland,Perth and Kinross,484,2480,2964,101.3443819,471.1912281,20.10896823,5.35211,84.53608247,24987.73161,795.6632726
1014,2023,Scotland,Perth and Kinross,433,5220,5653,100.4199465,346.699361,8.66124972,5.68462,95.54140127,27294.78687,974.3203223
1015,2023,Scotland,Perth and Kinross,291,4319,4610,95.29455899,247.6944152,16.17814203,5.62992,89.93710692,18610.39175,490.5520014
1016,2023,Scotland,Perth and Kinross,400,5727,6127,90.22934351,303.768938,9.436784638,5.61628,94.37229437,22018.00539,732.3606416
1017,2023,Scotland,Perth and Kinross,194,3694,3888,104.8490964,247.649146,10.68999231,5.80597,87.77777778,17627.15582,725.4744653
1018,2023,Scotland,Perth and Kinross,264,4449,4713,107.5957288,334.2621209,15.83400454,5.60667,94.31818182,20644.01267,869.8481401
1019,2023,Scotland,Renfrewshire,235,2463,2698,98.98697434,323.3374976,9.334492017,5.88608,97.95918367,18191.59058,382.2943977
1020,2023,Scotland,Renfrewshire,185,3682,3867,92.54567172,465.2280845,3.485285109,5.89041,97.77777778,23975.4721,719.5007291
1021,2023,Scotland,Renfrewshire,191,5503,5694,35.10206975,232.7964874,3.755086553,5.62205,93.35548173,17835.94531,597.9689292
1022,2023,Scotland,Renfrewshire,253,2984,3237,107.2099111,309.3558403,9.937914573,5.85526,94.05940594,20472.83459,336.7336831
1023,2023,Scotland,Renfrewshire,984,4532,5516,91.67884714,514.8390681,23.2235806,5.51004,91.31832797,24110.8034,716.6708128
1024,2023,Scotland,Renfrewshire,914,2585,3499,100.3590514,666.2142952,24.45438818,5.20175,85.41666667,29104.4497,1194.993302
1025,2023,Scotland,Renfrewshire,658,2939,3597,109.7185534,669.3896324,19.52130511,5.4,90.6779661,34209.82267,1823.80955
1026,2023,Scotland,Renfrewshire,560,3141,3701,109.1600136,500.8620421,19.10139763,5.43548,90.53254438,28167.77375,742.9237945
1027,2023,Scotland,Renfrewshire,426,4746,5172,94.10961131,426.0008621,9.256903711,5.51034,94.91525424,19029.75138,1383.655235
1028,2023,Scotland,Renfrewshire,1466,2730,4196,100.4618268,817.9251339,28.90270728,5.10526,85.12396694,28700.27619,1528.765383
1029,2023,Scotland,Renfrewshire,985,2599,3584,88.81859837,908.0810428,19.37821022,5.28947,85.45454545,29439.1647,2446.099817
1030,2023,Scotland,Renfrewshire,868,4670,5538,104.9384255,544.2925937,21.52508992,5.55556,92.41071429,19790.65202,911.68764
1031,2023,Scotland,Renfrewshire,968,3885,4853,100.9011579,444.8116481,21.87687247,5.08784,87.95811518,24269.09149,1020.998896
1032,2023,Scotland,Renfrewshire,170,4515,4685,108.2252721,324.2473632,7.372291309,6.00794,95.83333333,17245.04898,414.4735004
1033,2023,Scotland,Renfrewshire,639,3420,4059,104.6762341,638.0474174,21.88976901,5.22222,92.26519337,32962.47758,550.5247435
1034,2023,Scotland,Renfrewshire,484,2828,3312,96.55885237,384.1810547,20.30351057,5.59091,92.5,20642.09332,602.2581314
1035,2023,Scotland,Renfrewshire,143,3470,3613,103.2530285,337.8173507,7.065277106,5.91667,98.7012987,15318.46356,1045.4853
1036,2023,Scotland,Renfrewshire,1049,4859,5908,99.97719449,688.6840307,16.34078272,5.53285,94.77124183,26613.53127,900.2973158
1037,2023,Scotland,Renfrewshire,190,3731,3921,87.6433124,237.4414052,7.680372779,6.11392,96.53465347,27509.58026,329.1753885
1038,2023,Scotland,Renfrewshire,749,3310,4059,87.40442914,616.7749673,17.04163191,5.26712,89.74358974,32081.98642,636.3458322
1039,2023,Scotland,Renfrewshire,1187,5695,6882,89.13519782,612.7063698,17.4081893,5.23009,86.36363636,25812.32937,3409.249068
1040,2023,Scotland,Renfrewshire,1036,5014,6050,97.81920795,582.1471566,17.33797234,5.72143,94.01197605,28205.00451,970.5917041
1041,2023,Scotland,Renfrewshire,165,4600,4765,105.4706354,257.9575386,5.837684962,6.24561,98.73417722,18199.82072,290.1183964
1042,2023,Scotland,Renfrewshire,1466,4057,5523,105.9927487,725.7665497,31.44944937,5.07692,87.15953307,33212.23024,1958.418215
1043,2023,Scotland,Renfrewshire,984,4108,5092,78.6964859,682.9751733,22.30119406,5.21675,87.06896552,28112.44821,3370.41594
1044,2023,Scotland,Renfrewshire,999,5866,6865,101.4287147,526.6246775,22.78917035,5.28049,91.08910891,26071.86715,937.013491
1045,2023,Scotland,Renfrewshire,615,4372,4987,106.8339192,421.0934702,18.42366072,5.50932,93.65079365,25306.23435,759.7534376
1046,2023,Scotland,Renfrewshire,344,4985,5329,106.23161,257.5585824,15.41710532,5.65414,93.75,22376.1377,549.9572989
1047,2023,Scotland,Renfrewshire,692,5482,6174,61.43516649,463.9610021,12.25609276,5.50251,90.47619048,23432.75375,2145.356566
1048,2023,Scotland,Renfrewshire,225,5477,5702,107.8086323,283.0468049,5.285727929,5.86869,97.27626459,19005.21642,167.9572692
1049,2023,Scotland,Renfrewshire,473,4512,4985,108.2937695,456.3170507,12.01884228,5.68023,96.49122807,24860.78723,409.5640265
1050,2023,Scotland,Renfrewshire,504,5058,5562,105.2986406,353.5007579,16.55333607,5.37755,92.73504274,25153.6331,518.0506891
1051,2023,Scotland,Renfrewshire,141,4291,4432,104.3009823,228.6188706,5.613774676,6.12727,96.85534591,18278.26884,371.8565688
1052,2023,Scotland,Renfrewshire,995,3078,4073,99.27928985,639.860493,23.00276176,5.12857,91.08280255,29420.26394,1240.177026
1053,2023,Scotland,Renfrewshire,623,3928,4551,104.5809496,394.0776122,15.61359061,5.30481,90.94827586,30990.2542,501.1601459
1054,2023,Scotland,Renfrewshire,67,3131,3198,108.6698952,221.597443,3.706373765,6.19835,98.19277108,17155.27148,109.9731559
1055,2023,Scotland,Renfrewshire,120,3103,3223,97.55038004,228.5120606,5.242512675,5.90517,98.03921569,14757.04907,276.8021589
1056,2023,Scotland,Renfrewshire,334,4394,4728,99.30429519,277.3115372,8.546036838,6.04787,97.4248927,21441.04784,409.5140464
1057,2023,Scotland,Scottish Borders,304,5872,6176,90.7896091,216.1476472,7.527611287,5.88263,96.812749,18381.73638,439.7404004
1058,2023,Scotland,Scottish Borders,385,3847,4232,100.2817333,436.7112794,17.69036981,5.50893,94.28571429,28943.97138,1359.219947
1059,2023,Scotland,Scottish Borders,177,4126,4303,105.0745177,136.3083036,7.152627802,5.98851,98.23788546,17740.43172,458.9755523
1060,2023,Scotland,Scottish Borders,438,5271,5709,91.30731583,349.4983008,12.57539214,5.68261,95.68345324,22561.79407,497.6307942
1061,2023,Scotland,Scottish Borders,338,5262,5600,79.14392497,273.1697468,17.10927024,5.8,96.60377358,20106.27825,709.8008941
1062,2023,Scotland,Scottish Borders,398,3269,3667,96.83645453,471.1861213,15.40361609,5.35514,93.33333333,20022.14537,1918.099425
1063,2023,Scotland,Scottish Borders,426,2626,3052,101.8577694,483.7483216,25.19478545,5.04412,93.33333333,30340.49756,1565.115581
1064,2023,Scotland,Scottish Borders,335,2907,3242,100.1923029,335.2699046,16.26903152,5.51765,94.82758621,31053.75939,2095.361052
1065,2023,Scotland,Scottish Borders,576,2066,2642,113.0506337,546.9862546,32.58037345,5.2,86.81318681,21070.40241,1933.051195
1066,2023,Scotland,Scottish Borders,371,5003,5374,97.19848608,249.1913607,7.941322122,5.85475,96.99570815,18875.08793,592.5577299
1067,2023,Scotland,Scottish Borders,138,2894,3032,91.57784567,216.5682634,6.344780457,6.02308,97.54601227,22135.66943,566.2987276
1068,2023,Scotland,Scottish Borders,291,3871,4162,98.43183323,297.4193508,10.94848975,5.37063,94.21052632,15729.09254,423.1998253
1069,2023,Scotland,Scottish Borders,259,2497,2756,90.73331091,345.2472473,12.19222609,5.2963,96.21212121,21074.01974,654.3187415
1070,2023,Scotland,Scottish Borders,292,3421,3713,92.36343743,236.543413,13.77741092,5.56774,93.7007874,15591.92789,693.5777836
1071,2023,Scotland,Scottish Borders,461,3096,3557,99.04444917,422.0920587,21.41668853,5,90.96385542,22799.53196,1277.650064
1072,2023,Scotland,Scottish Borders,296,3710,4006,95.7008147,235.9990996,16.17568554,5.66337,95.03546099,18532.87996,356.1405144
1073,2023,Scotland,Scottish Borders,269,2482,2751,92.62436177,324.918122,14.6934142,5.13333,90.625,20047.57443,630.2753204
1074,2023,Scotland,Scottish Borders,266,4425,4691,100.3279807,303.7458079,10.59057237,5.65035,94.35028249,18256.84895,681.4261464
1075,2023,Scotland,Scottish Borders,342,2936,3278,104.9136914,476.9771474,15.52640442,5.14151,92.8,23185.65314,711.1409553
1076,2023,Scotland,Scottish Borders,273,2079,2352,90.98852344,356.1564969,20.91902508,5.49315,93.75,23887.8509,1569.887689
1077,2023,Scotland,Scottish Borders,159,2792,2951,103.1890012,260.7595954,11.96595916,5.40278,97.8021978,20592.74858,677.9716061
1078,2023,Scotland,Scottish Borders,260,3394,3654,97.85914951,381.5763659,15.83340862,5.63158,93.98496241,19070.92684,778.1802048
1079,2023,Scotland,Scottish Borders,526,3356,3882,99.50222791,345.7491838,21.78527072,5.3578,94.23076923,24335.86939,1679.211024
1080,2023,Scotland,Scottish Borders,304,3749,4053,93.82487648,270.1954667,14.6738292,5.6055,95.93495935,21730.54537,677.612622
1081,2023,Scotland,Scottish Borders,766,2247,3013,108.3455227,616.9088457,35.95990914,4.57778,85.80246914,26793.34635,1669.633072
1082,2023,Scotland,Scottish Borders,553,3640,4193,102.550911,527.9736764,20.27239062,5.24731,88.72180451,24550.25849,1911.43309
1083,2023,Scotland,Scottish Borders,379,2955,3334,101.680655,423.696404,20.24367743,5.60494,95.41984733,23497.69976,878.5321613
1084,2023,Scotland,Scottish Borders,450,2899,3349,108.1680724,388.6928512,21.27713829,5.29897,93.84615385,27765.4459,1865.483168
1085,2023,Scotland,Scottish Borders,111,2625,2736,102.0063708,426.2859032,14.0332606,5.75325,95.40229885,16136.52206,1171.171168
1086,2023,Scotland,Scottish Borders,668,4892,5560,104.8654701,433.3406445,17.57430302,5.40449,95.19230769,24647.42301,956.1108113
1087,2023,Scotland,Shetland Islands,141,3239,3380,96.0916399,351.6970551,10.46540393,5.31092,95.51282051,17480.10827,223.2693016
1088,2023,Scotland,Shetland Islands,205,3199,3404,101.3609326,294.9893355,8.100485336,5.67485,95.02487562,18118.19779,661.6289273
1089,2023,Scotland,Shetland Islands,354,4265,4619,107.859586,515.6891448,12.7732079,5.48905,98.19277108,23913.61482,1485.06826
1090,2023,Scotland,Shetland Islands,168,3257,3425,92.70513708,241.7391243,10.30694881,5.65766,97.51552795,17557.27317,621.1565237
1091,2023,Scotland,Shetland Islands,123,2765,2888,100.1216407,263.7004022,4.570042144,5.85321,97.85714286,13077.11766,343.7987609
1092,2023,Scotland,Shetland Islands,138,2483,2621,99.88207823,258.514493,9.578574476,5.59701,97.82608696,18950.01114,379.6747013
1093,2023,Scotland,Shetland Islands,158,2585,2743,105.668938,325.2510522,6.447736586,5.6875,100,13949.35812,201.5663856
1094,2023,Scotland,South Ayrshire,596,4764,5360,103.506983,371.9502628,22.31529628,5.54745,96.57142857,19613.47604,835.6673369
1095,2023,Scotland,South Ayrshire,706,2565,3271,104.7634583,580.8365448,26.6826305,5.28682,98.70967742,28596.64379,1175.524242
1096,2023,Scotland,South Ayrshire,515,2703,3218,105.3745425,506.2578229,25.70911632,5.40789,92.23300971,23025.90339,1810.015783
1097,2023,Scotland,South Ayrshire,712,3966,4678,108.3634022,542.2758857,26.74956663,5.60927,95.04950495,33127.90269,1010.585861
1098,2023,Scotland,South Ayrshire,326,4056,4382,83.95055109,363.0325442,8.160844321,5.75484,97.44897959,25784.18552,1184.138056
1099,2023,Scotland,South Ayrshire,280,3482,3762,97.11795778,284.6305728,9.804148363,5.712,95.20958084,27691.48056,1526.668816
1100,2023,Scotland,South Ayrshire,167,5839,6006,101.209774,263.2077623,4.408545748,6.30573,99.54545455,20648.92205,320.6146083
1101,2023,Scotland,South Ayrshire,609,3581,4190,104.6171156,513.2558197,24.25896135,5.41985,96.68508287,21210.69389,695.8969648
1102,2023,Scotland,South Ayrshire,408,4988,5396,103.5916639,247.2032903,10.27171766,5.85057,97.37991266,23489.86254,679.4379043
1103,2023,Scotland,South Ayrshire,380,4597,4977,101.8481024,310.445507,13.80738861,5.74719,96.99570815,22348.95263,390.4118765
1104,2023,Scotland,South Ayrshire,637,4713,5350,103.0546302,545.9180925,14.27444269,6.02,94.15584416,29751.13361,4485.565289
1105,2023,Scotland,South Ayrshire,1421,3137,4558,106.5162312,1002.274483,36.9712306,4.96639,86.20689655,33205.86439,3672.889503
1106,2023,Scotland,South Ayrshire,467,2168,2635,114.8655313,533.3727555,20.55871035,5.52632,92.40506329,24742.24113,921.9254992
1107,2023,Scotland,South Ayrshire,872,2090,2962,106.0023189,734.9204742,33.90261182,4.84426,96.2962963,38124.07327,1398.617156
1108,2023,Scotland,South Ayrshire,1225,2967,4192,101.8374541,760.6723667,29.02187754,4.78022,87.62376238,35492.71155,2294.308918
1109,2023,Scotland,South Ayrshire,434,3755,4189,101.5356394,371.5782931,14.68019305,5.67213,96.05263158,26745.65026,1414.564697
1110,2023,Scotland,South Ayrshire,554,3906,4460,98.97584818,586.7354853,13.75610062,5.57962,96.55172414,28397.9159,1104.698057
1111,2023,Scotland,South Ayrshire,180,3859,4039,106.8721346,293.0890434,2.947901478,5.97115,97.82608696,25121.80429,979.3386921
1112,2023,Scotland,South Ayrshire,387,5003,5390,105.6992799,281.5264132,8.63315034,5.64744,97.83783784,24679.14917,478.1820827
1113,2023,Scotland,South Ayrshire,260,2901,3161,87.20811565,361.0893362,10.78268799,5.4537,96.09375,29321.14711,1363.46605
1114,2023,Scotland,South Ayrshire,793,5129,5922,101.9007233,484.7916224,19.75875623,5.43605,91.58415842,26417.6664,601.1096119
1115,2023,Scotland,South Ayrshire,506,5326,5832,77.67145818,336.4228011,13.24394498,5.56132,94.65020576,23314.56159,544.8089855
1116,2023,Scotland,South Ayrshire,357,4960,5317,105.4483834,286.6432287,15.5615197,5.70056,96.27906977,20021.77281,576.0626946
1117,2023,Scotland,South Ayrshire,606,3333,3939,108.1558039,442.7321569,19.16296267,5.46018,95.12195122,26656.8387,791.8174369
1118,2023,Scotland,South Ayrshire,386,5108,5494,104.2833325,291.9815362,10.18465597,6.11511,96.95121951,21671.85332,1191.185975
1119,2023,Scotland,South Lanarkshire,202,2221,2423,102.8241332,369.3243617,14.23612559,5.78873,97.82608696,19977.02229,1695.730931
1120,2023,Scotland,South Lanarkshire,402,5458,5860,92.54949774,313.8087678,11.52486637,5.76596,97.91666667,21844.35347,600.0953791
1121,2023,Scotland,South Lanarkshire,641,4115,4756,99.59819829,432.7015213,15.90419646,5.16667,92.26519337,23797.51525,854.7728953
1122,2023,Scotland,South Lanarkshire,474,3197,3671,102.7240848,434.5880739,18.01486797,5.39623,92.02898551,29412.24872,950.6127386
1123,2023,Scotland,South Lanarkshire,342,3388,3730,99.48741531,383.007038,11.89231812,5.31944,95.74468085,25716.6485,545.7582149
1124,2023,Scotland,South Lanarkshire,156,2718,2874,101.6232312,342.4614349,6.201855927,5.68421,94.11764706,15361.72575,719.2205344
1125,2023,Scotland,South Lanarkshire,430,1967,2397,98.5522761,669.0214216,15.9222574,5.475,92.20779221,24907.20016,1492.526645
1126,2023,Scotland,South Lanarkshire,651,3439,4090,100.0648579,451.0728404,16.78708903,5.34483,90,26464.09983,1051.284795
1127,2023,Scotland,South Lanarkshire,395,2921,3316,94.53835522,492.5777503,14.13304456,4.92157,87.5,28726.31254,1363.290646
1128,2023,Scotland,South Lanarkshire,167,2374,2541,79.86445332,343.1972469,5.81184352,5.64103,95.91836735,21937.06032,681.7614213
1129,2023,Scotland,South Lanarkshire,240,2410,2650,101.1233177,451.9452074,9.298827572,5.37662,93.47826087,24658.91124,1703.202977
1130,2023,Scotland,South Lanarkshire,302,1897,2199,100.772884,382.0529217,19.19898913,5.33784,95.6043956,24616.85576,915.2085798
1131,2023,Scotland,South Lanarkshire,493,3401,3894,97.62439399,589.1506784,10.46559348,5.78947,96.42857143,29447.03844,1916.909333
1132,2023,Scotland,South Lanarkshire,388,3585,3973,92.83606484,411.4874509,8.318711836,5.77852,94.05405405,22924.89405,1005.640583
1133,2023,Scotland,South Lanarkshire,867,3400,4267,107.0254091,477.3065634,17.87922413,5.07463,88.82681564,26861.14105,1467.839933
1134,2023,Scotland,South Lanarkshire,623,3185,3808,102.5788286,469.6004332,22.26547164,5.60606,94.54545455,27013.48471,908.035305
1135,2023,Scotland,South Lanarkshire,517,3765,4282,101.5503653,375.8425203,14.26570814,5.44828,93.52941176,34183.68552,1005.899999
1136,2023,Scotland,South Lanarkshire,469,2356,2825,81.75184394,597.761839,20.52085196,5.56522,95,26583.19539,851.6925479
1137,2023,Scotland,South Lanarkshire,350,2947,3297,110.0754412,405.3980751,16.83457999,5.75652,94.28571429,24803.98081,613.5818693
1138,2023,Scotland,South Lanarkshire,493,3321,3814,99.13750684,458.7840913,14.00683363,5.46729,94.92753623,25617.85226,2154.986015
1139,2023,Scotland,South Lanarkshire,809,3210,4019,103.813739,511.6642899,20.67419766,5.34545,91.66666667,29516.79982,1711.263214
1140,2023,Scotland,South Lanarkshire,956,2620,3576,97.17855607,675.1586662,23.72629053,5.144,88.50574713,31455.52454,1660.78755
1141,2023,Scotland,South Lanarkshire,681,5062,5743,97.46380953,470.1071446,15.80164282,5.46193,94.86166008,23950.5264,596.0136968
1142,2023,Scotland,South Lanarkshire,319,4289,4608,102.4257289,332.172147,8.708369025,5.9186,97.35682819,21555.58376,707.5287227
1143,2023,Scotland,South Lanarkshire,165,2613,2778,97.05415004,404.1031133,5.394021396,6.0625,96.77419355,20135.37969,476.2009137
1144,2023,Scotland,South Lanarkshire,124,2965,3089,75.06266064,294.4657801,4.748903412,5.96377,96.61016949,22437.7047,530.5699704
1145,2023,Scotland,South Lanarkshire,221,3635,3856,66.48012883,282.3185298,7.409195124,5.95122,91.51515152,23892.77255,1130.342382
1146,2023,Scotland,South Lanarkshire,336,3228,3564,107.4069946,428.9316058,20.28367812,5.75342,94.08602151,24953.64924,447.2801953
1147,2023,Scotland,South Lanarkshire,629,2168,2797,98.42551333,573.4803301,29.40662695,5.25352,87.64044944,28338.06227,2227.714327
1148,2023,Scotland,South Lanarkshire,234,2566,2800,103.2320045,330.7899804,9.372562387,5.89474,93,19598.5758,893.8924637
1149,2023,Scotland,South Lanarkshire,499,3750,4249,96.98136528,486.6848054,15.33104319,6,92.5,21023.86264,5049.330387
1150,2023,Scotland,South Lanarkshire,673,2981,3654,104.4304544,612.3015152,21.28040119,5.63303,84.61538462,25176.36806,1070.650118
1151,2023,Scotland,South Lanarkshire,614,1489,2103,101.4886507,615.1365363,30.11039355,5.05172,87.91946309,36794.14989,2396.264249
1152,2023,Scotland,South Lanarkshire,477,2303,2780,104.6537142,523.8616205,21.05384938,5.47664,93.79844961,25744.56636,892.1748095
1153,2023,Scotland,South Lanarkshire,454,6008,6462,81.81637629,384.2675926,8.763920632,5.84252,94.58917836,25434.83461,330.4652372
1154,2023,Scotland,South Lanarkshire,143,3933,4076,98.56321898,223.7465607,5.727178184,6.04717,100,18399.33016,383.4531653
1155,2023,Scotland,South Lanarkshire,1031,3171,4202,100.8691939,749.6298701,22.38039915,4.93103,87.5,25452.56136,1559.851395
1156,2023,Scotland,South Lanarkshire,814,3096,3910,108.7229315,604.6030535,26.60408293,5.13131,94.11764706,25203.27666,2003.215351
1157,2023,Scotland,South Lanarkshire,859,3321,4180,106.0494596,697.2252806,25.5489878,5.23448,86.91099476,29316.39106,1834.631387
1158,2023,Scotland,South Lanarkshire,338,2908,3246,107.974028,443.0401688,13.45084946,5.61864,92.8057554,19217.09873,431.8903962
1159,2023,Scotland,South Lanarkshire,525,2444,2969,105.2175269,534.6690298,23.15236627,5.5,94.30894309,25052.97405,1145.006986
1160,2023,Scotland,South Lanarkshire,964,4000,4964,105.8535361,665.8818107,25.61365438,5.29534,87.05882353,25523.68905,1489.791363
1161,2023,Scotland,South Lanarkshire,1153,3360,4513,104.7857519,725.5513356,31.4435096,5.32331,88.63636364,32876.77012,2408.951005
1162,2023,Scotland,South Lanarkshire,488,3326,3814,98.59740857,561.3848912,15.34470284,5.71569,92.59259259,30767.93719,1144.783486
1163,2023,Scotland,South Lanarkshire,890,3038,3928,103.7447565,667.5110757,22.48980461,4.88372,87.79069767,38811.64628,3097.671715
1164,2023,Scotland,South Lanarkshire,133,3234,3367,91.63855917,252.5020719,2.397305724,5.92188,93.25842697,21528.6121,1034.355857
1165,2023,Scotland,South Lanarkshire,351,2744,3095,103.4009097,538.2749014,9.340839315,5.46067,91.66666667,19514.74981,608.5776194
1166,2023,Scotland,South Lanarkshire,478,6016,6494,84.40998119,405.1655404,6.56288512,5.77844,96.22641509,23382.52707,884.1396494
1167,2023,Scotland,South Lanarkshire,520,6387,6907,62.36408848,292.1524147,8.109350595,5.71217,95.44364508,15363.58799,668.4237869
1168,2023,Scotland,South Lanarkshire,987,5336,6323,98.83715186,549.150193,17.88559234,5.43522,93.08357349,27712.12554,655.9296561
1169,2023,Scotland,South Lanarkshire,874,3285,4159,93.79562054,689.4414769,17.42011702,5.35616,89.56043956,27970.87978,929.5443864
1170,2023,Scotland,South Lanarkshire,741,4085,4826,110.2789228,547.7608239,15.97580703,5.63265,92.53731343,23118.70825,910.6397899
1171,2023,Scotland,South Lanarkshire,453,3387,3840,102.5730609,337.2830376,8.637804387,6.11458,95.72649573,28759.39408,1652.571907
1172,2023,Scotland,South Lanarkshire,494,5200,5694,102.9410796,448.5714982,9.201471439,5.71429,94.67455621,24705.80536,506.345389
1173,2023,Scotland,South Lanarkshire,680,2689,3369,85.21026724,577.3534303,17.06560663,5.55789,96.19047619,32252.51289,2080.315622
1174,2023,Scotland,South Lanarkshire,741,2846,3587,106.9364462,735.6218435,17.0831522,5.22078,89.15662651,31207.17393,3500.970251
1175,2023,Scotland,South Lanarkshire,761,2562,3323,100.6998867,622.6345295,21.47711344,5.02804,85.18518519,23084.71386,1136.849043
1176,2023,Scotland,South Lanarkshire,339,2775,3114,104.9175322,367.6844941,25.87063664,5.3875,89.36170213,23944.51018,520.4435977
1177,2023,Scotland,South Lanarkshire,627,2044,2671,89.1789621,548.8744524,22.50606003,5.11024,90.83333333,23936.11564,683.3088139
1178,2023,Scotland,South Lanarkshire,132,3579,3711,89.26051534,169.5731636,2.931374356,5.9011,94.49541284,18578.29437,952.0946275
1179,2023,Scotland,South Lanarkshire,686,3696,4382,103.2257315,558.7247916,18.28040315,5.75,95.71428571,27846.2798,1288.808592
1180,2023,Scotland,South Lanarkshire,934,3557,4491,91.73526877,733.3570453,15.40157048,5.26,86.33879781,29839.13991,1015.453118
1181,2023,Scotland,South Lanarkshire,563,5555,6118,47.1356215,505.3378075,5.889506922,5.76025,95.60723514,28821.07257,829.177852
1182,2023,Scotland,South Lanarkshire,447,3090,3537,100.3469738,464.5577529,15.20691586,5.47287,93.20987654,21102.84301,820.2603461
1183,2023,Scotland,South Lanarkshire,555,3222,3777,104.9977106,553.972432,18.01491442,5.62,94.16666667,34044.09809,540.1947759
1184,2023,Scotland,South Lanarkshire,453,3656,4109,99.21201591,475.8597395,11.60137222,5.6063,92.26190476,32533.38,951.4211112
1185,2023,Scotland,South Lanarkshire,353,4462,4815,101.9929192,278.704574,12.50512638,5.82051,95.45454545,23775.32331,575.066136
1186,2023,Scotland,South Lanarkshire,331,4275,4606,103.5732653,352.1687663,9.152217162,5.8125,95.12195122,21251.49406,1611.503996
1187,2023,Scotland,South Lanarkshire,362,2659,3021,98.17273398,397.0566898,13.82686648,5.6129,91.57894737,29614.14813,1913.812363
1188,2023,Scotland,South Lanarkshire,343,2751,3094,99.46609786,384.6851654,18.73528392,5.75,93.38842975,26155.56906,1837.563758
1189,2023,Scotland,South Lanarkshire,57,2645,2702,108.6293026,175.8242904,4.6198761,6.17073,99.10714286,15655.47322,162.3788308
1190,2023,Scotland,South Lanarkshire,217,3807,4024,105.5647255,321.2834217,6.041701586,6.03876,97.51552795,19116.35707,959.7744498
1191,2023,Scotland,South Lanarkshire,63,4056,4119,88.63018086,208.7743549,3.217110372,6.19858,97.95918367,17563.80485,270.7671382
1192,2023,Scotland,South Lanarkshire,309,3531,3840,102.3303182,516.3308573,11.87693775,5.95833,92.14285714,26626.15632,1392.228502
1193,2023,Scotland,South Lanarkshire,175,2507,2682,101.8312469,282.3864819,14.89632857,6.11842,97.05882353,15818.76389,145.3663528
1194,2023,Scotland,South Lanarkshire,506,4903,5409,92.01065307,361.8257445,16.86681478,5.69512,94.80519481,33734.66535,593.7305189
1195,2023,Scotland,South Lanarkshire,697,3448,4145,99.83909563,535.8712006,15.26050122,5.36723,93.17073171,31575.7151,923.9785345
1196,2023,Scotland,South Lanarkshire,498,2651,3149,104.9479383,404.8601815,21.01463733,5.20741,91.76470588,27325.39285,1178.174653
1197,2023,Scotland,South Lanarkshire,424,3723,4147,108.4068261,317.6712881,19.32722032,5.68519,92.40506329,24067.20224,740.3157588
1198,2023,Scotland,South Lanarkshire,423,3062,3485,100.5052163,434.8813875,16.853724,5.51,91.52542373,31937.83939,931.1507211
1199,2023,Scotland,South Lanarkshire,532,3077,3609,102.7961333,455.5871425,19.25024949,5.41414,88.13559322,36061.35755,932.7063895
1200,2023,Scotland,South Lanarkshire,458,3424,3882,108.3970069,449.895824,20.35035432,5.55556,95.75757576,24165.31362,909.1341008
1201,2023,Scotland,Stirling,190,5177,5367,99.08103999,226.018908,6.398501739,6.0604,95.58823529,18270.19106,438.6717872
1202,2023,Scotland,Stirling,235,4150,4385,93.23206213,219.3100411,10.54790382,5.8232,97.87234043,19866.77581,451.7131874
1203,2023,Scotland,Stirling,147,3100,3247,101.8566928,156.1474286,5.542567329,5.99065,93.58974359,17714.1499,414.6971813
1204,2023,Scotland,Stirling,209,3592,3801,100.6033966,307.5644956,9.398070745,6.016,96.25,21380.63507,383.3438095
1205,2023,Scotland,Stirling,426,2647,3073,84.29452982,487.2841481,16.39217701,5.17544,90.07092199,23212.9584,1429.682743
1206,2023,Scotland,Stirling,398,2344,2742,97.82257059,573.6732592,27.10998027,5.10526,91.55844156,30450.77756,832.8918976
1207,2023,Scotland,Stirling,435,2431,2866,102.2896352,780.8545581,25.46974108,5.0084,90.72847682,27801.88555,927.6553456
1208,2023,Scotland,Stirling,314,3083,3397,108.0212245,390.5420884,15.14679746,5.58621,96.61016949,28447.42217,854.7841666
1209,2023,Scotland,Stirling,472,3028,3500,105.5593555,466.2563379,19.7032157,5.37857,92.39130435,30809.23224,896.3702224
1210,2023,Scotland,Stirling,657,4629,5286,103.1073404,411.8588871,18.40468722,5.67974,94.84536082,27542.29054,1022.889318
1211,2023,Scotland,Stirling,651,3418,4069,93.63096886,497.0820183,19.59844169,5.15646,91.4893617,31252.39652,1101.319757
1212,2023,Scotland,Stirling,146,4011,4157,89.31741595,252.4022826,4.774845104,6.22018,98.6013986,21067.94969,749.0374706
1213,2023,Scotland,Stirling,335,2106,2441,100.4036579,668.1188863,25.84693643,5.44928,92.13483146,25770.57439,4349.007868
1214,2023,Scotland,Stirling,380,3711,4091,97.34546902,617.6305579,20.11938889,4.87097,81.81818182,50108.27281,2081.354042
1215,2023,Scotland,Stirling,991,2275,3266,72.5510413,929.0221352,26.70115964,4.69841,81.31868132,28204.04954,1909.784362
1216,2023,Scotland,Stirling,436,2726,3162,102.3237238,470.8943902,17.54953048,5.3622,90.36144578,24906.76289,879.2067823
1217,2023,Scotland,Stirling,98,2710,2808,91.87565313,241.5465343,1.948629926,5.98864,100,24034.96767,425.9327306
1218,2023,Scotland,Stirling,241,7024,7265,110.2268666,197.5722923,6.819029128,5.94017,95.45454545,15494.38979,436.1518045
1219,2023,Scotland,Stirling,171,2783,2954,94.49267406,280.6318294,9.47142902,6.08197,93.33333333,22856.82466,1923.700542
1220,2023,Scotland,Stirling,156,5499,5655,96.98261511,174.4059797,5.1146384,6.2395,97.6744186,16273.62084,413.0530152
1221,2023,Scotland,Stirling,254,4283,4537,105.2385879,256.1809657,5.396018161,5.96296,97.05882353,20687.47226,532.0273342
1222,2023,Scotland,Stirling,286,4623,4909,86.45260705,327.7022684,7.24992286,6.01705,97.08737864,15622.94291,888.0516519
1223,2023,Scotland,Stirling,294,3446,3740,100.9602132,449.5195677,11.25671891,5.93966,94.77124183,22272.37579,1038.293635
1224,2023,Scotland,Stirling,228,3054,3282,105.7042752,343.7834592,16.63457233,5.73469,93.91304348,16674.40968,1340.091793
1225,2023,Scotland,West Dunbartonshire,947,3130,4077,110.2377807,526.2596498,21.60491035,4.90909,90,25317.9607,586.7341223
1226,2023,Scotland,West Dunbartonshire,1120,3413,4533,95.11679127,907.7928932,23.2423578,5.10884,90.76086957,38722.53722,653.7154209
1227,2023,Scotland,West Dunbartonshire,1516,4044,5560,101.6626092,572.7021454,23.15240115,5.34545,87.88927336,32601.83604,2383.909086
1228,2023,Scotland,West Dunbartonshire,912,3676,4588,97.5040933,636.9359186,17.31996344,5.18881,93.52941176,31362.06096,1246.020309
1229,2023,Scotland,West Dunbartonshire,397,3188,3585,107.4338816,350.5024653,20.21324351,5.75248,93.89312977,28036.97217,1433.537936
1230,2023,Scotland,West Dunbartonshire,1229,4018,5247,104.2948374,527.5370153,27.7683501,5.18468,90.98039216,32448.79961,620.0709755
1231,2023,Scotland,West Dunbartonshire,445,3945,4390,102.7670923,323.1284981,13.67649351,5.41481,91.46341463,24975.38407,1368.584793
1232,2023,Scotland,West Dunbartonshire,1292,4185,5477,101.6893579,674.2766459,19.31172349,5.41916,89.81481481,30103.78971,887.014238
1233,2023,Scotland,West Dunbartonshire,393,4524,4917,114.9926612,369.7541265,13.07747555,5.65294,93.71727749,25744.72062,1257.176752
1234,2023,Scotland,West Dunbartonshire,325,3913,4238,106.7153843,329.650959,10.52355861,5.53704,91.61290323,24614.3996,1241.331481
1235,2023,Scotland,West Dunbartonshire,806,4186,4992,109.0930339,516.9284118,13.44047057,5.41,91.08527132,23573.27254,2336.896382
1236,2023,Scotland,West Dunbartonshire,613,6397,7010,83.94806773,495.5752129,8.120330366,5.65789,95.88477366,23439.54129,699.7936331
1237,2023,Scotland,West Dunbartonshire,1251,4266,5517,101.603503,735.1131471,21.05928832,5.0989,85.18518519,24327.53051,687.0694465
1238,2023,Scotland,West Dunbartonshire,772,4322,5094,103.417523,600.2607966,17.3427175,5.31343,92.88537549,22265.25706,1359.981497
1239,2023,Scotland,West Dunbartonshire,1134,4662,5796,96.98715804,492.8547186,16.71950534,4.98723,90.13605442,24881.43707,993.2689555
1240,2023,Scotland,West Dunbartonshire,863,3265,4128,104.7661684,758.9490753,20.81500238,5.12097,88.0239521,38820.93347,412.7979175
1241,2023,Scotland,West Dunbartonshire,877,5113,5990,104.6373937,493.1694468,15.26589186,5.45679,91.54228856,21752.32559,1213.821811
1242,2023,Scotland,West Dunbartonshire,836,3635,4471,101.202382,473.1494921,17.20437576,5.10983,88.35978836,23359.00254,936.376918
1243,2023,Scotland,West Lothian,785,4019,4804,106.1754484,567.7470328,23.45608192,5.34831,92.62672811,33790.40911,1567.891528
1244,2023,Scotland,West Lothian,598,4259,4857,96.13044554,547.5513455,19.62694998,5.41711,91.2,28345.82286,1214.791026
1245,2023,Scotland,West Lothian,769,4684,5453,103.5414472,482.7543377,20.74819789,5.49107,96.13899614,25897.47005,1221.356338
1246,2023,Scotland,West Lothian,288,4431,4719,90.97387352,202.3566706,8.926504546,5.91364,95.72953737,28548.46987,1395.826474
1247,2023,Scotland,West Lothian,119,5196,5315,105.2969917,204.9315465,4.895113326,5.95,96.70781893,15931.77969,365.0950655
1248,2023,Scotland,West Lothian,868,4547,5415,98.08049999,584.2902357,24.8404731,5.22967,89.85507246,35080.78514,3191.84924
1249,2023,Scotland,West Lothian,233,5716,5949,99.17895629,268.3917954,6.067999192,5.73184,93.2885906,20115.44154,441.3082861
1250,2023,Scotland,West Lothian,397,5336,5733,64.84732787,321.4557127,8.235298167,5.71649,95.71428571,22013.73042,519.7576458
1251,2023,Scotland,West Lothian,335,2405,2740,88.74539741,420.0421658,18.47279815,5.42105,90.97744361,23973.78588,1393.537202
1252,2023,Scotland,West Lothian,1266,4695,5961,112.2235877,662.1917127,29.57111066,5.07907,89.96138996,33371.77517,1520.152672
1253,2023,Scotland,West Lothian,705,3880,4585,95.63206525,452.8898405,20.47476796,5.43229,93.2,30315.91419,2805.976176
1254,2023,Scotland,West Lothian,319,5034,5353,97.09141103,308.2120271,11.52190854,5.73575,93.80165289,21720.0758,457.9270562
1255,2023,Scotland,West Lothian,1089,3935,5024,100.960293,651.9565532,24.8982263,5.19328,92.56505576,29185.34821,1042.911373
1256,2023,Scotland,West Lothian,794,4885,5679,103.9425162,483.8468996,23.61380742,5.16393,93.80804954,23484.65806,957.4462285
1257,2023,Scotland,West Lothian,139,3617,3756,106.1713124,241.046222,12.64969033,5.86667,96.57142857,17245.67176,759.7347634
1258,2023,Scotland,West Lothian,511,2249,2760,100.1855279,483.0833105,25.74225597,4.85484,88.59060403,27966.94707,1276.362092
1259,2023,Scotland,West Lothian,653,5296,5949,101.2610103,511.687055,13.9055089,5.37559,94.31438127,27134.66044,942.1051137
1260,2023,Scotland,West Lothian,260,1940,2200,109.3692836,580.2604351,18.21165374,5.56164,89.65517241,27752.83847,1019.535879
1261,2023,Scotland,West Lothian,1008,3901,4909,97.38832257,639.9564984,26.16713222,5.08284,91.30434783,34640.46995,1555.526626
1262,2023,Scotland,West Lothian,836,5212,6048,100.5260376,483.0893373,19.51638613,5.47059,94.87179487,27591.26202,819.7363755
1263,2023,Scotland,West Lothian,1096,3762,4858,104.0170295,664.973337,33.64714896,5.19022,90.82969432,29765.59252,2004.835507
1264,2023,Scotland,West Lothian,425,3788,4213,52.12439158,449.0937282,11.91865433,5.70588,95.29411765,22037.34581,1314.769537
1265,2023,Scotland,West Lothian,743,4946,5689,104.1069338,439.0763323,17.47107226,5.30049,97.2972973,23439.47385,1236.824023
1266,2023,Scotland,West Lothian,825,5507,6332,105.4699395,379.0270188,17.57697593,5.49658,94.20289855,29673.7077,1154.676786
1267,2023,Scotland,West Lothian,381,6392,6773,62.92167029,387.0542454,7.689323283,5.6446,95.65217391,19400.34647,955.5671618
1268,2023,Scotland,West Lothian,713,3603,4316,108.4848201,603.2219423,26.5705835,5.09554,91.53439153,29627.66335,1613.259144
1269,2023,Scotland,West Lothian,904,5517,6421,107.4051129,482.3341891,20.22814609,5.49133,92.23744292,31573.86587,2425.573489
1270,2023,Scotland,West Lothian,659,5390,6049,108.0502516,368.3975798,14.73997582,5.50855,94.69964664,26871.01597,884.3894336
1271,2023,Scotland,West Lothian,407,3236,3643,93.63783558,339.833031,15.37404017,5.42636,93.37349398,23403.03008,831.7469541
1272,2023,Scotland,West Lothian,295,5604,5899,103.738361,262.0663098,4.921133155,6.19159,98.4962406,14842.19853,435.0327949
1273,2023,Scotland,West Lothian,284,4142,4426,106.830033,422.7004231,6.790255971,6.13665,96.85863874,25414.05135,941.1512762
1274,2023,Scotland,West Lothian,71,3466,3537,106.8293265,176.7573161,3.226970648,6.1626,98.03921569,16784.94837,411.2477
1275,2023,Scotland,West Lothian,503,4777,5280,69.23587413,368.0643238,11.20363981,5.50568,87.75510204,30148.79347,926.4894359
1276,2023,Scotland,West Lothian,522,3767,4289,93.56659699,490.4641189,18.67861729,5.30508,93.51851852,33393.64452,1165.173711
1277,2023,Scotland,West Lothian,629,5066,5695,104.5120195,426.0643323,13.84233612,5.45181,90.49773756,28063.43232,899.0542888
1278,2023,Scotland,West Lothian,204,3736,3940,105.3297055,269.4320842,11.72706339,5.80833,95.88235294,23561.81658,613.4896819
1279,2023,Scotland,West Lothian,286,2455,2741,88.06015658,466.0057812,12.3415307,5.3913,89.25619835,25712.97801,1737.129039
