CPP,Indicator,Type,Year,value,IndicatorFullName,FG
Aberdeen City,Healthy Birthweight,Raw data,2012/13,81.22775177043377,Healthy Birthweight,1
Aberdeenshire,Healthy Birthweight,Raw data,2012/13,80.74781887528849,Healthy Birthweight,1
Angus,Healthy Birthweight,Raw data,2012/13,79.81794752905948,Healthy Birthweight,2
Argyll and Bute,Healthy Birthweight,Raw data,2012/13,80.5472105831144,Healthy Birthweight,2
Clackmannanshire,Healthy Birthweight,Raw data,2012/13,79.13105713435264,Healthy Birthweight,3
Dumfries and Galloway,Healthy Birthweight,Raw data,2012/13,78.89870571948023,Healthy Birthweight,3
Dundee City,Healthy Birthweight,Raw data,2012/13,80.16067648695584,Healthy Birthweight,4
East Ayrshire,Healthy Birthweight,Raw data,2012/13,79.53561427407085,Healthy Birthweight,4
East Dunbartonshire,Healthy Birthweight,Raw data,2012/13,79.09492483229747,Healthy Birthweight,1
East Lothian,Healthy Birthweight,Raw data,2012/13,80.45633331763155,Healthy Birthweight,2
East Renfrewshire,Healthy Birthweight,Raw data,2012/13,80.39704900996013,Healthy Birthweight,1
"Edinburgh, City of",Healthy Birthweight,Raw data,2012/13,81.28325352471164,Healthy Birthweight,1
Eilean Siar,Healthy Birthweight,Raw data,2012/13,76.51430269077328,Healthy Birthweight,4
Falkirk,Healthy Birthweight,Raw data,2012/13,79.65061424615938,Healthy Birthweight,3
Fife,Healthy Birthweight,Raw data,2012/13,78.96938025780219,Healthy Birthweight,3
Glasgow City,Healthy Birthweight,Raw data,2012/13,79.99164134876524,Healthy Birthweight,4
Highland,Healthy Birthweight,Raw data,2012/13,80.28454892682173,Healthy Birthweight,2
Inverclyde,Healthy Birthweight,Raw data,2012/13,80.27438551190673,Healthy Birthweight,4
Midlothian,Healthy Birthweight,Raw data,2012/13,79.6049815666211,Healthy Birthweight,2
Moray,Healthy Birthweight,Raw data,2012/13,79.77144309321896,Healthy Birthweight,2
North Ayrshire,Healthy Birthweight,Raw data,2012/13,78.92557371581513,Healthy Birthweight,4
North Lanarkshire,Healthy Birthweight,Raw data,2012/13,78.7466453073492,Healthy Birthweight,4
Orkney Islands,Healthy Birthweight,Raw data,2012/13,76.88689177741492,Healthy Birthweight,1
Perth and Kinross,Healthy Birthweight,Raw data,2012/13,79.29885539950477,Healthy Birthweight,1
Renfrewshire,Healthy Birthweight,Raw data,2012/13,80.58699180534559,Healthy Birthweight,3
Scotland,Healthy Birthweight,Raw data,2012/13,79.96389473108677,Healthy Birthweight,NA
Scottish Borders,Healthy Birthweight,Raw data,2012/13,80.37606839700591,Healthy Birthweight,2
Shetland Islands,Healthy Birthweight,Raw data,2012/13,78.29889614991107,Healthy Birthweight,1
South Ayrshire,Healthy Birthweight,Raw data,2012/13,79.87635468531147,Healthy Birthweight,3
South Lanarkshire,Healthy Birthweight,Raw data,2012/13,79.9230547961247,Healthy Birthweight,3
Stirling,Healthy Birthweight,Raw data,2012/13,78.09153493913745,Healthy Birthweight,2
West Dunbartonshire,Healthy Birthweight,Raw data,2012/13,80.17303181629023,Healthy Birthweight,4
West Lothian,Healthy Birthweight,Raw data,2012/13,81.10026089775876,Healthy Birthweight,3
Aberdeen City,Healthy Birthweight,Raw data,2013/14,81.27235266297289,Healthy Birthweight,1
Aberdeenshire,Healthy Birthweight,Raw data,2013/14,80.77477956676658,Healthy Birthweight,1
Angus,Healthy Birthweight,Raw data,2013/14,79.86676695360471,Healthy Birthweight,2
Argyll and Bute,Healthy Birthweight,Raw data,2013/14,78.66870036747223,Healthy Birthweight,2
Clackmannanshire,Healthy Birthweight,Raw data,2013/14,78.81643433189551,Healthy Birthweight,3
Dumfries and Galloway,Healthy Birthweight,Raw data,2013/14,79.62376617518423,Healthy Birthweight,3
Dundee City,Healthy Birthweight,Raw data,2013/14,79.84227272590262,Healthy Birthweight,4
East Ayrshire,Healthy Birthweight,Raw data,2013/14,79.42102888326502,Healthy Birthweight,4
East Dunbartonshire,Healthy Birthweight,Raw data,2013/14,79.95981914079398,Healthy Birthweight,1
East Lothian,Healthy Birthweight,Raw data,2013/14,80.49357726549,Healthy Birthweight,2
East Renfrewshire,Healthy Birthweight,Raw data,2013/14,79.86545374849699,Healthy Birthweight,1
"Edinburgh, City of",Healthy Birthweight,Raw data,2013/14,81.32189311456771,Healthy Birthweight,1
Eilean Siar,Healthy Birthweight,Raw data,2013/14,77.25567361930999,Healthy Birthweight,4
Falkirk,Healthy Birthweight,Raw data,2013/14,79.29359211567801,Healthy Birthweight,3
Fife,Healthy Birthweight,Raw data,2013/14,79.492642479388,Healthy Birthweight,3
Glasgow City,Healthy Birthweight,Raw data,2013/14,79.88807148649191,Healthy Birthweight,4
Highland,Healthy Birthweight,Raw data,2013/14,80.198112407935,Healthy Birthweight,2
Inverclyde,Healthy Birthweight,Raw data,2013/14,81.1219073362755,Healthy Birthweight,4
Midlothian,Healthy Birthweight,Raw data,2013/14,79.48094869791089,Healthy Birthweight,2
Moray,Healthy Birthweight,Raw data,2013/14,80.81585575274045,Healthy Birthweight,2
North Ayrshire,Healthy Birthweight,Raw data,2013/14,79.37463264905391,Healthy Birthweight,4
North Lanarkshire,Healthy Birthweight,Raw data,2013/14,79.50438796600376,Healthy Birthweight,4
Orkney Islands,Healthy Birthweight,Raw data,2013/14,75.56670061851409,Healthy Birthweight,1
Perth and Kinross,Healthy Birthweight,Raw data,2013/14,78.28866963004508,Healthy Birthweight,1
Renfrewshire,Healthy Birthweight,Raw data,2013/14,80.30750019959403,Healthy Birthweight,3
Scotland,Healthy Birthweight,Raw data,2013/14,80.02554742982143,Healthy Birthweight,NA
Scottish Borders,Healthy Birthweight,Raw data,2013/14,80.23461557697404,Healthy Birthweight,2
Shetland Islands,Healthy Birthweight,Raw data,2013/14,78.319252949082,Healthy Birthweight,1
South Ayrshire,Healthy Birthweight,Raw data,2013/14,79.2697383698829,Healthy Birthweight,3
South Lanarkshire,Healthy Birthweight,Raw data,2013/14,80.00056810989496,Healthy Birthweight,3
Stirling,Healthy Birthweight,Raw data,2013/14,78.86102886118458,Healthy Birthweight,2
West Dunbartonshire,Healthy Birthweight,Raw data,2013/14,79.70704454273901,Healthy Birthweight,4
West Lothian,Healthy Birthweight,Raw data,2013/14,81.29680529940487,Healthy Birthweight,3
Aberdeen City,Healthy Birthweight,Raw data,2014/15,81.42888066548731,Healthy Birthweight,1
Aberdeenshire,Healthy Birthweight,Raw data,2014/15,80.72139677302134,Healthy Birthweight,1
Angus,Healthy Birthweight,Raw data,2014/15,79.8606627495332,Healthy Birthweight,2
Argyll and Bute,Healthy Birthweight,Raw data,2014/15,79.42827378240271,Healthy Birthweight,2
Clackmannanshire,Healthy Birthweight,Raw data,2014/15,78.02841603511702,Healthy Birthweight,3
Dumfries and Galloway,Healthy Birthweight,Raw data,2014/15,80.10703777620918,Healthy Birthweight,3
Dundee City,Healthy Birthweight,Raw data,2014/15,79.91026692671208,Healthy Birthweight,4
East Ayrshire,Healthy Birthweight,Raw data,2014/15,79.88720225032289,Healthy Birthweight,4
East Dunbartonshire,Healthy Birthweight,Raw data,2014/15,79.5893371924014,Healthy Birthweight,1
East Lothian,Healthy Birthweight,Raw data,2014/15,80.42700486063553,Healthy Birthweight,2
East Renfrewshire,Healthy Birthweight,Raw data,2014/15,79.96777804436968,Healthy Birthweight,1
"Edinburgh, City of",Healthy Birthweight,Raw data,2014/15,81.15708641028438,Healthy Birthweight,1
Eilean Siar,Healthy Birthweight,Raw data,2014/15,77.50453698375124,Healthy Birthweight,4
Falkirk,Healthy Birthweight,Raw data,2014/15,79.6113415591105,Healthy Birthweight,3
Fife,Healthy Birthweight,Raw data,2014/15,79.43143874424236,Healthy Birthweight,3
Glasgow City,Healthy Birthweight,Raw data,2014/15,80.09675713949379,Healthy Birthweight,4
Highland,Healthy Birthweight,Raw data,2014/15,80.68606351467936,Healthy Birthweight,2
Inverclyde,Healthy Birthweight,Raw data,2014/15,81.6132386815629,Healthy Birthweight,4
Midlothian,Healthy Birthweight,Raw data,2014/15,79.95145565426691,Healthy Birthweight,2
Moray,Healthy Birthweight,Raw data,2014/15,81.64963527354668,Healthy Birthweight,2
North Ayrshire,Healthy Birthweight,Raw data,2014/15,79.7751093755527,Healthy Birthweight,4
North Lanarkshire,Healthy Birthweight,Raw data,2014/15,79.93961509538464,Healthy Birthweight,4
Orkney Islands,Healthy Birthweight,Raw data,2014/15,78.28163274521093,Healthy Birthweight,1
Perth and Kinross,Healthy Birthweight,Raw data,2014/15,79.61587201336414,Healthy Birthweight,1
Renfrewshire,Healthy Birthweight,Raw data,2014/15,80.10532893560821,Healthy Birthweight,3
Scotland,Healthy Birthweight,Raw data,2014/15,80.21911894820177,Healthy Birthweight,NA
Scottish Borders,Healthy Birthweight,Raw data,2014/15,80.908831246072,Healthy Birthweight,2
Shetland Islands,Healthy Birthweight,Raw data,2014/15,79.10496142334307,Healthy Birthweight,1
South Ayrshire,Healthy Birthweight,Raw data,2014/15,79.72887827809444,Healthy Birthweight,3
South Lanarkshire,Healthy Birthweight,Raw data,2014/15,80.32120520042952,Healthy Birthweight,3
Stirling,Healthy Birthweight,Raw data,2014/15,79.5145734937868,Healthy Birthweight,2
West Dunbartonshire,Healthy Birthweight,Raw data,2014/15,79.15354777344976,Healthy Birthweight,4
West Lothian,Healthy Birthweight,Raw data,2014/15,80.71174910119338,Healthy Birthweight,3
Aberdeen City,Healthy Birthweight,Raw data,2015/16,80.90705503847285,Healthy Birthweight,1
Aberdeenshire,Healthy Birthweight,Raw data,2015/16,81.37820403975584,Healthy Birthweight,1
Angus,Healthy Birthweight,Raw data,2015/16,80.63146697728475,Healthy Birthweight,2
Argyll and Bute,Healthy Birthweight,Raw data,2015/16,80.5974300362185,Healthy Birthweight,2
Clackmannanshire,Healthy Birthweight,Raw data,2015/16,79.55685257442313,Healthy Birthweight,3
Dumfries and Galloway,Healthy Birthweight,Raw data,2015/16,80.56183219610625,Healthy Birthweight,3
Dundee City,Healthy Birthweight,Raw data,2015/16,80.01638493123717,Healthy Birthweight,4
East Ayrshire,Healthy Birthweight,Raw data,2015/16,80.28760104521298,Healthy Birthweight,4
East Dunbartonshire,Healthy Birthweight,Raw data,2015/16,79.83919713637898,Healthy Birthweight,1
East Lothian,Healthy Birthweight,Raw data,2015/16,80.93306969716075,Healthy Birthweight,2
East Renfrewshire,Healthy Birthweight,Raw data,2015/16,80.46072415298742,Healthy Birthweight,1
"Edinburgh, City of",Healthy Birthweight,Raw data,2015/16,81.09218004604392,Healthy Birthweight,1
Eilean Siar,Healthy Birthweight,Raw data,2015/16,79.62555143353282,Healthy Birthweight,4
Falkirk,Healthy Birthweight,Raw data,2015/16,79.50719733731923,Healthy Birthweight,3
Fife,Healthy Birthweight,Raw data,2015/16,79.32251972186593,Healthy Birthweight,3
Glasgow City,Healthy Birthweight,Raw data,2015/16,80.5012348008188,Healthy Birthweight,4
Highland,Healthy Birthweight,Raw data,2015/16,81.13869762926021,Healthy Birthweight,2
Inverclyde,Healthy Birthweight,Raw data,2015/16,81.73932343114421,Healthy Birthweight,4
Midlothian,Healthy Birthweight,Raw data,2015/16,79.4939133622727,Healthy Birthweight,2
Moray,Healthy Birthweight,Raw data,2015/16,80.58755965914854,Healthy Birthweight,2
North Ayrshire,Healthy Birthweight,Raw data,2015/16,80.45300376982493,Healthy Birthweight,4
North Lanarkshire,Healthy Birthweight,Raw data,2015/16,80.31274377558385,Healthy Birthweight,4
Orkney Islands,Healthy Birthweight,Raw data,2015/16,80.35692764103277,Healthy Birthweight,1
Perth and Kinross,Healthy Birthweight,Raw data,2015/16,79.09910780915574,Healthy Birthweight,1
Renfrewshire,Healthy Birthweight,Raw data,2015/16,80.61021310043473,Healthy Birthweight,3
Scotland,Healthy Birthweight,Raw data,2015/16,80.41662569352695,Healthy Birthweight,NA
Scottish Borders,Healthy Birthweight,Raw data,2015/16,80.71259190416033,Healthy Birthweight,2
Shetland Islands,Healthy Birthweight,Raw data,2015/16,79.43309924122659,Healthy Birthweight,1
South Ayrshire,Healthy Birthweight,Raw data,2015/16,78.90873950649053,Healthy Birthweight,3
South Lanarkshire,Healthy Birthweight,Raw data,2015/16,80.59175169368127,Healthy Birthweight,3
Stirling,Healthy Birthweight,Raw data,2015/16,80.26133180950343,Healthy Birthweight,2
West Dunbartonshire,Healthy Birthweight,Raw data,2015/16,79.75632964963988,Healthy Birthweight,4
West Lothian,Healthy Birthweight,Raw data,2015/16,80.27734072364636,Healthy Birthweight,3
Aberdeen City,Healthy Birthweight,Raw data,2016/17,81.25925846412808,Healthy Birthweight,1
Aberdeenshire,Healthy Birthweight,Raw data,2016/17,81.1820906753532,Healthy Birthweight,1
Angus,Healthy Birthweight,Raw data,2016/17,79.8741457862611,Healthy Birthweight,2
Argyll and Bute,Healthy Birthweight,Raw data,2016/17,82.59335999904289,Healthy Birthweight,2
Clackmannanshire,Healthy Birthweight,Raw data,2016/17,79.80493936275043,Healthy Birthweight,3
Dumfries and Galloway,Healthy Birthweight,Raw data,2016/17,80.25435699739224,Healthy Birthweight,3
Dundee City,Healthy Birthweight,Raw data,2016/17,80.41967519537619,Healthy Birthweight,4
East Ayrshire,Healthy Birthweight,Raw data,2016/17,81.27689855649552,Healthy Birthweight,4
East Dunbartonshire,Healthy Birthweight,Raw data,2016/17,80.03059051763086,Healthy Birthweight,1
East Lothian,Healthy Birthweight,Raw data,2016/17,80.75977132753356,Healthy Birthweight,2
East Renfrewshire,Healthy Birthweight,Raw data,2016/17,82.20450808872816,Healthy Birthweight,1
"Edinburgh, City of",Healthy Birthweight,Raw data,2016/17,80.88534371114311,Healthy Birthweight,1
Eilean Siar,Healthy Birthweight,Raw data,2016/17,79.90228005250742,Healthy Birthweight,4
Falkirk,Healthy Birthweight,Raw data,2016/17,80.91228925365859,Healthy Birthweight,3
Fife,Healthy Birthweight,Raw data,2016/17,79.35275504523888,Healthy Birthweight,3
Glasgow City,Healthy Birthweight,Raw data,2016/17,80.66948370231005,Healthy Birthweight,4
Highland,Healthy Birthweight,Raw data,2016/17,80.82284657021815,Healthy Birthweight,2
Inverclyde,Healthy Birthweight,Raw data,2016/17,82.39677635653199,Healthy Birthweight,4
Midlothian,Healthy Birthweight,Raw data,2016/17,79.58533044494247,Healthy Birthweight,2
Moray,Healthy Birthweight,Raw data,2016/17,80.17571532105484,Healthy Birthweight,2
North Ayrshire,Healthy Birthweight,Raw data,2016/17,80.65900919972981,Healthy Birthweight,4
North Lanarkshire,Healthy Birthweight,Raw data,2016/17,80.12782953419055,Healthy Birthweight,4
Orkney Islands,Healthy Birthweight,Raw data,2016/17,82.45709599120111,Healthy Birthweight,1
Perth and Kinross,Healthy Birthweight,Raw data,2016/17,78.91770985856532,Healthy Birthweight,1
Renfrewshire,Healthy Birthweight,Raw data,2016/17,80.28135765025765,Healthy Birthweight,3
Scotland,Healthy Birthweight,Raw data,2016/17,80.52406028998968,Healthy Birthweight,NA
Scottish Borders,Healthy Birthweight,Raw data,2016/17,81.3583399817481,Healthy Birthweight,2
Shetland Islands,Healthy Birthweight,Raw data,2016/17,79.02931199533407,Healthy Birthweight,1
South Ayrshire,Healthy Birthweight,Raw data,2016/17,78.6480061884814,Healthy Birthweight,3
South Lanarkshire,Healthy Birthweight,Raw data,2016/17,80.65059220946874,Healthy Birthweight,3
Stirling,Healthy Birthweight,Raw data,2016/17,81.14352486689258,Healthy Birthweight,2
West Dunbartonshire,Healthy Birthweight,Raw data,2016/17,80.37202900074986,Healthy Birthweight,4
West Lothian,Healthy Birthweight,Raw data,2016/17,79.79915629815957,Healthy Birthweight,3
Aberdeen City,Healthy Birthweight,Raw data,2017/18,81.22494577672035,Healthy Birthweight,1
Aberdeenshire,Healthy Birthweight,Raw data,2017/18,81.66372205436234,Healthy Birthweight,1
Angus,Healthy Birthweight,Raw data,2017/18,79.5946298421079,Healthy Birthweight,2
Argyll and Bute,Healthy Birthweight,Raw data,2017/18,81.62428395429843,Healthy Birthweight,2
Clackmannanshire,Healthy Birthweight,Raw data,2017/18,80.272002378219,Healthy Birthweight,3
Dumfries and Galloway,Healthy Birthweight,Raw data,2017/18,80.31779924298088,Healthy Birthweight,3
Dundee City,Healthy Birthweight,Raw data,2017/18,80.42957110590912,Healthy Birthweight,4
East Ayrshire,Healthy Birthweight,Raw data,2017/18,81.65457319875186,Healthy Birthweight,4
East Dunbartonshire,Healthy Birthweight,Raw data,2017/18,80.7942274875689,Healthy Birthweight,1
East Lothian,Healthy Birthweight,Raw data,2017/18,79.92006673843468,Healthy Birthweight,2
East Renfrewshire,Healthy Birthweight,Raw data,2017/18,82.28640817062825,Healthy Birthweight,1
"Edinburgh, City of",Healthy Birthweight,Raw data,2017/18,81.16624566552622,Healthy Birthweight,1
Eilean Siar,Healthy Birthweight,Raw data,2017/18,80.11714144498465,Healthy Birthweight,4
Falkirk,Healthy Birthweight,Raw data,2017/18,81.17180673232059,Healthy Birthweight,3
Fife,Healthy Birthweight,Raw data,2017/18,79.43355768665013,Healthy Birthweight,3
Glasgow City,Healthy Birthweight,Raw data,2017/18,80.63350336836281,Healthy Birthweight,4
Highland,Healthy Birthweight,Raw data,2017/18,80.91911652987822,Healthy Birthweight,2
Inverclyde,Healthy Birthweight,Raw data,2017/18,82.96385060781678,Healthy Birthweight,4
Midlothian,Healthy Birthweight,Raw data,2017/18,79.2834781022738,Healthy Birthweight,2
Moray,Healthy Birthweight,Raw data,2017/18,80.04324715945468,Healthy Birthweight,2
North Ayrshire,Healthy Birthweight,Raw data,2017/18,81.14442133051168,Healthy Birthweight,4
North Lanarkshire,Healthy Birthweight,Raw data,2017/18,80.54052122614404,Healthy Birthweight,4
Orkney Islands,Healthy Birthweight,Raw data,2017/18,79.56283399192289,Healthy Birthweight,1
Perth and Kinross,Healthy Birthweight,Raw data,2017/18,79.16514964035424,Healthy Birthweight,1
Renfrewshire,Healthy Birthweight,Raw data,2017/18,79.95372103149441,Healthy Birthweight,3
Scotland,Healthy Birthweight,Raw data,2017/18,80.57504219749671,Healthy Birthweight,NA
Scottish Borders,Healthy Birthweight,Raw data,2017/18,81.16283024930341,Healthy Birthweight,2
Shetland Islands,Healthy Birthweight,Raw data,2017/18,78.21586965524943,Healthy Birthweight,1
South Ayrshire,Healthy Birthweight,Raw data,2017/18,78.55644643822014,Healthy Birthweight,3
South Lanarkshire,Healthy Birthweight,Raw data,2017/18,80.59678322872358,Healthy Birthweight,3
Stirling,Healthy Birthweight,Raw data,2017/18,81.05557045505299,Healthy Birthweight,2
West Dunbartonshire,Healthy Birthweight,Raw data,2017/18,80.50105270212342,Healthy Birthweight,4
West Lothian,Healthy Birthweight,Raw data,2017/18,79.14353926586811,Healthy Birthweight,3
Aberdeen City,Healthy Birthweight,Raw data,2018/19,81.93275028757233,Healthy Birthweight,1
Aberdeenshire,Healthy Birthweight,Raw data,2018/19,81.13906378583783,Healthy Birthweight,1
Angus,Healthy Birthweight,Raw data,2018/19,79.23346195475197,Healthy Birthweight,2
Argyll and Bute,Healthy Birthweight,Raw data,2018/19,82.03704920947477,Healthy Birthweight,2
Clackmannanshire,Healthy Birthweight,Raw data,2018/19,80.480471966185,Healthy Birthweight,3
Dumfries and Galloway,Healthy Birthweight,Raw data,2018/19,81.5313914759906,Healthy Birthweight,3
Dundee City,Healthy Birthweight,Raw data,2018/19,80.34564651522426,Healthy Birthweight,4
East Ayrshire,Healthy Birthweight,Raw data,2018/19,82.0506672515626,Healthy Birthweight,4
East Dunbartonshire,Healthy Birthweight,Raw data,2018/19,80.9955580197818,Healthy Birthweight,1
East Lothian,Healthy Birthweight,Raw data,2018/19,79.16014087754307,Healthy Birthweight,2
East Renfrewshire,Healthy Birthweight,Raw data,2018/19,81.74223230226663,Healthy Birthweight,1
"Edinburgh, City of",Healthy Birthweight,Raw data,2018/19,81.41068695790496,Healthy Birthweight,1
Eilean Siar,Healthy Birthweight,Raw data,2018/19,79.27077826985435,Healthy Birthweight,4
Falkirk,Healthy Birthweight,Raw data,2018/19,81.36967569572393,Healthy Birthweight,3
Fife,Healthy Birthweight,Raw data,2018/19,79.84537229957493,Healthy Birthweight,3
Glasgow City,Healthy Birthweight,Raw data,2018/19,81.02948742583673,Healthy Birthweight,4
Highland,Healthy Birthweight,Raw data,2018/19,80.11881133197646,Healthy Birthweight,2
Inverclyde,Healthy Birthweight,Raw data,2018/19,82.981816746373525,Healthy Birthweight,4
Midlothian,Healthy Birthweight,Raw data,2018/19,79.93374779787975,Healthy Birthweight,2
Moray,Healthy Birthweight,Raw data,2018/19,80.80874981767771,Healthy Birthweight,2
North Ayrshire,Healthy Birthweight,Raw data,2018/19,81.70338599911342,Healthy Birthweight,4
North Lanarkshire,Healthy Birthweight,Raw data,2018/19,80.27306166429425,Healthy Birthweight,4
Orkney Islands,Healthy Birthweight,Raw data,2018/19,77.27189357440476,Healthy Birthweight,1
Perth and Kinross,Healthy Birthweight,Raw data,2018/19,80.02157660640472,Healthy Birthweight,1
Renfrewshire,Healthy Birthweight,Raw data,2018/19,79.9167141679193,Healthy Birthweight,3
Scotland,Healthy Birthweight,Raw data,2018/19,80.7092984193285,Healthy Birthweight,NA
Scottish Borders,Healthy Birthweight,Raw data,2018/19,81.41489351398603,Healthy Birthweight,2
Shetland Islands,Healthy Birthweight,Raw data,2018/19,77.8583049264559,Healthy Birthweight,1
South Ayrshire,Healthy Birthweight,Raw data,2018/19,80.12671883241097,Healthy Birthweight,3
South Lanarkshire,Healthy Birthweight,Raw data,2018/19,80.34250136462794,Healthy Birthweight,3
Stirling,Healthy Birthweight,Raw data,2018/19,81.64323272275799,Healthy Birthweight,2
West Dunbartonshire,Healthy Birthweight,Raw data,2018/19,80.40675550637695,Healthy Birthweight,4
West Lothian,Healthy Birthweight,Raw data,2018/19,78.7138984188925,Healthy Birthweight,3
Aberdeen City,Healthy Birthweight,Raw data,2019/20,82.05557346606072,Healthy Birthweight,1
Aberdeenshire,Healthy Birthweight,Raw data,2019/20,81.21562069901985,Healthy Birthweight,1
Angus,Healthy Birthweight,Raw data,2019/20,79.320638930173,Healthy Birthweight,2
Argyll and Bute,Healthy Birthweight,Raw data,2019/20,80.89328467199043,Healthy Birthweight,2
Clackmannanshire,Healthy Birthweight,Raw data,2019/20,81.24389803903665,Healthy Birthweight,3
Dumfries and Galloway,Healthy Birthweight,Raw data,2019/20,81.92829812417696,Healthy Birthweight,3
Dundee City,Healthy Birthweight,Raw data,2019/20,79.84911444824739,Healthy Birthweight,4
East Ayrshire,Healthy Birthweight,Raw data,2019/20,81.21129260395173,Healthy Birthweight,4
East Dunbartonshire,Healthy Birthweight,Raw data,2019/20,81.09077530249907,Healthy Birthweight,1
East Lothian,Healthy Birthweight,Raw data,2019/20,78.96286196597845,Healthy Birthweight,2
East Renfrewshire,Healthy Birthweight,Raw data,2019/20,80.77348877730813,Healthy Birthweight,1
"Edinburgh, City of",Healthy Birthweight,Raw data,2019/20,81.70805467549654,Healthy Birthweight,1
Eilean Siar,Healthy Birthweight,Raw data,2019/20,78.79558405651971,Healthy Birthweight,4
Falkirk,Healthy Birthweight,Raw data,2019/20,80.25262051362812,Healthy Birthweight,3
Fife,Healthy Birthweight,Raw data,2019/20,79.93118934866108,Healthy Birthweight,3
Glasgow City,Healthy Birthweight,Raw data,2019/20,81.28294072264733,Healthy Birthweight,4
Highland,Healthy Birthweight,Raw data,2019/20,80.23328164565676,Healthy Birthweight,2
Inverclyde,Healthy Birthweight,Raw data,2019/20,82.03634228251947,Healthy Birthweight,4
Midlothian,Healthy Birthweight,Raw data,2019/20,80.76132708722587,Healthy Birthweight,2
Moray,Healthy Birthweight,Raw data,2019/20,81.20706729819568,Healthy Birthweight,2
North Ayrshire,Healthy Birthweight,Raw data,2019/20,81.15514454223343,Healthy Birthweight,4
North Lanarkshire,Healthy Birthweight,Raw data,2019/20,80.41367450411961,Healthy Birthweight,4
Orkney Islands,Healthy Birthweight,Raw data,2019/20,74.09379758561512,Healthy Birthweight,1
Perth and Kinross,Healthy Birthweight,Raw data,2019/20,80.67223719208855,Healthy Birthweight,1
Renfrewshire,Healthy Birthweight,Raw data,2019/20,80.59394391172786,Healthy Birthweight,3
Scotland,Healthy Birthweight,Raw data,2019/20,80.71792921411743,Healthy Birthweight,NA
Scottish Borders,Healthy Birthweight,Raw data,2019/20,80.09612827769503,Healthy Birthweight,2
Shetland Islands,Healthy Birthweight,Raw data,2019/20,74.49513932924775,Healthy Birthweight,1
South Ayrshire,Healthy Birthweight,Raw data,2019/20,80.57846124020563,Healthy Birthweight,3
South Lanarkshire,Healthy Birthweight,Raw data,2019/20,80.10206383611647,Healthy Birthweight,3
Stirling,Healthy Birthweight,Raw data,2019/20,81.1806739177723,Healthy Birthweight,2
West Dunbartonshire,Healthy Birthweight,Raw data,2019/20,80.90390861099938,Healthy Birthweight,4
West Lothian,Healthy Birthweight,Raw data,2019/20,79.2175976856945,Healthy Birthweight,3
Aberdeen City,Healthy Birthweight,Raw data,2020/21,82.50294387601981,Healthy Birthweight,1
Aberdeenshire,Healthy Birthweight,Raw data,2020/21,80.4525133262869,Healthy Birthweight,1
Angus,Healthy Birthweight,Raw data,2020/21,79.11253561457195,Healthy Birthweight,2
Argyll and Bute,Healthy Birthweight,Raw data,2020/21,81.35640867416669,Healthy Birthweight,2
Clackmannanshire,Healthy Birthweight,Raw data,2020/21,80.91901174923807,Healthy Birthweight,3
Dumfries and Galloway,Healthy Birthweight,Raw data,2020/21,81.00730694261601,Healthy Birthweight,3
Dundee City,Healthy Birthweight,Raw data,2020/21,80.39723878180868,Healthy Birthweight,4
East Ayrshire,Healthy Birthweight,Raw data,2020/21,80.64164383310816,Healthy Birthweight,4
East Dunbartonshire,Healthy Birthweight,Raw data,2020/21,81.19484681984682,Healthy Birthweight,1
East Lothian,Healthy Birthweight,Raw data,2020/21,78.76363270507747,Healthy Birthweight,2
East Renfrewshire,Healthy Birthweight,Raw data,2020/21,80.11437777336954,Healthy Birthweight,1
"Edinburgh, City of",Healthy Birthweight,Raw data,2020/21,81.59871478310498,Healthy Birthweight,1
Eilean Siar,Healthy Birthweight,Raw data,2020/21,78.74926082811388,Healthy Birthweight,4
Falkirk,Healthy Birthweight,Raw data,2020/21,79.76794618412619,Healthy Birthweight,3
Fife,Healthy Birthweight,Raw data,2020/21,80.04746275404175,Healthy Birthweight,3
Glasgow City,Healthy Birthweight,Raw data,2020/21,81.67177280179446,Healthy Birthweight,4
Highland,Healthy Birthweight,Raw data,2020/21,80.01683927473255,Healthy Birthweight,2
Inverclyde,Healthy Birthweight,Raw data,2020/21,81.95659746593255,Healthy Birthweight,4
Midlothian,Healthy Birthweight,Raw data,2020/21,81.04800623875569,Healthy Birthweight,2
Moray,Healthy Birthweight,Raw data,2020/21,80.99458484887113,Healthy Birthweight,2
North Ayrshire,Healthy Birthweight,Raw data,2020/21,80.58217957433241,Healthy Birthweight,4
North Lanarkshire,Healthy Birthweight,Raw data,2020/21,80.0447992766711,Healthy Birthweight,4
Orkney Islands,Healthy Birthweight,Raw data,2020/21,74.8650869390449,Healthy Birthweight,1
Perth and Kinross,Healthy Birthweight,Raw data,2020/21,79.85104517446145,Healthy Birthweight,1
Renfrewshire,Healthy Birthweight,Raw data,2020/21,80.60251389828248,Healthy Birthweight,3
Scotland,Healthy Birthweight,Raw data,2020/21,80.61712144271553,Healthy Birthweight,NA
Scottish Borders,Healthy Birthweight,Raw data,2020/21,79.15037817322771,Healthy Birthweight,2
Shetland Islands,Healthy Birthweight,Raw data,2020/21,74.03992139366109,Healthy Birthweight,1
South Ayrshire,Healthy Birthweight,Raw data,2020/21,80.58229193732285,Healthy Birthweight,3
South Lanarkshire,Healthy Birthweight,Raw data,2020/21,80.18069961746819,Healthy Birthweight,3
Stirling,Healthy Birthweight,Raw data,2020/21,80.7280483610579,Healthy Birthweight,2
West Dunbartonshire,Healthy Birthweight,Raw data,2020/21,80.75214054416328,Healthy Birthweight,4
West Lothian,Healthy Birthweight,Raw data,2020/21,79.26139451820795,Healthy Birthweight,3
Aberdeen City,Healthy Birthweight,Raw data,2021/22,82.17556773856988,Healthy Birthweight,1
Aberdeenshire,Healthy Birthweight,Raw data,2021/22,79.86803124502968,Healthy Birthweight,1
Angus,Healthy Birthweight,Raw data,2021/22,79.45928110147763,Healthy Birthweight,2
Argyll and Bute,Healthy Birthweight,Raw data,2021/22,79.04073576193065,Healthy Birthweight,2
Clackmannanshire,Healthy Birthweight,Raw data,2021/22,79.00381976489452,Healthy Birthweight,3
Dumfries and Galloway,Healthy Birthweight,Raw data,2021/22,79.74680274093534,Healthy Birthweight,3
Dundee City,Healthy Birthweight,Raw data,2021/22,80.38835903803522,Healthy Birthweight,4
East Ayrshire,Healthy Birthweight,Raw data,2021/22,79.86436392760403,Healthy Birthweight,4
East Dunbartonshire,Healthy Birthweight,Raw data,2021/22,80.6766519532477,Healthy Birthweight,1
East Lothian,Healthy Birthweight,Raw data,2021/22,78.85131005243919,Healthy Birthweight,2
East Renfrewshire,Healthy Birthweight,Raw data,2021/22,81.13271436073724,Healthy Birthweight,1
"Edinburgh, City of",Healthy Birthweight,Raw data,2021/22,81.06595699686535,Healthy Birthweight,1
Eilean Siar,Healthy Birthweight,Raw data,2021/22,78.36420459199381,Healthy Birthweight,4
Falkirk,Healthy Birthweight,Raw data,2021/22,79.47281329718074,Healthy Birthweight,3
Fife,Healthy Birthweight,Raw data,2021/22,80.00912177437404,Healthy Birthweight,3
Glasgow City,Healthy Birthweight,Raw data,2021/22,81.52943730339018,Healthy Birthweight,4
Highland,Healthy Birthweight,Raw data,2021/22,80.05518466519813,Healthy Birthweight,2
Inverclyde,Healthy Birthweight,Raw data,2021/22,83.29056279637675,Healthy Birthweight,4
Midlothian,Healthy Birthweight,Raw data,2021/22,80.5288811780171,Healthy Birthweight,2
Moray,Healthy Birthweight,Raw data,2021/22,79.81642807861436,Healthy Birthweight,2
North Ayrshire,Healthy Birthweight,Raw data,2021/22,78.9340358469335,Healthy Birthweight,4
North Lanarkshire,Healthy Birthweight,Raw data,2021/22,80.17303539225817,Healthy Birthweight,4
Orkney Islands,Healthy Birthweight,Raw data,2021/22,74.2512904683746,Healthy Birthweight,1
Perth and Kinross,Healthy Birthweight,Raw data,2021/22,78.947584595196,Healthy Birthweight,1
Renfrewshire,Healthy Birthweight,Raw data,2021/22,80.60421703076891,Healthy Birthweight,3
Scotland,Healthy Birthweight,Raw data,2021/22,80.36906003261213,Healthy Birthweight,NA
Scottish Borders,Healthy Birthweight,Raw data,2021/22,78.66400050269948,Healthy Birthweight,2
Shetland Islands,Healthy Birthweight,Raw data,2021/22,76.60984276322414,Healthy Birthweight,1
South Ayrshire,Healthy Birthweight,Raw data,2021/22,80.33083496011834,Healthy Birthweight,3
South Lanarkshire,Healthy Birthweight,Raw data,2021/22,80.33860125658082,Healthy Birthweight,3
Stirling,Healthy Birthweight,Raw data,2021/22,80.03159328957344,Healthy Birthweight,2
West Dunbartonshire,Healthy Birthweight,Raw data,2021/22,80.46259365894215,Healthy Birthweight,4
West Lothian,Healthy Birthweight,Raw data,2021/22,79.9862910269818,Healthy Birthweight,3
Aberdeen City,Healthy Birthweight,Raw data,2022/23,82.20154068514871,Healthy Birthweight,1
Aberdeenshire,Healthy Birthweight,Raw data,2022/23,79.3742672319314,Healthy Birthweight,1
Angus,Healthy Birthweight,Raw data,2022/23,79.90435762136563,Healthy Birthweight,2
Argyll and Bute,Healthy Birthweight,Raw data,2022/23,79.05281305661664,Healthy Birthweight,2
Clackmannanshire,Healthy Birthweight,Raw data,2022/23,77.2697780824165,Healthy Birthweight,3
Dumfries and Galloway,Healthy Birthweight,Raw data,2022/23,79.58805003443413,Healthy Birthweight,3
Dundee City,Healthy Birthweight,Raw data,2022/23,80.58178038481863,Healthy Birthweight,4
East Ayrshire,Healthy Birthweight,Raw data,2022/23,80.3426839907116,Healthy Birthweight,4
East Dunbartonshire,Healthy Birthweight,Raw data,2022/23,81.95118387294092,Healthy Birthweight,1
East Lothian,Healthy Birthweight,Raw data,2022/23,78.72720056612498,Healthy Birthweight,2
East Renfrewshire,Healthy Birthweight,Raw data,2022/23,81.90724958639358,Healthy Birthweight,1
"Edinburgh, City of",Healthy Birthweight,Raw data,2022/23,81.06012700679109,Healthy Birthweight,1
Eilean Siar,Healthy Birthweight,Raw data,2022/23,78.5503088103561,Healthy Birthweight,4
Falkirk,Healthy Birthweight,Raw data,2022/23,79.4980304458578,Healthy Birthweight,3
Fife,Healthy Birthweight,Raw data,2022/23,80.06961923956932,Healthy Birthweight,3
Glasgow City,Healthy Birthweight,Raw data,2022/23,81.73665670190111,Healthy Birthweight,4
Highland,Healthy Birthweight,Raw data,2022/23,80.32630417137686,Healthy Birthweight,2
Inverclyde,Healthy Birthweight,Raw data,2022/23,83.42866672374186,Healthy Birthweight,4
Midlothian,Healthy Birthweight,Raw data,2022/23,80.45578176281242,Healthy Birthweight,2
Moray,Healthy Birthweight,Raw data,2022/23,79.49565326021242,Healthy Birthweight,2
North Ayrshire,Healthy Birthweight,Raw data,2022/23,79.2318600854531,Healthy Birthweight,4
North Lanarkshire,Healthy Birthweight,Raw data,2022/23,79.94307026363195,Healthy Birthweight,4
Orkney Islands,Healthy Birthweight,Raw data,2022/23,74.00162290616124,Healthy Birthweight,1
Perth and Kinross,Healthy Birthweight,Raw data,2022/23,78.75728290557025,Healthy Birthweight,1
Renfrewshire,Healthy Birthweight,Raw data,2022/23,80.58743631166122,Healthy Birthweight,3
Scotland,Healthy Birthweight,Raw data,2022/23,80.44541862369293,Healthy Birthweight,NA
Scottish Borders,Healthy Birthweight,Raw data,2022/23,79.64067429187327,Healthy Birthweight,2
Shetland Islands,Healthy Birthweight,Raw data,2022/23,80.78555560155097,Healthy Birthweight,1
South Ayrshire,Healthy Birthweight,Raw data,2022/23,80.83976450130595,Healthy Birthweight,3
South Lanarkshire,Healthy Birthweight,Raw data,2022/23,80.44268495553457,Healthy Birthweight,3
Stirling,Healthy Birthweight,Raw data,2022/23,79.8308122698269,Healthy Birthweight,2
West Dunbartonshire,Healthy Birthweight,Raw data,2022/23,80.30846487742578,Healthy Birthweight,4
West Lothian,Healthy Birthweight,Raw data,2022/23,79.81149379177464,Healthy Birthweight,3
Aberdeen City,Healthy Birthweight,Raw data,2023/24,81.70665080319664,Healthy Birthweight,1
Aberdeenshire,Healthy Birthweight,Raw data,2023/24,79.27688443765832,Healthy Birthweight,1
Angus,Healthy Birthweight,Raw data,2023/24,79.36507637998925,Healthy Birthweight,2
Argyll and Bute,Healthy Birthweight,Raw data,2023/24,77.54931834349033,Healthy Birthweight,2
Clackmannanshire,Healthy Birthweight,Raw data,2023/24,78.22807904071745,Healthy Birthweight,3
Dumfries and Galloway,Healthy Birthweight,Raw data,2023/24,79.45003071992812,Healthy Birthweight,3
Dundee City,Healthy Birthweight,Raw data,2023/24,80.65296821692111,Healthy Birthweight,4
East Ayrshire,Healthy Birthweight,Raw data,2023/24,80.34780402712076,Healthy Birthweight,4
East Dunbartonshire,Healthy Birthweight,Raw data,2023/24,82.1933807005036,Healthy Birthweight,1
East Lothian,Healthy Birthweight,Raw data,2023/24,79.99303833187055,Healthy Birthweight,2
East Renfrewshire,Healthy Birthweight,Raw data,2023/24,82.1135566892524,Healthy Birthweight,1
"Edinburgh, City of",Healthy Birthweight,Raw data,2023/24,81.0570324039556,Healthy Birthweight,1
Eilean Siar,Healthy Birthweight,Raw data,2023/24,80.87866055391252,Healthy Birthweight,4
Falkirk,Healthy Birthweight,Raw data,2023/24,80.61645733244109,Healthy Birthweight,3
Fife,Healthy Birthweight,Raw data,2023/24,79.78618555909829,Healthy Birthweight,3
Glasgow City,Healthy Birthweight,Raw data,2023/24,81.96206763163127,Healthy Birthweight,4
Highland,Healthy Birthweight,Raw data,2023/24,80.81235312276236,Healthy Birthweight,2
Inverclyde,Healthy Birthweight,Raw data,2023/24,83.12762676752948,Healthy Birthweight,4
Midlothian,Healthy Birthweight,Raw data,2023/24,80.77445671602948,Healthy Birthweight,2
Moray,Healthy Birthweight,Raw data,2023/24,78.51705826845954,Healthy Birthweight,2
North Ayrshire,Healthy Birthweight,Raw data,2023/24,78.38808899117576,Healthy Birthweight,4
North Lanarkshire,Healthy Birthweight,Raw data,2023/24,80.3606571609148,Healthy Birthweight,4
Orkney Islands,Healthy Birthweight,Raw data,2023/24,73.7986996764181,Healthy Birthweight,1
Perth and Kinross,Healthy Birthweight,Raw data,2023/24,79.66799392380814,Healthy Birthweight,1
Renfrewshire,Healthy Birthweight,Raw data,2023/24,81.38270743225654,Healthy Birthweight,3
Scotland,Healthy Birthweight,Raw data,2023/24,80.67480592367356,Healthy Birthweight,NA
Scottish Borders,Healthy Birthweight,Raw data,2023/24,80.81907374189662,Healthy Birthweight,2
Shetland Islands,Healthy Birthweight,Raw data,2023/24,82.56755051013694,Healthy Birthweight,1
South Ayrshire,Healthy Birthweight,Raw data,2023/24,80.60915653484892,Healthy Birthweight,3
South Lanarkshire,Healthy Birthweight,Raw data,2023/24,80.89224568778081,Healthy Birthweight,3
Stirling,Healthy Birthweight,Raw data,2023/24,80.98164951474185,Healthy Birthweight,2
West Dunbartonshire,Healthy Birthweight,Raw data,2023/24,81.37126515196249,Healthy Birthweight,4
West Lothian,Healthy Birthweight,Raw data,2023/24,80.75717560637402,Healthy Birthweight,3
Aberdeen City,Primary 1 Body Mass Index,Raw data,2012/13,85.19492315795226,Primary 1 Body Mass Index,1
Aberdeenshire,Primary 1 Body Mass Index,Raw data,2012/13,86.23772931114107,Primary 1 Body Mass Index,1
Angus,Primary 1 Body Mass Index,Raw data,2012/13,84.10201602647324,Primary 1 Body Mass Index,2
Argyll and Bute,Primary 1 Body Mass Index,Raw data,2012/13,83.13013680386717,Primary 1 Body Mass Index,2
Clackmannanshire,Primary 1 Body Mass Index,Raw data,2012/13,85.34758890862203,Primary 1 Body Mass Index,3
Dumfries and Galloway,Primary 1 Body Mass Index,Raw data,2012/13,84.25827642263286,Primary 1 Body Mass Index,3
Dundee City,Primary 1 Body Mass Index,Raw data,2012/13,82.29293204479782,Primary 1 Body Mass Index,4
East Ayrshire,Primary 1 Body Mass Index,Raw data,2012/13,84.33349097744677,Primary 1 Body Mass Index,4
East Dunbartonshire,Primary 1 Body Mass Index,Raw data,2012/13,88.11427453972485,Primary 1 Body Mass Index,1
East Lothian,Primary 1 Body Mass Index,Raw data,2012/13,84.5868354026173,Primary 1 Body Mass Index,2
East Renfrewshire,Primary 1 Body Mass Index,Raw data,2012/13,86.92233721944635,Primary 1 Body Mass Index,1
"Edinburgh, City of",Primary 1 Body Mass Index,Raw data,2012/13,85.51006939963054,Primary 1 Body Mass Index,1
Eilean Siar,Primary 1 Body Mass Index,Raw data,2012/13,80.57372346528967,Primary 1 Body Mass Index,4
Falkirk,Primary 1 Body Mass Index,Raw data,2012/13,85.26203986384363,Primary 1 Body Mass Index,3
Fife,Primary 1 Body Mass Index,Raw data,2012/13,84.66926483203547,Primary 1 Body Mass Index,3
Glasgow City,Primary 1 Body Mass Index,Raw data,2012/13,84.58368600592662,Primary 1 Body Mass Index,4
Highland,Primary 1 Body Mass Index,Raw data,2012/13,83.70489573870486,Primary 1 Body Mass Index,2
Inverclyde,Primary 1 Body Mass Index,Raw data,2012/13,83.3504039569418,Primary 1 Body Mass Index,4
Midlothian,Primary 1 Body Mass Index,Raw data,2012/13,83.05331443110525,Primary 1 Body Mass Index,2
Moray,Primary 1 Body Mass Index,Raw data,2012/13,83.09302766199313,Primary 1 Body Mass Index,2
North Ayrshire,Primary 1 Body Mass Index,Raw data,2012/13,78.01790475792846,Primary 1 Body Mass Index,4
North Lanarkshire,Primary 1 Body Mass Index,Raw data,2012/13,83.95429135302986,Primary 1 Body Mass Index,4
Orkney Islands,Primary 1 Body Mass Index,Raw data,2012/13,80.0907914212635,Primary 1 Body Mass Index,1
Perth and Kinross,Primary 1 Body Mass Index,Raw data,2012/13,85.7845833368221,Primary 1 Body Mass Index,1
Renfrewshire,Primary 1 Body Mass Index,Raw data,2012/13,86.19072805292288,Primary 1 Body Mass Index,3
Scotland,Primary 1 Body Mass Index,Raw data,2012/13,84.75152002675227,Primary 1 Body Mass Index,NA
Scottish Borders,Primary 1 Body Mass Index,Raw data,2012/13,86.3978538264113,Primary 1 Body Mass Index,2
Shetland Islands,Primary 1 Body Mass Index,Raw data,2012/13,84.74576211279347,Primary 1 Body Mass Index,1
South Ayrshire,Primary 1 Body Mass Index,Raw data,2012/13,84.93136271175018,Primary 1 Body Mass Index,3
South Lanarkshire,Primary 1 Body Mass Index,Raw data,2012/13,87.49839203529262,Primary 1 Body Mass Index,3
Stirling,Primary 1 Body Mass Index,Raw data,2012/13,86.95723947916926,Primary 1 Body Mass Index,2
West Dunbartonshire,Primary 1 Body Mass Index,Raw data,2012/13,83.59696607534815,Primary 1 Body Mass Index,4
West Lothian,Primary 1 Body Mass Index,Raw data,2012/13,85.37852689703618,Primary 1 Body Mass Index,3
Aberdeen City,Primary 1 Body Mass Index,Raw data,2013/14,83.7484615916179,Primary 1 Body Mass Index,1
Aberdeenshire,Primary 1 Body Mass Index,Raw data,2013/14,84.97348329867496,Primary 1 Body Mass Index,1
Angus,Primary 1 Body Mass Index,Raw data,2013/14,84.475660776120293,Primary 1 Body Mass Index,2
Argyll and Bute,Primary 1 Body Mass Index,Raw data,2013/14,82.6953850695258,Primary 1 Body Mass Index,2
Clackmannanshire,Primary 1 Body Mass Index,Raw data,2013/14,84.38154664427296,Primary 1 Body Mass Index,3
Dumfries and Galloway,Primary 1 Body Mass Index,Raw data,2013/14,83.6929757543565,Primary 1 Body Mass Index,3
Dundee City,Primary 1 Body Mass Index,Raw data,2013/14,82.26380271849291,Primary 1 Body Mass Index,4
East Ayrshire,Primary 1 Body Mass Index,Raw data,2013/14,82.82828919707151,Primary 1 Body Mass Index,4
East Dunbartonshire,Primary 1 Body Mass Index,Raw data,2013/14,88.79651695611946,Primary 1 Body Mass Index,1
East Lothian,Primary 1 Body Mass Index,Raw data,2013/14,85.1637393679831,Primary 1 Body Mass Index,2
East Renfrewshire,Primary 1 Body Mass Index,Raw data,2013/14,87.74029758749315,Primary 1 Body Mass Index,1
"Edinburgh, City of",Primary 1 Body Mass Index,Raw data,2013/14,85.19181804208996,Primary 1 Body Mass Index,1
Eilean Siar,Primary 1 Body Mass Index,Raw data,2013/14,81.86463680887466,Primary 1 Body Mass Index,4
Falkirk,Primary 1 Body Mass Index,Raw data,2013/14,84.53839960871127,Primary 1 Body Mass Index,3
Fife,Primary 1 Body Mass Index,Raw data,2013/14,84.52163262014487,Primary 1 Body Mass Index,3
Glasgow City,Primary 1 Body Mass Index,Raw data,2013/14,84.55041523302097,Primary 1 Body Mass Index,4
Highland,Primary 1 Body Mass Index,Raw data,2013/14,83.86515029527307,Primary 1 Body Mass Index,2
Inverclyde,Primary 1 Body Mass Index,Raw data,2013/14,82.6609530653116,Primary 1 Body Mass Index,4
Midlothian,Primary 1 Body Mass Index,Raw data,2013/14,84.43229536186087,Primary 1 Body Mass Index,2
Moray,Primary 1 Body Mass Index,Raw data,2013/14,83.60672180859643,Primary 1 Body Mass Index,2
North Ayrshire,Primary 1 Body Mass Index,Raw data,2013/14,77.46005100892415,Primary 1 Body Mass Index,4
North Lanarkshire,Primary 1 Body Mass Index,Raw data,2013/14,83.76836681541846,Primary 1 Body Mass Index,4
Orkney Islands,Primary 1 Body Mass Index,Raw data,2013/14,78.78607761654965,Primary 1 Body Mass Index,1
Perth and Kinross,Primary 1 Body Mass Index,Raw data,2013/14,85.92837518258956,Primary 1 Body Mass Index,1
Renfrewshire,Primary 1 Body Mass Index,Raw data,2013/14,85.53362741655627,Primary 1 Body Mass Index,3
Scotland,Primary 1 Body Mass Index,Raw data,2013/14,84.53949060026264,Primary 1 Body Mass Index,NA
Scottish Borders,Primary 1 Body Mass Index,Raw data,2013/14,85.83021452754824,Primary 1 Body Mass Index,2
Shetland Islands,Primary 1 Body Mass Index,Raw data,2013/14,85.21584758287894,Primary 1 Body Mass Index,1
South Ayrshire,Primary 1 Body Mass Index,Raw data,2013/14,85.06096535616136,Primary 1 Body Mass Index,3
South Lanarkshire,Primary 1 Body Mass Index,Raw data,2013/14,86.7710861711917,Primary 1 Body Mass Index,3
Stirling,Primary 1 Body Mass Index,Raw data,2013/14,87.11317321565514,Primary 1 Body Mass Index,2
West Dunbartonshire,Primary 1 Body Mass Index,Raw data,2013/14,83.02624963487433,Primary 1 Body Mass Index,4
West Lothian,Primary 1 Body Mass Index,Raw data,2013/14,85.58169969125564,Primary 1 Body Mass Index,3
Aberdeen City,Primary 1 Body Mass Index,Raw data,2014/15,84.13759028190717,Primary 1 Body Mass Index,1
Aberdeenshire,Primary 1 Body Mass Index,Raw data,2014/15,84.43005292765277,Primary 1 Body Mass Index,1
Angus,Primary 1 Body Mass Index,Raw data,2014/15,84.83325964339392,Primary 1 Body Mass Index,2
Argyll and Bute,Primary 1 Body Mass Index,Raw data,2014/15,82.34578131049645,Primary 1 Body Mass Index,2
Clackmannanshire,Primary 1 Body Mass Index,Raw data,2014/15,84.39105807747409,Primary 1 Body Mass Index,3
Dumfries and Galloway,Primary 1 Body Mass Index,Raw data,2014/15,83.296212371189,Primary 1 Body Mass Index,3
Dundee City,Primary 1 Body Mass Index,Raw data,2014/15,81.80381126664057,Primary 1 Body Mass Index,4
East Ayrshire,Primary 1 Body Mass Index,Raw data,2014/15,82.48372669535557,Primary 1 Body Mass Index,4
East Dunbartonshire,Primary 1 Body Mass Index,Raw data,2014/15,89.66976034846,Primary 1 Body Mass Index,1
East Lothian,Primary 1 Body Mass Index,Raw data,2014/15,85.49245909116647,Primary 1 Body Mass Index,2
East Renfrewshire,Primary 1 Body Mass Index,Raw data,2014/15,88.98817136022403,Primary 1 Body Mass Index,1
"Edinburgh, City of",Primary 1 Body Mass Index,Raw data,2014/15,85.20175182368112,Primary 1 Body Mass Index,1
Eilean Siar,Primary 1 Body Mass Index,Raw data,2014/15,81.44684705146227,Primary 1 Body Mass Index,4
Falkirk,Primary 1 Body Mass Index,Raw data,2014/15,84.99016274744876,Primary 1 Body Mass Index,3
Fife,Primary 1 Body Mass Index,Raw data,2014/15,83.96113539387825,Primary 1 Body Mass Index,3
Glasgow City,Primary 1 Body Mass Index,Raw data,2014/15,85.07977889845314,Primary 1 Body Mass Index,4
Highland,Primary 1 Body Mass Index,Raw data,2014/15,83.70417849404222,Primary 1 Body Mass Index,2
Inverclyde,Primary 1 Body Mass Index,Raw data,2014/15,82.54691198612927,Primary 1 Body Mass Index,4
Midlothian,Primary 1 Body Mass Index,Raw data,2014/15,83.87390567711503,Primary 1 Body Mass Index,2
Moray,Primary 1 Body Mass Index,Raw data,2014/15,83.7770608968121,Primary 1 Body Mass Index,2
North Ayrshire,Primary 1 Body Mass Index,Raw data,2014/15,78.92300767785666,Primary 1 Body Mass Index,4
North Lanarkshire,Primary 1 Body Mass Index,Raw data,2014/15,84.24170504109348,Primary 1 Body Mass Index,4
Orkney Islands,Primary 1 Body Mass Index,Raw data,2014/15,80.9313287130188,Primary 1 Body Mass Index,1
Perth and Kinross,Primary 1 Body Mass Index,Raw data,2014/15,85.1160260789783,Primary 1 Body Mass Index,1
Renfrewshire,Primary 1 Body Mass Index,Raw data,2014/15,85.39054347531714,Primary 1 Body Mass Index,3
Scotland,Primary 1 Body Mass Index,Raw data,2014/15,84.57545191790267,Primary 1 Body Mass Index,NA
Scottish Borders,Primary 1 Body Mass Index,Raw data,2014/15,85.6735634726409,Primary 1 Body Mass Index,2
Shetland Islands,Primary 1 Body Mass Index,Raw data,2014/15,84.72512838997274,Primary 1 Body Mass Index,1
South Ayrshire,Primary 1 Body Mass Index,Raw data,2014/15,84.48977589822965,Primary 1 Body Mass Index,3
South Lanarkshire,Primary 1 Body Mass Index,Raw data,2014/15,86.6363125650672,Primary 1 Body Mass Index,3
Stirling,Primary 1 Body Mass Index,Raw data,2014/15,87.4626594831912,Primary 1 Body Mass Index,2
West Dunbartonshire,Primary 1 Body Mass Index,Raw data,2014/15,82.98573219530337,Primary 1 Body Mass Index,4
West Lothian,Primary 1 Body Mass Index,Raw data,2014/15,84.99912991147816,Primary 1 Body Mass Index,3
Aberdeen City,Primary 1 Body Mass Index,Raw data,2015/16,83.2723681587916,Primary 1 Body Mass Index,1
Aberdeenshire,Primary 1 Body Mass Index,Raw data,2015/16,84.0037414811985,Primary 1 Body Mass Index,1
Angus,Primary 1 Body Mass Index,Raw data,2015/16,84.62208385969903,Primary 1 Body Mass Index,2
Argyll and Bute,Primary 1 Body Mass Index,Raw data,2015/16,82.62960318742046,Primary 1 Body Mass Index,2
Clackmannanshire,Primary 1 Body Mass Index,Raw data,2015/16,83.1900958174403,Primary 1 Body Mass Index,3
Dumfries and Galloway,Primary 1 Body Mass Index,Raw data,2015/16,82.21565567177285,Primary 1 Body Mass Index,3
Dundee City,Primary 1 Body Mass Index,Raw data,2015/16,81.88746664818912,Primary 1 Body Mass Index,4
East Ayrshire,Primary 1 Body Mass Index,Raw data,2015/16,81.62902529167123,Primary 1 Body Mass Index,4
East Dunbartonshire,Primary 1 Body Mass Index,Raw data,2015/16,89.39548557181887,Primary 1 Body Mass Index,1
East Lothian,Primary 1 Body Mass Index,Raw data,2015/16,85.50511864344816,Primary 1 Body Mass Index,2
East Renfrewshire,Primary 1 Body Mass Index,Raw data,2015/16,89.45995266533866,Primary 1 Body Mass Index,1
"Edinburgh, City of",Primary 1 Body Mass Index,Raw data,2015/16,85.20866049258557,Primary 1 Body Mass Index,1
Eilean Siar,Primary 1 Body Mass Index,Raw data,2015/16,84.36093889685182,Primary 1 Body Mass Index,4
Falkirk,Primary 1 Body Mass Index,Raw data,2015/16,84.81744534747455,Primary 1 Body Mass Index,3
Fife,Primary 1 Body Mass Index,Raw data,2015/16,83.68387092564647,Primary 1 Body Mass Index,3
Glasgow City,Primary 1 Body Mass Index,Raw data,2015/16,84.98771347352721,Primary 1 Body Mass Index,4
Highland,Primary 1 Body Mass Index,Raw data,2015/16,83.5493770763121,Primary 1 Body Mass Index,2
Inverclyde,Primary 1 Body Mass Index,Raw data,2015/16,82.60144311300084,Primary 1 Body Mass Index,4
Midlothian,Primary 1 Body Mass Index,Raw data,2015/16,84.08677192528685,Primary 1 Body Mass Index,2
Moray,Primary 1 Body Mass Index,Raw data,2015/16,83.84644092944094,Primary 1 Body Mass Index,2
North Ayrshire,Primary 1 Body Mass Index,Raw data,2015/16,79.9639197811811,Primary 1 Body Mass Index,4
North Lanarkshire,Primary 1 Body Mass Index,Raw data,2015/16,84.61211412959317,Primary 1 Body Mass Index,4
Orkney Islands,Primary 1 Body Mass Index,Raw data,2015/16,81.16942395111403,Primary 1 Body Mass Index,1
Perth and Kinross,Primary 1 Body Mass Index,Raw data,2015/16,84.8295183472151,Primary 1 Body Mass Index,1
Renfrewshire,Primary 1 Body Mass Index,Raw data,2015/16,85.61941452863196,Primary 1 Body Mass Index,3
Scotland,Primary 1 Body Mass Index,Raw data,2015/16,84.44952049288943,Primary 1 Body Mass Index,NA
Scottish Borders,Primary 1 Body Mass Index,Raw data,2015/16,85.4087971449392,Primary 1 Body Mass Index,2
Shetland Islands,Primary 1 Body Mass Index,Raw data,2015/16,84.62565889395152,Primary 1 Body Mass Index,1
South Ayrshire,Primary 1 Body Mass Index,Raw data,2015/16,83.89202596570581,Primary 1 Body Mass Index,3
South Lanarkshire,Primary 1 Body Mass Index,Raw data,2015/16,86.0967250733839,Primary 1 Body Mass Index,3
Stirling,Primary 1 Body Mass Index,Raw data,2015/16,87.37779343985098,Primary 1 Body Mass Index,2
West Dunbartonshire,Primary 1 Body Mass Index,Raw data,2015/16,83.48269632612637,Primary 1 Body Mass Index,4
West Lothian,Primary 1 Body Mass Index,Raw data,2015/16,84.9333987367873,Primary 1 Body Mass Index,3
Aberdeen City,Primary 1 Body Mass Index,Raw data,2016/17,83.95521557687003,Primary 1 Body Mass Index,1
Aberdeenshire,Primary 1 Body Mass Index,Raw data,2016/17,84.48320384751172,Primary 1 Body Mass Index,1
Angus,Primary 1 Body Mass Index,Raw data,2016/17,84.73131535273396,Primary 1 Body Mass Index,2
Argyll and Bute,Primary 1 Body Mass Index,Raw data,2016/17,83.17872373654103,Primary 1 Body Mass Index,2
Clackmannanshire,Primary 1 Body Mass Index,Raw data,2016/17,82.84093030106435,Primary 1 Body Mass Index,3
Dumfries and Galloway,Primary 1 Body Mass Index,Raw data,2016/17,80.81973087159272,Primary 1 Body Mass Index,3
Dundee City,Primary 1 Body Mass Index,Raw data,2016/17,82.65075248875027,Primary 1 Body Mass Index,4
East Ayrshire,Primary 1 Body Mass Index,Raw data,2016/17,82.53465774676148,Primary 1 Body Mass Index,4
East Dunbartonshire,Primary 1 Body Mass Index,Raw data,2016/17,89.01272746327396,Primary 1 Body Mass Index,1
East Lothian,Primary 1 Body Mass Index,Raw data,2016/17,84.87054319021698,Primary 1 Body Mass Index,2
East Renfrewshire,Primary 1 Body Mass Index,Raw data,2016/17,89.5338472567771,Primary 1 Body Mass Index,1
"Edinburgh, City of",Primary 1 Body Mass Index,Raw data,2016/17,85.11516288848743,Primary 1 Body Mass Index,1
Eilean Siar,Primary 1 Body Mass Index,Raw data,2016/17,85.11068117294442,Primary 1 Body Mass Index,4
Falkirk,Primary 1 Body Mass Index,Raw data,2016/17,85.76482993012479,Primary 1 Body Mass Index,3
Fife,Primary 1 Body Mass Index,Raw data,2016/17,83.7080304807376,Primary 1 Body Mass Index,3
Glasgow City,Primary 1 Body Mass Index,Raw data,2016/17,84.5563190415079,Primary 1 Body Mass Index,4
Highland,Primary 1 Body Mass Index,Raw data,2016/17,83.40927409463326,Primary 1 Body Mass Index,2
Inverclyde,Primary 1 Body Mass Index,Raw data,2016/17,83.43874930206584,Primary 1 Body Mass Index,4
Midlothian,Primary 1 Body Mass Index,Raw data,2016/17,83.45782481938355,Primary 1 Body Mass Index,2
Moray,Primary 1 Body Mass Index,Raw data,2016/17,83.53569407732397,Primary 1 Body Mass Index,2
North Ayrshire,Primary 1 Body Mass Index,Raw data,2016/17,81.1436592386873,Primary 1 Body Mass Index,4
North Lanarkshire,Primary 1 Body Mass Index,Raw data,2016/17,84.61989815615324,Primary 1 Body Mass Index,4
Orkney Islands,Primary 1 Body Mass Index,Raw data,2016/17,83.83146098815111,Primary 1 Body Mass Index,1
Perth and Kinross,Primary 1 Body Mass Index,Raw data,2016/17,82.75190623841017,Primary 1 Body Mass Index,1
Renfrewshire,Primary 1 Body Mass Index,Raw data,2016/17,85.44106677980726,Primary 1 Body Mass Index,3
Scotland,Primary 1 Body Mass Index,Raw data,2016/17,84.3733786787303,Primary 1 Body Mass Index,NA
Scottish Borders,Primary 1 Body Mass Index,Raw data,2016/17,85.11729478096258,Primary 1 Body Mass Index,2
Shetland Islands,Primary 1 Body Mass Index,Raw data,2016/17,82.80291641903516,Primary 1 Body Mass Index,1
South Ayrshire,Primary 1 Body Mass Index,Raw data,2016/17,84.59437079649899,Primary 1 Body Mass Index,3
South Lanarkshire,Primary 1 Body Mass Index,Raw data,2016/17,85.66732279751933,Primary 1 Body Mass Index,3
Stirling,Primary 1 Body Mass Index,Raw data,2016/17,86.8838071564772,Primary 1 Body Mass Index,2
West Dunbartonshire,Primary 1 Body Mass Index,Raw data,2016/17,84.91627974492054,Primary 1 Body Mass Index,4
West Lothian,Primary 1 Body Mass Index,Raw data,2016/17,84.09629210913704,Primary 1 Body Mass Index,3
Aberdeen City,Primary 1 Body Mass Index,Raw data,2017/18,83.45280519509296,Primary 1 Body Mass Index,1
Aberdeenshire,Primary 1 Body Mass Index,Raw data,2017/18,84.47971482551816,Primary 1 Body Mass Index,1
Angus,Primary 1 Body Mass Index,Raw data,2017/18,84.4781765726236,Primary 1 Body Mass Index,2
Argyll and Bute,Primary 1 Body Mass Index,Raw data,2017/18,83.7676544241134,Primary 1 Body Mass Index,2
Clackmannanshire,Primary 1 Body Mass Index,Raw data,2017/18,82.64965180647104,Primary 1 Body Mass Index,3
Dumfries and Galloway,Primary 1 Body Mass Index,Raw data,2017/18,81.1601710686848,Primary 1 Body Mass Index,3
Dundee City,Primary 1 Body Mass Index,Raw data,2017/18,82.93561617600777,Primary 1 Body Mass Index,4
East Ayrshire,Primary 1 Body Mass Index,Raw data,2017/18,83.43682728381727,Primary 1 Body Mass Index,4
East Dunbartonshire,Primary 1 Body Mass Index,Raw data,2017/18,87.90509552633266,Primary 1 Body Mass Index,1
East Lothian,Primary 1 Body Mass Index,Raw data,2017/18,84.78830234027303,Primary 1 Body Mass Index,2
East Renfrewshire,Primary 1 Body Mass Index,Raw data,2017/18,89.13332057715957,Primary 1 Body Mass Index,1
"Edinburgh, City of",Primary 1 Body Mass Index,Raw data,2017/18,85.06399249023741,Primary 1 Body Mass Index,1
Eilean Siar,Primary 1 Body Mass Index,Raw data,2017/18,84.65360935782084,Primary 1 Body Mass Index,4
Falkirk,Primary 1 Body Mass Index,Raw data,2017/18,85.02278749840366,Primary 1 Body Mass Index,3
Fife,Primary 1 Body Mass Index,Raw data,2017/18,83.8939627324261,Primary 1 Body Mass Index,3
Glasgow City,Primary 1 Body Mass Index,Raw data,2017/18,83.74858606102634,Primary 1 Body Mass Index,4
Highland,Primary 1 Body Mass Index,Raw data,2017/18,83.27033840029863,Primary 1 Body Mass Index,2
Inverclyde,Primary 1 Body Mass Index,Raw data,2017/18,83.66229971405846,Primary 1 Body Mass Index,4
Midlothian,Primary 1 Body Mass Index,Raw data,2017/18,83.76134227193509,Primary 1 Body Mass Index,2
Moray,Primary 1 Body Mass Index,Raw data,2017/18,84.20876039090666,Primary 1 Body Mass Index,2
North Ayrshire,Primary 1 Body Mass Index,Raw data,2017/18,81.60802932339641,Primary 1 Body Mass Index,4
North Lanarkshire,Primary 1 Body Mass Index,Raw data,2017/18,84.09111149530797,Primary 1 Body Mass Index,4
Orkney Islands,Primary 1 Body Mass Index,Raw data,2017/18,83.37480483996873,Primary 1 Body Mass Index,1
Perth and Kinross,Primary 1 Body Mass Index,Raw data,2017/18,81.93916317481595,Primary 1 Body Mass Index,1
Renfrewshire,Primary 1 Body Mass Index,Raw data,2017/18,85.42656385583066,Primary 1 Body Mass Index,3
Scotland,Primary 1 Body Mass Index,Raw data,2017/18,84.2316090230906,Primary 1 Body Mass Index,NA
Scottish Borders,Primary 1 Body Mass Index,Raw data,2017/18,84.768664791078,Primary 1 Body Mass Index,2
Shetland Islands,Primary 1 Body Mass Index,Raw data,2017/18,83.33598768381374,Primary 1 Body Mass Index,1
South Ayrshire,Primary 1 Body Mass Index,Raw data,2017/18,84.81254218452618,Primary 1 Body Mass Index,3
South Lanarkshire,Primary 1 Body Mass Index,Raw data,2017/18,85.25302202928962,Primary 1 Body Mass Index,3
Stirling,Primary 1 Body Mass Index,Raw data,2017/18,86.08553026157907,Primary 1 Body Mass Index,2
West Dunbartonshire,Primary 1 Body Mass Index,Raw data,2017/18,87.63608283126611,Primary 1 Body Mass Index,4
West Lothian,Primary 1 Body Mass Index,Raw data,2017/18,83.74628828967423,Primary 1 Body Mass Index,3
Aberdeen City,Primary 1 Body Mass Index,Raw data,2018/19,84.63124973889245,Primary 1 Body Mass Index,1
Aberdeenshire,Primary 1 Body Mass Index,Raw data,2018/19,85.1202747264738,Primary 1 Body Mass Index,1
Angus,Primary 1 Body Mass Index,Raw data,2018/19,83.17365878286317,Primary 1 Body Mass Index,2
Argyll and Bute,Primary 1 Body Mass Index,Raw data,2018/19,82.39113643379584,Primary 1 Body Mass Index,2
Clackmannanshire,Primary 1 Body Mass Index,Raw data,2018/19,81.00989743607202,Primary 1 Body Mass Index,3
Dumfries and Galloway,Primary 1 Body Mass Index,Raw data,2018/19,81.45982089902053,Primary 1 Body Mass Index,3
Dundee City,Primary 1 Body Mass Index,Raw data,2018/19,83.15586570934826,Primary 1 Body Mass Index,4
East Ayrshire,Primary 1 Body Mass Index,Raw data,2018/19,83.91200378920458,Primary 1 Body Mass Index,4
East Dunbartonshire,Primary 1 Body Mass Index,Raw data,2018/19,88.30388247794426,Primary 1 Body Mass Index,1
East Lothian,Primary 1 Body Mass Index,Raw data,2018/19,85.0022525185807,Primary 1 Body Mass Index,2
East Renfrewshire,Primary 1 Body Mass Index,Raw data,2018/19,88.82255370012763,Primary 1 Body Mass Index,1
"Edinburgh, City of",Primary 1 Body Mass Index,Raw data,2018/19,84.71807027659683,Primary 1 Body Mass Index,1
Eilean Siar,Primary 1 Body Mass Index,Raw data,2018/19,82.10166884545642,Primary 1 Body Mass Index,4
Falkirk,Primary 1 Body Mass Index,Raw data,2018/19,85.4814993131477,Primary 1 Body Mass Index,3
Fife,Primary 1 Body Mass Index,Raw data,2018/19,84.1875903518484,Primary 1 Body Mass Index,3
Glasgow City,Primary 1 Body Mass Index,Raw data,2018/19,82.90850623149396,Primary 1 Body Mass Index,4
Highland,Primary 1 Body Mass Index,Raw data,2018/19,82.45604817840473,Primary 1 Body Mass Index,2
Inverclyde,Primary 1 Body Mass Index,Raw data,2018/19,83.13386881581623,Primary 1 Body Mass Index,4
Midlothian,Primary 1 Body Mass Index,Raw data,2018/19,83.61372053679425,Primary 1 Body Mass Index,2
Moray,Primary 1 Body Mass Index,Raw data,2018/19,84.40888381618706,Primary 1 Body Mass Index,2
North Ayrshire,Primary 1 Body Mass Index,Raw data,2018/19,81.5816377325113,Primary 1 Body Mass Index,4
North Lanarkshire,Primary 1 Body Mass Index,Raw data,2018/19,83.35680727553367,Primary 1 Body Mass Index,4
Orkney Islands,Primary 1 Body Mass Index,Raw data,2018/19,81.99385245901637,Primary 1 Body Mass Index,1
Perth and Kinross,Primary 1 Body Mass Index,Raw data,2018/19,82.81018246895047,Primary 1 Body Mass Index,1
Renfrewshire,Primary 1 Body Mass Index,Raw data,2018/19,84.85590237976304,Primary 1 Body Mass Index,3
Scotland,Primary 1 Body Mass Index,Raw data,2018/19,84.05967419586587,Primary 1 Body Mass Index,NA
Scottish Borders,Primary 1 Body Mass Index,Raw data,2018/19,84.96659924974014,Primary 1 Body Mass Index,2
Shetland Islands,Primary 1 Body Mass Index,Raw data,2018/19,83.7652207121657,Primary 1 Body Mass Index,1
South Ayrshire,Primary 1 Body Mass Index,Raw data,2018/19,85.82457154231294,Primary 1 Body Mass Index,3
South Lanarkshire,Primary 1 Body Mass Index,Raw data,2018/19,84.56903958985583,Primary 1 Body Mass Index,3
Stirling,Primary 1 Body Mass Index,Raw data,2018/19,84.75389669071953,Primary 1 Body Mass Index,2
West Dunbartonshire,Primary 1 Body Mass Index,Raw data,2018/19,87.71204947716063,Primary 1 Body Mass Index,4
West Lothian,Primary 1 Body Mass Index,Raw data,2018/19,83.5753258102737,Primary 1 Body Mass Index,3
Aberdeen City,Primary 1 Body Mass Index,Raw data,2019/20,84.87051477570276,Primary 1 Body Mass Index,1
Aberdeenshire,Primary 1 Body Mass Index,Raw data,2019/20,85.3197789169647,Primary 1 Body Mass Index,1
Angus,Primary 1 Body Mass Index,Raw data,2019/20,82.90989394679056,Primary 1 Body Mass Index,2
Argyll and Bute,Primary 1 Body Mass Index,Raw data,2019/20,82.71356412464458,Primary 1 Body Mass Index,2
Clackmannanshire,Primary 1 Body Mass Index,Raw data,2019/20,81.4186923079542,Primary 1 Body Mass Index,3
Dumfries and Galloway,Primary 1 Body Mass Index,Raw data,2019/20,82.58624869270353,Primary 1 Body Mass Index,3
Dundee City,Primary 1 Body Mass Index,Raw data,2019/20,82.47845183686755,Primary 1 Body Mass Index,4
East Ayrshire,Primary 1 Body Mass Index,Raw data,2019/20,85.0134329701637,Primary 1 Body Mass Index,4
East Dunbartonshire,Primary 1 Body Mass Index,Raw data,2019/20,88.30388247794426,Primary 1 Body Mass Index,1
East Lothian,Primary 1 Body Mass Index,Raw data,2019/20,84.8067479571532,Primary 1 Body Mass Index,2
East Renfrewshire,Primary 1 Body Mass Index,Raw data,2019/20,88.0727819375699,Primary 1 Body Mass Index,1
"Edinburgh, City of",Primary 1 Body Mass Index,Raw data,2019/20,84.8875345508267,Primary 1 Body Mass Index,1
Eilean Siar,Primary 1 Body Mass Index,Raw data,2019/20,80.831757896002,Primary 1 Body Mass Index,4
Falkirk,Primary 1 Body Mass Index,Raw data,2019/20,85.3528537184004,Primary 1 Body Mass Index,3
Fife,Primary 1 Body Mass Index,Raw data,2019/20,84.0613448411138,Primary 1 Body Mass Index,3
Glasgow City,Primary 1 Body Mass Index,Raw data,2019/20,82.5597571546284,Primary 1 Body Mass Index,4
Highland,Primary 1 Body Mass Index,Raw data,2019/20,82.46381215356,Primary 1 Body Mass Index,2
Inverclyde,Primary 1 Body Mass Index,Raw data,2019/20,82.80381829910125,Primary 1 Body Mass Index,4
Midlothian,Primary 1 Body Mass Index,Raw data,2019/20,84.38051335597847,Primary 1 Body Mass Index,2
Moray,Primary 1 Body Mass Index,Raw data,2019/20,84.53078344724774,Primary 1 Body Mass Index,2
North Ayrshire,Primary 1 Body Mass Index,Raw data,2019/20,82.28756718388652,Primary 1 Body Mass Index,4
North Lanarkshire,Primary 1 Body Mass Index,Raw data,2019/20,82.81267728101355,Primary 1 Body Mass Index,4
Orkney Islands,Primary 1 Body Mass Index,Raw data,2019/20,82.37459958545314,Primary 1 Body Mass Index,1
Perth and Kinross,Primary 1 Body Mass Index,Raw data,2019/20,84.6142272678469,Primary 1 Body Mass Index,1
Renfrewshire,Primary 1 Body Mass Index,Raw data,2019/20,84.72613789528249,Primary 1 Body Mass Index,3
Scotland,Primary 1 Body Mass Index,Raw data,2019/20,84.08369939435997,Primary 1 Body Mass Index,NA
Scottish Borders,Primary 1 Body Mass Index,Raw data,2019/20,85.43006118299616,Primary 1 Body Mass Index,2
Shetland Islands,Primary 1 Body Mass Index,Raw data,2019/20,84.67101781361497,Primary 1 Body Mass Index,1
South Ayrshire,Primary 1 Body Mass Index,Raw data,2019/20,86.6800106821595,Primary 1 Body Mass Index,3
South Lanarkshire,Primary 1 Body Mass Index,Raw data,2019/20,84.3214424940378,Primary 1 Body Mass Index,3
Stirling,Primary 1 Body Mass Index,Raw data,2019/20,84.00831597006614,Primary 1 Body Mass Index,2
West Dunbartonshire,Primary 1 Body Mass Index,Raw data,2019/20,88.47529071058635,Primary 1 Body Mass Index,4
West Lothian,Primary 1 Body Mass Index,Raw data,2019/20,84.18459090694442,Primary 1 Body Mass Index,3
Aberdeen City,Primary 1 Body Mass Index,Raw data,2020/21,81.89731475931134,Primary 1 Body Mass Index,1
Aberdeenshire,Primary 1 Body Mass Index,Raw data,2020/21,85.7593688362919,Primary 1 Body Mass Index,1
Angus,Primary 1 Body Mass Index,Raw data,2020/21,82.430806257521,Primary 1 Body Mass Index,2
Argyll and Bute,Primary 1 Body Mass Index,Raw data,2020/21,80.10185120466798,Primary 1 Body Mass Index,2
Clackmannanshire,Primary 1 Body Mass Index,Raw data,2020/21,78.7819253438114,Primary 1 Body Mass Index,3
Dumfries and Galloway,Primary 1 Body Mass Index,Raw data,2020/21,82.1943104930656,Primary 1 Body Mass Index,3
Dundee City,Primary 1 Body Mass Index,Raw data,2020/21,83.10893512851891,Primary 1 Body Mass Index,4
East Ayrshire,Primary 1 Body Mass Index,Raw data,2020/21,78.1323653198653,Primary 1 Body Mass Index,4
East Dunbartonshire,Primary 1 Body Mass Index,Raw data,2020/21,89.3638170974155,Primary 1 Body Mass Index,1
East Lothian,Primary 1 Body Mass Index,Raw data,2020/21,82.1066808323205,Primary 1 Body Mass Index,2
East Renfrewshire,Primary 1 Body Mass Index,Raw data,2020/21,87.6914436708884,Primary 1 Body Mass Index,1
"Edinburgh, City of",Primary 1 Body Mass Index,Raw data,2020/21,83.70927145862903,Primary 1 Body Mass Index,1
Eilean Siar,Primary 1 Body Mass Index,Raw data,2020/21,79.61138137329989,Primary 1 Body Mass Index,4
Falkirk,Primary 1 Body Mass Index,Raw data,2020/21,85.9763004451503,Primary 1 Body Mass Index,3
Fife,Primary 1 Body Mass Index,Raw data,2020/21,84.16904690977269,Primary 1 Body Mass Index,3
Glasgow City,Primary 1 Body Mass Index,Raw data,2020/21,81.7040791696838,Primary 1 Body Mass Index,4
Highland,Primary 1 Body Mass Index,Raw data,2020/21,80.51808362925121,Primary 1 Body Mass Index,2
Inverclyde,Primary 1 Body Mass Index,Raw data,2020/21,78.120433821413,Primary 1 Body Mass Index,4
Midlothian,Primary 1 Body Mass Index,Raw data,2020/21,82.2249705985984,Primary 1 Body Mass Index,2
Moray,Primary 1 Body Mass Index,Raw data,2020/21,84.28438271804146,Primary 1 Body Mass Index,2
North Ayrshire,Primary 1 Body Mass Index,Raw data,2020/21,79.10350710810924,Primary 1 Body Mass Index,4
North Lanarkshire,Primary 1 Body Mass Index,Raw data,2020/21,81.8607211670795,Primary 1 Body Mass Index,4
Orkney Islands,Primary 1 Body Mass Index,Raw data,2020/21,81.71295433364398,Primary 1 Body Mass Index,1
Perth and Kinross,Primary 1 Body Mass Index,Raw data,2020/21,86.9926199261992,Primary 1 Body Mass Index,1
Renfrewshire,Primary 1 Body Mass Index,Raw data,2020/21,81.63961442670652,Primary 1 Body Mass Index,3
Scotland,Primary 1 Body Mass Index,Raw data,2020/21,81.9551556047006,Primary 1 Body Mass Index,NA
Scottish Borders,Primary 1 Body Mass Index,Raw data,2020/21,86.321243523316,Primary 1 Body Mass Index,2
Shetland Islands,Primary 1 Body Mass Index,Raw data,2020/21,82.8875996585154,Primary 1 Body Mass Index,1
South Ayrshire,Primary 1 Body Mass Index,Raw data,2020/21,83.60481520692883,Primary 1 Body Mass Index,3
South Lanarkshire,Primary 1 Body Mass Index,Raw data,2020/21,84.01598907931009,Primary 1 Body Mass Index,3
Stirling,Primary 1 Body Mass Index,Raw data,2020/21,83.38208846757091,Primary 1 Body Mass Index,2
West Dunbartonshire,Primary 1 Body Mass Index,Raw data,2020/21,80.39425512001755,Primary 1 Body Mass Index,4
West Lothian,Primary 1 Body Mass Index,Raw data,2020/21,82.65225989606556,Primary 1 Body Mass Index,3
Aberdeen City,Primary 1 Body Mass Index,Raw data,2021/22,79.87888291075484,Primary 1 Body Mass Index,1
Aberdeenshire,Primary 1 Body Mass Index,Raw data,2021/22,84.6628131021194,Primary 1 Body Mass Index,1
Angus,Primary 1 Body Mass Index,Raw data,2021/22,79.8924731182795,Primary 1 Body Mass Index,2
Argyll and Bute,Primary 1 Body Mass Index,Raw data,2021/22,79.69961064808415,Primary 1 Body Mass Index,2
Clackmannanshire,Primary 1 Body Mass Index,Raw data,2021/22,82.5991189427312,Primary 1 Body Mass Index,3
Dumfries and Galloway,Primary 1 Body Mass Index,Raw data,2021/22,80.4725341177823,Primary 1 Body Mass Index,3
Dundee City,Primary 1 Body Mass Index,Raw data,2021/22,80.8695652173913,Primary 1 Body Mass Index,4
East Ayrshire,Primary 1 Body Mass Index,Raw data,2021/22,75.1441640120885,Primary 1 Body Mass Index,4
East Dunbartonshire,Primary 1 Body Mass Index,Raw data,2021/22,88.312757201646,Primary 1 Body Mass Index,1
East Lothian,Primary 1 Body Mass Index,Raw data,2021/22,81.42757670813538,Primary 1 Body Mass Index,2
East Renfrewshire,Primary 1 Body Mass Index,Raw data,2021/22,86.82980610227112,Primary 1 Body Mass Index,1
"Edinburgh, City of",Primary 1 Body Mass Index,Raw data,2021/22,83.07658173097435,Primary 1 Body Mass Index,1
Eilean Siar,Primary 1 Body Mass Index,Raw data,2021/22,80.06714090185376,Primary 1 Body Mass Index,4
Falkirk,Primary 1 Body Mass Index,Raw data,2021/22,85.04222846117399,Primary 1 Body Mass Index,3
Fife,Primary 1 Body Mass Index,Raw data,2021/22,84.050269296876,Primary 1 Body Mass Index,3
Glasgow City,Primary 1 Body Mass Index,Raw data,2021/22,80.275883938481,Primary 1 Body Mass Index,4
Highland,Primary 1 Body Mass Index,Raw data,2021/22,80.5918839020968,Primary 1 Body Mass Index,2
Inverclyde,Primary 1 Body Mass Index,Raw data,2021/22,77.00570793901605,Primary 1 Body Mass Index,4
Midlothian,Primary 1 Body Mass Index,Raw data,2021/22,81.73148753633001,Primary 1 Body Mass Index,2
Moray,Primary 1 Body Mass Index,Raw data,2021/22,82.4986860657025,Primary 1 Body Mass Index,2
North Ayrshire,Primary 1 Body Mass Index,Raw data,2021/22,78.93765343270883,Primary 1 Body Mass Index,4
North Lanarkshire,Primary 1 Body Mass Index,Raw data,2021/22,80.8638443935926,Primary 1 Body Mass Index,4
Orkney Islands,Primary 1 Body Mass Index,Raw data,2021/22,83.96154190426545,Primary 1 Body Mass Index,1
Perth and Kinross,Primary 1 Body Mass Index,Raw data,2021/22,81.6081330868761,Primary 1 Body Mass Index,1
Renfrewshire,Primary 1 Body Mass Index,Raw data,2021/22,82.57278428161206,Primary 1 Body Mass Index,3
Scotland,Primary 1 Body Mass Index,Raw data,2021/22,81.3468127695574,Primary 1 Body Mass Index,NA
Scottish Borders,Primary 1 Body Mass Index,Raw data,2021/22,82.6594788858939,Primary 1 Body Mass Index,2
Shetland Islands,Primary 1 Body Mass Index,Raw data,2021/22,81.81734098913776,Primary 1 Body Mass Index,1
South Ayrshire,Primary 1 Body Mass Index,Raw data,2021/22,81.62688318387602,Primary 1 Body Mass Index,3
South Lanarkshire,Primary 1 Body Mass Index,Raw data,2021/22,82.90149953869364,Primary 1 Body Mass Index,3
Stirling,Primary 1 Body Mass Index,Raw data,2021/22,84.7296031397202,Primary 1 Body Mass Index,2
West Dunbartonshire,Primary 1 Body Mass Index,Raw data,2021/22,77.1456339712918,Primary 1 Body Mass Index,4
West Lothian,Primary 1 Body Mass Index,Raw data,2021/22,82.68735037269698,Primary 1 Body Mass Index,3
Aberdeen City,Primary 1 Body Mass Index,Raw data,2022/23,81.52465395968277,Primary 1 Body Mass Index,1
Aberdeenshire,Primary 1 Body Mass Index,Raw data,2022/23,85.6816972487341,Primary 1 Body Mass Index,1
Angus,Primary 1 Body Mass Index,Raw data,2022/23,81.5335381464413,Primary 1 Body Mass Index,2
Argyll and Bute,Primary 1 Body Mass Index,Raw data,2022/23,78.57647570793004,Primary 1 Body Mass Index,2
Clackmannanshire,Primary 1 Body Mass Index,Raw data,2022/23,82.34122613803225,Primary 1 Body Mass Index,3
Dumfries and Galloway,Primary 1 Body Mass Index,Raw data,2022/23,79.81510069165701,Primary 1 Body Mass Index,3
Dundee City,Primary 1 Body Mass Index,Raw data,2022/23,81.70462387853689,Primary 1 Body Mass Index,4
East Ayrshire,Primary 1 Body Mass Index,Raw data,2022/23,78.19528289511133,Primary 1 Body Mass Index,4
East Dunbartonshire,Primary 1 Body Mass Index,Raw data,2022/23,87.8905022248704,Primary 1 Body Mass Index,1
East Lothian,Primary 1 Body Mass Index,Raw data,2022/23,81.63146979445557,Primary 1 Body Mass Index,2
East Renfrewshire,Primary 1 Body Mass Index,Raw data,2022/23,87.3219369847558,Primary 1 Body Mass Index,1
"Edinburgh, City of",Primary 1 Body Mass Index,Raw data,2022/23,83.71890745414423,Primary 1 Body Mass Index,1
Eilean Siar,Primary 1 Body Mass Index,Raw data,2022/23,79.43695848062656,Primary 1 Body Mass Index,4
Falkirk,Primary 1 Body Mass Index,Raw data,2022/23,84.1636066369679,Primary 1 Body Mass Index,3
Fife,Primary 1 Body Mass Index,Raw data,2022/23,84.82915569913055,Primary 1 Body Mass Index,3
Glasgow City,Primary 1 Body Mass Index,Raw data,2022/23,81.17552095161496,Primary 1 Body Mass Index,4
Highland,Primary 1 Body Mass Index,Raw data,2022/23,80.97550335560064,Primary 1 Body Mass Index,2
Inverclyde,Primary 1 Body Mass Index,Raw data,2022/23,78.43545996893631,Primary 1 Body Mass Index,4
Midlothian,Primary 1 Body Mass Index,Raw data,2022/23,81.60113047413937,Primary 1 Body Mass Index,2
Moray,Primary 1 Body Mass Index,Raw data,2022/23,81.67792540745104,Primary 1 Body Mass Index,2
North Ayrshire,Primary 1 Body Mass Index,Raw data,2022/23,79.46915044253714,Primary 1 Body Mass Index,4
North Lanarkshire,Primary 1 Body Mass Index,Raw data,2022/23,81.4723035764934,Primary 1 Body Mass Index,4
Orkney Islands,Primary 1 Body Mass Index,Raw data,2022/23,83.76904778987682,Primary 1 Body Mass Index,1
Perth and Kinross,Primary 1 Body Mass Index,Raw data,2022/23,84.20111259035374,Primary 1 Body Mass Index,1
Renfrewshire,Primary 1 Body Mass Index,Raw data,2022/23,83.60657528886493,Primary 1 Body Mass Index,3
Scotland,Primary 1 Body Mass Index,Raw data,2022/23,81.443534696972,Primary 1 Body Mass Index,NA
Scottish Borders,Primary 1 Body Mass Index,Raw data,2022/23,84.5356842412484,Primary 1 Body Mass Index,2
Shetland Islands,Primary 1 Body Mass Index,Raw data,2022/23,82.29688063108149,Primary 1 Body Mass Index,1
South Ayrshire,Primary 1 Body Mass Index,Raw data,2022/23,81.04239542934103,Primary 1 Body Mass Index,3
South Lanarkshire,Primary 1 Body Mass Index,Raw data,2022/23,83.01394969795619,Primary 1 Body Mass Index,3
Stirling,Primary 1 Body Mass Index,Raw data,2022/23,85.87218660988984,Primary 1 Body Mass Index,2
West Dunbartonshire,Primary 1 Body Mass Index,Raw data,2022/23,78.5457315810186,Primary 1 Body Mass Index,4
West Lothian,Primary 1 Body Mass Index,Raw data,2022/23,81.8867681310667,Primary 1 Body Mass Index,3
Aberdeen City,Primary 1 Body Mass Index,Raw data,2023/24,83.96263707329464,Primary 1 Body Mass Index,1
Aberdeenshire,Primary 1 Body Mass Index,Raw data,2023/24,85.6177554484464,Primary 1 Body Mass Index,1
Angus,Primary 1 Body Mass Index,Raw data,2023/24,81.26599110094976,Primary 1 Body Mass Index,2
Argyll and Bute,Primary 1 Body Mass Index,Raw data,2023/24,81.84389739959416,Primary 1 Body Mass Index,2
Clackmannanshire,Primary 1 Body Mass Index,Raw data,2023/24,83.9078296643757,Primary 1 Body Mass Index,3
Dumfries and Galloway,Primary 1 Body Mass Index,Raw data,2023/24,81.09936153166427,Primary 1 Body Mass Index,3
Dundee City,Primary 1 Body Mass Index,Raw data,2023/24,81.8557588813582,Primary 1 Body Mass Index,4
East Ayrshire,Primary 1 Body Mass Index,Raw data,2023/24,81.62907436168966,Primary 1 Body Mass Index,4
East Dunbartonshire,Primary 1 Body Mass Index,Raw data,2023/24,87.57917539629041,Primary 1 Body Mass Index,1
East Lothian,Primary 1 Body Mass Index,Raw data,2023/24,84.31052223703023,Primary 1 Body Mass Index,2
East Renfrewshire,Primary 1 Body Mass Index,Raw data,2023/24,87.77572872642043,Primary 1 Body Mass Index,1
"Edinburgh, City of",Primary 1 Body Mass Index,Raw data,2023/24,85.71499017370513,Primary 1 Body Mass Index,1
Eilean Siar,Primary 1 Body Mass Index,Raw data,2023/24,81.69092673459484,Primary 1 Body Mass Index,4
Falkirk,Primary 1 Body Mass Index,Raw data,2023/24,84.36219052090193,Primary 1 Body Mass Index,3
Fife,Primary 1 Body Mass Index,Raw data,2023/24,84.07290980856472,Primary 1 Body Mass Index,3
Glasgow City,Primary 1 Body Mass Index,Raw data,2023/24,81.54013703398057,Primary 1 Body Mass Index,4
Highland,Primary 1 Body Mass Index,Raw data,2023/24,83.0621490764771,Primary 1 Body Mass Index,2
Inverclyde,Primary 1 Body Mass Index,Raw data,2023/24,80.97189352072132,Primary 1 Body Mass Index,4
Midlothian,Primary 1 Body Mass Index,Raw data,2023/24,83.33240126103459,Primary 1 Body Mass Index,2
Moray,Primary 1 Body Mass Index,Raw data,2023/24,82.81338563696043,Primary 1 Body Mass Index,2
North Ayrshire,Primary 1 Body Mass Index,Raw data,2023/24,82.58849883066976,Primary 1 Body Mass Index,4
North Lanarkshire,Primary 1 Body Mass Index,Raw data,2023/24,81.76713309900431,Primary 1 Body Mass Index,4
Orkney Islands,Primary 1 Body Mass Index,Raw data,2023/24,83.2285072493363,Primary 1 Body Mass Index,1
Perth and Kinross,Primary 1 Body Mass Index,Raw data,2023/24,84.1004226088288,Primary 1 Body Mass Index,1
Renfrewshire,Primary 1 Body Mass Index,Raw data,2023/24,85.46771995875865,Primary 1 Body Mass Index,3
Scotland,Primary 1 Body Mass Index,Raw data,2023/24,83.47888153306306,Primary 1 Body Mass Index,NA
Scottish Borders,Primary 1 Body Mass Index,Raw data,2023/24,84.56225103262712,Primary 1 Body Mass Index,2
Shetland Islands,Primary 1 Body Mass Index,Raw data,2023/24,83.872212662602,Primary 1 Body Mass Index,1
South Ayrshire,Primary 1 Body Mass Index,Raw data,2023/24,83.58838627878308,Primary 1 Body Mass Index,3
South Lanarkshire,Primary 1 Body Mass Index,Raw data,2023/24,83.14476916344913,Primary 1 Body Mass Index,3
Stirling,Primary 1 Body Mass Index,Raw data,2023/24,85.85172801019682,Primary 1 Body Mass Index,2
West Dunbartonshire,Primary 1 Body Mass Index,Raw data,2023/24,80.85015741833917,Primary 1 Body Mass Index,4
West Lothian,Primary 1 Body Mass Index,Raw data,2023/24,83.9826784095615,Primary 1 Body Mass Index,3
Aberdeen City,Employment Rate,Raw data,2012/13,76.06666666666666,Employment Rate,1
Aberdeenshire,Employment Rate,Raw data,2012/13,80.3,Employment Rate,1
Angus,Employment Rate,Raw data,2012/13,72.53333333333335,Employment Rate,2
Argyll and Bute,Employment Rate,Raw data,2012/13,71.43333333333332,Employment Rate,2
Clackmannanshire,Employment Rate,Raw data,2012/13,68.86666666666666,Employment Rate,3
Dumfries and Galloway,Employment Rate,Raw data,2012/13,69.13333333333334,Employment Rate,3
Dundee City,Employment Rate,Raw data,2012/13,67.16666666666667,Employment Rate,4
East Ayrshire,Employment Rate,Raw data,2012/13,68.26666666666667,Employment Rate,4
East Dunbartonshire,Employment Rate,Raw data,2012/13,73.7,Employment Rate,1
East Lothian,Employment Rate,Raw data,2012/13,73.26666666666667,Employment Rate,2
East Renfrewshire,Employment Rate,Raw data,2012/13,72.8,Employment Rate,1
"Edinburgh, City of",Employment Rate,Raw data,2012/13,71.6,Employment Rate,1
Eilean Siar,Employment Rate,Raw data,2012/13,68.2,Employment Rate,4
Falkirk,Employment Rate,Raw data,2012/13,72.36666666666667,Employment Rate,3
Fife,Employment Rate,Raw data,2012/13,70.43333333333334,Employment Rate,3
Glasgow City,Employment Rate,Raw data,2012/13,60.866666666666674,Employment Rate,4
Highland,Employment Rate,Raw data,2012/13,77.7,Employment Rate,2
Inverclyde,Employment Rate,Raw data,2012/13,67.56666666666668,Employment Rate,4
Midlothian,Employment Rate,Raw data,2012/13,74.13333333333334,Employment Rate,2
Moray,Employment Rate,Raw data,2012/13,78.6,Employment Rate,2
North Ayrshire,Employment Rate,Raw data,2012/13,61.76666666666667,Employment Rate,4
North Lanarkshire,Employment Rate,Raw data,2012/13,69.53333333333333,Employment Rate,4
Orkney Islands,Employment Rate,Raw data,2012/13,80.43333333333334,Employment Rate,1
Perth and Kinross,Employment Rate,Raw data,2012/13,74.89999999999999,Employment Rate,1
Renfrewshire,Employment Rate,Raw data,2012/13,68.63333333333333,Employment Rate,3
Scotland,Employment Rate,Raw data,2012/13,70.66666666666667,Employment Rate,NA
Scottish Borders,Employment Rate,Raw data,2012/13,72.63333333333334,Employment Rate,2
Shetland Islands,Employment Rate,Raw data,2012/13,80.46666666666665,Employment Rate,1
South Ayrshire,Employment Rate,Raw data,2012/13,67.89999999999999,Employment Rate,3
South Lanarkshire,Employment Rate,Raw data,2012/13,72.69999999999999,Employment Rate,3
Stirling,Employment Rate,Raw data,2012/13,69.60000000000001,Employment Rate,2
West Dunbartonshire,Employment Rate,Raw data,2012/13,67.66666666666667,Employment Rate,4
West Lothian,Employment Rate,Raw data,2012/13,73.1,Employment Rate,3
Aberdeen City,Employment Rate,Raw data,2013/14,75.23333333333333,Employment Rate,1
Aberdeenshire,Employment Rate,Raw data,2013/14,79.53333333333332,Employment Rate,1
Angus,Employment Rate,Raw data,2013/14,72.33333333333333,Employment Rate,2
Argyll and Bute,Employment Rate,Raw data,2013/14,72.1,Employment Rate,2
Clackmannanshire,Employment Rate,Raw data,2013/14,66.36666666666667,Employment Rate,3
Dumfries and Galloway,Employment Rate,Raw data,2013/14,69.36666666666666,Employment Rate,3
Dundee City,Employment Rate,Raw data,2013/14,63.6,Employment Rate,4
East Ayrshire,Employment Rate,Raw data,2013/14,67.8,Employment Rate,4
East Dunbartonshire,Employment Rate,Raw data,2013/14,74.63333333333334,Employment Rate,1
East Lothian,Employment Rate,Raw data,2013/14,74.13333333333334,Employment Rate,2
East Renfrewshire,Employment Rate,Raw data,2013/14,73.39999999999999,Employment Rate,1
"Edinburgh, City of",Employment Rate,Raw data,2013/14,71.96666666666667,Employment Rate,1
Eilean Siar,Employment Rate,Raw data,2013/14,71.4,Employment Rate,4
Falkirk,Employment Rate,Raw data,2013/14,72.73333333333333,Employment Rate,3
Fife,Employment Rate,Raw data,2013/14,70.43333333333332,Employment Rate,3
Glasgow City,Employment Rate,Raw data,2013/14,61.666666666666664,Employment Rate,4
Highland,Employment Rate,Raw data,2013/14,76.33333333333333,Employment Rate,2
Inverclyde,Employment Rate,Raw data,2013/14,67.3,Employment Rate,4
Midlothian,Employment Rate,Raw data,2013/14,74.56666666666666,Employment Rate,2
Moray,Employment Rate,Raw data,2013/14,78.3,Employment Rate,2
North Ayrshire,Employment Rate,Raw data,2013/14,62.1,Employment Rate,4
North Lanarkshire,Employment Rate,Raw data,2013/14,69.56666666666668,Employment Rate,4
Orkney Islands,Employment Rate,Raw data,2013/14,81.60000000000001,Employment Rate,1
Perth and Kinross,Employment Rate,Raw data,2013/14,75.16666666666667,Employment Rate,1
Renfrewshire,Employment Rate,Raw data,2013/14,70.39999999999999,Employment Rate,3
Scotland,Employment Rate,Raw data,2013/14,70.76666666666667,Employment Rate,NA
Scottish Borders,Employment Rate,Raw data,2013/14,73.8,Employment Rate,2
Shetland Islands,Employment Rate,Raw data,2013/14,81.03333333333333,Employment Rate,1
South Ayrshire,Employment Rate,Raw data,2013/14,69.66666666666667,Employment Rate,3
South Lanarkshire,Employment Rate,Raw data,2013/14,73,Employment Rate,3
Stirling,Employment Rate,Raw data,2013/14,70.3,Employment Rate,2
West Dunbartonshire,Employment Rate,Raw data,2013/14,66.53333333333332,Employment Rate,4
West Lothian,Employment Rate,Raw data,2013/14,73.5,Employment Rate,3
Aberdeen City,Employment Rate,Raw data,2014/15,75.89999999999999,Employment Rate,1
Aberdeenshire,Employment Rate,Raw data,2014/15,80.33333333333333,Employment Rate,1
Angus,Employment Rate,Raw data,2014/15,72.56666666666666,Employment Rate,2
Argyll and Bute,Employment Rate,Raw data,2014/15,73.86666666666666,Employment Rate,2
Clackmannanshire,Employment Rate,Raw data,2014/15,67.06666666666668,Employment Rate,3
Dumfries and Galloway,Employment Rate,Raw data,2014/15,70.76666666666667,Employment Rate,3
Dundee City,Employment Rate,Raw data,2014/15,63.5,Employment Rate,4
East Ayrshire,Employment Rate,Raw data,2014/15,68.39999999999999,Employment Rate,4
East Dunbartonshire,Employment Rate,Raw data,2014/15,74.60000000000001,Employment Rate,1
East Lothian,Employment Rate,Raw data,2014/15,74.86666666666666,Employment Rate,2
East Renfrewshire,Employment Rate,Raw data,2014/15,74.06666666666668,Employment Rate,1
"Edinburgh, City of",Employment Rate,Raw data,2014/15,72.8,Employment Rate,1
Eilean Siar,Employment Rate,Raw data,2014/15,73.3,Employment Rate,4
Falkirk,Employment Rate,Raw data,2014/15,72.96666666666667,Employment Rate,3
Fife,Employment Rate,Raw data,2014/15,71.16666666666667,Employment Rate,3
Glasgow City,Employment Rate,Raw data,2014/15,62.666666666666664,Employment Rate,4
Highland,Employment Rate,Raw data,2014/15,75.96666666666667,Employment Rate,2
Inverclyde,Employment Rate,Raw data,2014/15,68.36666666666666,Employment Rate,4
Midlothian,Employment Rate,Raw data,2014/15,74.4,Employment Rate,2
Moray,Employment Rate,Raw data,2014/15,77.5,Employment Rate,2
North Ayrshire,Employment Rate,Raw data,2014/15,64.33333333333333,Employment Rate,4
North Lanarkshire,Employment Rate,Raw data,2014/15,70.26666666666667,Employment Rate,4
Orkney Islands,Employment Rate,Raw data,2014/15,84.56666666666666,Employment Rate,1
Perth and Kinross,Employment Rate,Raw data,2014/15,75.83333333333333,Employment Rate,1
Renfrewshire,Employment Rate,Raw data,2014/15,72.3,Employment Rate,3
Scotland,Employment Rate,Raw data,2014/15,71.6,Employment Rate,NA
Scottish Borders,Employment Rate,Raw data,2014/15,75.39999999999999,Employment Rate,2
Shetland Islands,Employment Rate,Raw data,2014/15,80.33333333333333,Employment Rate,1
South Ayrshire,Employment Rate,Raw data,2014/15,71.63333333333333,Employment Rate,3
South Lanarkshire,Employment Rate,Raw data,2014/15,74,Employment Rate,3
Stirling,Employment Rate,Raw data,2014/15,71.89999999999999,Employment Rate,2
West Dunbartonshire,Employment Rate,Raw data,2014/15,65.8,Employment Rate,4
West Lothian,Employment Rate,Raw data,2014/15,75.06666666666666,Employment Rate,3
Aberdeen City,Employment Rate,Raw data,2015/16,76.10000000000001,Employment Rate,1
Aberdeenshire,Employment Rate,Raw data,2015/16,80,Employment Rate,1
Angus,Employment Rate,Raw data,2015/16,73.56666666666666,Employment Rate,2
Argyll and Bute,Employment Rate,Raw data,2015/16,75.63333333333334,Employment Rate,2
Clackmannanshire,Employment Rate,Raw data,2015/16,68.4,Employment Rate,3
Dumfries and Galloway,Employment Rate,Raw data,2015/16,73.3,Employment Rate,3
Dundee City,Employment Rate,Raw data,2015/16,62.666666666666664,Employment Rate,4
East Ayrshire,Employment Rate,Raw data,2015/16,68.76666666666667,Employment Rate,4
East Dunbartonshire,Employment Rate,Raw data,2015/16,74.46666666666667,Employment Rate,1
East Lothian,Employment Rate,Raw data,2015/16,74.83333333333333,Employment Rate,2
East Renfrewshire,Employment Rate,Raw data,2015/16,74.7,Employment Rate,1
"Edinburgh, City of",Employment Rate,Raw data,2015/16,72.53333333333335,Employment Rate,1
Eilean Siar,Employment Rate,Raw data,2015/16,75.7,Employment Rate,4
Falkirk,Employment Rate,Raw data,2015/16,73.83333333333333,Employment Rate,3
Fife,Employment Rate,Raw data,2015/16,72.23333333333333,Employment Rate,3
Glasgow City,Employment Rate,Raw data,2015/16,65,Employment Rate,4
Highland,Employment Rate,Raw data,2015/16,77.2,Employment Rate,2
Inverclyde,Employment Rate,Raw data,2015/16,69.06666666666666,Employment Rate,4
Midlothian,Employment Rate,Raw data,2015/16,74.10000000000001,Employment Rate,2
Moray,Employment Rate,Raw data,2015/16,75.86666666666666,Employment Rate,2
North Ayrshire,Employment Rate,Raw data,2015/16,65.03333333333333,Employment Rate,4
North Lanarkshire,Employment Rate,Raw data,2015/16,71.06666666666666,Employment Rate,4
Orkney Islands,Employment Rate,Raw data,2015/16,85.33333333333333,Employment Rate,1
Perth and Kinross,Employment Rate,Raw data,2015/16,77.2,Employment Rate,1
Renfrewshire,Employment Rate,Raw data,2015/16,73.36666666666666,Employment Rate,3
Scotland,Employment Rate,Raw data,2015/16,72.36666666666666,Employment Rate,NA
Scottish Borders,Employment Rate,Raw data,2015/16,76.46666666666665,Employment Rate,2
Shetland Islands,Employment Rate,Raw data,2015/16,84.7,Employment Rate,1
South Ayrshire,Employment Rate,Raw data,2015/16,72.53333333333333,Employment Rate,3
South Lanarkshire,Employment Rate,Raw data,2015/16,74.4,Employment Rate,3
Stirling,Employment Rate,Raw data,2015/16,72.46666666666667,Employment Rate,2
West Dunbartonshire,Employment Rate,Raw data,2015/16,67.63333333333334,Employment Rate,4
West Lothian,Employment Rate,Raw data,2015/16,74.7,Employment Rate,3
Aberdeen City,Employment Rate,Raw data,2016/17,75.46666666666667,Employment Rate,1
Aberdeenshire,Employment Rate,Raw data,2016/17,79.76666666666667,Employment Rate,1
Angus,Employment Rate,Raw data,2016/17,75,Employment Rate,2
Argyll and Bute,Employment Rate,Raw data,2016/17,76.89999999999999,Employment Rate,2
Clackmannanshire,Employment Rate,Raw data,2016/17,69.06666666666666,Employment Rate,3
Dumfries and Galloway,Employment Rate,Raw data,2016/17,74.23333333333333,Employment Rate,3
Dundee City,Employment Rate,Raw data,2016/17,64.76666666666667,Employment Rate,4
East Ayrshire,Employment Rate,Raw data,2016/17,68.06666666666666,Employment Rate,4
East Dunbartonshire,Employment Rate,Raw data,2016/17,74.53333333333332,Employment Rate,1
East Lothian,Employment Rate,Raw data,2016/17,74.76666666666667,Employment Rate,2
East Renfrewshire,Employment Rate,Raw data,2016/17,75.36666666666667,Employment Rate,1
"Edinburgh, City of",Employment Rate,Raw data,2016/17,72.83333333333333,Employment Rate,1
Eilean Siar,Employment Rate,Raw data,2016/17,76.39999999999999,Employment Rate,4
Falkirk,Employment Rate,Raw data,2016/17,74.83333333333333,Employment Rate,3
Fife,Employment Rate,Raw data,2016/17,73.16666666666667,Employment Rate,3
Glasgow City,Employment Rate,Raw data,2016/17,66.10000000000001,Employment Rate,4
Highland,Employment Rate,Raw data,2016/17,79.13333333333333,Employment Rate,2
Inverclyde,Employment Rate,Raw data,2016/17,69.7,Employment Rate,4
Midlothian,Employment Rate,Raw data,2016/17,75.46666666666667,Employment Rate,2
Moray,Employment Rate,Raw data,2016/17,74.56666666666666,Employment Rate,2
North Ayrshire,Employment Rate,Raw data,2016/17,65.76666666666667,Employment Rate,4
North Lanarkshire,Employment Rate,Raw data,2016/17,72.39999999999999,Employment Rate,4
Orkney Islands,Employment Rate,Raw data,2016/17,87.23333333333333,Employment Rate,1
Perth and Kinross,Employment Rate,Raw data,2016/17,77.63333333333333,Employment Rate,1
Renfrewshire,Employment Rate,Raw data,2016/17,74.10000000000001,Employment Rate,3
Scotland,Employment Rate,Raw data,2016/17,73.06666666666668,Employment Rate,NA
Scottish Borders,Employment Rate,Raw data,2016/17,75.86666666666666,Employment Rate,2
Shetland Islands,Employment Rate,Raw data,2016/17,84.76666666666667,Employment Rate,1
South Ayrshire,Employment Rate,Raw data,2016/17,72.10000000000001,Employment Rate,3
South Lanarkshire,Employment Rate,Raw data,2016/17,75.33333333333333,Employment Rate,3
Stirling,Employment Rate,Raw data,2016/17,73.33333333333333,Employment Rate,2
West Dunbartonshire,Employment Rate,Raw data,2016/17,70.03333333333333,Employment Rate,4
West Lothian,Employment Rate,Raw data,2016/17,75.2,Employment Rate,3
Aberdeen City,Employment Rate,Raw data,2017/18,74.86666666666666,Employment Rate,1
Aberdeenshire,Employment Rate,Raw data,2017/18,79.83333333333333,Employment Rate,1
Angus,Employment Rate,Raw data,2017/18,75.96666666666665,Employment Rate,2
Argyll and Bute,Employment Rate,Raw data,2017/18,77.03333333333335,Employment Rate,2
Clackmannanshire,Employment Rate,Raw data,2017/18,70.73333333333333,Employment Rate,3
Dumfries and Galloway,Employment Rate,Raw data,2017/18,75.5,Employment Rate,3
Dundee City,Employment Rate,Raw data,2017/18,64.3,Employment Rate,4
East Ayrshire,Employment Rate,Raw data,2017/18,68.93333333333334,Employment Rate,4
East Dunbartonshire,Employment Rate,Raw data,2017/18,75.93333333333334,Employment Rate,1
East Lothian,Employment Rate,Raw data,2017/18,75.9,Employment Rate,2
East Renfrewshire,Employment Rate,Raw data,2017/18,75.8,Employment Rate,1
"Edinburgh, City of",Employment Rate,Raw data,2017/18,73.53333333333333,Employment Rate,1
Eilean Siar,Employment Rate,Raw data,2017/18,78.83333333333333,Employment Rate,4
Falkirk,Employment Rate,Raw data,2017/18,76.03333333333333,Employment Rate,3
Fife,Employment Rate,Raw data,2017/18,73.66666666666667,Employment Rate,3
Glasgow City,Employment Rate,Raw data,2017/18,66.36666666666666,Employment Rate,4
Highland,Employment Rate,Raw data,2017/18,80.06666666666666,Employment Rate,2
Inverclyde,Employment Rate,Raw data,2017/18,70.06666666666666,Employment Rate,4
Midlothian,Employment Rate,Raw data,2017/18,77.23333333333333,Employment Rate,2
Moray,Employment Rate,Raw data,2017/18,73.93333333333334,Employment Rate,2
North Ayrshire,Employment Rate,Raw data,2017/18,66.50000000000001,Employment Rate,4
North Lanarkshire,Employment Rate,Raw data,2017/18,73.6,Employment Rate,4
Orkney Islands,Employment Rate,Raw data,2017/18,87.60000000000001,Employment Rate,1
Perth and Kinross,Employment Rate,Raw data,2017/18,77.16666666666667,Employment Rate,1
Renfrewshire,Employment Rate,Raw data,2017/18,75.73333333333333,Employment Rate,3
Scotland,Employment Rate,Raw data,2017/18,73.53333333333335,Employment Rate,NA
Scottish Borders,Employment Rate,Raw data,2017/18,74.93333333333334,Employment Rate,2
Shetland Islands,Employment Rate,Raw data,2017/18,85.5,Employment Rate,1
South Ayrshire,Employment Rate,Raw data,2017/18,72.06666666666666,Employment Rate,3
South Lanarkshire,Employment Rate,Raw data,2017/18,75,Employment Rate,3
Stirling,Employment Rate,Raw data,2017/18,72.63333333333334,Employment Rate,2
West Dunbartonshire,Employment Rate,Raw data,2017/18,71.93333333333332,Employment Rate,4
West Lothian,Employment Rate,Raw data,2017/18,75.3,Employment Rate,3
Aberdeen City,Employment Rate,Raw data,2018/19,74.5,Employment Rate,1
Aberdeenshire,Employment Rate,Raw data,2018/19,80.10000000000001,Employment Rate,1
Angus,Employment Rate,Raw data,2018/19,76.30000000000001,Employment Rate,2
Argyll and Bute,Employment Rate,Raw data,2018/19,76.5,Employment Rate,2
Clackmannanshire,Employment Rate,Raw data,2018/19,71.93333333333334,Employment Rate,3
Dumfries and Galloway,Employment Rate,Raw data,2018/19,74.33333333333333,Employment Rate,3
Dundee City,Employment Rate,Raw data,2018/19,65.3,Employment Rate,4
East Ayrshire,Employment Rate,Raw data,2018/19,69.73333333333333,Employment Rate,4
East Dunbartonshire,Employment Rate,Raw data,2018/19,76.8,Employment Rate,1
East Lothian,Employment Rate,Raw data,2018/19,77.3,Employment Rate,2
East Renfrewshire,Employment Rate,Raw data,2018/19,75.13333333333334,Employment Rate,1
"Edinburgh, City of",Employment Rate,Raw data,2018/19,75.33333333333333,Employment Rate,1
Eilean Siar,Employment Rate,Raw data,2018/19,80.10000000000001,Employment Rate,4
Falkirk,Employment Rate,Raw data,2018/19,76.06666666666668,Employment Rate,3
Fife,Employment Rate,Raw data,2018/19,74,Employment Rate,3
Glasgow City,Employment Rate,Raw data,2018/19,66.53333333333335,Employment Rate,4
Highland,Employment Rate,Raw data,2018/19,80.26666666666667,Employment Rate,2
Inverclyde,Employment Rate,Raw data,2018/19,71.93333333333334,Employment Rate,4
Midlothian,Employment Rate,Raw data,2018/19,79.23333333333333,Employment Rate,2
Moray,Employment Rate,Raw data,2018/19,74.00000000000001,Employment Rate,2
North Ayrshire,Employment Rate,Raw data,2018/19,68.50000000000001,Employment Rate,4
North Lanarkshire,Employment Rate,Raw data,2018/19,74.7,Employment Rate,4
Orkney Islands,Employment Rate,Raw data,2018/19,88.66666666666667,Employment Rate,1
Perth and Kinross,Employment Rate,Raw data,2018/19,78.06666666666668,Employment Rate,1
Renfrewshire,Employment Rate,Raw data,2018/19,76.23333333333333,Employment Rate,3
Scotland,Employment Rate,Raw data,2018/19,74.06666666666666,Employment Rate,NA
Scottish Borders,Employment Rate,Raw data,2018/19,74.56666666666666,Employment Rate,2
Shetland Islands,Employment Rate,Raw data,2018/19,83.76666666666667,Employment Rate,1
South Ayrshire,Employment Rate,Raw data,2018/19,71.5,Employment Rate,3
South Lanarkshire,Employment Rate,Raw data,2018/19,75.13333333333333,Employment Rate,3
Stirling,Employment Rate,Raw data,2018/19,73.36666666666666,Employment Rate,2
West Dunbartonshire,Employment Rate,Raw data,2018/19,72.23333333333333,Employment Rate,4
West Lothian,Employment Rate,Raw data,2018/19,76.43333333333334,Employment Rate,3
Aberdeen City,Employment Rate,Raw data,2019/20,76.46666666666668,Employment Rate,1
Aberdeenshire,Employment Rate,Raw data,2019/20,81.06666666666668,Employment Rate,1
Angus,Employment Rate,Raw data,2019/20,76.33333333333333,Employment Rate,2
Argyll and Bute,Employment Rate,Raw data,2019/20,75.60000000000001,Employment Rate,2
Clackmannanshire,Employment Rate,Raw data,2019/20,73.16666666666667,Employment Rate,3
Dumfries and Galloway,Employment Rate,Raw data,2019/20,74.36666666666666,Employment Rate,3
Dundee City,Employment Rate,Raw data,2019/20,67.19999999999999,Employment Rate,4
East Ayrshire,Employment Rate,Raw data,2019/20,71.5,Employment Rate,4
East Dunbartonshire,Employment Rate,Raw data,2019/20,76.89999999999999,Employment Rate,1
East Lothian,Employment Rate,Raw data,2019/20,79.03333333333333,Employment Rate,2
East Renfrewshire,Employment Rate,Raw data,2019/20,74.63333333333334,Employment Rate,1
"Edinburgh, City of",Employment Rate,Raw data,2019/20,76.1,Employment Rate,1
Eilean Siar,Employment Rate,Raw data,2019/20,81.60000000000001,Employment Rate,4
Falkirk,Employment Rate,Raw data,2019/20,75.03333333333335,Employment Rate,3
Fife,Employment Rate,Raw data,2019/20,73.3,Employment Rate,3
Glasgow City,Employment Rate,Raw data,2019/20,66.06666666666668,Employment Rate,4
Highland,Employment Rate,Raw data,2019/20,80.26666666666667,Employment Rate,2
Inverclyde,Employment Rate,Raw data,2019/20,71.10000000000001,Employment Rate,4
Midlothian,Employment Rate,Raw data,2019/20,80.30000000000001,Employment Rate,2
Moray,Employment Rate,Raw data,2019/20,74.93333333333334,Employment Rate,2
North Ayrshire,Employment Rate,Raw data,2019/20,70.26666666666667,Employment Rate,4
North Lanarkshire,Employment Rate,Raw data,2019/20,74.39999999999999,Employment Rate,4
Orkney Islands,Employment Rate,Raw data,2019/20,88.60000000000001,Employment Rate,1
Perth and Kinross,Employment Rate,Raw data,2019/20,79.23333333333333,Employment Rate,1
Renfrewshire,Employment Rate,Raw data,2019/20,76.66666666666667,Employment Rate,3
Scotland,Employment Rate,Raw data,2019/20,74.43333333333334,Employment Rate,NA
Scottish Borders,Employment Rate,Raw data,2019/20,74.83333333333333,Employment Rate,2
Shetland Islands,Employment Rate,Raw data,2019/20,80.4,Employment Rate,1
South Ayrshire,Employment Rate,Raw data,2019/20,72.53333333333333,Employment Rate,3
South Lanarkshire,Employment Rate,Raw data,2019/20,75.86666666666666,Employment Rate,3
Stirling,Employment Rate,Raw data,2019/20,72.56666666666668,Employment Rate,2
West Dunbartonshire,Employment Rate,Raw data,2019/20,72.43333333333334,Employment Rate,4
West Lothian,Employment Rate,Raw data,2019/20,77.36666666666666,Employment Rate,3
Aberdeen City,Employment Rate,Raw data,2020/21,75.96666666666667,Employment Rate,1
Aberdeenshire,Employment Rate,Raw data,2020/21,79.43333333333334,Employment Rate,1
Angus,Employment Rate,Raw data,2020/21,75.16666666666667,Employment Rate,2
Argyll and Bute,Employment Rate,Raw data,2020/21,75.06666666666668,Employment Rate,2
Clackmannanshire,Employment Rate,Raw data,2020/21,73.06666666666666,Employment Rate,3
Dumfries and Galloway,Employment Rate,Raw data,2020/21,71.2,Employment Rate,3
Dundee City,Employment Rate,Raw data,2020/21,69.63333333333334,Employment Rate,4
East Ayrshire,Employment Rate,Raw data,2020/21,72.13333333333333,Employment Rate,4
East Dunbartonshire,Employment Rate,Raw data,2020/21,76.39999999999999,Employment Rate,1
East Lothian,Employment Rate,Raw data,2020/21,77.93333333333334,Employment Rate,2
East Renfrewshire,Employment Rate,Raw data,2020/21,73.53333333333333,Employment Rate,1
"Edinburgh, City of",Employment Rate,Raw data,2020/21,76.16666666666667,Employment Rate,1
Eilean Siar,Employment Rate,Raw data,2020/21,81.36666666666667,Employment Rate,4
Falkirk,Employment Rate,Raw data,2020/21,74.93333333333334,Employment Rate,3
Fife,Employment Rate,Raw data,2020/21,72.36666666666666,Employment Rate,3
Glasgow City,Employment Rate,Raw data,2020/21,67.26666666666667,Employment Rate,4
Highland,Employment Rate,Raw data,2020/21,78.76666666666667,Employment Rate,2
Inverclyde,Employment Rate,Raw data,2020/21,71.03333333333335,Employment Rate,4
Midlothian,Employment Rate,Raw data,2020/21,78.6,Employment Rate,2
Moray,Employment Rate,Raw data,2020/21,74.5,Employment Rate,2
North Ayrshire,Employment Rate,Raw data,2020/21,68.93333333333334,Employment Rate,4
North Lanarkshire,Employment Rate,Raw data,2020/21,71.86666666666667,Employment Rate,4
Orkney Islands,Employment Rate,Raw data,2020/21,86.5,Employment Rate,1
Perth and Kinross,Employment Rate,Raw data,2020/21,78.16666666666667,Employment Rate,1
Renfrewshire,Employment Rate,Raw data,2020/21,75.89999999999999,Employment Rate,3
Scotland,Employment Rate,Raw data,2020/21,73.93333333333334,Employment Rate,NA
Scottish Borders,Employment Rate,Raw data,2020/21,74.86666666666666,Employment Rate,2
Shetland Islands,Employment Rate,Raw data,2020/21,76.46666666666667,Employment Rate,1
South Ayrshire,Employment Rate,Raw data,2020/21,71.69999999999999,Employment Rate,3
South Lanarkshire,Employment Rate,Raw data,2020/21,76.5,Employment Rate,3
Stirling,Employment Rate,Raw data,2020/21,73.26666666666667,Employment Rate,2
West Dunbartonshire,Employment Rate,Raw data,2020/21,71.86666666666666,Employment Rate,4
West Lothian,Employment Rate,Raw data,2020/21,75.73333333333333,Employment Rate,3
Aberdeen City,Employment Rate,Raw data,2021/22,75.13333333333333,Employment Rate,1
Aberdeenshire,Employment Rate,Raw data,2021/22,77.63333333333334,Employment Rate,1
Angus,Employment Rate,Raw data,2021/22,73.96666666666665,Employment Rate,2
Argyll and Bute,Employment Rate,Raw data,2021/22,75.5,Employment Rate,2
Clackmannanshire,Employment Rate,Raw data,2021/22,71.86666666666666,Employment Rate,3
Dumfries and Galloway,Employment Rate,Raw data,2021/22,70.56666666666666,Employment Rate,3
Dundee City,Employment Rate,Raw data,2021/22,70.83333333333333,Employment Rate,4
East Ayrshire,Employment Rate,Raw data,2021/22,73,Employment Rate,4
East Dunbartonshire,Employment Rate,Raw data,2021/22,75.06666666666666,Employment Rate,1
East Lothian,Employment Rate,Raw data,2021/22,78.26666666666667,Employment Rate,2
East Renfrewshire,Employment Rate,Raw data,2021/22,72.83333333333333,Employment Rate,1
"Edinburgh, City of",Employment Rate,Raw data,2021/22,76.26666666666667,Employment Rate,1
Eilean Siar,Employment Rate,Raw data,2021/22,80.8,Employment Rate,4
Falkirk,Employment Rate,Raw data,2021/22,75.39999999999999,Employment Rate,3
Fife,Employment Rate,Raw data,2021/22,70.8,Employment Rate,3
Glasgow City,Employment Rate,Raw data,2021/22,69.26666666666667,Employment Rate,4
Highland,Employment Rate,Raw data,2021/22,75.53333333333333,Employment Rate,2
Inverclyde,Employment Rate,Raw data,2021/22,71.23333333333333,Employment Rate,4
Midlothian,Employment Rate,Raw data,2021/22,80.43333333333332,Employment Rate,2
Moray,Employment Rate,Raw data,2021/22,74.23333333333333,Employment Rate,2
North Ayrshire,Employment Rate,Raw data,2021/22,67.89999999999999,Employment Rate,4
North Lanarkshire,Employment Rate,Raw data,2021/22,70.06666666666666,Employment Rate,4
Orkney Islands,Employment Rate,Raw data,2021/22,80.66666666666667,Employment Rate,1
Perth and Kinross,Employment Rate,Raw data,2021/22,77.76666666666667,Employment Rate,1
Renfrewshire,Employment Rate,Raw data,2021/22,76.16666666666667,Employment Rate,3
Scotland,Employment Rate,Raw data,2021/22,73.7,Employment Rate,NA
Scottish Borders,Employment Rate,Raw data,2021/22,74.03333333333332,Employment Rate,2
Shetland Islands,Employment Rate,Raw data,2021/22,74.89999999999999,Employment Rate,1
South Ayrshire,Employment Rate,Raw data,2021/22,71.53333333333335,Employment Rate,3
South Lanarkshire,Employment Rate,Raw data,2021/22,77.26666666666667,Employment Rate,3
Stirling,Employment Rate,Raw data,2021/22,73.7,Employment Rate,2
West Dunbartonshire,Employment Rate,Raw data,2021/22,72.10000000000001,Employment Rate,4
West Lothian,Employment Rate,Raw data,2021/22,75.26666666666667,Employment Rate,3
Aberdeen City,Employment Rate,Raw data,2022/23,72.83333333333334,Employment Rate,1
Aberdeenshire,Employment Rate,Raw data,2022/23,77.73333333333333,Employment Rate,1
Angus,Employment Rate,Raw data,2022/23,73.26666666666667,Employment Rate,2
Argyll and Bute,Employment Rate,Raw data,2022/23,74.83333333333333,Employment Rate,2
Clackmannanshire,Employment Rate,Raw data,2022/23,69.7,Employment Rate,3
Dumfries and Galloway,Employment Rate,Raw data,2022/23,67.73333333333333,Employment Rate,3
Dundee City,Employment Rate,Raw data,2022/23,69.4,Employment Rate,4
East Ayrshire,Employment Rate,Raw data,2022/23,73.2,Employment Rate,4
East Dunbartonshire,Employment Rate,Raw data,2022/23,74.63333333333333,Employment Rate,1
East Lothian,Employment Rate,Raw data,2022/23,76.93333333333332,Employment Rate,2
East Renfrewshire,Employment Rate,Raw data,2022/23,73.86666666666666,Employment Rate,1
"Edinburgh, City of",Employment Rate,Raw data,2022/23,78.1,Employment Rate,1
Eilean Siar,Employment Rate,Raw data,2022/23,81.46666666666667,Employment Rate,4
Falkirk,Employment Rate,Raw data,2022/23,75.96666666666667,Employment Rate,3
Fife,Employment Rate,Raw data,2022/23,71.63333333333334,Employment Rate,3
Glasgow City,Employment Rate,Raw data,2022/23,71.26666666666667,Employment Rate,4
Highland,Employment Rate,Raw data,2022/23,73.53333333333335,Employment Rate,2
Inverclyde,Employment Rate,Raw data,2022/23,73.33333333333333,Employment Rate,4
Midlothian,Employment Rate,Raw data,2022/23,79.53333333333333,Employment Rate,2
Moray,Employment Rate,Raw data,2022/23,73.93333333333332,Employment Rate,2
North Ayrshire,Employment Rate,Raw data,2022/23,68.33333333333333,Employment Rate,4
North Lanarkshire,Employment Rate,Raw data,2022/23,68.8,Employment Rate,4
Orkney Islands,Employment Rate,Raw data,2022/23,80.96666666666665,Employment Rate,1
Perth and Kinross,Employment Rate,Raw data,2022/23,76.43333333333334,Employment Rate,1
Renfrewshire,Employment Rate,Raw data,2022/23,74.53333333333333,Employment Rate,3
Scotland,Employment Rate,Raw data,2022/23,73.76666666666667,Employment Rate,NA
Scottish Borders,Employment Rate,Raw data,2022/23,75.10000000000001,Employment Rate,2
Shetland Islands,Employment Rate,Raw data,2022/23,77.00000000000001,Employment Rate,1
South Ayrshire,Employment Rate,Raw data,2022/23,68.33333333333333,Employment Rate,3
South Lanarkshire,Employment Rate,Raw data,2022/23,78.26666666666667,Employment Rate,3
Stirling,Employment Rate,Raw data,2022/23,75.6,Employment Rate,2
West Dunbartonshire,Employment Rate,Raw data,2022/23,72.93333333333334,Employment Rate,4
West Lothian,Employment Rate,Raw data,2022/23,74.7,Employment Rate,3
Aberdeen City,Employment Rate,Raw data,2023/24,73.76666666666667,Employment Rate,1
Aberdeenshire,Employment Rate,Raw data,2023/24,80.1,Employment Rate,1
Angus,Employment Rate,Raw data,2023/24,72.96666666666668,Employment Rate,2
Argyll and Bute,Employment Rate,Raw data,2023/24,74.10000000000001,Employment Rate,2
Clackmannanshire,Employment Rate,Raw data,2023/24,68.23333333333333,Employment Rate,3
Dumfries and Galloway,Employment Rate,Raw data,2023/24,69.63333333333333,Employment Rate,3
Dundee City,Employment Rate,Raw data,2023/24,67.50000000000001,Employment Rate,4
East Ayrshire,Employment Rate,Raw data,2023/24,73.2,Employment Rate,4
East Dunbartonshire,Employment Rate,Raw data,2023/24,74.63333333333334,Employment Rate,1
East Lothian,Employment Rate,Raw data,2023/24,77.3,Employment Rate,2
East Renfrewshire,Employment Rate,Raw data,2023/24,75.66666666666667,Employment Rate,1
"Edinburgh, City of",Employment Rate,Raw data,2023/24,79.60000000000001,Employment Rate,1
Eilean Siar,Employment Rate,Raw data,2023/24,81.16666666666667,Employment Rate,4
Falkirk,Employment Rate,Raw data,2023/24,74.63333333333333,Employment Rate,3
Fife,Employment Rate,Raw data,2023/24,72.93333333333332,Employment Rate,3
Glasgow City,Employment Rate,Raw data,2023/24,71.16666666666667,Employment Rate,4
Highland,Employment Rate,Raw data,2023/24,73.56666666666668,Employment Rate,2
Inverclyde,Employment Rate,Raw data,2023/24,71.76666666666667,Employment Rate,4
Midlothian,Employment Rate,Raw data,2023/24,82.43333333333334,Employment Rate,2
Moray,Employment Rate,Raw data,2023/24,74.8,Employment Rate,2
North Ayrshire,Employment Rate,Raw data,2023/24,68.63333333333333,Employment Rate,4
North Lanarkshire,Employment Rate,Raw data,2023/24,69.60000000000001,Employment Rate,4
Orkney Islands,Employment Rate,Raw data,2023/24,81.56666666666666,Employment Rate,1
Perth and Kinross,Employment Rate,Raw data,2023/24,77.23333333333333,Employment Rate,1
Renfrewshire,Employment Rate,Raw data,2023/24,74.26666666666667,Employment Rate,3
Scotland,Employment Rate,Raw data,2023/24,74.23333333333333,Employment Rate,NA
Scottish Borders,Employment Rate,Raw data,2023/24,74.46666666666665,Employment Rate,2
Shetland Islands,Employment Rate,Raw data,2023/24,81.53333333333335,Employment Rate,1
South Ayrshire,Employment Rate,Raw data,2023/24,65.93333333333334,Employment Rate,3
South Lanarkshire,Employment Rate,Raw data,2023/24,78.76666666666667,Employment Rate,3
Stirling,Employment Rate,Raw data,2023/24,76.39999999999999,Employment Rate,2
West Dunbartonshire,Employment Rate,Raw data,2023/24,73.03333333333335,Employment Rate,4
West Lothian,Employment Rate,Raw data,2023/24,74.7,Employment Rate,3
Aberdeen City,Median Earnings,Raw data,2012/13,427.3666666666666,Median Earnings,1
Aberdeenshire,Median Earnings,Raw data,2012/13,419.1,Median Earnings,1
Angus,Median Earnings,Raw data,2012/13,382.8,Median Earnings,2
Argyll and Bute,Median Earnings,Raw data,2012/13,360.23333333333335,Median Earnings,2
Clackmannanshire,Median Earnings,Raw data,2012/13,387.6333333333334,Median Earnings,3
Dumfries and Galloway,Median Earnings,Raw data,2012/13,341.1333333333333,Median Earnings,3
Dundee City,Median Earnings,Raw data,2012/13,363.26666666666665,Median Earnings,4
East Ayrshire,Median Earnings,Raw data,2012/13,382.8666666666666,Median Earnings,4
East Dunbartonshire,Median Earnings,Raw data,2012/13,471.7,Median Earnings,1
East Lothian,Median Earnings,Raw data,2012/13,416.5333333333333,Median Earnings,2
East Renfrewshire,Median Earnings,Raw data,2012/13,491.93333333333334,Median Earnings,1
"Edinburgh, City of",Median Earnings,Raw data,2012/13,441.9666666666667,Median Earnings,1
Eilean Siar,Median Earnings,Raw data,2012/13,355.6333333333334,Median Earnings,4
Falkirk,Median Earnings,Raw data,2012/13,414.5,Median Earnings,3
Fife,Median Earnings,Raw data,2012/13,388.3,Median Earnings,3
Glasgow City,Median Earnings,Raw data,2012/13,388.6000000000001,Median Earnings,4
Highland,Median Earnings,Raw data,2012/13,378.5333333333333,Median Earnings,2
Inverclyde,Median Earnings,Raw data,2012/13,356.59999999999997,Median Earnings,4
Midlothian,Median Earnings,Raw data,2012/13,377.76666666666665,Median Earnings,2
Moray,Median Earnings,Raw data,2012/13,336.06666666666666,Median Earnings,2
North Ayrshire,Median Earnings,Raw data,2012/13,385.73333333333335,Median Earnings,4
North Lanarkshire,Median Earnings,Raw data,2012/13,394.6666666666667,Median Earnings,4
Orkney Islands,Median Earnings,Raw data,2012/13,329.59999999999997,Median Earnings,1
Perth and Kinross,Median Earnings,Raw data,2012/13,377.76666666666665,Median Earnings,1
Renfrewshire,Median Earnings,Raw data,2012/13,415.3,Median Earnings,3
Scotland,Median Earnings,Raw data,2012/13,399.2999999999999,Median Earnings,NA
Scottish Borders,Median Earnings,Raw data,2012/13,364.3666666666666,Median Earnings,2
Shetland Islands,Median Earnings,Raw data,2012/13,455.5333333333333,Median Earnings,1
South Ayrshire,Median Earnings,Raw data,2012/13,425,Median Earnings,3
South Lanarkshire,Median Earnings,Raw data,2012/13,419.8666666666666,Median Earnings,3
Stirling,Median Earnings,Raw data,2012/13,418.7666666666667,Median Earnings,2
West Dunbartonshire,Median Earnings,Raw data,2012/13,371.0666666666666,Median Earnings,4
West Lothian,Median Earnings,Raw data,2012/13,406.1333333333334,Median Earnings,3
Aberdeen City,Median Earnings,Raw data,2013/14,443.5333333333333,Median Earnings,1
Aberdeenshire,Median Earnings,Raw data,2013/14,424,Median Earnings,1
Angus,Median Earnings,Raw data,2013/14,385.93333333333334,Median Earnings,2
Argyll and Bute,Median Earnings,Raw data,2013/14,356.8666666666666,Median Earnings,2
Clackmannanshire,Median Earnings,Raw data,2013/14,382.6666666666667,Median Earnings,3
Dumfries and Galloway,Median Earnings,Raw data,2013/14,350.5333333333333,Median Earnings,3
Dundee City,Median Earnings,Raw data,2013/14,374.8,Median Earnings,4
East Ayrshire,Median Earnings,Raw data,2013/14,384.8333333333333,Median Earnings,4
East Dunbartonshire,Median Earnings,Raw data,2013/14,477.3666666666666,Median Earnings,1
East Lothian,Median Earnings,Raw data,2013/14,419.9,Median Earnings,2
East Renfrewshire,Median Earnings,Raw data,2013/14,510.7333333333333,Median Earnings,1
"Edinburgh, City of",Median Earnings,Raw data,2013/14,445.1000000000001,Median Earnings,1
Eilean Siar,Median Earnings,Raw data,2013/14,372.06666666666666,Median Earnings,4
Falkirk,Median Earnings,Raw data,2013/14,422.9,Median Earnings,3
Fife,Median Earnings,Raw data,2013/14,398.8666666666666,Median Earnings,3
Glasgow City,Median Earnings,Raw data,2013/14,392.76666666666665,Median Earnings,4
Highland,Median Earnings,Raw data,2013/14,384.4333333333334,Median Earnings,2
Inverclyde,Median Earnings,Raw data,2013/14,359.90000000000003,Median Earnings,4
Midlothian,Median Earnings,Raw data,2013/14,377.76666666666665,Median Earnings,2
Moray,Median Earnings,Raw data,2013/14,335.6666666666667,Median Earnings,2
North Ayrshire,Median Earnings,Raw data,2013/14,396.73333333333335,Median Earnings,4
North Lanarkshire,Median Earnings,Raw data,2013/14,400.43333333333334,Median Earnings,4
Orkney Islands,Median Earnings,Raw data,2013/14,332.93333333333334,Median Earnings,1
Perth and Kinross,Median Earnings,Raw data,2013/14,385.0333333333333,Median Earnings,1
Renfrewshire,Median Earnings,Raw data,2013/14,424.26666666666665,Median Earnings,3
Scotland,Median Earnings,Raw data,2013/14,406.3,Median Earnings,NA
Scottish Borders,Median Earnings,Raw data,2013/14,378.8333333333333,Median Earnings,2
Shetland Islands,Median Earnings,Raw data,2013/14,452.56666666666666,Median Earnings,1
South Ayrshire,Median Earnings,Raw data,2013/14,428.7,Median Earnings,3
South Lanarkshire,Median Earnings,Raw data,2013/14,423.9666666666667,Median Earnings,3
Stirling,Median Earnings,Raw data,2013/14,424.9,Median Earnings,2
West Dunbartonshire,Median Earnings,Raw data,2013/14,380.9666666666667,Median Earnings,4
West Lothian,Median Earnings,Raw data,2013/14,413.8333333333333,Median Earnings,3
Aberdeen City,Median Earnings,Raw data,2014/15,459.9666666666667,Median Earnings,1
Aberdeenshire,Median Earnings,Raw data,2014/15,430.7,Median Earnings,1
Angus,Median Earnings,Raw data,2014/15,388.6,Median Earnings,2
Argyll and Bute,Median Earnings,Raw data,2014/15,388,Median Earnings,2
Clackmannanshire,Median Earnings,Raw data,2014/15,398.2000000000001,Median Earnings,3
Dumfries and Galloway,Median Earnings,Raw data,2014/15,360.93333333333334,Median Earnings,3
Dundee City,Median Earnings,Raw data,2014/15,380.56666666666666,Median Earnings,4
East Ayrshire,Median Earnings,Raw data,2014/15,393.3333333333333,Median Earnings,4
East Dunbartonshire,Median Earnings,Raw data,2014/15,477.6666666666667,Median Earnings,1
East Lothian,Median Earnings,Raw data,2014/15,425.7666666666667,Median Earnings,2
East Renfrewshire,Median Earnings,Raw data,2014/15,533.5333333333333,Median Earnings,1
"Edinburgh, City of",Median Earnings,Raw data,2014/15,450.26666666666665,Median Earnings,1
Eilean Siar,Median Earnings,Raw data,2014/15,392.6000000000001,Median Earnings,4
Falkirk,Median Earnings,Raw data,2014/15,432.6666666666667,Median Earnings,3
Fife,Median Earnings,Raw data,2014/15,410.23333333333335,Median Earnings,3
Glasgow City,Median Earnings,Raw data,2014/15,401.4666666666667,Median Earnings,4
Highland,Median Earnings,Raw data,2014/15,386.4333333333334,Median Earnings,2
Inverclyde,Median Earnings,Raw data,2014/15,374.23333333333335,Median Earnings,4
Midlothian,Median Earnings,Raw data,2014/15,394.5333333333333,Median Earnings,2
Moray,Median Earnings,Raw data,2014/15,343.9666666666667,Median Earnings,2
North Ayrshire,Median Earnings,Raw data,2014/15,404.06666666666666,Median Earnings,4
North Lanarkshire,Median Earnings,Raw data,2014/15,407.1333333333334,Median Earnings,4
Orkney Islands,Median Earnings,Raw data,2014/15,340.5333333333333,Median Earnings,1
Perth and Kinross,Median Earnings,Raw data,2014/15,396.6333333333334,Median Earnings,1
Renfrewshire,Median Earnings,Raw data,2014/15,428.6,Median Earnings,3
Scotland,Median Earnings,Raw data,2014/15,415.5333333333333,Median Earnings,NA
Scottish Borders,Median Earnings,Raw data,2014/15,403.93333333333334,Median Earnings,2
Shetland Islands,Median Earnings,Raw data,2014/15,449.43333333333334,Median Earnings,1
South Ayrshire,Median Earnings,Raw data,2014/15,432.1666666666667,Median Earnings,3
South Lanarkshire,Median Earnings,Raw data,2014/15,431.93333333333334,Median Earnings,3
Stirling,Median Earnings,Raw data,2014/15,428.86666666666673,Median Earnings,2
West Dunbartonshire,Median Earnings,Raw data,2014/15,385.8999999999999,Median Earnings,4
West Lothian,Median Earnings,Raw data,2014/15,418.5,Median Earnings,3
Aberdeen City,Median Earnings,Raw data,2015/16,466.3,Median Earnings,1
Aberdeenshire,Median Earnings,Raw data,2015/16,426.23333333333335,Median Earnings,1
Angus,Median Earnings,Raw data,2015/16,395.4666666666667,Median Earnings,2
Argyll and Bute,Median Earnings,Raw data,2015/16,400.8333333333333,Median Earnings,2
Clackmannanshire,Median Earnings,Raw data,2015/16,409.8666666666666,Median Earnings,3
Dumfries and Galloway,Median Earnings,Raw data,2015/16,365.4666666666667,Median Earnings,3
Dundee City,Median Earnings,Raw data,2015/16,389.6333333333334,Median Earnings,4
East Ayrshire,Median Earnings,Raw data,2015/16,404.9,Median Earnings,4
East Dunbartonshire,Median Earnings,Raw data,2015/16,488.1,Median Earnings,1
East Lothian,Median Earnings,Raw data,2015/16,425.73333333333335,Median Earnings,2
East Renfrewshire,Median Earnings,Raw data,2015/16,541.2666666666667,Median Earnings,1
"Edinburgh, City of",Median Earnings,Raw data,2015/16,457.6666666666667,Median Earnings,1
Eilean Siar,Median Earnings,Raw data,2015/16,403.9,Median Earnings,4
Falkirk,Median Earnings,Raw data,2015/16,443.23333333333335,Median Earnings,3
Fife,Median Earnings,Raw data,2015/16,417.1000000000001,Median Earnings,3
Glasgow City,Median Earnings,Raw data,2015/16,410.4666666666667,Median Earnings,4
Highland,Median Earnings,Raw data,2015/16,398.5333333333333,Median Earnings,2
Inverclyde,Median Earnings,Raw data,2015/16,389.3666666666666,Median Earnings,4
Midlothian,Median Earnings,Raw data,2015/16,407.9,Median Earnings,2
Moray,Median Earnings,Raw data,2015/16,352.2,Median Earnings,2
North Ayrshire,Median Earnings,Raw data,2015/16,414.3,Median Earnings,4
North Lanarkshire,Median Earnings,Raw data,2015/16,417.26666666666665,Median Earnings,4
Orkney Islands,Median Earnings,Raw data,2015/16,360.9666666666667,Median Earnings,1
Perth and Kinross,Median Earnings,Raw data,2015/16,412.56666666666666,Median Earnings,1
Renfrewshire,Median Earnings,Raw data,2015/16,437.3333333333333,Median Earnings,3
Scotland,Median Earnings,Raw data,2015/16,423.5,Median Earnings,NA
Scottish Borders,Median Earnings,Raw data,2015/16,402.4666666666667,Median Earnings,2
Shetland Islands,Median Earnings,Raw data,2015/16,462.4666666666667,Median Earnings,1
South Ayrshire,Median Earnings,Raw data,2015/16,430.1666666666667,Median Earnings,3
South Lanarkshire,Median Earnings,Raw data,2015/16,435.6333333333334,Median Earnings,3
Stirling,Median Earnings,Raw data,2015/16,439.06666666666666,Median Earnings,2
West Dunbartonshire,Median Earnings,Raw data,2015/16,394.3666666666666,Median Earnings,4
West Lothian,Median Earnings,Raw data,2015/16,423.1666666666667,Median Earnings,3
Aberdeen City,Median Earnings,Raw data,2016/17,458.06666666666666,Median Earnings,1
Aberdeenshire,Median Earnings,Raw data,2016/17,433.06666666666666,Median Earnings,1
Angus,Median Earnings,Raw data,2016/17,400.4666666666667,Median Earnings,2
Argyll and Bute,Median Earnings,Raw data,2016/17,412.3,Median Earnings,2
Clackmannanshire,Median Earnings,Raw data,2016/17,427.9666666666667,Median Earnings,3
Dumfries and Galloway,Median Earnings,Raw data,2016/17,366.56666666666666,Median Earnings,3
Dundee City,Median Earnings,Raw data,2016/17,396.2,Median Earnings,4
East Ayrshire,Median Earnings,Raw data,2016/17,423.9,Median Earnings,4
East Dunbartonshire,Median Earnings,Raw data,2016/17,503.4666666666667,Median Earnings,1
East Lothian,Median Earnings,Raw data,2016/17,435.73333333333335,Median Earnings,2
East Renfrewshire,Median Earnings,Raw data,2016/17,542.8000000000001,Median Earnings,1
"Edinburgh, City of",Median Earnings,Raw data,2016/17,469.4,Median Earnings,1
Eilean Siar,Median Earnings,Raw data,2016/17,418.8333333333333,Median Earnings,4
Falkirk,Median Earnings,Raw data,2016/17,450.2000000000001,Median Earnings,3
Fife,Median Earnings,Raw data,2016/17,425.43333333333334,Median Earnings,3
Glasgow City,Median Earnings,Raw data,2016/17,419.5666666666666,Median Earnings,4
Highland,Median Earnings,Raw data,2016/17,413.0333333333333,Median Earnings,2
Inverclyde,Median Earnings,Raw data,2016/17,400.5333333333333,Median Earnings,4
Midlothian,Median Earnings,Raw data,2016/17,429.86666666666673,Median Earnings,2
Moray,Median Earnings,Raw data,2016/17,360.8333333333333,Median Earnings,2
North Ayrshire,Median Earnings,Raw data,2016/17,423.5666666666666,Median Earnings,4
North Lanarkshire,Median Earnings,Raw data,2016/17,430.8333333333333,Median Earnings,4
Orkney Islands,Median Earnings,Raw data,2016/17,352.26666666666665,Median Earnings,1
Perth and Kinross,Median Earnings,Raw data,2016/17,421.6333333333334,Median Earnings,1
Renfrewshire,Median Earnings,Raw data,2016/17,442.5666666666666,Median Earnings,3
Scotland,Median Earnings,Raw data,2016/17,432.7333333333333,Median Earnings,NA
Scottish Borders,Median Earnings,Raw data,2016/17,410.93333333333334,Median Earnings,2
Shetland Islands,Median Earnings,Raw data,2016/17,478.9666666666667,Median Earnings,1
South Ayrshire,Median Earnings,Raw data,2016/17,440.93333333333334,Median Earnings,3
South Lanarkshire,Median Earnings,Raw data,2016/17,448.7666666666667,Median Earnings,3
Stirling,Median Earnings,Raw data,2016/17,461.3,Median Earnings,2
West Dunbartonshire,Median Earnings,Raw data,2016/17,407.9666666666667,Median Earnings,4
West Lothian,Median Earnings,Raw data,2016/17,434.4,Median Earnings,3
Aberdeen City,Median Earnings,Raw data,2017/18,453.9666666666667,Median Earnings,1
Aberdeenshire,Median Earnings,Raw data,2017/18,442.26666666666665,Median Earnings,1
Angus,Median Earnings,Raw data,2017/18,419.76666666666665,Median Earnings,2
Argyll and Bute,Median Earnings,Raw data,2017/18,395.8,Median Earnings,2
Clackmannanshire,Median Earnings,Raw data,2017/18,423.9,Median Earnings,3
Dumfries and Galloway,Median Earnings,Raw data,2017/18,381.23333333333335,Median Earnings,3
Dundee City,Median Earnings,Raw data,2017/18,413.7,Median Earnings,4
East Ayrshire,Median Earnings,Raw data,2017/18,436.0666666666666,Median Earnings,4
East Dunbartonshire,Median Earnings,Raw data,2017/18,536.1666666666666,Median Earnings,1
East Lothian,Median Earnings,Raw data,2017/18,444.8666666666666,Median Earnings,2
East Renfrewshire,Median Earnings,Raw data,2017/18,557.4,Median Earnings,1
"Edinburgh, City of",Median Earnings,Raw data,2017/18,474.9,Median Earnings,1
Eilean Siar,Median Earnings,Raw data,2017/18,415.4,Median Earnings,4
Falkirk,Median Earnings,Raw data,2017/18,457.7333333333333,Median Earnings,3
Fife,Median Earnings,Raw data,2017/18,438.4,Median Earnings,3
Glasgow City,Median Earnings,Raw data,2017/18,428.4666666666667,Median Earnings,4
Highland,Median Earnings,Raw data,2017/18,430.06666666666666,Median Earnings,2
Inverclyde,Median Earnings,Raw data,2017/18,405.3333333333333,Median Earnings,4
Midlothian,Median Earnings,Raw data,2017/18,444.93333333333334,Median Earnings,2
Moray,Median Earnings,Raw data,2017/18,365.3666666666666,Median Earnings,2
North Ayrshire,Median Earnings,Raw data,2017/18,440.43333333333334,Median Earnings,4
North Lanarkshire,Median Earnings,Raw data,2017/18,450.86666666666673,Median Earnings,4
Orkney Islands,Median Earnings,Raw data,2017/18,352,Median Earnings,1
Perth and Kinross,Median Earnings,Raw data,2017/18,426.0333333333333,Median Earnings,1
Renfrewshire,Median Earnings,Raw data,2017/18,452.93333333333334,Median Earnings,3
Scotland,Median Earnings,Raw data,2017/18,442.3999999999999,Median Earnings,NA
Scottish Borders,Median Earnings,Raw data,2017/18,410.4666666666667,Median Earnings,2
Shetland Islands,Median Earnings,Raw data,2017/18,479.9,Median Earnings,1
South Ayrshire,Median Earnings,Raw data,2017/18,447.2,Median Earnings,3
South Lanarkshire,Median Earnings,Raw data,2017/18,457.43333333333334,Median Earnings,3
Stirling,Median Earnings,Raw data,2017/18,475.2666666666667,Median Earnings,2
West Dunbartonshire,Median Earnings,Raw data,2017/18,425.8333333333333,Median Earnings,4
West Lothian,Median Earnings,Raw data,2017/18,443.6666666666667,Median Earnings,3
Aberdeen City,Median Earnings,Raw data,2018/19,469.3333333333333,Median Earnings,1
Aberdeenshire,Median Earnings,Raw data,2018/19,468.3666666666666,Median Earnings,1
Angus,Median Earnings,Raw data,2018/19,437.8333333333333,Median Earnings,2
Argyll and Bute,Median Earnings,Raw data,2018/19,396.3333333333333,Median Earnings,2
Clackmannanshire,Median Earnings,Raw data,2018/19,428.8333333333333,Median Earnings,3
Dumfries and Galloway,Median Earnings,Raw data,2018/19,387.6333333333334,Median Earnings,3
Dundee City,Median Earnings,Raw data,2018/19,425.43333333333334,Median Earnings,4
East Ayrshire,Median Earnings,Raw data,2018/19,455.7,Median Earnings,4
East Dunbartonshire,Median Earnings,Raw data,2018/19,552.1,Median Earnings,1
East Lothian,Median Earnings,Raw data,2018/19,472.2,Median Earnings,2
East Renfrewshire,Median Earnings,Raw data,2018/19,602.3333333333334,Median Earnings,1
"Edinburgh, City of",Median Earnings,Raw data,2018/19,484.4666666666667,Median Earnings,1
Eilean Siar,Median Earnings,Raw data,2018/19,440.5,Median Earnings,4
Falkirk,Median Earnings,Raw data,2018/19,462.6666666666667,Median Earnings,3
Fife,Median Earnings,Raw data,2018/19,447.06666666666666,Median Earnings,3
Glasgow City,Median Earnings,Raw data,2018/19,437.3333333333333,Median Earnings,4
Highland,Median Earnings,Raw data,2018/19,440.93333333333334,Median Earnings,2
Inverclyde,Median Earnings,Raw data,2018/19,401.93333333333334,Median Earnings,4
Midlothian,Median Earnings,Raw data,2018/19,462.4333333333334,Median Earnings,2
Moray,Median Earnings,Raw data,2018/19,380.0333333333333,Median Earnings,2
North Ayrshire,Median Earnings,Raw data,2018/19,453.2333333333333,Median Earnings,4
North Lanarkshire,Median Earnings,Raw data,2018/19,464.8,Median Earnings,4
Orkney Islands,Median Earnings,Raw data,2018/19,355,Median Earnings,1
Perth and Kinross,Median Earnings,Raw data,2018/19,441.9666666666667,Median Earnings,1
Renfrewshire,Median Earnings,Raw data,2018/19,461.26666666666665,Median Earnings,3
Scotland,Median Earnings,Raw data,2018/19,455.6,Median Earnings,NA
Scottish Borders,Median Earnings,Raw data,2018/19,431.6333333333334,Median Earnings,2
Shetland Islands,Median Earnings,Raw data,2018/19,480.6333333333334,Median Earnings,1
South Ayrshire,Median Earnings,Raw data,2018/19,473.26666666666665,Median Earnings,3
South Lanarkshire,Median Earnings,Raw data,2018/19,475.0333333333333,Median Earnings,3
Stirling,Median Earnings,Raw data,2018/19,498.3666666666666,Median Earnings,2
West Dunbartonshire,Median Earnings,Raw data,2018/19,427.7,Median Earnings,4
West Lothian,Median Earnings,Raw data,2018/19,461.93333333333334,Median Earnings,3
Aberdeen City,Median Earnings,Raw data,2019/20,481.8666666666666,Median Earnings,1
Aberdeenshire,Median Earnings,Raw data,2019/20,481.4,Median Earnings,1
Angus,Median Earnings,Raw data,2019/20,449,Median Earnings,2
Argyll and Bute,Median Earnings,Raw data,2019/20,410.43333333333334,Median Earnings,2
Clackmannanshire,Median Earnings,Raw data,2019/20,448.76666666666665,Median Earnings,3
Dumfries and Galloway,Median Earnings,Raw data,2019/20,399.23333333333335,Median Earnings,3
Dundee City,Median Earnings,Raw data,2019/20,448.26666666666665,Median Earnings,4
East Ayrshire,Median Earnings,Raw data,2019/20,468.3333333333333,Median Earnings,4
East Dunbartonshire,Median Earnings,Raw data,2019/20,569.8666666666667,Median Earnings,1
East Lothian,Median Earnings,Raw data,2019/20,487.8666666666666,Median Earnings,2
East Renfrewshire,Median Earnings,Raw data,2019/20,635.7333333333332,Median Earnings,1
"Edinburgh, City of",Median Earnings,Raw data,2019/20,504.7,Median Earnings,1
Eilean Siar,Median Earnings,Raw data,2019/20,442.1333333333334,Median Earnings,4
Falkirk,Median Earnings,Raw data,2019/20,475,Median Earnings,3
Fife,Median Earnings,Raw data,2019/20,464.56666666666666,Median Earnings,3
Glasgow City,Median Earnings,Raw data,2019/20,455.2,Median Earnings,4
Highland,Median Earnings,Raw data,2019/20,447.6000000000001,Median Earnings,2
Inverclyde,Median Earnings,Raw data,2019/20,396.2666666666667,Median Earnings,4
Midlothian,Median Earnings,Raw data,2019/20,468.8333333333333,Median Earnings,2
Moray,Median Earnings,Raw data,2019/20,406.6333333333334,Median Earnings,2
North Ayrshire,Median Earnings,Raw data,2019/20,466.3333333333333,Median Earnings,4
North Lanarkshire,Median Earnings,Raw data,2019/20,480.5,Median Earnings,4
Orkney Islands,Median Earnings,Raw data,2019/20,418.9,Median Earnings,1
Perth and Kinross,Median Earnings,Raw data,2019/20,459.8666666666666,Median Earnings,1
Renfrewshire,Median Earnings,Raw data,2019/20,474.5333333333333,Median Earnings,3
Scotland,Median Earnings,Raw data,2019/20,470.8,Median Earnings,NA
Scottish Borders,Median Earnings,Raw data,2019/20,436.3,Median Earnings,2
Shetland Islands,Median Earnings,Raw data,2019/20,477.9666666666667,Median Earnings,1
South Ayrshire,Median Earnings,Raw data,2019/20,480.13333333333327,Median Earnings,3
South Lanarkshire,Median Earnings,Raw data,2019/20,493.73333333333335,Median Earnings,3
Stirling,Median Earnings,Raw data,2019/20,494.4666666666667,Median Earnings,2
West Dunbartonshire,Median Earnings,Raw data,2019/20,442.8,Median Earnings,4
West Lothian,Median Earnings,Raw data,2019/20,479.8333333333333,Median Earnings,3
Aberdeen City,Median Earnings,Raw data,2020/21,488.4333333333334,Median Earnings,1
Aberdeenshire,Median Earnings,Raw data,2020/21,491.8,Median Earnings,1
Angus,Median Earnings,Raw data,2020/21,451.26666666666665,Median Earnings,2
Argyll and Bute,Median Earnings,Raw data,2020/21,432.76666666666665,Median Earnings,2
Clackmannanshire,Median Earnings,Raw data,2020/21,491.8,Median Earnings,3
Dumfries and Galloway,Median Earnings,Raw data,2020/21,418.23333333333335,Median Earnings,3
Dundee City,Median Earnings,Raw data,2020/21,466.0666666666666,Median Earnings,4
East Ayrshire,Median Earnings,Raw data,2020/21,487.3666666666666,Median Earnings,4
East Dunbartonshire,Median Earnings,Raw data,2020/21,585.6999999999999,Median Earnings,1
East Lothian,Median Earnings,Raw data,2020/21,498.7,Median Earnings,2
East Renfrewshire,Median Earnings,Raw data,2020/21,652.8333333333334,Median Earnings,1
"Edinburgh, City of",Median Earnings,Raw data,2020/21,523.6,Median Earnings,1
Eilean Siar,Median Earnings,Raw data,2020/21,486.73333333333335,Median Earnings,4
Falkirk,Median Earnings,Raw data,2020/21,491.6666666666667,Median Earnings,3
Fife,Median Earnings,Raw data,2020/21,479.43333333333334,Median Earnings,3
Glasgow City,Median Earnings,Raw data,2020/21,476.6000000000001,Median Earnings,4
Highland,Median Earnings,Raw data,2020/21,468.3,Median Earnings,2
Inverclyde,Median Earnings,Raw data,2020/21,421.1,Median Earnings,4
Midlothian,Median Earnings,Raw data,2020/21,484,Median Earnings,2
Moray,Median Earnings,Raw data,2020/21,428.93333333333334,Median Earnings,2
North Ayrshire,Median Earnings,Raw data,2020/21,486.3333333333333,Median Earnings,4
North Lanarkshire,Median Earnings,Raw data,2020/21,489.1666666666667,Median Earnings,4
Orkney Islands,Median Earnings,Raw data,2020/21,425.2,Median Earnings,1
Perth and Kinross,Median Earnings,Raw data,2020/21,479.1666666666667,Median Earnings,1
Renfrewshire,Median Earnings,Raw data,2020/21,507.2999999999999,Median Earnings,3
Scotland,Median Earnings,Raw data,2020/21,488.1666666666667,Median Earnings,NA
Scottish Borders,Median Earnings,Raw data,2020/21,450.93333333333334,Median Earnings,2
Shetland Islands,Median Earnings,Raw data,2020/21,514.3333333333334,Median Earnings,1
South Ayrshire,Median Earnings,Raw data,2020/21,493.8,Median Earnings,3
South Lanarkshire,Median Earnings,Raw data,2020/21,514.6333333333333,Median Earnings,3
Stirling,Median Earnings,Raw data,2020/21,515.6666666666666,Median Earnings,2
West Dunbartonshire,Median Earnings,Raw data,2020/21,460.3666666666666,Median Earnings,4
West Lothian,Median Earnings,Raw data,2020/21,504.8333333333333,Median Earnings,3
Aberdeen City,Median Earnings,Raw data,2021/22,497.76666666666665,Median Earnings,1
Aberdeenshire,Median Earnings,Raw data,2021/22,501.7999999999999,Median Earnings,1
Angus,Median Earnings,Raw data,2021/22,469.5,Median Earnings,2
Argyll and Bute,Median Earnings,Raw data,2021/22,458.6,Median Earnings,2
Clackmannanshire,Median Earnings,Raw data,2021/22,523.1,Median Earnings,3
Dumfries and Galloway,Median Earnings,Raw data,2021/22,442.6666666666667,Median Earnings,3
Dundee City,Median Earnings,Raw data,2021/22,489.06666666666666,Median Earnings,4
East Ayrshire,Median Earnings,Raw data,2021/22,499.43333333333334,Median Earnings,4
East Dunbartonshire,Median Earnings,Raw data,2021/22,612.0666666666666,Median Earnings,1
East Lothian,Median Earnings,Raw data,2021/22,501.1,Median Earnings,2
East Renfrewshire,Median Earnings,Raw data,2021/22,646.4666666666667,Median Earnings,1
"Edinburgh, City of",Median Earnings,Raw data,2021/22,545.5666666666667,Median Earnings,1
Eilean Siar,Median Earnings,Raw data,2021/22,500.4666666666667,Median Earnings,4
Falkirk,Median Earnings,Raw data,2021/22,515.2666666666667,Median Earnings,3
Fife,Median Earnings,Raw data,2021/22,492.8666666666666,Median Earnings,3
Glasgow City,Median Earnings,Raw data,2021/22,500.43333333333334,Median Earnings,4
Highland,Median Earnings,Raw data,2021/22,487.5,Median Earnings,2
Inverclyde,Median Earnings,Raw data,2021/22,460.76666666666665,Median Earnings,4
Midlothian,Median Earnings,Raw data,2021/22,502.1333333333334,Median Earnings,2
Moray,Median Earnings,Raw data,2021/22,449.0333333333333,Median Earnings,2
North Ayrshire,Median Earnings,Raw data,2021/22,516.2666666666667,Median Earnings,4
North Lanarkshire,Median Earnings,Raw data,2021/22,513.1999999999999,Median Earnings,4
Orkney Islands,Median Earnings,Raw data,2021/22,452.8,Median Earnings,1
Perth and Kinross,Median Earnings,Raw data,2021/22,500.46666666666664,Median Earnings,1
Renfrewshire,Median Earnings,Raw data,2021/22,533.1333333333333,Median Earnings,3
Scotland,Median Earnings,Raw data,2021/22,506.7666666666667,Median Earnings,NA
Scottish Borders,Median Earnings,Raw data,2021/22,458.73333333333335,Median Earnings,2
Shetland Islands,Median Earnings,Raw data,2021/22,536.1999999999999,Median Earnings,1
South Ayrshire,Median Earnings,Raw data,2021/22,502.3333333333333,Median Earnings,3
South Lanarkshire,Median Earnings,Raw data,2021/22,534.5333333333334,Median Earnings,3
Stirling,Median Earnings,Raw data,2021/22,504.3666666666666,Median Earnings,2
West Dunbartonshire,Median Earnings,Raw data,2021/22,485.4666666666667,Median Earnings,4
West Lothian,Median Earnings,Raw data,2021/22,525.1666666666666,Median Earnings,3
Aberdeen City,Median Earnings,Raw data,2022/23,539.5333333333333,Median Earnings,1
Aberdeenshire,Median Earnings,Raw data,2022/23,541.1666666666666,Median Earnings,1
Angus,Median Earnings,Raw data,2022/23,506.7,Median Earnings,2
Argyll and Bute,Median Earnings,Raw data,2022/23,489.1666666666667,Median Earnings,2
Clackmannanshire,Median Earnings,Raw data,2022/23,567.4333333333334,Median Earnings,3
Dumfries and Galloway,Median Earnings,Raw data,2022/23,480.2,Median Earnings,3
Dundee City,Median Earnings,Raw data,2022/23,511.43333333333334,Median Earnings,4
East Ayrshire,Median Earnings,Raw data,2022/23,527.9666666666667,Median Earnings,4
East Dunbartonshire,Median Earnings,Raw data,2022/23,663.2333333333333,Median Earnings,1
East Lothian,Median Earnings,Raw data,2022/23,534.0666666666667,Median Earnings,2
East Renfrewshire,Median Earnings,Raw data,2022/23,687.5,Median Earnings,1
"Edinburgh, City of",Median Earnings,Raw data,2022/23,574.9,Median Earnings,1
Eilean Siar,Median Earnings,Raw data,2022/23,551.2,Median Earnings,4
Falkirk,Median Earnings,Raw data,2022/23,552.8333333333334,Median Earnings,3
Fife,Median Earnings,Raw data,2022/23,520.4666666666666,Median Earnings,3
Glasgow City,Median Earnings,Raw data,2022/23,533.4,Median Earnings,4
Highland,Median Earnings,Raw data,2022/23,526.7,Median Earnings,2
Inverclyde,Median Earnings,Raw data,2022/23,509.6666666666667,Median Earnings,4
Midlothian,Median Earnings,Raw data,2022/23,550.3666666666667,Median Earnings,2
Moray,Median Earnings,Raw data,2022/23,468.4333333333334,Median Earnings,2
North Ayrshire,Median Earnings,Raw data,2022/23,552.4666666666666,Median Earnings,4
North Lanarkshire,Median Earnings,Raw data,2022/23,555.2333333333333,Median Earnings,4
Orkney Islands,Median Earnings,Raw data,2022/23,473.3,Median Earnings,1
Perth and Kinross,Median Earnings,Raw data,2022/23,541.6999999999999,Median Earnings,1
Renfrewshire,Median Earnings,Raw data,2022/23,579.9,Median Earnings,3
Scotland,Median Earnings,Raw data,2022/23,541.7666666666667,Median Earnings,NA
Scottish Borders,Median Earnings,Raw data,2022/23,492.2666666666667,Median Earnings,2
Shetland Islands,Median Earnings,Raw data,2022/23,563.65,Median Earnings,1
South Ayrshire,Median Earnings,Raw data,2022/23,533.4999999999999,Median Earnings,3
South Lanarkshire,Median Earnings,Raw data,2022/23,570.9666666666667,Median Earnings,3
Stirling,Median Earnings,Raw data,2022/23,544.5666666666667,Median Earnings,2
West Dunbartonshire,Median Earnings,Raw data,2022/23,523.0333333333333,Median Earnings,4
West Lothian,Median Earnings,Raw data,2022/23,554.5,Median Earnings,3
Aberdeen City,Median Earnings,Raw data,2023/24,574.9999999999999,Median Earnings,1
Aberdeenshire,Median Earnings,Raw data,2023/24,579.1,Median Earnings,1
Angus,Median Earnings,Raw data,2023/24,551.6333333333333,Median Earnings,2
Argyll and Bute,Median Earnings,Raw data,2023/24,527.1999999999999,Median Earnings,2
Clackmannanshire,Median Earnings,Raw data,2023/24,619.7333333333332,Median Earnings,3
Dumfries and Galloway,Median Earnings,Raw data,2023/24,515.2333333333332,Median Earnings,3
Dundee City,Median Earnings,Raw data,2023/24,542.1999999999999,Median Earnings,4
East Ayrshire,Median Earnings,Raw data,2023/24,545.9333333333334,Median Earnings,4
East Dunbartonshire,Median Earnings,Raw data,2023/24,716.1333333333332,Median Earnings,1
East Lothian,Median Earnings,Raw data,2023/24,580.9,Median Earnings,2
East Renfrewshire,Median Earnings,Raw data,2023/24,731.0333333333333,Median Earnings,1
"Edinburgh, City of",Median Earnings,Raw data,2023/24,614.4333333333334,Median Earnings,1
Eilean Siar,Median Earnings,Raw data,2023/24,558.4,Median Earnings,4
Falkirk,Median Earnings,Raw data,2023/24,585.6666666666666,Median Earnings,3
Fife,Median Earnings,Raw data,2023/24,551.6666666666666,Median Earnings,3
Glasgow City,Median Earnings,Raw data,2023/24,562.9333333333333,Median Earnings,4
Highland,Median Earnings,Raw data,2023/24,558.5,Median Earnings,2
Inverclyde,Median Earnings,Raw data,2023/24,530.0666666666667,Median Earnings,4
Midlothian,Median Earnings,Raw data,2023/24,590.4666666666666,Median Earnings,2
Moray,Median Earnings,Raw data,2023/24,485.8,Median Earnings,2
North Ayrshire,Median Earnings,Raw data,2023/24,596.1999999999999,Median Earnings,4
North Lanarkshire,Median Earnings,Raw data,2023/24,599.8333333333334,Median Earnings,4
Orkney Islands,Median Earnings,Raw data,2023/24,510.3666666666666,Median Earnings,1
Perth and Kinross,Median Earnings,Raw data,2023/24,583.2333333333333,Median Earnings,1
Renfrewshire,Median Earnings,Raw data,2023/24,599.6666666666666,Median Earnings,3
Scotland,Median Earnings,Raw data,2023/24,578.3,Median Earnings,NA
Scottish Borders,Median Earnings,Raw data,2023/24,527.6,Median Earnings,2
Shetland Islands,Median Earnings,Raw data,2023/24,561.9,Median Earnings,1
South Ayrshire,Median Earnings,Raw data,2023/24,597.8333333333334,Median Earnings,3
South Lanarkshire,Median Earnings,Raw data,2023/24,606.6,Median Earnings,3
Stirling,Median Earnings,Raw data,2023/24,578.9666666666667,Median Earnings,2
West Dunbartonshire,Median Earnings,Raw data,2023/24,550.2666666666668,Median Earnings,4
West Lothian,Median Earnings,Raw data,2023/24,590.7333333333332,Median Earnings,3
Aberdeen City,Business Survival,Raw data,2012/13,63.924050630000004,Business Survival,1
Aberdeenshire,Business Survival,Raw data,2012/13,68.90243902,Business Survival,1
Angus,Business Survival,Raw data,2012/13,56.60377358,Business Survival,2
Argyll and Bute,Business Survival,Raw data,2012/13,59.18367347,Business Survival,2
Clackmannanshire,Business Survival,Raw data,2012/13,52.38095238,Business Survival,3
Dumfries and Galloway,Business Survival,Raw data,2012/13,63.76811594,Business Survival,3
Dundee City,Business Survival,Raw data,2012/13,53.84615385,Business Survival,4
East Ayrshire,Business Survival,Raw data,2012/13,60.78431373,Business Survival,4
East Dunbartonshire,Business Survival,Raw data,2012/13,65.45454545,Business Survival,1
East Lothian,Business Survival,Raw data,2012/13,62.26415094,Business Survival,2
East Renfrewshire,Business Survival,Raw data,2012/13,67.30769231,Business Survival,1
"Edinburgh, City of",Business Survival,Raw data,2012/13,54.44126074,Business Survival,1
Eilean Siar,Business Survival,Raw data,2012/13,50,Business Survival,4
Falkirk,Business Survival,Raw data,2012/13,57.97101449,Business Survival,3
Fife,Business Survival,Raw data,2012/13,58.95953757,Business Survival,3
Glasgow City,Business Survival,Raw data,2012/13,55.38461538,Business Survival,4
Highland,Business Survival,Raw data,2012/13,66,Business Survival,2
Inverclyde,Business Survival,Raw data,2012/13,65.625,Business Survival,4
Midlothian,Business Survival,Raw data,2012/13,63.63636364,Business Survival,2
Moray,Business Survival,Raw data,2012/13,65.11627907,Business Survival,2
North Ayrshire,Business Survival,Raw data,2012/13,61.53846154,Business Survival,4
North Lanarkshire,Business Survival,Raw data,2012/13,59.21052632,Business Survival,4
Orkney Islands,Business Survival,Raw data,2012/13,61.53846154,Business Survival,1
Perth and Kinross,Business Survival,Raw data,2012/13,65.16853933,Business Survival,1
Renfrewshire,Business Survival,Raw data,2012/13,56.38297872,Business Survival,3
Scotland,Business Survival,Raw data,2012/13,60.13582343,Business Survival,NA
Scottish Borders,Business Survival,Raw data,2012/13,67.21311475,Business Survival,2
Shetland Islands,Business Survival,Raw data,2012/13,77.77777778,Business Survival,1
South Ayrshire,Business Survival,Raw data,2012/13,60.31746032,Business Survival,3
South Lanarkshire,Business Survival,Raw data,2012/13,60.79545455,Business Survival,3
Stirling,Business Survival,Raw data,2012/13,60.6557377,Business Survival,2
West Dunbartonshire,Business Survival,Raw data,2012/13,60.60606061,Business Survival,4
West Lothian,Business Survival,Raw data,2012/13,57.77777778,Business Survival,3
Aberdeen City,Business Survival,Raw data,2013/14,60.4,Business Survival,1
Aberdeenshire,Business Survival,Raw data,2013/14,68.8,Business Survival,1
Angus,Business Survival,Raw data,2013/14,61.8,Business Survival,2
Argyll and Bute,Business Survival,Raw data,2013/14,56.6,Business Survival,2
Clackmannanshire,Business Survival,Raw data,2013/14,60.9,Business Survival,3
Dumfries and Galloway,Business Survival,Raw data,2013/14,57.1,Business Survival,3
Dundee City,Business Survival,Raw data,2013/14,55.1,Business Survival,4
East Ayrshire,Business Survival,Raw data,2013/14,52.9,Business Survival,4
East Dunbartonshire,Business Survival,Raw data,2013/14,60.7,Business Survival,1
East Lothian,Business Survival,Raw data,2013/14,62,Business Survival,2
East Renfrewshire,Business Survival,Raw data,2013/14,60,Business Survival,1
"Edinburgh, City of",Business Survival,Raw data,2013/14,56.3,Business Survival,1
Eilean Siar,Business Survival,Raw data,2013/14,46.2,Business Survival,4
Falkirk,Business Survival,Raw data,2013/14,54.4,Business Survival,3
Fife,Business Survival,Raw data,2013/14,56.5,Business Survival,3
Glasgow City,Business Survival,Raw data,2013/14,48.7,Business Survival,4
Highland,Business Survival,Raw data,2013/14,62.5,Business Survival,2
Inverclyde,Business Survival,Raw data,2013/14,46.4,Business Survival,4
Midlothian,Business Survival,Raw data,2013/14,59,Business Survival,2
Moray,Business Survival,Raw data,2013/14,60,Business Survival,2
North Ayrshire,Business Survival,Raw data,2013/14,58.6,Business Survival,4
North Lanarkshire,Business Survival,Raw data,2013/14,56.3,Business Survival,4
Orkney Islands,Business Survival,Raw data,2013/14,60,Business Survival,1
Perth and Kinross,Business Survival,Raw data,2013/14,59.5,Business Survival,1
Renfrewshire,Business Survival,Raw data,2013/14,54.7,Business Survival,3
Scotland,Business Survival,Raw data,2013/14,57.1,Business Survival,NA
Scottish Borders,Business Survival,Raw data,2013/14,58.7,Business Survival,2
Shetland Islands,Business Survival,Raw data,2013/14,70,Business Survival,1
South Ayrshire,Business Survival,Raw data,2013/14,48.2,Business Survival,3
South Lanarkshire,Business Survival,Raw data,2013/14,58,Business Survival,3
Stirling,Business Survival,Raw data,2013/14,62,Business Survival,2
West Dunbartonshire,Business Survival,Raw data,2013/14,59.5,Business Survival,4
West Lothian,Business Survival,Raw data,2013/14,57.4,Business Survival,3
Aberdeen City,Business Survival,Raw data,2014/15,69.5,Business Survival,1
Aberdeenshire,Business Survival,Raw data,2014/15,72.3,Business Survival,1
Angus,Business Survival,Raw data,2014/15,66.1,Business Survival,2
Argyll and Bute,Business Survival,Raw data,2014/15,63.5,Business Survival,2
Clackmannanshire,Business Survival,Raw data,2014/15,55.6,Business Survival,3
Dumfries and Galloway,Business Survival,Raw data,2014/15,68.8,Business Survival,3
Dundee City,Business Survival,Raw data,2014/15,58.2,Business Survival,4
East Ayrshire,Business Survival,Raw data,2014/15,59.6,Business Survival,4
East Dunbartonshire,Business Survival,Raw data,2014/15,64.4,Business Survival,1
East Lothian,Business Survival,Raw data,2014/15,67.3,Business Survival,2
East Renfrewshire,Business Survival,Raw data,2014/15,61,Business Survival,1
"Edinburgh, City of",Business Survival,Raw data,2014/15,60,Business Survival,1
Eilean Siar,Business Survival,Raw data,2014/15,62.5,Business Survival,4
Falkirk,Business Survival,Raw data,2014/15,60.7,Business Survival,3
Fife,Business Survival,Raw data,2014/15,63.4,Business Survival,3
Glasgow City,Business Survival,Raw data,2014/15,55.4,Business Survival,4
Highland,Business Survival,Raw data,2014/15,65.4,Business Survival,2
Inverclyde,Business Survival,Raw data,2014/15,64.1,Business Survival,4
Midlothian,Business Survival,Raw data,2014/15,65,Business Survival,2
Moray,Business Survival,Raw data,2014/15,64.3,Business Survival,2
North Ayrshire,Business Survival,Raw data,2014/15,64.5,Business Survival,4
North Lanarkshire,Business Survival,Raw data,2014/15,60.7,Business Survival,4
Orkney Islands,Business Survival,Raw data,2014/15,71.4,Business Survival,1
Perth and Kinross,Business Survival,Raw data,2014/15,59.8,Business Survival,1
Renfrewshire,Business Survival,Raw data,2014/15,61.1,Business Survival,3
Scotland,Business Survival,Raw data,2014/15,62.8,Business Survival,NA
Scottish Borders,Business Survival,Raw data,2014/15,66.7,Business Survival,2
Shetland Islands,Business Survival,Raw data,2014/15,69.2,Business Survival,1
South Ayrshire,Business Survival,Raw data,2014/15,60.3,Business Survival,3
South Lanarkshire,Business Survival,Raw data,2014/15,61.9,Business Survival,3
Stirling,Business Survival,Raw data,2014/15,66.2,Business Survival,2
West Dunbartonshire,Business Survival,Raw data,2014/15,56.8,Business Survival,4
West Lothian,Business Survival,Raw data,2014/15,65,Business Survival,3
Aberdeen City,Business Survival,Raw data,2015/16,68.1,Business Survival,1
Aberdeenshire,Business Survival,Raw data,2015/16,70.5,Business Survival,1
Angus,Business Survival,Raw data,2015/16,70.6,Business Survival,2
Argyll and Bute,Business Survival,Raw data,2015/16,63.3,Business Survival,2
Clackmannanshire,Business Survival,Raw data,2015/16,55.6,Business Survival,3
Dumfries and Galloway,Business Survival,Raw data,2015/16,62.5,Business Survival,3
Dundee City,Business Survival,Raw data,2015/16,56.3,Business Survival,4
East Ayrshire,Business Survival,Raw data,2015/16,61.3,Business Survival,4
East Dunbartonshire,Business Survival,Raw data,2015/16,61.3,Business Survival,1
East Lothian,Business Survival,Raw data,2015/16,60,Business Survival,2
East Renfrewshire,Business Survival,Raw data,2015/16,65.5,Business Survival,1
"Edinburgh, City of",Business Survival,Raw data,2015/16,59,Business Survival,1
Eilean Siar,Business Survival,Raw data,2015/16,62.5,Business Survival,4
Falkirk,Business Survival,Raw data,2015/16,60.2,Business Survival,3
Fife,Business Survival,Raw data,2015/16,63,Business Survival,3
Glasgow City,Business Survival,Raw data,2015/16,54.3,Business Survival,4
Highland,Business Survival,Raw data,2015/16,66.5,Business Survival,2
Inverclyde,Business Survival,Raw data,2015/16,65.8,Business Survival,4
Midlothian,Business Survival,Raw data,2015/16,63.4,Business Survival,2
Moray,Business Survival,Raw data,2015/16,64.6,Business Survival,2
North Ayrshire,Business Survival,Raw data,2015/16,64.4,Business Survival,4
North Lanarkshire,Business Survival,Raw data,2015/16,60,Business Survival,4
Orkney Islands,Business Survival,Raw data,2015/16,75,Business Survival,1
Perth and Kinross,Business Survival,Raw data,2015/16,61.5,Business Survival,1
Renfrewshire,Business Survival,Raw data,2015/16,61,Business Survival,3
Scotland,Business Survival,Raw data,2015/16,62,Business Survival,NA
Scottish Borders,Business Survival,Raw data,2015/16,66.7,Business Survival,2
Shetland Islands,Business Survival,Raw data,2015/16,66.7,Business Survival,1
South Ayrshire,Business Survival,Raw data,2015/16,61.3,Business Survival,3
South Lanarkshire,Business Survival,Raw data,2015/16,60.7,Business Survival,3
Stirling,Business Survival,Raw data,2015/16,68.7,Business Survival,2
West Dunbartonshire,Business Survival,Raw data,2015/16,62.5,Business Survival,4
West Lothian,Business Survival,Raw data,2015/16,59.4,Business Survival,3
Aberdeen City,Business Survival,Raw data,2016/17,67.8200692,Business Survival,1
Aberdeenshire,Business Survival,Raw data,2016/17,70.96774194,Business Survival,1
Angus,Business Survival,Raw data,2016/17,62.96296296,Business Survival,2
Argyll and Bute,Business Survival,Raw data,2016/17,65.625,Business Survival,2
Clackmannanshire,Business Survival,Raw data,2016/17,60,Business Survival,3
Dumfries and Galloway,Business Survival,Raw data,2016/17,63.2183908,Business Survival,3
Dundee City,Business Survival,Raw data,2016/17,60.19417476,Business Survival,4
East Ayrshire,Business Survival,Raw data,2016/17,62.85714286,Business Survival,4
East Dunbartonshire,Business Survival,Raw data,2016/17,62.5,Business Survival,1
East Lothian,Business Survival,Raw data,2016/17,62.85714286,Business Survival,2
East Renfrewshire,Business Survival,Raw data,2016/17,63.88888889,Business Survival,1
"Edinburgh, City of",Business Survival,Raw data,2016/17,60.43956044,Business Survival,1
Eilean Siar,Business Survival,Raw data,2016/17,68.42105263,Business Survival,4
Falkirk,Business Survival,Raw data,2016/17,59.09090909,Business Survival,3
Fife,Business Survival,Raw data,2016/17,61.98347107,Business Survival,3
Glasgow City,Business Survival,Raw data,2016/17,56.89045936,Business Survival,4
Highland,Business Survival,Raw data,2016/17,68.55670103,Business Survival,2
Inverclyde,Business Survival,Raw data,2016/17,60,Business Survival,4
Midlothian,Business Survival,Raw data,2016/17,62.90322581,Business Survival,2
Moray,Business Survival,Raw data,2016/17,64.9122807,Business Survival,2
North Ayrshire,Business Survival,Raw data,2016/17,62.65060241,Business Survival,4
North Lanarkshire,Business Survival,Raw data,2016/17,58.71559633,Business Survival,4
Orkney Islands,Business Survival,Raw data,2016/17,70.58823529,Business Survival,1
Perth and Kinross,Business Survival,Raw data,2016/17,60.16260163,Business Survival,1
Renfrewshire,Business Survival,Raw data,2016/17,56.55737705,Business Survival,3
Scotland,Business Survival,Raw data,2016/17,62.11699164,Business Survival,NA
Scottish Borders,Business Survival,Raw data,2016/17,64.55696203,Business Survival,2
Shetland Islands,Business Survival,Raw data,2016/17,70.58823529,Business Survival,1
South Ayrshire,Business Survival,Raw data,2016/17,63.63636364,Business Survival,3
South Lanarkshire,Business Survival,Raw data,2016/17,60.81632653,Business Survival,3
Stirling,Business Survival,Raw data,2016/17,64.28571429,Business Survival,2
West Dunbartonshire,Business Survival,Raw data,2016/17,54,Business Survival,4
West Lothian,Business Survival,Raw data,2016/17,60.62992126,Business Survival,3
Aberdeen City,Business Survival,Raw data,2017/18,58.55513308,Business Survival,1
Aberdeenshire,Business Survival,Raw data,2017/18,65.57377049,Business Survival,1
Angus,Business Survival,Raw data,2017/18,66.25,Business Survival,2
Argyll and Bute,Business Survival,Raw data,2017/18,64.40677966,Business Survival,2
Clackmannanshire,Business Survival,Raw data,2017/18,57.57575758,Business Survival,3
Dumfries and Galloway,Business Survival,Raw data,2017/18,57.64705882,Business Survival,3
Dundee City,Business Survival,Raw data,2017/18,57,Business Survival,4
East Ayrshire,Business Survival,Raw data,2017/18,57.69230769,Business Survival,4
East Dunbartonshire,Business Survival,Raw data,2017/18,64.55696203,Business Survival,1
East Lothian,Business Survival,Raw data,2017/18,63.49206349,Business Survival,2
East Renfrewshire,Business Survival,Raw data,2017/18,60.29411765,Business Survival,1
"Edinburgh, City of",Business Survival,Raw data,2017/18,59.31283906,Business Survival,1
Eilean Siar,Business Survival,Raw data,2017/18,52.38095238,Business Survival,4
Falkirk,Business Survival,Raw data,2017/18,62.5,Business Survival,3
Fife,Business Survival,Raw data,2017/18,61.96581197,Business Survival,3
Glasgow City,Business Survival,Raw data,2017/18,54.86111111,Business Survival,4
Highland,Business Survival,Raw data,2017/18,65.10416667,Business Survival,2
Inverclyde,Business Survival,Raw data,2017/18,60.46511628,Business Survival,4
Midlothian,Business Survival,Raw data,2017/18,68.51851852,Business Survival,2
Moray,Business Survival,Raw data,2017/18,63.49206349,Business Survival,2
North Ayrshire,Business Survival,Raw data,2017/18,62.35294118,Business Survival,4
North Lanarkshire,Business Survival,Raw data,2017/18,57.58928571,Business Survival,4
Orkney Islands,Business Survival,Raw data,2017/18,64.28571429,Business Survival,1
Perth and Kinross,Business Survival,Raw data,2017/18,65.6,Business Survival,1
Renfrewshire,Business Survival,Raw data,2017/18,58.67768595,Business Survival,3
Scotland,Business Survival,Raw data,2017/18,60.39557335,Business Survival,NA
Scottish Borders,Business Survival,Raw data,2017/18,62.22222222,Business Survival,2
Shetland Islands,Business Survival,Raw data,2017/18,75,Business Survival,1
South Ayrshire,Business Survival,Raw data,2017/18,55.26315789,Business Survival,3
South Lanarkshire,Business Survival,Raw data,2017/18,62.5,Business Survival,3
Stirling,Business Survival,Raw data,2017/18,61.62790698,Business Survival,2
West Dunbartonshire,Business Survival,Raw data,2017/18,52.83018868,Business Survival,4
West Lothian,Business Survival,Raw data,2017/18,63.56589147,Business Survival,3
Aberdeen City,Business Survival,Raw data,2018/19,53.21100917,Business Survival,1
Aberdeenshire,Business Survival,Raw data,2018/19,61.84210526,Business Survival,1
Angus,Business Survival,Raw data,2018/19,58.44155844,Business Survival,2
Argyll and Bute,Business Survival,Raw data,2018/19,58.92857143,Business Survival,2
Clackmannanshire,Business Survival,Raw data,2018/19,54.54545455,Business Survival,3
Dumfries and Galloway,Business Survival,Raw data,2018/19,60.25641026,Business Survival,3
Dundee City,Business Survival,Raw data,2018/19,47.91666667,Business Survival,4
East Ayrshire,Business Survival,Raw data,2018/19,58.97435897,Business Survival,4
East Dunbartonshire,Business Survival,Raw data,2018/19,55.55555556,Business Survival,1
East Lothian,Business Survival,Raw data,2018/19,61.33333333,Business Survival,2
East Renfrewshire,Business Survival,Raw data,2018/19,58.66666667,Business Survival,1
"Edinburgh, City of",Business Survival,Raw data,2018/19,54.41176471,Business Survival,1
Eilean Siar,Business Survival,Raw data,2018/19,50,Business Survival,4
Falkirk,Business Survival,Raw data,2018/19,55.88235294,Business Survival,3
Fife,Business Survival,Raw data,2018/19,57.93650794,Business Survival,3
Glasgow City,Business Survival,Raw data,2018/19,51.02040816,Business Survival,4
Highland,Business Survival,Raw data,2018/19,60.62176166,Business Survival,2
Inverclyde,Business Survival,Raw data,2018/19,56,Business Survival,4
Midlothian,Business Survival,Raw data,2018/19,60.71428571,Business Survival,2
Moray,Business Survival,Raw data,2018/19,63.33333333,Business Survival,2
North Ayrshire,Business Survival,Raw data,2018/19,57.14285714,Business Survival,4
North Lanarkshire,Business Survival,Raw data,2018/19,53.33333333,Business Survival,4
Orkney Islands,Business Survival,Raw data,2018/19,66.66666667,Business Survival,1
Perth and Kinross,Business Survival,Raw data,2018/19,57.52212389,Business Survival,1
Renfrewshire,Business Survival,Raw data,2018/19,55.38461538,Business Survival,3
Scotland,Business Survival,Raw data,2018/19,55.55811277,Business Survival,NA
Scottish Borders,Business Survival,Raw data,2018/19,59.45945946,Business Survival,2
Shetland Islands,Business Survival,Raw data,2018/19,55.55555556,Business Survival,1
South Ayrshire,Business Survival,Raw data,2018/19,50,Business Survival,3
South Lanarkshire,Business Survival,Raw data,2018/19,56.34920635,Business Survival,3
Stirling,Business Survival,Raw data,2018/19,55.55555556,Business Survival,2
West Dunbartonshire,Business Survival,Raw data,2018/19,50.90909091,Business Survival,4
West Lothian,Business Survival,Raw data,2018/19,53.67647059,Business Survival,3
Aberdeen City,Business Survival,Raw data,2019/20,54.31034483,Business Survival,1
Aberdeenshire,Business Survival,Raw data,2019/20,65,Business Survival,1
Angus,Business Survival,Raw data,2019/20,59.74025974,Business Survival,2
Argyll and Bute,Business Survival,Raw data,2019/20,59.67741935,Business Survival,2
Clackmannanshire,Business Survival,Raw data,2019/20,50,Business Survival,3
Dumfries and Galloway,Business Survival,Raw data,2019/20,64.1025641,Business Survival,3
Dundee City,Business Survival,Raw data,2019/20,50,Business Survival,4
East Ayrshire,Business Survival,Raw data,2019/20,49.38271605,Business Survival,4
East Dunbartonshire,Business Survival,Raw data,2019/20,60.25641026,Business Survival,1
East Lothian,Business Survival,Raw data,2019/20,60.56338028,Business Survival,2
East Renfrewshire,Business Survival,Raw data,2019/20,52.7027027,Business Survival,1
"Edinburgh, City of",Business Survival,Raw data,2019/20,55.74614065,Business Survival,1
Eilean Siar,Business Survival,Raw data,2019/20,58.82352941,Business Survival,4
Falkirk,Business Survival,Raw data,2019/20,54.80769231,Business Survival,3
Fife,Business Survival,Raw data,2019/20,59.21985816,Business Survival,3
Glasgow City,Business Survival,Raw data,2019/20,51.82370821,Business Survival,4
Highland,Business Survival,Raw data,2019/20,64.36170213,Business Survival,2
Inverclyde,Business Survival,Raw data,2019/20,58.69565217,Business Survival,4
Midlothian,Business Survival,Raw data,2019/20,61.9047619,Business Survival,2
Moray,Business Survival,Raw data,2019/20,63.15789474,Business Survival,2
North Ayrshire,Business Survival,Raw data,2019/20,53.68421053,Business Survival,4
North Lanarkshire,Business Survival,Raw data,2019/20,55.51181102,Business Survival,4
Orkney Islands,Business Survival,Raw data,2019/20,68.75,Business Survival,1
Perth and Kinross,Business Survival,Raw data,2019/20,66.36363636,Business Survival,1
Renfrewshire,Business Survival,Raw data,2019/20,53.47222222,Business Survival,3
Scotland,Business Survival,Raw data,2019/20,56.53345308,Business Survival,NA
Scottish Borders,Business Survival,Raw data,2019/20,64.47368421,Business Survival,2
Shetland Islands,Business Survival,Raw data,2019/20,64.70588235,Business Survival,1
South Ayrshire,Business Survival,Raw data,2019/20,49.45054945,Business Survival,3
South Lanarkshire,Business Survival,Raw data,2019/20,54.43548387,Business Survival,3
Stirling,Business Survival,Raw data,2019/20,55.55555556,Business Survival,2
West Dunbartonshire,Business Survival,Raw data,2019/20,54.23728814,Business Survival,4
West Lothian,Business Survival,Raw data,2019/20,53.47222222,Business Survival,3
Aberdeen City,Business Survival,Raw data,2020/21,56.71,Business Survival,1
Aberdeenshire,Business Survival,Raw data,2020/21,61.78,Business Survival,1
Angus,Business Survival,Raw data,2020/21,59.46,Business Survival,2
Argyll and Bute,Business Survival,Raw data,2020/21,61.11,Business Survival,2
Clackmannanshire,Business Survival,Raw data,2020/21,50,Business Survival,3
Dumfries and Galloway,Business Survival,Raw data,2020/21,60,Business Survival,3
Dundee City,Business Survival,Raw data,2020/21,52.17,Business Survival,4
East Ayrshire,Business Survival,Raw data,2020/21,58.33,Business Survival,4
East Dunbartonshire,Business Survival,Raw data,2020/21,59.46,Business Survival,1
East Lothian,Business Survival,Raw data,2020/21,62.5,Business Survival,2
East Renfrewshire,Business Survival,Raw data,2020/21,57.58,Business Survival,1
"Edinburgh, City of",Business Survival,Raw data,2020/21,54.73,Business Survival,1
Eilean Siar,Business Survival,Raw data,2020/21,61.11,Business Survival,4
Falkirk,Business Survival,Raw data,2020/21,54.17,Business Survival,3
Fife,Business Survival,Raw data,2020/21,57.41,Business Survival,3
Glasgow City,Business Survival,Raw data,2020/21,51.61,Business Survival,4
Highland,Business Survival,Raw data,2020/21,57.46,Business Survival,2
Inverclyde,Business Survival,Raw data,2020/21,58.14,Business Survival,4
Midlothian,Business Survival,Raw data,2020/21,58.93,Business Survival,2
Moray,Business Survival,Raw data,2020/21,58.73,Business Survival,2
North Ayrshire,Business Survival,Raw data,2020/21,58.02,Business Survival,4
North Lanarkshire,Business Survival,Raw data,2020/21,50.89,Business Survival,4
Orkney Islands,Business Survival,Raw data,2020/21,60,Business Survival,1
Perth and Kinross,Business Survival,Raw data,2020/21,62.39,Business Survival,1
Renfrewshire,Business Survival,Raw data,2020/21,52.31,Business Survival,3
Scotland,Business Survival,Raw data,2020/21,55.87,Business Survival,NA
Scottish Borders,Business Survival,Raw data,2020/21,64.62,Business Survival,2
Shetland Islands,Business Survival,Raw data,2020/21,55.56,Business Survival,1
South Ayrshire,Business Survival,Raw data,2020/21,52.5,Business Survival,3
South Lanarkshire,Business Survival,Raw data,2020/21,53.22,Business Survival,3
Stirling,Business Survival,Raw data,2020/21,61.84,Business Survival,2
West Dunbartonshire,Business Survival,Raw data,2020/21,51.92,Business Survival,4
West Lothian,Business Survival,Raw data,2020/21,55.65,Business Survival,3
Aberdeen City,Business Survival,Raw data,2021/22,59.813084112149525,Business Survival,1
Aberdeenshire,Business Survival,Raw data,2021/22,62.5,Business Survival,1
Angus,Business Survival,Raw data,2021/22,59.154929577464785,Business Survival,2
Argyll and Bute,Business Survival,Raw data,2021/22,66.66666666666666,Business Survival,2
Clackmannanshire,Business Survival,Raw data,2021/22,61.53846153846154,Business Survival,3
Dumfries and Galloway,Business Survival,Raw data,2021/22,64.93506493506493,Business Survival,3
Dundee City,Business Survival,Raw data,2021/22,60.416666666666664,Business Survival,4
East Ayrshire,Business Survival,Raw data,2021/22,59.42028985507246,Business Survival,4
East Dunbartonshire,Business Survival,Raw data,2021/22,60.56338028169014,Business Survival,1
East Lothian,Business Survival,Raw data,2021/22,62.68656716417911,Business Survival,2
East Renfrewshire,Business Survival,Raw data,2021/22,59.42028985507246,Business Survival,1
"Edinburgh, City of",Business Survival,Raw data,2021/22,58.62745098039216,Business Survival,1
Eilean Siar,Business Survival,Raw data,2021/22,64.28571428571429,Business Survival,4
Falkirk,Business Survival,Raw data,2021/22,55.10204081632652,Business Survival,3
Fife,Business Survival,Raw data,2021/22,55.46218487394958,Business Survival,3
Glasgow City,Business Survival,Raw data,2021/22,55.052264808362374,Business Survival,4
Highland,Business Survival,Raw data,2021/22,64.3312101910828,Business Survival,2
Inverclyde,Business Survival,Raw data,2021/22,58.97435897435898,Business Survival,4
Midlothian,Business Survival,Raw data,2021/22,62.96296296296296,Business Survival,2
Moray,Business Survival,Raw data,2021/22,65.51724137931035,Business Survival,2
North Ayrshire,Business Survival,Raw data,2021/22,57.14285714285714,Business Survival,4
North Lanarkshire,Business Survival,Raw data,2021/22,58.139534883720934,Business Survival,4
Orkney Islands,Business Survival,Raw data,2021/22,54.54545454545454,Business Survival,1
Perth and Kinross,Business Survival,Raw data,2021/22,65.59139784946237,Business Survival,1
Renfrewshire,Business Survival,Raw data,2021/22,57.14285714285714,Business Survival,3
Scotland,Business Survival,Raw data,2021/22,58.9704383282365,Business Survival,NA
Scottish Borders,Business Survival,Raw data,2021/22,66.10169491525424,Business Survival,2
Shetland Islands,Business Survival,Raw data,2021/22,71.42857142857143,Business Survival,1
South Ayrshire,Business Survival,Raw data,2021/22,48.57142857142857,Business Survival,3
South Lanarkshire,Business Survival,Raw data,2021/22,59.03083700440529,Business Survival,3
Stirling,Business Survival,Raw data,2021/22,59.55056179775281,Business Survival,2
West Dunbartonshire,Business Survival,Raw data,2021/22,54.71698113207547,Business Survival,4
West Lothian,Business Survival,Raw data,2021/22,58.333333333333336,Business Survival,3
Aberdeen City,Business Survival,Raw data,2022/23,60.56338028169014,Business Survival,1
Aberdeenshire,Business Survival,Raw data,2022/23,59.72850678733032,Business Survival,1
Angus,Business Survival,Raw data,2022/23,65.71428571428571,Business Survival,2
Argyll and Bute,Business Survival,Raw data,2022/23,60.37735849056604,Business Survival,2
Clackmannanshire,Business Survival,Raw data,2022/23,51.85185185185185,Business Survival,3
Dumfries and Galloway,Business Survival,Raw data,2022/23,61.64383561643836,Business Survival,3
Dundee City,Business Survival,Raw data,2022/23,56.25,Business Survival,4
East Ayrshire,Business Survival,Raw data,2022/23,56.75675675675676,Business Survival,4
East Dunbartonshire,Business Survival,Raw data,2022/23,56.92307692307692,Business Survival,1
East Lothian,Business Survival,Raw data,2022/23,59.154929577464785,Business Survival,2
East Renfrewshire,Business Survival,Raw data,2022/23,61.19402985074627,Business Survival,1
"Edinburgh, City of",Business Survival,Raw data,2022/23,57.72200772200772,Business Survival,1
Eilean Siar,Business Survival,Raw data,2022/23,66.66666666666666,Business Survival,4
Falkirk,Business Survival,Raw data,2022/23,56.12244897959183,Business Survival,3
Fife,Business Survival,Raw data,2022/23,44.81605351170568,Business Survival,3
Glasgow City,Business Survival,Raw data,2022/23,57.55725190839694,Business Survival,4
Highland,Business Survival,Raw data,2022/23,63.63636363636363,Business Survival,2
Inverclyde,Business Survival,Raw data,2022/23,52.38095238095239,Business Survival,4
Midlothian,Business Survival,Raw data,2022/23,62.06896551724138,Business Survival,2
Moray,Business Survival,Raw data,2022/23,63.46153846153846,Business Survival,2
North Ayrshire,Business Survival,Raw data,2022/23,51.80722891566265,Business Survival,4
North Lanarkshire,Business Survival,Raw data,2022/23,54.112554112554115,Business Survival,4
Orkney Islands,Business Survival,Raw data,2022/23,60,Business Survival,1
Perth and Kinross,Business Survival,Raw data,2022/23,65.59139784946237,Business Survival,1
Renfrewshire,Business Survival,Raw data,2022/23,57.57575757575758,Business Survival,3
Scotland,Business Survival,Raw data,2022/23,57.398452611218566,Business Survival,NA
Scottish Borders,Business Survival,Raw data,2022/23,65.67164179104478,Business Survival,2
Shetland Islands,Business Survival,Raw data,2022/23,81.81818181818183,Business Survival,1
South Ayrshire,Business Survival,Raw data,2022/23,55.55555555555556,Business Survival,3
South Lanarkshire,Business Survival,Raw data,2022/23,56.27705627705628,Business Survival,3
Stirling,Business Survival,Raw data,2022/23,65.33333333333333,Business Survival,2
West Dunbartonshire,Business Survival,Raw data,2022/23,43.75,Business Survival,4
West Lothian,Business Survival,Raw data,2022/23,57.25806451612904,Business Survival,3
Aberdeen City,Business Survival,Raw data,2023/24,50.602409638554214,Business Survival,1
Aberdeenshire,Business Survival,Raw data,2023/24,62.1301775147929,Business Survival,1
Angus,Business Survival,Raw data,2023/24,55.55555555555556,Business Survival,2
Argyll and Bute,Business Survival,Raw data,2023/24,69.04761904761905,Business Survival,2
Clackmannanshire,Business Survival,Raw data,2023/24,56.00000000000001,Business Survival,3
Dumfries and Galloway,Business Survival,Raw data,2023/24,61.29032258064516,Business Survival,3
Dundee City,Business Survival,Raw data,2023/24,50.54945054945055,Business Survival,4
East Ayrshire,Business Survival,Raw data,2023/24,57.14285714285714,Business Survival,4
East Dunbartonshire,Business Survival,Raw data,2023/24,59.01639344262295,Business Survival,1
East Lothian,Business Survival,Raw data,2023/24,62,Business Survival,2
East Renfrewshire,Business Survival,Raw data,2023/24,60.71428571428571,Business Survival,1
"Edinburgh, City of",Business Survival,Raw data,2023/24,55.970149253731336,Business Survival,1
Eilean Siar,Business Survival,Raw data,2023/24,61.53846153846154,Business Survival,4
Falkirk,Business Survival,Raw data,2023/24,53.01204819277109,Business Survival,3
Fife,Business Survival,Raw data,2023/24,54.21052631578947,Business Survival,3
Glasgow City,Business Survival,Raw data,2023/24,52.22437137330754,Business Survival,4
Highland,Business Survival,Raw data,2023/24,60.99290780141844,Business Survival,2
Inverclyde,Business Survival,Raw data,2023/24,51.42857142857142,Business Survival,4
Midlothian,Business Survival,Raw data,2023/24,58.82352941176471,Business Survival,2
Moray,Business Survival,Raw data,2023/24,61.904761904761905,Business Survival,2
North Ayrshire,Business Survival,Raw data,2023/24,49.2063492063492,Business Survival,4
North Lanarkshire,Business Survival,Raw data,2023/24,51.53061224489795,Business Survival,4
Orkney Islands,Business Survival,Raw data,2023/24,66.66666666666666,Business Survival,1
Perth and Kinross,Business Survival,Raw data,2023/24,60.46511627906976,Business Survival,1
Renfrewshire,Business Survival,Raw data,2023/24,58.71559633027523,Business Survival,3
Scotland,Business Survival,Raw data,2023/24,55.99406528189911,Business Survival,NA
Scottish Borders,Business Survival,Raw data,2023/24,61.904761904761905,Business Survival,2
Shetland Islands,Business Survival,Raw data,2023/24,71.42857142857143,Business Survival,1
South Ayrshire,Business Survival,Raw data,2023/24,58.666666666666664,Business Survival,3
South Lanarkshire,Business Survival,Raw data,2023/24,56.930693069306926,Business Survival,3
Stirling,Business Survival,Raw data,2023/24,63.23529411764706,Business Survival,2
West Dunbartonshire,Business Survival,Raw data,2023/24,46.93877551020408,Business Survival,4
West Lothian,Business Survival,Raw data,2023/24,53.50877192982456,Business Survival,3
Aberdeen City,Dwelling Fires,Raw data,2012/13,142.83163720764148,Dwelling Fires,1
Aberdeenshire,Dwelling Fires,Raw data,2012/13,69.99022482893452,Dwelling Fires,1
Angus,Dwelling Fires,Raw data,2012/13,74.061315880124,Dwelling Fires,2
Argyll and Bute,Dwelling Fires,Raw data,2012/13,100.94058270245468,Dwelling Fires,2
Clackmannanshire,Dwelling Fires,Raw data,2012/13,85.68646543330087,Dwelling Fires,3
Dumfries and Galloway,Dwelling Fires,Raw data,2012/13,70.35709544670118,Dwelling Fires,3
Dundee City,Dwelling Fires,Raw data,2012/13,182.28637256895033,Dwelling Fires,4
East Ayrshire,Dwelling Fires,Raw data,2012/13,88.08416931734769,Dwelling Fires,4
East Dunbartonshire,Dwelling Fires,Raw data,2012/13,66.09385327164573,Dwelling Fires,1
East Lothian,Dwelling Fires,Raw data,2012/13,101.89948555599526,Dwelling Fires,2
East Renfrewshire,Dwelling Fires,Raw data,2012/13,82.3542330075766,Dwelling Fires,1
"Edinburgh, City of",Dwelling Fires,Raw data,2012/13,145.6785498740921,Dwelling Fires,1
Eilean Siar,Dwelling Fires,Raw data,2012/13,83.51488743645606,Dwelling Fires,4
Falkirk,Dwelling Fires,Raw data,2012/13,65.77686953189858,Dwelling Fires,3
Fife,Dwelling Fires,Raw data,2012/13,81.43188960240471,Dwelling Fires,3
Glasgow City,Dwelling Fires,Raw data,2012/13,175.3232522463292,Dwelling Fires,4
Highland,Dwelling Fires,Raw data,2012/13,56.65236051502146,Dwelling Fires,2
Inverclyde,Dwelling Fires,Raw data,2012/13,121.00259291270528,Dwelling Fires,4
Midlothian,Dwelling Fires,Raw data,2012/13,110.20263064344115,Dwelling Fires,2
Moray,Dwelling Fires,Raw data,2012/13,61.48204077230072,Dwelling Fires,2
North Ayrshire,Dwelling Fires,Raw data,2012/13,111.88607962801512,Dwelling Fires,4
North Lanarkshire,Dwelling Fires,Raw data,2012/13,106.51517841292385,Dwelling Fires,4
Orkney Islands,Dwelling Fires,Raw data,2012/13,46.49000464900046,Dwelling Fires,1
Perth and Kinross,Dwelling Fires,Raw data,2012/13,82.16759473040881,Dwelling Fires,1
Renfrewshire,Dwelling Fires,Raw data,2012/13,148.85212114272628,Dwelling Fires,3
Scotland,Dwelling Fires,Raw data,2012/13,109.80502966939814,Dwelling Fires,NA
Scottish Borders,Dwelling Fires,Raw data,2012/13,93.90083369899078,Dwelling Fires,2
Shetland Islands,Dwelling Fires,Raw data,2012/13,77.58620689655172,Dwelling Fires,1
South Ayrshire,Dwelling Fires,Raw data,2012/13,98.3170947741364,Dwelling Fires,3
South Lanarkshire,Dwelling Fires,Raw data,2012/13,92.7631996950251,Dwelling Fires,3
Stirling,Dwelling Fires,Raw data,2012/13,63.00431082126672,Dwelling Fires,2
West Dunbartonshire,Dwelling Fires,Raw data,2012/13,161.468701614687,Dwelling Fires,4
West Lothian,Dwelling Fires,Raw data,2012/13,114.53644082283893,Dwelling Fires,3
Aberdeen City,Dwelling Fires,Raw data,2013/14,130.5158483530143,Dwelling Fires,1
Aberdeenshire,Dwelling Fires,Raw data,2013/14,70.50710882113664,Dwelling Fires,1
Angus,Dwelling Fires,Raw data,2013/14,68.86459499010071,Dwelling Fires,2
Argyll and Bute,Dwelling Fires,Raw data,2013/14,99.4687464677292,Dwelling Fires,2
Clackmannanshire,Dwelling Fires,Raw data,2013/14,81.69616806068858,Dwelling Fires,3
Dumfries and Galloway,Dwelling Fires,Raw data,2013/14,74.69156385461821,Dwelling Fires,3
Dundee City,Dwelling Fires,Raw data,2013/14,149.08179169207835,Dwelling Fires,4
East Ayrshire,Dwelling Fires,Raw data,2013/14,87.52556237218813,Dwelling Fires,4
East Dunbartonshire,Dwelling Fires,Raw data,2013/14,53.78373277976977,Dwelling Fires,1
East Lothian,Dwelling Fires,Raw data,2013/14,81.45240431795878,Dwelling Fires,2
East Renfrewshire,Dwelling Fires,Raw data,2013/14,69.81564306752482,Dwelling Fires,1
"Edinburgh, City of",Dwelling Fires,Raw data,2013/14,125.7119188153671,Dwelling Fires,1
Eilean Siar,Dwelling Fires,Raw data,2013/14,40.21937842778794,Dwelling Fires,4
Falkirk,Dwelling Fires,Raw data,2013/14,82.88173414089894,Dwelling Fires,3
Fife,Dwelling Fires,Raw data,2013/14,63.0561773216138,Dwelling Fires,3
Glasgow City,Dwelling Fires,Raw data,2013/14,154.4799176107106,Dwelling Fires,4
Highland,Dwelling Fires,Raw data,2013/14,61.35232538184315,Dwelling Fires,2
Inverclyde,Dwelling Fires,Raw data,2013/14,131.0745641152467,Dwelling Fires,4
Midlothian,Dwelling Fires,Raw data,2013/14,77.54670426506873,Dwelling Fires,2
Moray,Dwelling Fires,Raw data,2013/14,78.78207175556265,Dwelling Fires,2
North Ayrshire,Dwelling Fires,Raw data,2013/14,107.95040116703136,Dwelling Fires,4
North Lanarkshire,Dwelling Fires,Raw data,2013/14,93.4883583325937,Dwelling Fires,4
Orkney Islands,Dwelling Fires,Raw data,2013/14,46.49000464900046,Dwelling Fires,1
Perth and Kinross,Dwelling Fires,Raw data,2013/14,71.42857142857143,Dwelling Fires,1
Renfrewshire,Dwelling Fires,Raw data,2013/14,150.04867991523966,Dwelling Fires,3
Scotland,Dwelling Fires,Raw data,2013/14,100.1071972617682,Dwelling Fires,NA
Scottish Borders,Dwelling Fires,Raw data,2013/14,96.18747813920952,Dwelling Fires,2
Shetland Islands,Dwelling Fires,Raw data,2013/14,47.4342388960759,Dwelling Fires,1
South Ayrshire,Dwelling Fires,Raw data,2013/14,82.51264306627628,Dwelling Fires,3
South Lanarkshire,Dwelling Fires,Raw data,2013/14,83.27264667700979,Dwelling Fires,3
Stirling,Dwelling Fires,Raw data,2013/14,79.74305017166907,Dwelling Fires,2
West Dunbartonshire,Dwelling Fires,Raw data,2013/14,147.81062458324072,Dwelling Fires,4
West Lothian,Dwelling Fires,Raw data,2013/14,107.29981165458592,Dwelling Fires,3
Aberdeen City,Dwelling Fires,Raw data,2014/15,141.48649246142284,Dwelling Fires,1
Aberdeenshire,Dwelling Fires,Raw data,2014/15,76.52280379553108,Dwelling Fires,1
Angus,Dwelling Fires,Raw data,2014/15,96.95409695409695,Dwelling Fires,2
Argyll and Bute,Dwelling Fires,Raw data,2014/15,99.49123798756358,Dwelling Fires,2
Clackmannanshire,Dwelling Fires,Raw data,2014/15,95.3492897450866,Dwelling Fires,3
Dumfries and Galloway,Dwelling Fires,Raw data,2014/15,65.56061011506557,Dwelling Fires,3
Dundee City,Dwelling Fires,Raw data,2014/15,145.21272986360862,Dwelling Fires,4
East Ayrshire,Dwelling Fires,Raw data,2014/15,92.7293615624487,Dwelling Fires,4
East Dunbartonshire,Dwelling Fires,Raw data,2014/15,68.26257714606321,Dwelling Fires,1
East Lothian,Dwelling Fires,Raw data,2014/15,72.90046656298601,Dwelling Fires,2
East Renfrewshire,Dwelling Fires,Raw data,2014/15,75.642965204236,Dwelling Fires,1
"Edinburgh, City of",Dwelling Fires,Raw data,2014/15,136.5321252059308,Dwelling Fires,1
Eilean Siar,Dwelling Fires,Raw data,2014/15,80.91210003677823,Dwelling Fires,4
Falkirk,Dwelling Fires,Raw data,2014/15,78.20944871876391,Dwelling Fires,3
Fife,Dwelling Fires,Raw data,2014/15,68.511846271427,Dwelling Fires,3
Glasgow City,Dwelling Fires,Raw data,2014/15,159.2603839794851,Dwelling Fires,4
Highland,Dwelling Fires,Raw data,2014/15,69.9030791663093,Dwelling Fires,2
Inverclyde,Dwelling Fires,Raw data,2014/15,140.26812313803376,Dwelling Fires,4
Midlothian,Dwelling Fires,Raw data,2014/15,81.75014392630972,Dwelling Fires,2
Moray,Dwelling Fires,Raw data,2014/15,62.6526494637358,Dwelling Fires,2
North Ayrshire,Dwelling Fires,Raw data,2014/15,122.91483757682178,Dwelling Fires,4
North Lanarkshire,Dwelling Fires,Raw data,2014/15,101.93830516487412,Dwelling Fires,4
Orkney Islands,Dwelling Fires,Raw data,2014/15,69.73500697350069,Dwelling Fires,1
Perth and Kinross,Dwelling Fires,Raw data,2014/15,88.63328822733423,Dwelling Fires,1
Renfrewshire,Dwelling Fires,Raw data,2014/15,140.89327477040672,Dwelling Fires,3
Scotland,Dwelling Fires,Raw data,2014/15,104.55346761186752,Dwelling Fires,NA
Scottish Borders,Dwelling Fires,Raw data,2014/15,72.31855014376579,Dwelling Fires,2
Shetland Islands,Dwelling Fires,Raw data,2014/15,47.14959279897128,Dwelling Fires,1
South Ayrshire,Dwelling Fires,Raw data,2014/15,80.9320526503024,Dwelling Fires,3
South Lanarkshire,Dwelling Fires,Raw data,2014/15,95.97171360020204,Dwelling Fires,3
Stirling,Dwelling Fires,Raw data,2014/15,96.48441832094932,Dwelling Fires,2
West Dunbartonshire,Dwelling Fires,Raw data,2014/15,108.93730546909738,Dwelling Fires,4
West Lothian,Dwelling Fires,Raw data,2014/15,98.26753763135471,Dwelling Fires,3
Aberdeen City,Dwelling Fires,Raw data,2015/16,146.90312334568554,Dwelling Fires,1
Aberdeenshire,Dwelling Fires,Raw data,2015/16,72.93170249943023,Dwelling Fires,1
Angus,Dwelling Fires,Raw data,2015/16,81.28689997433045,Dwelling Fires,2
Argyll and Bute,Dwelling Fires,Raw data,2015/16,72.83486969386594,Dwelling Fires,2
Clackmannanshire,Dwelling Fires,Raw data,2015/16,145.46159813809157,Dwelling Fires,3
Dumfries and Galloway,Dwelling Fires,Raw data,2015/16,63.16355328584868,Dwelling Fires,3
Dundee City,Dwelling Fires,Raw data,2015/16,173.77138202552266,Dwelling Fires,4
East Ayrshire,Dwelling Fires,Raw data,2015/16,85.51225127446143,Dwelling Fires,4
East Dunbartonshire,Dwelling Fires,Raw data,2015/16,71.72799254774104,Dwelling Fires,1
East Lothian,Dwelling Fires,Raw data,2015/16,81.65225744476466,Dwelling Fires,2
East Renfrewshire,Dwelling Fires,Raw data,2015/16,76.25389324454946,Dwelling Fires,1
"Edinburgh, City of",Dwelling Fires,Raw data,2015/16,128.98624554253695,Dwelling Fires,1
Eilean Siar,Dwelling Fires,Raw data,2015/16,74.23904974016332,Dwelling Fires,4
Falkirk,Dwelling Fires,Raw data,2015/16,84.86921274304896,Dwelling Fires,3
Fife,Dwelling Fires,Raw data,2015/16,75.74725484319228,Dwelling Fires,3
Glasgow City,Dwelling Fires,Raw data,2015/16,161.15764911279356,Dwelling Fires,4
Highland,Dwelling Fires,Raw data,2015/16,55.116428113650926,Dwelling Fires,2
Inverclyde,Dwelling Fires,Raw data,2015/16,160.54760423148724,Dwelling Fires,4
Midlothian,Dwelling Fires,Raw data,2015/16,78.27566647759501,Dwelling Fires,2
Moray,Dwelling Fires,Raw data,2015/16,52.75374551593163,Dwelling Fires,2
North Ayrshire,Dwelling Fires,Raw data,2015/16,129.19327607722235,Dwelling Fires,4
North Lanarkshire,Dwelling Fires,Raw data,2015/16,99.18819188191884,Dwelling Fires,4
Orkney Islands,Dwelling Fires,Raw data,2015/16,51.09150023223409,Dwelling Fires,1
Perth and Kinross,Dwelling Fires,Raw data,2015/16,82.16041484275036,Dwelling Fires,1
Renfrewshire,Dwelling Fires,Raw data,2015/16,137.54689098556327,Dwelling Fires,3
Scotland,Dwelling Fires,Raw data,2015/16,105.98501410766671,Dwelling Fires,NA
Scottish Borders,Dwelling Fires,Raw data,2015/16,94.8816155988858,Dwelling Fires,2
Shetland Islands,Dwelling Fires,Raw data,2015/16,81.30081300813008,Dwelling Fires,1
South Ayrshire,Dwelling Fires,Raw data,2015/16,89.97772828507796,Dwelling Fires,3
South Lanarkshire,Dwelling Fires,Raw data,2015/16,92.42957746478874,Dwelling Fires,3
Stirling,Dwelling Fires,Raw data,2015/16,118.78574571051476,Dwelling Fires,2
West Dunbartonshire,Dwelling Fires,Raw data,2015/16,173.42968315730965,Dwelling Fires,4
West Lothian,Dwelling Fires,Raw data,2015/16,84.72661545413466,Dwelling Fires,3
Aberdeen City,Dwelling Fires,Raw data,2016/17,155.32084849560664,Dwelling Fires,1
Aberdeenshire,Dwelling Fires,Raw data,2016/17,69.83717311268835,Dwelling Fires,1
Angus,Dwelling Fires,Raw data,2016/17,84.17074637121017,Dwelling Fires,2
Argyll and Bute,Dwelling Fires,Raw data,2016/17,90.66183136899366,Dwelling Fires,2
Clackmannanshire,Dwelling Fires,Raw data,2016/17,139.69732246798603,Dwelling Fires,3
Dumfries and Galloway,Dwelling Fires,Raw data,2016/17,79.51482479784367,Dwelling Fires,3
Dundee City,Dwelling Fires,Raw data,2016/17,174.5686727346828,Dwelling Fires,4
East Ayrshire,Dwelling Fires,Raw data,2016/17,120.09541827753556,Dwelling Fires,4
East Dunbartonshire,Dwelling Fires,Raw data,2016/17,76.03857566765578,Dwelling Fires,1
East Lothian,Dwelling Fires,Raw data,2016/17,56.10498288322557,Dwelling Fires,2
East Renfrewshire,Dwelling Fires,Raw data,2016/17,68.15035672452348,Dwelling Fires,1
"Edinburgh, City of",Dwelling Fires,Raw data,2016/17,116.54120204500624,Dwelling Fires,1
Eilean Siar,Dwelling Fires,Raw data,2016/17,82.39700374531834,Dwelling Fires,4
Falkirk,Dwelling Fires,Raw data,2016/17,73.72865334929737,Dwelling Fires,3
Fife,Dwelling Fires,Raw data,2016/17,73.7487121088878,Dwelling Fires,3
Glasgow City,Dwelling Fires,Raw data,2016/17,154.4574867821634,Dwelling Fires,4
Highland,Dwelling Fires,Raw data,2016/17,66.5075034106412,Dwelling Fires,2
Inverclyde,Dwelling Fires,Raw data,2016/17,163.52515291474225,Dwelling Fires,4
Midlothian,Dwelling Fires,Raw data,2016/17,86.0912343470483,Dwelling Fires,2
Moray,Dwelling Fires,Raw data,2016/17,57.839941108423595,Dwelling Fires,2
North Ayrshire,Dwelling Fires,Raw data,2016/17,122.84831543327938,Dwelling Fires,4
North Lanarkshire,Dwelling Fires,Raw data,2016/17,103.9060430341742,Dwelling Fires,4
Orkney Islands,Dwelling Fires,Raw data,2016/17,32.362459546925564,Dwelling Fires,1
Perth and Kinross,Dwelling Fires,Raw data,2016/17,97.8814695628855,Dwelling Fires,1
Renfrewshire,Dwelling Fires,Raw data,2016/17,115.51899019497353,Dwelling Fires,3
Scotland,Dwelling Fires,Raw data,2016/17,103.07168505460568,Dwelling Fires,NA
Scottish Borders,Dwelling Fires,Raw data,2016/17,78.82882882882883,Dwelling Fires,2
Shetland Islands,Dwelling Fires,Raw data,2016/17,38.743004735256136,Dwelling Fires,1
South Ayrshire,Dwelling Fires,Raw data,2016/17,86.46046884749086,Dwelling Fires,3
South Lanarkshire,Dwelling Fires,Raw data,2016/17,78.37236276999279,Dwelling Fires,3
Stirling,Dwelling Fires,Raw data,2016/17,93.87621438707563,Dwelling Fires,2
West Dunbartonshire,Dwelling Fires,Raw data,2016/17,158.41364794505373,Dwelling Fires,4
West Lothian,Dwelling Fires,Raw data,2016/17,77.40198552919401,Dwelling Fires,3
Aberdeen City,Dwelling Fires,Raw data,2017/18,123.72147036491133,Dwelling Fires,1
Aberdeenshire,Dwelling Fires,Raw data,2017/18,63.529501274394185,Dwelling Fires,1
Angus,Dwelling Fires,Raw data,2017/18,68.06237615232187,Dwelling Fires,2
Argyll and Bute,Dwelling Fires,Raw data,2017/18,98.74021109976164,Dwelling Fires,2
Clackmannanshire,Dwelling Fires,Raw data,2017/18,98.74152952565343,Dwelling Fires,3
Dumfries and Galloway,Dwelling Fires,Raw data,2017/18,69.6793397375186,Dwelling Fires,3
Dundee City,Dwelling Fires,Raw data,2017/18,145.4373266590002,Dwelling Fires,4
East Ayrshire,Dwelling Fires,Raw data,2017/18,71.82366053000908,Dwelling Fires,4
East Dunbartonshire,Dwelling Fires,Raw data,2017/18,61.77392587128895,Dwelling Fires,1
East Lothian,Dwelling Fires,Raw data,2017/18,71.65755232887045,Dwelling Fires,2
East Renfrewshire,Dwelling Fires,Raw data,2017/18,88.5608856088561,Dwelling Fires,1
"Edinburgh, City of",Dwelling Fires,Raw data,2017/18,104.87697890497267,Dwelling Fires,1
Eilean Siar,Dwelling Fires,Raw data,2017/18,56.20082427875609,Dwelling Fires,4
Falkirk,Dwelling Fires,Raw data,2017/18,76.59948515100145,Dwelling Fires,3
Fife,Dwelling Fires,Raw data,2017/18,82.3000703882181,Dwelling Fires,3
Glasgow City,Dwelling Fires,Raw data,2017/18,158.99775221472962,Dwelling Fires,4
Highland,Dwelling Fires,Raw data,2017/18,63.8895987733197,Dwelling Fires,2
Inverclyde,Dwelling Fires,Raw data,2017/18,129.00801603206412,Dwelling Fires,4
Midlothian,Dwelling Fires,Raw data,2017/18,76.94844454215675,Dwelling Fires,2
Moray,Dwelling Fires,Raw data,2017/18,41.21314593680651,Dwelling Fires,2
North Ayrshire,Dwelling Fires,Raw data,2017/18,119.29307805596464,Dwelling Fires,4
North Lanarkshire,Dwelling Fires,Raw data,2017/18,90.20921485660554,Dwelling Fires,4
Orkney Islands,Dwelling Fires,Raw data,2017/18,27.624309392265197,Dwelling Fires,1
Perth and Kinross,Dwelling Fires,Raw data,2017/18,77.56603142761618,Dwelling Fires,1
Renfrewshire,Dwelling Fires,Raw data,2017/18,124.85303174514304,Dwelling Fires,3
Scotland,Dwelling Fires,Raw data,2017/18,98.5361509489972,Dwelling Fires,NA
Scottish Borders,Dwelling Fires,Raw data,2017/18,86.25150940141452,Dwelling Fires,2
Shetland Islands,Dwelling Fires,Raw data,2017/18,56.25270445694504,Dwelling Fires,1
South Ayrshire,Dwelling Fires,Raw data,2017/18,94.31444078654684,Dwelling Fires,3
South Lanarkshire,Dwelling Fires,Raw data,2017/18,86.76383383789519,Dwelling Fires,3
Stirling,Dwelling Fires,Raw data,2017/18,96.96045320841051,Dwelling Fires,2
West Dunbartonshire,Dwelling Fires,Raw data,2017/18,175.30234106290914,Dwelling Fires,4
West Lothian,Dwelling Fires,Raw data,2017/18,94.3923145665773,Dwelling Fires,3
Aberdeen City,Dwelling Fires,Raw data,2018/19,130.0805689336994,Dwelling Fires,1
Aberdeenshire,Dwelling Fires,Raw data,2018/19,64.46199031162986,Dwelling Fires,1
Angus,Dwelling Fires,Raw data,2018/19,71.81173213358713,Dwelling Fires,2
Argyll and Bute,Dwelling Fires,Raw data,2018/19,103.86942129893848,Dwelling Fires,2
Clackmannanshire,Dwelling Fires,Raw data,2018/19,89.19914679076982,Dwelling Fires,3
Dumfries and Galloway,Dwelling Fires,Raw data,2018/19,57.13897013808584,Dwelling Fires,3
Dundee City,Dwelling Fires,Raw data,2018/19,137.33847506934578,Dwelling Fires,4
East Ayrshire,Dwelling Fires,Raw data,2018/19,72.85371305571654,Dwelling Fires,4
East Dunbartonshire,Dwelling Fires,Raw data,2018/19,64.49235304956697,Dwelling Fires,1
East Lothian,Dwelling Fires,Raw data,2018/19,70.06726457399103,Dwelling Fires,2
East Renfrewshire,Dwelling Fires,Raw data,2018/19,63.09148264984228,Dwelling Fires,1
"Edinburgh, City of",Dwelling Fires,Raw data,2018/19,102.00443669782918,Dwelling Fires,1
Eilean Siar,Dwelling Fires,Raw data,2018/19,86.79245283018868,Dwelling Fires,4
Falkirk,Dwelling Fires,Raw data,2018/19,79.17059377945336,Dwelling Fires,3
Fife,Dwelling Fires,Raw data,2018/19,72.30873392010834,Dwelling Fires,3
Glasgow City,Dwelling Fires,Raw data,2018/19,146.913985554826,Dwelling Fires,4
Highland,Dwelling Fires,Raw data,2018/19,65.24242036586926,Dwelling Fires,2
Inverclyde,Dwelling Fires,Raw data,2018/19,115.91281340556884,Dwelling Fires,4
Midlothian,Dwelling Fires,Raw data,2018/19,61.82212581344902,Dwelling Fires,2
Moray,Dwelling Fires,Raw data,2018/19,61.64965986394557,Dwelling Fires,2
North Ayrshire,Dwelling Fires,Raw data,2018/19,133.2050617923481,Dwelling Fires,4
North Lanarkshire,Dwelling Fires,Raw data,2018/19,100.78157136980666,Dwelling Fires,4
Orkney Islands,Dwelling Fires,Raw data,2018/19,32.09536909674461,Dwelling Fires,1
Perth and Kinross,Dwelling Fires,Raw data,2018/19,75.6561328334226,Dwelling Fires,1
Renfrewshire,Dwelling Fires,Raw data,2018/19,122.48761204832694,Dwelling Fires,3
Scotland,Dwelling Fires,Raw data,2018/19,95.3784550358712,Dwelling Fires,NA
Scottish Borders,Dwelling Fires,Raw data,2018/19,89.53168044077134,Dwelling Fires,2
Shetland Islands,Dwelling Fires,Raw data,2018/19,17.39130434782609,Dwelling Fires,1
South Ayrshire,Dwelling Fires,Raw data,2018/19,84.83657796035006,Dwelling Fires,3
South Lanarkshire,Dwelling Fires,Raw data,2018/19,80.62507782343418,Dwelling Fires,3
Stirling,Dwelling Fires,Raw data,2018/19,76.12833061446437,Dwelling Fires,2
West Dunbartonshire,Dwelling Fires,Raw data,2018/19,162.80107047279213,Dwelling Fires,4
West Lothian,Dwelling Fires,Raw data,2018/19,89.28073210200324,Dwelling Fires,3
Aberdeen City,Dwelling Fires,Raw data,2019/20,131.08277967319088,Dwelling Fires,1
Aberdeenshire,Dwelling Fires,Raw data,2019/20,63.77940727161625,Dwelling Fires,1
Angus,Dwelling Fires,Raw data,2019/20,77.04960609471041,Dwelling Fires,2
Argyll and Bute,Dwelling Fires,Raw data,2019/20,100.7095445181964,Dwelling Fires,2
Clackmannanshire,Dwelling Fires,Raw data,2019/20,96.7117988394584,Dwelling Fires,3
Dumfries and Galloway,Dwelling Fires,Raw data,2019/20,66.73476336397685,Dwelling Fires,3
Dundee City,Dwelling Fires,Raw data,2019/20,126.7273340074149,Dwelling Fires,4
East Ayrshire,Dwelling Fires,Raw data,2019/20,88.52486142136179,Dwelling Fires,4
East Dunbartonshire,Dwelling Fires,Raw data,2019/20,64.29096252755328,Dwelling Fires,1
East Lothian,Dwelling Fires,Raw data,2019/20,54.377880184331794,Dwelling Fires,2
East Renfrewshire,Dwelling Fires,Raw data,2019/20,70.18646553530274,Dwelling Fires,1
"Edinburgh, City of",Dwelling Fires,Raw data,2019/20,94.80440457730585,Dwelling Fires,1
Eilean Siar,Dwelling Fires,Raw data,2019/20,75.93014426727412,Dwelling Fires,4
Falkirk,Dwelling Fires,Raw data,2019/20,73.30827067669172,Dwelling Fires,3
Fife,Dwelling Fires,Raw data,2019/20,63.94172399838122,Dwelling Fires,3
Glasgow City,Dwelling Fires,Raw data,2019/20,147.1331041337396,Dwelling Fires,4
Highland,Dwelling Fires,Raw data,2019/20,51.59914712153518,Dwelling Fires,2
Inverclyde,Dwelling Fires,Raw data,2019/20,112.40212174791614,Dwelling Fires,4
Midlothian,Dwelling Fires,Raw data,2019/20,79.21216013701563,Dwelling Fires,2
Moray,Dwelling Fires,Raw data,2019/20,87.09506107275624,Dwelling Fires,2
North Ayrshire,Dwelling Fires,Raw data,2019/20,124.81426448736998,Dwelling Fires,4
North Lanarkshire,Dwelling Fires,Raw data,2019/20,80.79388776675157,Dwelling Fires,4
Orkney Islands,Dwelling Fires,Raw data,2019/20,50.32021957913998,Dwelling Fires,1
Perth and Kinross,Dwelling Fires,Raw data,2019/20,74.12353923205343,Dwelling Fires,1
Renfrewshire,Dwelling Fires,Raw data,2019/20,90.51771718732752,Dwelling Fires,3
Scotland,Dwelling Fires,Raw data,2019/20,90.33318557919624,Dwelling Fires,NA
Scottish Borders,Dwelling Fires,Raw data,2019/20,88.45757471659225,Dwelling Fires,2
Shetland Islands,Dwelling Fires,Raw data,2019/20,52.356020942408385,Dwelling Fires,1
South Ayrshire,Dwelling Fires,Raw data,2019/20,87.5,Dwelling Fires,3
South Lanarkshire,Dwelling Fires,Raw data,2019/20,77.06353873293925,Dwelling Fires,3
Stirling,Dwelling Fires,Raw data,2019/20,56.44198415282753,Dwelling Fires,2
West Dunbartonshire,Dwelling Fires,Raw data,2019/20,128.36254046210516,Dwelling Fires,4
West Lothian,Dwelling Fires,Raw data,2019/20,72.9073909171861,Dwelling Fires,3
Aberdeen City,Dwelling Fires,Raw data,2020/21,109.11050244712854,Dwelling Fires,1
Aberdeenshire,Dwelling Fires,Raw data,2020/21,65.78695735322242,Dwelling Fires,1
Angus,Dwelling Fires,Raw data,2020/21,69.56521739130436,Dwelling Fires,2
Argyll and Bute,Dwelling Fires,Raw data,2020/21,99.79353062629043,Dwelling Fires,2
Clackmannanshire,Dwelling Fires,Raw data,2020/21,108.88586428154774,Dwelling Fires,3
Dumfries and Galloway,Dwelling Fires,Raw data,2020/21,50.63637607773368,Dwelling Fires,3
Dundee City,Dwelling Fires,Raw data,2020/21,141.0637149028078,Dwelling Fires,4
East Ayrshire,Dwelling Fires,Raw data,2020/21,90.56164838816882,Dwelling Fires,4
East Dunbartonshire,Dwelling Fires,Raw data,2020/21,67.95224977043159,Dwelling Fires,1
East Lothian,Dwelling Fires,Raw data,2020/21,44.74885844748859,Dwelling Fires,2
East Renfrewshire,Dwelling Fires,Raw data,2020/21,55.27743012098456,Dwelling Fires,1
"Edinburgh, City of",Dwelling Fires,Raw data,2020/21,82.58640259892755,Dwelling Fires,1
Eilean Siar,Dwelling Fires,Raw data,2020/21,84.3558282208589,Dwelling Fires,4
Falkirk,Dwelling Fires,Raw data,2020/21,68.51037083595223,Dwelling Fires,3
Fife,Dwelling Fires,Raw data,2020/21,66.60913650827895,Dwelling Fires,3
Glasgow City,Dwelling Fires,Raw data,2020/21,129.4366655812439,Dwelling Fires,4
Highland,Dwelling Fires,Raw data,2020/21,56.431961010645125,Dwelling Fires,2
Inverclyde,Dwelling Fires,Raw data,2020/21,139.91350801322818,Dwelling Fires,4
Midlothian,Dwelling Fires,Raw data,2020/21,62.64599702696963,Dwelling Fires,2
Moray,Dwelling Fires,Raw data,2020/21,54.34203516249333,Dwelling Fires,2
North Ayrshire,Dwelling Fires,Raw data,2020/21,114.8653688371746,Dwelling Fires,4
North Lanarkshire,Dwelling Fires,Raw data,2020/21,93.13223019475764,Dwelling Fires,4
Orkney Islands,Dwelling Fires,Raw data,2020/21,18.214936247723134,Dwelling Fires,1
Perth and Kinross,Dwelling Fires,Raw data,2020/21,68.91937102709936,Dwelling Fires,1
Renfrewshire,Dwelling Fires,Raw data,2020/21,101.7657736949227,Dwelling Fires,3
Scotland,Dwelling Fires,Raw data,2020/21,86.16134931924405,Dwelling Fires,NA
Scottish Borders,Dwelling Fires,Raw data,2020/21,73.04915778618081,Dwelling Fires,2
Shetland Islands,Dwelling Fires,Raw data,2020/21,109.26573426573428,Dwelling Fires,1
South Ayrshire,Dwelling Fires,Raw data,2020/21,80.74645612775883,Dwelling Fires,3
South Lanarkshire,Dwelling Fires,Raw data,2020/21,78.79124953652206,Dwelling Fires,3
Stirling,Dwelling Fires,Raw data,2020/21,65.10416666666666,Dwelling Fires,2
West Dunbartonshire,Dwelling Fires,Raw data,2020/21,131.4016172506739,Dwelling Fires,4
West Lothian,Dwelling Fires,Raw data,2020/21,63.92795597309467,Dwelling Fires,3
Aberdeen City,Dwelling Fires,Raw data,2021/22,101.07419661877351,Dwelling Fires,1
Aberdeenshire,Dwelling Fires,Raw data,2021/22,55.12050482779593,Dwelling Fires,1
Angus,Dwelling Fires,Raw data,2021/22,80.02783576896312,Dwelling Fires,2
Argyll and Bute,Dwelling Fires,Raw data,2021/22,89.78292987839527,Dwelling Fires,2
Clackmannanshire,Dwelling Fires,Raw data,2021/22,89.07823392718824,Dwelling Fires,3
Dumfries and Galloway,Dwelling Fires,Raw data,2021/22,62.87159160800929,Dwelling Fires,3
Dundee City,Dwelling Fires,Raw data,2021/22,117.7431429932621,Dwelling Fires,4
East Ayrshire,Dwelling Fires,Raw data,2021/22,78.82509127115831,Dwelling Fires,4
East Dunbartonshire,Dwelling Fires,Raw data,2021/22,45.87997797761057,Dwelling Fires,1
East Lothian,Dwelling Fires,Raw data,2021/22,67.3551863493489,Dwelling Fires,2
East Renfrewshire,Dwelling Fires,Raw data,2021/22,58.15764876934261,Dwelling Fires,1
"Edinburgh, City of",Dwelling Fires,Raw data,2021/22,89.26811965475112,Dwelling Fires,1
Eilean Siar,Dwelling Fires,Raw data,2021/22,68.78104700038212,Dwelling Fires,4
Falkirk,Dwelling Fires,Raw data,2021/22,85.59919436052367,Dwelling Fires,3
Fife,Dwelling Fires,Raw data,2021/22,63.61528923392096,Dwelling Fires,3
Glasgow City,Dwelling Fires,Raw data,2021/22,129.6009140618624,Dwelling Fires,4
Highland,Dwelling Fires,Raw data,2021/22,69.10879335198847,Dwelling Fires,2
Inverclyde,Dwelling Fires,Raw data,2021/22,108.37689659569044,Dwelling Fires,4
Midlothian,Dwelling Fires,Raw data,2021/22,56.43222907304839,Dwelling Fires,2
Moray,Dwelling Fires,Raw data,2021/22,73.2017823042648,Dwelling Fires,2
North Ayrshire,Dwelling Fires,Raw data,2021/22,111.26876260174744,Dwelling Fires,4
North Lanarkshire,Dwelling Fires,Raw data,2021/22,82.89153803344952,Dwelling Fires,4
Orkney Islands,Dwelling Fires,Raw data,2021/22,45.433893684688776,Dwelling Fires,1
Perth and Kinross,Dwelling Fires,Raw data,2021/22,66.98501127470487,Dwelling Fires,1
Renfrewshire,Dwelling Fires,Raw data,2021/22,103.5276073619632,Dwelling Fires,3
Scotland,Dwelling Fires,Raw data,2021/22,85.54185737487082,Dwelling Fires,NA
Scottish Borders,Dwelling Fires,Raw data,2021/22,68.33518407790211,Dwelling Fires,2
Shetland Islands,Dwelling Fires,Raw data,2021/22,61.02877070619006,Dwelling Fires,1
South Ayrshire,Dwelling Fires,Raw data,2021/22,72.59365477684173,Dwelling Fires,3
South Lanarkshire,Dwelling Fires,Raw data,2021/22,79.56989247311827,Dwelling Fires,3
Stirling,Dwelling Fires,Raw data,2021/22,72.09175314036045,Dwelling Fires,2
West Dunbartonshire,Dwelling Fires,Raw data,2021/22,126.46793134598012,Dwelling Fires,4
West Lothian,Dwelling Fires,Raw data,2021/22,86.8074753953334,Dwelling Fires,3
Aberdeen City,Dwelling Fires,Raw data,2022/23,104.79375696767002,Dwelling Fires,1
Aberdeenshire,Dwelling Fires,Raw data,2022/23,63.69668246445498,Dwelling Fires,1
Angus,Dwelling Fires,Raw data,2022/23,58.43362986220129,Dwelling Fires,2
Argyll and Bute,Dwelling Fires,Raw data,2022/23,63.69426751592356,Dwelling Fires,2
Clackmannanshire,Dwelling Fires,Raw data,2022/23,44.44444444444445,Dwelling Fires,3
Dumfries and Galloway,Dwelling Fires,Raw data,2022/23,60.369074569527335,Dwelling Fires,3
Dundee City,Dwelling Fires,Raw data,2022/23,128.07549713515334,Dwelling Fires,4
East Ayrshire,Dwelling Fires,Raw data,2022/23,83.06337735692333,Dwelling Fires,4
East Dunbartonshire,Dwelling Fires,Raw data,2022/23,63.314369609102584,Dwelling Fires,1
East Lothian,Dwelling Fires,Raw data,2022/23,53.35704757670075,Dwelling Fires,2
East Renfrewshire,Dwelling Fires,Raw data,2022/23,55.57842733635241,Dwelling Fires,1
"Edinburgh, City of",Dwelling Fires,Raw data,2022/23,83.30258839977475,Dwelling Fires,1
Eilean Siar,Dwelling Fires,Raw data,2022/23,91.88361408882082,Dwelling Fires,4
Falkirk,Dwelling Fires,Raw data,2022/23,61.218049857999375,Dwelling Fires,3
Fife,Dwelling Fires,Raw data,2022/23,52.51252221683632,Dwelling Fires,3
Glasgow City,Dwelling Fires,Raw data,2022/23,114.4793038116952,Dwelling Fires,4
Highland,Dwelling Fires,Raw data,2022/23,66.60727164736329,Dwelling Fires,2
Inverclyde,Dwelling Fires,Raw data,2022/23,121.26627521062036,Dwelling Fires,4
Midlothian,Dwelling Fires,Raw data,2022/23,51.53045449860869,Dwelling Fires,2
Moray,Dwelling Fires,Raw data,2022/23,60.45820958845991,Dwelling Fires,2
North Ayrshire,Dwelling Fires,Raw data,2022/23,92.89085324743426,Dwelling Fires,4
North Lanarkshire,Dwelling Fires,Raw data,2022/23,73.62215117472796,Dwelling Fires,4
Orkney Islands,Dwelling Fires,Raw data,2022/23,81.74386920980926,Dwelling Fires,1
Perth and Kinross,Dwelling Fires,Raw data,2022/23,56.908417151932234,Dwelling Fires,1
Renfrewshire,Dwelling Fires,Raw data,2022/23,93.84832374959312,Dwelling Fires,3
Scotland,Dwelling Fires,Raw data,2022/23,79.00581896947335,Dwelling Fires,NA
Scottish Borders,Dwelling Fires,Raw data,2022/23,63.34531758260571,Dwelling Fires,2
Shetland Islands,Dwelling Fires,Raw data,2022/23,69.50477845351868,Dwelling Fires,1
South Ayrshire,Dwelling Fires,Raw data,2022/23,86.94872714234494,Dwelling Fires,3
South Lanarkshire,Dwelling Fires,Raw data,2022/23,74.21433588858687,Dwelling Fires,3
Stirling,Dwelling Fires,Raw data,2022/23,65.92456500594402,Dwelling Fires,2
West Dunbartonshire,Dwelling Fires,Raw data,2022/23,120.08609946754278,Dwelling Fires,4
West Lothian,Dwelling Fires,Raw data,2022/23,70.43803653973146,Dwelling Fires,3
Aberdeen City,Dwelling Fires,Raw data,2023/24,104.63899546564352,Dwelling Fires,1
Aberdeenshire,Dwelling Fires,Raw data,2023/24,60.84426136578361,Dwelling Fires,1
Angus,Dwelling Fires,Raw data,2023/24,56.54632448890822,Dwelling Fires,2
Argyll and Bute,Dwelling Fires,Raw data,2023/24,80.71850841291496,Dwelling Fires,2
Clackmannanshire,Dwelling Fires,Raw data,2023/24,67.28181468665898,Dwelling Fires,3
Dumfries and Galloway,Dwelling Fires,Raw data,2023/24,58.94852285968881,Dwelling Fires,3
Dundee City,Dwelling Fires,Raw data,2023/24,109.97800439912018,Dwelling Fires,4
East Ayrshire,Dwelling Fires,Raw data,2023/24,89.35219657483246,Dwelling Fires,4
East Dunbartonshire,Dwelling Fires,Raw data,2023/24,59.40956036925327,Dwelling Fires,1
East Lothian,Dwelling Fires,Raw data,2023/24,50.08347245409015,Dwelling Fires,2
East Renfrewshire,Dwelling Fires,Raw data,2023/24,46.57756176589712,Dwelling Fires,1
"Edinburgh, City of",Dwelling Fires,Raw data,2023/24,81.08520624260693,Dwelling Fires,1
Eilean Siar,Dwelling Fires,Raw data,2023/24,65.284178187404,Dwelling Fires,4
Falkirk,Dwelling Fires,Raw data,2023/24,69.80254056093573,Dwelling Fires,3
Fife,Dwelling Fires,Raw data,2023/24,61.300425623042536,Dwelling Fires,3
Glasgow City,Dwelling Fires,Raw data,2023/24,107.86523890036948,Dwelling Fires,4
Highland,Dwelling Fires,Raw data,2023/24,50.31286994757314,Dwelling Fires,2
Inverclyde,Dwelling Fires,Raw data,2023/24,87.58568164508758,Dwelling Fires,4
Midlothian,Dwelling Fires,Raw data,2023/24,48.795364440378165,Dwelling Fires,2
Moray,Dwelling Fires,Raw data,2023/24,69.62759784787424,Dwelling Fires,2
North Ayrshire,Dwelling Fires,Raw data,2023/24,97.21806760394854,Dwelling Fires,4
North Lanarkshire,Dwelling Fires,Raw data,2023/24,73.8082735282105,Dwelling Fires,4
Orkney Islands,Dwelling Fires,Raw data,2023/24,40.87193460490463,Dwelling Fires,1
Perth and Kinross,Dwelling Fires,Raw data,2023/24,81.0934536655549,Dwelling Fires,1
Renfrewshire,Dwelling Fires,Raw data,2023/24,87.63024312049158,Dwelling Fires,3
Scotland,Dwelling Fires,Raw data,2023/24,69.21540138031239,Dwelling Fires,NA
Scottish Borders,Dwelling Fires,Raw data,2023/24,60.7460643394935,Dwelling Fires,2
Shetland Islands,Dwelling Fires,Raw data,2023/24,99.56709956709956,Dwelling Fires,1
South Ayrshire,Dwelling Fires,Raw data,2023/24,67.89351438270502,Dwelling Fires,3
South Lanarkshire,Dwelling Fires,Raw data,2023/24,71.58174514482467,Dwelling Fires,3
Stirling,Dwelling Fires,Raw data,2023/24,55.591190934359624,Dwelling Fires,2
West Dunbartonshire,Dwelling Fires,Raw data,2023/24,143.91724758264,Dwelling Fires,4
West Lothian,Dwelling Fires,Raw data,2023/24,59.69501275302545,Dwelling Fires,3
Aberdeen City,Unplanned Hospital Attendances,Raw data,2012/13,21115.55733404473,Unplanned Hospital Attendances,1
Aberdeenshire,Unplanned Hospital Attendances,Raw data,2012/13,10758.334637658476,Unplanned Hospital Attendances,1
Angus,Unplanned Hospital Attendances,Raw data,2012/13,7962.484942350715,Unplanned Hospital Attendances,2
Argyll and Bute,Unplanned Hospital Attendances,Raw data,2012/13,11896.214474743989,Unplanned Hospital Attendances,2
Clackmannanshire,Unplanned Hospital Attendances,Raw data,2012/13,14921.996879875194,Unplanned Hospital Attendances,3
Dumfries and Galloway,Unplanned Hospital Attendances,Raw data,2012/13,28634.9774595598,Unplanned Hospital Attendances,3
Dundee City,Unplanned Hospital Attendances,Raw data,2012/13,19314.52158614156,Unplanned Hospital Attendances,4
East Ayrshire,Unplanned Hospital Attendances,Raw data,2012/13,32069.583638882097,Unplanned Hospital Attendances,4
East Dunbartonshire,Unplanned Hospital Attendances,Raw data,2012/13,18954.47676615036,Unplanned Hospital Attendances,1
East Lothian,Unplanned Hospital Attendances,Raw data,2012/13,21705.334126512,Unplanned Hospital Attendances,2
East Renfrewshire,Unplanned Hospital Attendances,Raw data,2012/13,25538.22495606327,Unplanned Hospital Attendances,1
"Edinburgh, City of",Unplanned Hospital Attendances,Raw data,2012/13,20228.74665893127,Unplanned Hospital Attendances,1
Eilean Siar,Unplanned Hospital Attendances,Raw data,2012/13,22329.462989840347,Unplanned Hospital Attendances,4
Falkirk,Unplanned Hospital Attendances,Raw data,2012/13,23547.831632653066,Unplanned Hospital Attendances,3
Fife,Unplanned Hospital Attendances,Raw data,2012/13,18223.150651265667,Unplanned Hospital Attendances,3
Glasgow City,Unplanned Hospital Attendances,Raw data,2012/13,33220.96560068563,Unplanned Hospital Attendances,4
Highland,Unplanned Hospital Attendances,Raw data,2012/13,16602.68796427498,Unplanned Hospital Attendances,2
Inverclyde,Unplanned Hospital Attendances,Raw data,2012/13,35984.63254430537,Unplanned Hospital Attendances,4
Midlothian,Unplanned Hospital Attendances,Raw data,2012/13,27334.995251661916,Unplanned Hospital Attendances,2
Moray,Unplanned Hospital Attendances,Raw data,2012/13,22447.00312062843,Unplanned Hospital Attendances,2
North Ayrshire,Unplanned Hospital Attendances,Raw data,2012/13,29290.5429962928,Unplanned Hospital Attendances,4
North Lanarkshire,Unplanned Hospital Attendances,Raw data,2012/13,33191.867175708074,Unplanned Hospital Attendances,4
Orkney Islands,Unplanned Hospital Attendances,Raw data,2012/13,20780.543202980552,Unplanned Hospital Attendances,1
Perth and Kinross,Unplanned Hospital Attendances,Raw data,2012/13,17594.422634357656,Unplanned Hospital Attendances,1
Renfrewshire,Unplanned Hospital Attendances,Raw data,2012/13,33873.20711417097,Unplanned Hospital Attendances,3
Scotland,Unplanned Hospital Attendances,Raw data,2012/13,25447.3803071364,Unplanned Hospital Attendances,NA
Scottish Borders,Unplanned Hospital Attendances,Raw data,2012/13,20406.260991909956,Unplanned Hospital Attendances,2
Shetland Islands,Unplanned Hospital Attendances,Raw data,2012/13,30788.453252908228,Unplanned Hospital Attendances,1
South Ayrshire,Unplanned Hospital Attendances,Raw data,2012/13,33124.335812964935,Unplanned Hospital Attendances,3
South Lanarkshire,Unplanned Hospital Attendances,Raw data,2012/13,30333.08942830783,Unplanned Hospital Attendances,3
Stirling,Unplanned Hospital Attendances,Raw data,2012/13,13341.39105592792,Unplanned Hospital Attendances,2
West Dunbartonshire,Unplanned Hospital Attendances,Raw data,2012/13,21201.018375027674,Unplanned Hospital Attendances,4
West Lothian,Unplanned Hospital Attendances,Raw data,2012/13,27675.700244304306,Unplanned Hospital Attendances,3
Aberdeen City,Unplanned Hospital Attendances,Raw data,2013/14,21503.501123001715,Unplanned Hospital Attendances,1
Aberdeenshire,Unplanned Hospital Attendances,Raw data,2013/14,10556.697831400084,Unplanned Hospital Attendances,1
Angus,Unplanned Hospital Attendances,Raw data,2013/14,8214.807808066042,Unplanned Hospital Attendances,2
Argyll and Bute,Unplanned Hospital Attendances,Raw data,2013/14,11886.42816581488,Unplanned Hospital Attendances,2
Clackmannanshire,Unplanned Hospital Attendances,Raw data,2013/14,15508.970358814351,Unplanned Hospital Attendances,3
Dumfries and Galloway,Unplanned Hospital Attendances,Raw data,2013/14,29045.78120841097,Unplanned Hospital Attendances,3
Dundee City,Unplanned Hospital Attendances,Raw data,2013/14,19839.972991222145,Unplanned Hospital Attendances,4
East Ayrshire,Unplanned Hospital Attendances,Raw data,2013/14,32390.753900187865,Unplanned Hospital Attendances,4
East Dunbartonshire,Unplanned Hospital Attendances,Raw data,2013/14,19209.183673469382,Unplanned Hospital Attendances,1
East Lothian,Unplanned Hospital Attendances,Raw data,2013/14,22057.4021106618,Unplanned Hospital Attendances,2
East Renfrewshire,Unplanned Hospital Attendances,Raw data,2013/14,24997.268655085765,Unplanned Hospital Attendances,1
"Edinburgh, City of",Unplanned Hospital Attendances,Raw data,2013/14,20447.831616953183,Unplanned Hospital Attendances,1
Eilean Siar,Unplanned Hospital Attendances,Raw data,2013/14,22080.29197080292,Unplanned Hospital Attendances,4
Falkirk,Unplanned Hospital Attendances,Raw data,2013/14,24078.64596589463,Unplanned Hospital Attendances,3
Fife,Unplanned Hospital Attendances,Raw data,2013/14,18639.13872989915,Unplanned Hospital Attendances,3
Glasgow City,Unplanned Hospital Attendances,Raw data,2013/14,33723.42922282572,Unplanned Hospital Attendances,4
Highland,Unplanned Hospital Attendances,Raw data,2013/14,17092.688790623793,Unplanned Hospital Attendances,2
Inverclyde,Unplanned Hospital Attendances,Raw data,2013/14,35776.69902912621,Unplanned Hospital Attendances,4
Midlothian,Unplanned Hospital Attendances,Raw data,2013/14,27229.37079447527,Unplanned Hospital Attendances,2
Moray,Unplanned Hospital Attendances,Raw data,2013/14,23009.74989402289,Unplanned Hospital Attendances,2
North Ayrshire,Unplanned Hospital Attendances,Raw data,2013/14,29961.296918358406,Unplanned Hospital Attendances,4
North Lanarkshire,Unplanned Hospital Attendances,Raw data,2013/14,32732.84386286932,Unplanned Hospital Attendances,4
Orkney Islands,Unplanned Hospital Attendances,Raw data,2013/14,21528.3456953356,Unplanned Hospital Attendances,1
Perth and Kinross,Unplanned Hospital Attendances,Raw data,2013/14,17381.065168843474,Unplanned Hospital Attendances,1
Renfrewshire,Unplanned Hospital Attendances,Raw data,2013/14,33397.55017539824,Unplanned Hospital Attendances,3
Scotland,Unplanned Hospital Attendances,Raw data,2013/14,25247.085984571204,Unplanned Hospital Attendances,NA
Scottish Borders,Unplanned Hospital Attendances,Raw data,2013/14,21610.467158412364,Unplanned Hospital Attendances,2
Shetland Islands,Unplanned Hospital Attendances,Raw data,2013/14,30482.758620689652,Unplanned Hospital Attendances,1
South Ayrshire,Unplanned Hospital Attendances,Raw data,2013/14,33183.308230707895,Unplanned Hospital Attendances,3
South Lanarkshire,Unplanned Hospital Attendances,Raw data,2013/14,30290.651504081827,Unplanned Hospital Attendances,3
Stirling,Unplanned Hospital Attendances,Raw data,2013/14,13554.751726405788,Unplanned Hospital Attendances,2
West Dunbartonshire,Unplanned Hospital Attendances,Raw data,2013/14,21786.19153674833,Unplanned Hospital Attendances,4
West Lothian,Unplanned Hospital Attendances,Raw data,2013/14,27232.629427792916,Unplanned Hospital Attendances,3
Aberdeen City,Unplanned Hospital Attendances,Raw data,2014/15,20543.858116372532,Unplanned Hospital Attendances,1
Aberdeenshire,Unplanned Hospital Attendances,Raw data,2014/15,10234.905769009329,Unplanned Hospital Attendances,1
Angus,Unplanned Hospital Attendances,Raw data,2014/15,8434.12712009594,Unplanned Hospital Attendances,2
Argyll and Bute,Unplanned Hospital Attendances,Raw data,2014/15,13035.938391329151,Unplanned Hospital Attendances,2
Clackmannanshire,Unplanned Hospital Attendances,Raw data,2014/15,16653.643289705018,Unplanned Hospital Attendances,3
Dumfries and Galloway,Unplanned Hospital Attendances,Raw data,2014/15,29381.168311549747,Unplanned Hospital Attendances,3
Dundee City,Unplanned Hospital Attendances,Raw data,2014/15,19693.51245527577,Unplanned Hospital Attendances,4
East Ayrshire,Unplanned Hospital Attendances,Raw data,2014/15,33353.80332432654,Unplanned Hospital Attendances,4
East Dunbartonshire,Unplanned Hospital Attendances,Raw data,2014/15,19846.31243557305,Unplanned Hospital Attendances,1
East Lothian,Unplanned Hospital Attendances,Raw data,2014/15,21925.75178763836,Unplanned Hospital Attendances,2
East Renfrewshire,Unplanned Hospital Attendances,Raw data,2014/15,25493.994156476572,Unplanned Hospital Attendances,1
"Edinburgh, City of",Unplanned Hospital Attendances,Raw data,2014/15,20972.980654067112,Unplanned Hospital Attendances,1
Eilean Siar,Unplanned Hospital Attendances,Raw data,2014/15,22286.238532110092,Unplanned Hospital Attendances,4
Falkirk,Unplanned Hospital Attendances,Raw data,2014/15,24366.16145602131,Unplanned Hospital Attendances,3
Fife,Unplanned Hospital Attendances,Raw data,2014/15,18810.074880871343,Unplanned Hospital Attendances,3
Glasgow City,Unplanned Hospital Attendances,Raw data,2014/15,33670.20212127276,Unplanned Hospital Attendances,4
Highland,Unplanned Hospital Attendances,Raw data,2014/15,18129.397631714433,Unplanned Hospital Attendances,2
Inverclyde,Unplanned Hospital Attendances,Raw data,2014/15,37197.3964200776,Unplanned Hospital Attendances,4
Midlothian,Unplanned Hospital Attendances,Raw data,2014/15,28379.7262816052,Unplanned Hospital Attendances,2
Moray,Unplanned Hospital Attendances,Raw data,2014/15,22886.98955365622,Unplanned Hospital Attendances,2
North Ayrshire,Unplanned Hospital Attendances,Raw data,2014/15,30975.23446658851,Unplanned Hospital Attendances,4
North Lanarkshire,Unplanned Hospital Attendances,Raw data,2014/15,33276.331360946744,Unplanned Hospital Attendances,4
Orkney Islands,Unplanned Hospital Attendances,Raw data,2014/15,22303.058387395737,Unplanned Hospital Attendances,1
Perth and Kinross,Unplanned Hospital Attendances,Raw data,2014/15,17751.292553548647,Unplanned Hospital Attendances,1
Renfrewshire,Unplanned Hospital Attendances,Raw data,2014/15,33310.5664925673,Unplanned Hospital Attendances,3
Scotland,Unplanned Hospital Attendances,Raw data,2014/15,25528.77926546488,Unplanned Hospital Attendances,NA
Scottish Borders,Unplanned Hospital Attendances,Raw data,2014/15,23395.29989477376,Unplanned Hospital Attendances,2
Shetland Islands,Unplanned Hospital Attendances,Raw data,2014/15,29289.40568475452,Unplanned Hospital Attendances,1
South Ayrshire,Unplanned Hospital Attendances,Raw data,2014/15,33775.881987025685,Unplanned Hospital Attendances,3
South Lanarkshire,Unplanned Hospital Attendances,Raw data,2014/15,30817.31684110371,Unplanned Hospital Attendances,3
Stirling,Unplanned Hospital Attendances,Raw data,2014/15,14335.664335664336,Unplanned Hospital Attendances,2
West Dunbartonshire,Unplanned Hospital Attendances,Raw data,2014/15,22173.670716753983,Unplanned Hospital Attendances,4
West Lothian,Unplanned Hospital Attendances,Raw data,2014/15,27855.530474040632,Unplanned Hospital Attendances,3
Aberdeen City,Unplanned Hospital Attendances,Raw data,2015/16,20002.60473192967,Unplanned Hospital Attendances,1
Aberdeenshire,Unplanned Hospital Attendances,Raw data,2015/16,9934.3411207818,Unplanned Hospital Attendances,1
Angus,Unplanned Hospital Attendances,Raw data,2015/16,8504.704875962361,Unplanned Hospital Attendances,2
Argyll and Bute,Unplanned Hospital Attendances,Raw data,2015/16,13138.450914949935,Unplanned Hospital Attendances,2
Clackmannanshire,Unplanned Hospital Attendances,Raw data,2015/16,16232.47663551402,Unplanned Hospital Attendances,3
Dumfries and Galloway,Unplanned Hospital Attendances,Raw data,2015/16,29448.119195563573,Unplanned Hospital Attendances,3
Dundee City,Unplanned Hospital Attendances,Raw data,2015/16,19607.313946427366,Unplanned Hospital Attendances,4
East Ayrshire,Unplanned Hospital Attendances,Raw data,2015/16,33023.10339177454,Unplanned Hospital Attendances,4
East Dunbartonshire,Unplanned Hospital Attendances,Raw data,2015/16,17938.481675392668,Unplanned Hospital Attendances,1
East Lothian,Unplanned Hospital Attendances,Raw data,2015/16,22433.77001455604,Unplanned Hospital Attendances,2
East Renfrewshire,Unplanned Hospital Attendances,Raw data,2015/16,20739.186571981925,Unplanned Hospital Attendances,1
"Edinburgh, City of",Unplanned Hospital Attendances,Raw data,2015/16,21069.345041198052,Unplanned Hospital Attendances,1
Eilean Siar,Unplanned Hospital Attendances,Raw data,2015/16,22670.85334318434,Unplanned Hospital Attendances,4
Falkirk,Unplanned Hospital Attendances,Raw data,2015/16,24558.24813833144,Unplanned Hospital Attendances,3
Fife,Unplanned Hospital Attendances,Raw data,2015/16,18639.96957183221,Unplanned Hospital Attendances,3
Glasgow City,Unplanned Hospital Attendances,Raw data,2015/16,27820.364811821753,Unplanned Hospital Attendances,4
Highland,Unplanned Hospital Attendances,Raw data,2015/16,18576.31028149161,Unplanned Hospital Attendances,2
Inverclyde,Unplanned Hospital Attendances,Raw data,2015/16,36801.25786163522,Unplanned Hospital Attendances,4
Midlothian,Unplanned Hospital Attendances,Raw data,2015/16,28285.845062364115,Unplanned Hospital Attendances,2
Moray,Unplanned Hospital Attendances,Raw data,2015/16,23419.53722123338,Unplanned Hospital Attendances,2
North Ayrshire,Unplanned Hospital Attendances,Raw data,2015/16,31007.12554176155,Unplanned Hospital Attendances,4
North Lanarkshire,Unplanned Hospital Attendances,Raw data,2015/16,32631.40779282209,Unplanned Hospital Attendances,4
Orkney Islands,Unplanned Hospital Attendances,Raw data,2015/16,24402.399630826025,Unplanned Hospital Attendances,1
Perth and Kinross,Unplanned Hospital Attendances,Raw data,2015/16,17785.63329553792,Unplanned Hospital Attendances,1
Renfrewshire,Unplanned Hospital Attendances,Raw data,2015/16,31869.271310724107,Unplanned Hospital Attendances,3
Scotland,Unplanned Hospital Attendances,Raw data,2015/16,24457.993672064025,Unplanned Hospital Attendances,NA
Scottish Borders,Unplanned Hospital Attendances,Raw data,2015/16,23228.097868981844,Unplanned Hospital Attendances,2
Shetland Islands,Unplanned Hospital Attendances,Raw data,2015/16,28883.62068965517,Unplanned Hospital Attendances,1
South Ayrshire,Unplanned Hospital Attendances,Raw data,2015/16,34599.644128113876,Unplanned Hospital Attendances,3
South Lanarkshire,Unplanned Hospital Attendances,Raw data,2015/16,29216.393131581444,Unplanned Hospital Attendances,3
Stirling,Unplanned Hospital Attendances,Raw data,2015/16,14303.565657653777,Unplanned Hospital Attendances,2
West Dunbartonshire,Unplanned Hospital Attendances,Raw data,2015/16,18696.28306730662,Unplanned Hospital Attendances,4
West Lothian,Unplanned Hospital Attendances,Raw data,2015/16,27750.770092411087,Unplanned Hospital Attendances,3
Aberdeen City,Unplanned Hospital Attendances,Raw data,2016/17,19617.995127044906,Unplanned Hospital Attendances,1
Aberdeenshire,Unplanned Hospital Attendances,Raw data,2016/17,10125.86292383386,Unplanned Hospital Attendances,1
Angus,Unplanned Hospital Attendances,Raw data,2016/17,8904.050806728459,Unplanned Hospital Attendances,2
Argyll and Bute,Unplanned Hospital Attendances,Raw data,2016/17,13839.091013428211,Unplanned Hospital Attendances,2
Clackmannanshire,Unplanned Hospital Attendances,Raw data,2016/17,16821.811100292114,Unplanned Hospital Attendances,3
Dumfries and Galloway,Unplanned Hospital Attendances,Raw data,2016/17,30517.65650080257,Unplanned Hospital Attendances,3
Dundee City,Unplanned Hospital Attendances,Raw data,2016/17,19818.574222701827,Unplanned Hospital Attendances,4
East Ayrshire,Unplanned Hospital Attendances,Raw data,2016/17,32087.56137479542,Unplanned Hospital Attendances,4
East Dunbartonshire,Unplanned Hospital Attendances,Raw data,2016/17,18002.603682350753,Unplanned Hospital Attendances,1
East Lothian,Unplanned Hospital Attendances,Raw data,2016/17,22811.989624363538,Unplanned Hospital Attendances,2
East Renfrewshire,Unplanned Hospital Attendances,Raw data,2016/17,20723.80343246989,Unplanned Hospital Attendances,1
"Edinburgh, City of",Unplanned Hospital Attendances,Raw data,2016/17,20825.561448823868,Unplanned Hospital Attendances,1
Eilean Siar,Unplanned Hospital Attendances,Raw data,2016/17,23308.55018587361,Unplanned Hospital Attendances,4
Falkirk,Unplanned Hospital Attendances,Raw data,2016/17,24137.909398920816,Unplanned Hospital Attendances,3
Fife,Unplanned Hospital Attendances,Raw data,2016/17,18571.544298328517,Unplanned Hospital Attendances,3
Glasgow City,Unplanned Hospital Attendances,Raw data,2016/17,27418.992960150877,Unplanned Hospital Attendances,4
Highland,Unplanned Hospital Attendances,Raw data,2016/17,19102.951825190612,Unplanned Hospital Attendances,2
Inverclyde,Unplanned Hospital Attendances,Raw data,2016/17,36982.061647296614,Unplanned Hospital Attendances,4
Midlothian,Unplanned Hospital Attendances,Raw data,2016/17,29194.22187112064,Unplanned Hospital Attendances,2
Moray,Unplanned Hospital Attendances,Raw data,2016/17,23747.26761736234,Unplanned Hospital Attendances,2
North Ayrshire,Unplanned Hospital Attendances,Raw data,2016/17,28399.440724115095,Unplanned Hospital Attendances,4
North Lanarkshire,Unplanned Hospital Attendances,Raw data,2016/17,33573.175402928784,Unplanned Hospital Attendances,4
Orkney Islands,Unplanned Hospital Attendances,Raw data,2016/17,24498.855835240276,Unplanned Hospital Attendances,1
Perth and Kinross,Unplanned Hospital Attendances,Raw data,2016/17,17908.81337934696,Unplanned Hospital Attendances,1
Renfrewshire,Unplanned Hospital Attendances,Raw data,2016/17,32259.989768657982,Unplanned Hospital Attendances,3
Scotland,Unplanned Hospital Attendances,Raw data,2016/17,24598.73813532666,Unplanned Hospital Attendances,NA
Scottish Borders,Unplanned Hospital Attendances,Raw data,2016/17,24739.369597485376,Unplanned Hospital Attendances,2
Shetland Islands,Unplanned Hospital Attendances,Raw data,2016/17,29629.310344827583,Unplanned Hospital Attendances,1
South Ayrshire,Unplanned Hospital Attendances,Raw data,2016/17,34404.730150262294,Unplanned Hospital Attendances,3
South Lanarkshire,Unplanned Hospital Attendances,Raw data,2016/17,30169.34720908231,Unplanned Hospital Attendances,3
Stirling,Unplanned Hospital Attendances,Raw data,2016/17,14412.8,Unplanned Hospital Attendances,2
West Dunbartonshire,Unplanned Hospital Attendances,Raw data,2016/17,19537.05764522591,Unplanned Hospital Attendances,4
West Lothian,Unplanned Hospital Attendances,Raw data,2016/17,28325.098539943378,Unplanned Hospital Attendances,3
Aberdeen City,Unplanned Hospital Attendances,Raw data,2017/18,20075.174825174825,Unplanned Hospital Attendances,1
Aberdeenshire,Unplanned Hospital Attendances,Raw data,2017/18,10193.659281894576,Unplanned Hospital Attendances,1
Angus,Unplanned Hospital Attendances,Raw data,2017/18,9219.126246990025,Unplanned Hospital Attendances,2
Argyll and Bute,Unplanned Hospital Attendances,Raw data,2017/18,13734.592788849212,Unplanned Hospital Attendances,2
Clackmannanshire,Unplanned Hospital Attendances,Raw data,2017/18,17070.9426627794,Unplanned Hospital Attendances,3
Dumfries and Galloway,Unplanned Hospital Attendances,Raw data,2017/18,30906.836461126004,Unplanned Hospital Attendances,3
Dundee City,Unplanned Hospital Attendances,Raw data,2017/18,20040.34698406294,Unplanned Hospital Attendances,4
East Ayrshire,Unplanned Hospital Attendances,Raw data,2017/18,30975.06970641299,Unplanned Hospital Attendances,4
East Dunbartonshire,Unplanned Hospital Attendances,Raw data,2017/18,19007.675945621013,Unplanned Hospital Attendances,1
East Lothian,Unplanned Hospital Attendances,Raw data,2017/18,22888.210606638688,Unplanned Hospital Attendances,2
East Renfrewshire,Unplanned Hospital Attendances,Raw data,2017/18,21459.476572393414,Unplanned Hospital Attendances,1
"Edinburgh, City of",Unplanned Hospital Attendances,Raw data,2017/18,20600.72874651702,Unplanned Hospital Attendances,1
Eilean Siar,Unplanned Hospital Attendances,Raw data,2017/18,23936.920222634508,Unplanned Hospital Attendances,4
Falkirk,Unplanned Hospital Attendances,Raw data,2017/18,24298.382564166615,Unplanned Hospital Attendances,3
Fife,Unplanned Hospital Attendances,Raw data,2017/18,18907.945397269865,Unplanned Hospital Attendances,3
Glasgow City,Unplanned Hospital Attendances,Raw data,2017/18,28357.701845351196,Unplanned Hospital Attendances,4
Highland,Unplanned Hospital Attendances,Raw data,2017/18,19755.506420614,Unplanned Hospital Attendances,2
Inverclyde,Unplanned Hospital Attendances,Raw data,2017/18,38188.16658202133,Unplanned Hospital Attendances,4
Midlothian,Unplanned Hospital Attendances,Raw data,2017/18,29224.109224109223,Unplanned Hospital Attendances,2
Moray,Unplanned Hospital Attendances,Raw data,2017/18,24208.603048653164,Unplanned Hospital Attendances,2
North Ayrshire,Unplanned Hospital Attendances,Raw data,2017/18,28460.122247588188,Unplanned Hospital Attendances,4
North Lanarkshire,Unplanned Hospital Attendances,Raw data,2017/18,35053.53571008354,Unplanned Hospital Attendances,4
Orkney Islands,Unplanned Hospital Attendances,Raw data,2017/18,25690.909090909092,Unplanned Hospital Attendances,1
Perth and Kinross,Unplanned Hospital Attendances,Raw data,2017/18,18012.57445400397,Unplanned Hospital Attendances,1
Renfrewshire,Unplanned Hospital Attendances,Raw data,2017/18,31803.992535203302,Unplanned Hospital Attendances,3
Scotland,Unplanned Hospital Attendances,Raw data,2017/18,24928.679398318833,Unplanned Hospital Attendances,NA
Scottish Borders,Unplanned Hospital Attendances,Raw data,2017/18,25788.55851156321,Unplanned Hospital Attendances,2
Shetland Islands,Unplanned Hospital Attendances,Raw data,2017/18,30701.906412478336,Unplanned Hospital Attendances,1
South Ayrshire,Unplanned Hospital Attendances,Raw data,2017/18,31435.03727369542,Unplanned Hospital Attendances,3
South Lanarkshire,Unplanned Hospital Attendances,Raw data,2017/18,31181.12958481315,Unplanned Hospital Attendances,3
Stirling,Unplanned Hospital Attendances,Raw data,2017/18,14524.468085106382,Unplanned Hospital Attendances,2
West Dunbartonshire,Unplanned Hospital Attendances,Raw data,2017/18,20319.16080794554,Unplanned Hospital Attendances,4
West Lothian,Unplanned Hospital Attendances,Raw data,2017/18,28784.953946279853,Unplanned Hospital Attendances,3
Aberdeen City,Unplanned Hospital Attendances,Raw data,2018/19,20386.58328595793,Unplanned Hospital Attendances,1
Aberdeenshire,Unplanned Hospital Attendances,Raw data,2018/19,10896.596608093105,Unplanned Hospital Attendances,1
Angus,Unplanned Hospital Attendances,Raw data,2018/19,9494.836488812392,Unplanned Hospital Attendances,2
Argyll and Bute,Unplanned Hospital Attendances,Raw data,2018/19,14717.596366600676,Unplanned Hospital Attendances,2
Clackmannanshire,Unplanned Hospital Attendances,Raw data,2018/19,17991.8509895227,Unplanned Hospital Attendances,3
Dumfries and Galloway,Unplanned Hospital Attendances,Raw data,2018/19,29759.50557570872,Unplanned Hospital Attendances,3
Dundee City,Unplanned Hospital Attendances,Raw data,2018/19,20659.657112242163,Unplanned Hospital Attendances,4
East Ayrshire,Unplanned Hospital Attendances,Raw data,2018/19,31453.979182034254,Unplanned Hospital Attendances,4
East Dunbartonshire,Unplanned Hospital Attendances,Raw data,2018/19,19209.315169366717,Unplanned Hospital Attendances,1
East Lothian,Unplanned Hospital Attendances,Raw data,2018/19,22927.4442058082,Unplanned Hospital Attendances,2
East Renfrewshire,Unplanned Hospital Attendances,Raw data,2018/19,21541.924002931017,Unplanned Hospital Attendances,1
"Edinburgh, City of",Unplanned Hospital Attendances,Raw data,2018/19,20306.898062598822,Unplanned Hospital Attendances,1
Eilean Siar,Unplanned Hospital Attendances,Raw data,2018/19,24191.616766467065,Unplanned Hospital Attendances,4
Falkirk,Unplanned Hospital Attendances,Raw data,2018/19,24472.621045434767,Unplanned Hospital Attendances,3
Fife,Unplanned Hospital Attendances,Raw data,2018/19,19582.65292464195,Unplanned Hospital Attendances,3
Glasgow City,Unplanned Hospital Attendances,Raw data,2018/19,28500.12635835229,Unplanned Hospital Attendances,4
Highland,Unplanned Hospital Attendances,Raw data,2018/19,20466.861722427173,Unplanned Hospital Attendances,2
Inverclyde,Unplanned Hospital Attendances,Raw data,2018/19,39661.95372750643,Unplanned Hospital Attendances,4
Midlothian,Unplanned Hospital Attendances,Raw data,2018/19,28957.386978152714,Unplanned Hospital Attendances,2
Moray,Unplanned Hospital Attendances,Raw data,2018/19,25057.399290336045,Unplanned Hospital Attendances,2
North Ayrshire,Unplanned Hospital Attendances,Raw data,2018/19,30013.359061896987,Unplanned Hospital Attendances,4
North Lanarkshire,Unplanned Hospital Attendances,Raw data,2018/19,35844.09877845153,Unplanned Hospital Attendances,4
Orkney Islands,Unplanned Hospital Attendances,Raw data,2018/19,27265.379434216433,Unplanned Hospital Attendances,1
Perth and Kinross,Unplanned Hospital Attendances,Raw data,2018/19,18481.079302402108,Unplanned Hospital Attendances,1
Renfrewshire,Unplanned Hospital Attendances,Raw data,2018/19,33838.07928531546,Unplanned Hospital Attendances,3
Scotland,Unplanned Hospital Attendances,Raw data,2018/19,24622.444310215436,Unplanned Hospital Attendances,NA
Scottish Borders,Unplanned Hospital Attendances,Raw data,2018/19,25145.00909012207,Unplanned Hospital Attendances,2
Shetland Islands,Unplanned Hospital Attendances,Raw data,2018/19,31653.577661431063,Unplanned Hospital Attendances,1
South Ayrshire,Unplanned Hospital Attendances,Raw data,2018/19,31655.270402273334,Unplanned Hospital Attendances,3
South Lanarkshire,Unplanned Hospital Attendances,Raw data,2018/19,31878.763298287213,Unplanned Hospital Attendances,3
Stirling,Unplanned Hospital Attendances,Raw data,2018/19,14935.781764143934,Unplanned Hospital Attendances,2
West Dunbartonshire,Unplanned Hospital Attendances,Raw data,2018/19,22308.55729225233,Unplanned Hospital Attendances,4
West Lothian,Unplanned Hospital Attendances,Raw data,2018/19,30647.187329328237,Unplanned Hospital Attendances,3
Aberdeen City,Unplanned Hospital Attendances,Raw data,2019/20,20688.02933729154,Unplanned Hospital Attendances,1
Aberdeenshire,Unplanned Hospital Attendances,Raw data,2019/20,11281.53999539842,Unplanned Hospital Attendances,1
Angus,Unplanned Hospital Attendances,Raw data,2019/20,10123.467449490588,Unplanned Hospital Attendances,2
Argyll and Bute,Unplanned Hospital Attendances,Raw data,2019/20,15398.57193023528,Unplanned Hospital Attendances,2
Clackmannanshire,Unplanned Hospital Attendances,Raw data,2019/20,18980.3080522519,Unplanned Hospital Attendances,3
Dumfries and Galloway,Unplanned Hospital Attendances,Raw data,2019/20,31255.647717310676,Unplanned Hospital Attendances,3
Dundee City,Unplanned Hospital Attendances,Raw data,2019/20,20448.864399946244,Unplanned Hospital Attendances,4
East Ayrshire,Unplanned Hospital Attendances,Raw data,2019/20,31730.263157894737,Unplanned Hospital Attendances,4
East Dunbartonshire,Unplanned Hospital Attendances,Raw data,2019/20,19126.43678160919,Unplanned Hospital Attendances,1
East Lothian,Unplanned Hospital Attendances,Raw data,2019/20,23328.08155699722,Unplanned Hospital Attendances,2
East Renfrewshire,Unplanned Hospital Attendances,Raw data,2019/20,21546.949823027273,Unplanned Hospital Attendances,1
"Edinburgh, City of",Unplanned Hospital Attendances,Raw data,2019/20,20858.951518138056,Unplanned Hospital Attendances,1
Eilean Siar,Unplanned Hospital Attendances,Raw data,2019/20,24569.81132075472,Unplanned Hospital Attendances,4
Falkirk,Unplanned Hospital Attendances,Raw data,2019/20,25072.247135027403,Unplanned Hospital Attendances,3
Fife,Unplanned Hospital Attendances,Raw data,2019/20,19881.859246785876,Unplanned Hospital Attendances,3
Glasgow City,Unplanned Hospital Attendances,Raw data,2019/20,27956.5477314203,Unplanned Hospital Attendances,4
Highland,Unplanned Hospital Attendances,Raw data,2019/20,21055.515439833496,Unplanned Hospital Attendances,2
Inverclyde,Unplanned Hospital Attendances,Raw data,2019/20,40334.80404879315,Unplanned Hospital Attendances,4
Midlothian,Unplanned Hospital Attendances,Raw data,2019/20,30413.311862587227,Unplanned Hospital Attendances,2
Moray,Unplanned Hospital Attendances,Raw data,2019/20,26638.80472259952,Unplanned Hospital Attendances,2
North Ayrshire,Unplanned Hospital Attendances,Raw data,2019/20,30084.17132216015,Unplanned Hospital Attendances,4
North Lanarkshire,Unplanned Hospital Attendances,Raw data,2019/20,35956.20566336402,Unplanned Hospital Attendances,4
Orkney Islands,Unplanned Hospital Attendances,Raw data,2019/20,28843.75,Unplanned Hospital Attendances,1
Perth and Kinross,Unplanned Hospital Attendances,Raw data,2019/20,18759.791982094663,Unplanned Hospital Attendances,1
Renfrewshire,Unplanned Hospital Attendances,Raw data,2019/20,33701.43263281119,Unplanned Hospital Attendances,3
Scotland,Unplanned Hospital Attendances,Raw data,2019/20,25664.709110867178,Unplanned Hospital Attendances,NA
Scottish Borders,Unplanned Hospital Attendances,Raw data,2019/20,27315.168344324888,Unplanned Hospital Attendances,2
Shetland Islands,Unplanned Hospital Attendances,Raw data,2019/20,30380.41101880192,Unplanned Hospital Attendances,1
South Ayrshire,Unplanned Hospital Attendances,Raw data,2019/20,31152.131264490818,Unplanned Hospital Attendances,3
South Lanarkshire,Unplanned Hospital Attendances,Raw data,2019/20,31942.210585374974,Unplanned Hospital Attendances,3
Stirling,Unplanned Hospital Attendances,Raw data,2019/20,15607.99319727891,Unplanned Hospital Attendances,2
West Dunbartonshire,Unplanned Hospital Attendances,Raw data,2019/20,22364.727190400725,Unplanned Hospital Attendances,4
West Lothian,Unplanned Hospital Attendances,Raw data,2019/20,30829.07191818083,Unplanned Hospital Attendances,3
Aberdeen City,Unplanned Hospital Attendances,Raw data,2020/21,14028.20221775954,Unplanned Hospital Attendances,1
Aberdeenshire,Unplanned Hospital Attendances,Raw data,2020/21,8467.290436383159,Unplanned Hospital Attendances,1
Angus,Unplanned Hospital Attendances,Raw data,2020/21,8432.913141080988,Unplanned Hospital Attendances,2
Argyll and Bute,Unplanned Hospital Attendances,Raw data,2020/21,10867.376799719068,Unplanned Hospital Attendances,2
Clackmannanshire,Unplanned Hospital Attendances,Raw data,2020/21,13449.015402612597,Unplanned Hospital Attendances,3
Dumfries and Galloway,Unplanned Hospital Attendances,Raw data,2020/21,22164.002967158944,Unplanned Hospital Attendances,3
Dundee City,Unplanned Hospital Attendances,Raw data,2020/21,15889.665367558124,Unplanned Hospital Attendances,4
East Ayrshire,Unplanned Hospital Attendances,Raw data,2020/21,22940.78947368421,Unplanned Hospital Attendances,4
East Dunbartonshire,Unplanned Hospital Attendances,Raw data,2020/21,13602.758620689656,Unplanned Hospital Attendances,1
East Lothian,Unplanned Hospital Attendances,Raw data,2020/21,19064.874884151992,Unplanned Hospital Attendances,2
East Renfrewshire,Unplanned Hospital Attendances,Raw data,2020/21,15630.855715178011,Unplanned Hospital Attendances,1
"Edinburgh, City of",Unplanned Hospital Attendances,Raw data,2020/21,15929.646336378457,Unplanned Hospital Attendances,1
Eilean Siar,Unplanned Hospital Attendances,Raw data,2020/21,14184.90566037736,Unplanned Hospital Attendances,4
Falkirk,Unplanned Hospital Attendances,Raw data,2020/21,16252.491280518188,Unplanned Hospital Attendances,3
Fife,Unplanned Hospital Attendances,Raw data,2020/21,14484.80474701307,Unplanned Hospital Attendances,3
Glasgow City,Unplanned Hospital Attendances,Raw data,2020/21,19292.209426719528,Unplanned Hospital Attendances,4
Highland,Unplanned Hospital Attendances,Raw data,2020/21,15994.563139786773,Unplanned Hospital Attendances,2
Inverclyde,Unplanned Hospital Attendances,Raw data,2020/21,27142.48637425383,Unplanned Hospital Attendances,4
Midlothian,Unplanned Hospital Attendances,Raw data,2020/21,24424.04723564144,Unplanned Hospital Attendances,2
Moray,Unplanned Hospital Attendances,Raw data,2020/21,19415.943997492424,Unplanned Hospital Attendances,2
North Ayrshire,Unplanned Hospital Attendances,Raw data,2020/21,22050.651769087523,Unplanned Hospital Attendances,4
North Lanarkshire,Unplanned Hospital Attendances,Raw data,2020/21,28249.69220847746,Unplanned Hospital Attendances,4
Orkney Islands,Unplanned Hospital Attendances,Raw data,2020/21,20709.821428571428,Unplanned Hospital Attendances,1
Perth and Kinross,Unplanned Hospital Attendances,Raw data,2020/21,13894.4111645053,Unplanned Hospital Attendances,1
Renfrewshire,Unplanned Hospital Attendances,Raw data,2020/21,21820.056859356708,Unplanned Hospital Attendances,3
Scotland,Unplanned Hospital Attendances,Raw data,2020/21,18629.308452250276,Unplanned Hospital Attendances,NA
Scottish Borders,Unplanned Hospital Attendances,Raw data,2020/21,21678.236723359943,Unplanned Hospital Attendances,2
Shetland Islands,Unplanned Hospital Attendances,Raw data,2020/21,21320.507214691737,Unplanned Hospital Attendances,1
South Ayrshire,Unplanned Hospital Attendances,Raw data,2020/21,21568.574995541287,Unplanned Hospital Attendances,3
South Lanarkshire,Unplanned Hospital Attendances,Raw data,2020/21,25203.229225110656,Unplanned Hospital Attendances,3
Stirling,Unplanned Hospital Attendances,Raw data,2020/21,11224.489795918367,Unplanned Hospital Attendances,2
West Dunbartonshire,Unplanned Hospital Attendances,Raw data,2020/21,16418.38351822504,Unplanned Hospital Attendances,4
West Lothian,Unplanned Hospital Attendances,Raw data,2020/21,24284.08225437929,Unplanned Hospital Attendances,3
Aberdeen City,Unplanned Hospital Attendances,Raw data,2021/22,17055.357692476806,Unplanned Hospital Attendances,1
Aberdeenshire,Unplanned Hospital Attendances,Raw data,2021/22,10221.553922874871,Unplanned Hospital Attendances,1
Angus,Unplanned Hospital Attendances,Raw data,2021/22,10957.630037891837,Unplanned Hospital Attendances,2
Argyll and Bute,Unplanned Hospital Attendances,Raw data,2021/22,14901.414984922292,Unplanned Hospital Attendances,2
Clackmannanshire,Unplanned Hospital Attendances,Raw data,2021/22,18191.695770275513,Unplanned Hospital Attendances,3
Dumfries and Galloway,Unplanned Hospital Attendances,Raw data,2021/22,26626.789434773844,Unplanned Hospital Attendances,3
Dundee City,Unplanned Hospital Attendances,Raw data,2021/22,20626.86163011102,Unplanned Hospital Attendances,4
East Ayrshire,Unplanned Hospital Attendances,Raw data,2021/22,26727.58564169808,Unplanned Hospital Attendances,4
East Dunbartonshire,Unplanned Hospital Attendances,Raw data,2021/22,18451.790633608816,Unplanned Hospital Attendances,1
East Lothian,Unplanned Hospital Attendances,Raw data,2021/22,24976.27304252601,Unplanned Hospital Attendances,2
East Renfrewshire,Unplanned Hospital Attendances,Raw data,2021/22,20241.250776558292,Unplanned Hospital Attendances,1
"Edinburgh, City of",Unplanned Hospital Attendances,Raw data,2021/22,20776.302543354795,Unplanned Hospital Attendances,1
Eilean Siar,Unplanned Hospital Attendances,Raw data,2021/22,16141.141141141141,Unplanned Hospital Attendances,4
Falkirk,Unplanned Hospital Attendances,Raw data,2021/22,21177.349097697577,Unplanned Hospital Attendances,3
Fife,Unplanned Hospital Attendances,Raw data,2021/22,18606.46332025725,Unplanned Hospital Attendances,3
Glasgow City,Unplanned Hospital Attendances,Raw data,2021/22,25328.043077795097,Unplanned Hospital Attendances,4
Highland,Unplanned Hospital Attendances,Raw data,2021/22,19702.175922036466,Unplanned Hospital Attendances,2
Inverclyde,Unplanned Hospital Attendances,Raw data,2021/22,37820.07822685789,Unplanned Hospital Attendances,4
Midlothian,Unplanned Hospital Attendances,Raw data,2021/22,30731.9391634981,Unplanned Hospital Attendances,2
Moray,Unplanned Hospital Attendances,Raw data,2021/22,24772.32652214501,Unplanned Hospital Attendances,2
North Ayrshire,Unplanned Hospital Attendances,Raw data,2021/22,24582.774549247504,Unplanned Hospital Attendances,4
North Lanarkshire,Unplanned Hospital Attendances,Raw data,2021/22,34911.54071470416,Unplanned Hospital Attendances,4
Orkney Islands,Unplanned Hospital Attendances,Raw data,2021/22,24591.836734693876,Unplanned Hospital Attendances,1
Perth and Kinross,Unplanned Hospital Attendances,Raw data,2021/22,17060.659254924907,Unplanned Hospital Attendances,1
Renfrewshire,Unplanned Hospital Attendances,Raw data,2021/22,29748.249416472157,Unplanned Hospital Attendances,3
Scotland,Unplanned Hospital Attendances,Raw data,2021/22,23584.6457052136,Unplanned Hospital Attendances,NA
Scottish Borders,Unplanned Hospital Attendances,Raw data,2021/22,24972.418548526115,Unplanned Hospital Attendances,2
Shetland Islands,Unplanned Hospital Attendances,Raw data,2021/22,27022.66782911944,Unplanned Hospital Attendances,1
South Ayrshire,Unplanned Hospital Attendances,Raw data,2021/22,25303.690529124055,Unplanned Hospital Attendances,3
South Lanarkshire,Unplanned Hospital Attendances,Raw data,2021/22,30916.21981836779,Unplanned Hospital Attendances,3
Stirling,Unplanned Hospital Attendances,Raw data,2021/22,15163.153953140045,Unplanned Hospital Attendances,2
West Dunbartonshire,Unplanned Hospital Attendances,Raw data,2021/22,21783.80225538216,Unplanned Hospital Attendances,4
West Lothian,Unplanned Hospital Attendances,Raw data,2021/22,29474.08125875633,Unplanned Hospital Attendances,3
Aberdeen City,Unplanned Hospital Attendances,Raw data,2022/23,18259.68429846546,Unplanned Hospital Attendances,1
Aberdeenshire,Unplanned Hospital Attendances,Raw data,2022/23,10910.579009478854,Unplanned Hospital Attendances,1
Angus,Unplanned Hospital Attendances,Raw data,2022/23,11699.965552876334,Unplanned Hospital Attendances,2
Argyll and Bute,Unplanned Hospital Attendances,Raw data,2022/23,15422.17582927395,Unplanned Hospital Attendances,2
Clackmannanshire,Unplanned Hospital Attendances,Raw data,2022/23,17561.117578579742,Unplanned Hospital Attendances,3
Dumfries and Galloway,Unplanned Hospital Attendances,Raw data,2022/23,29705.6253780496,Unplanned Hospital Attendances,3
Dundee City,Unplanned Hospital Attendances,Raw data,2022/23,21503.52017330084,Unplanned Hospital Attendances,4
East Ayrshire,Unplanned Hospital Attendances,Raw data,2022/23,26626.782494673003,Unplanned Hospital Attendances,4
East Dunbartonshire,Unplanned Hospital Attendances,Raw data,2022/23,17908.172635445364,Unplanned Hospital Attendances,1
East Lothian,Unplanned Hospital Attendances,Raw data,2022/23,25339.478006935573,Unplanned Hospital Attendances,2
East Renfrewshire,Unplanned Hospital Attendances,Raw data,2022/23,20320.977428038932,Unplanned Hospital Attendances,1
"Edinburgh, City of",Unplanned Hospital Attendances,Raw data,2022/23,20820.749520390527,Unplanned Hospital Attendances,1
Eilean Siar,Unplanned Hospital Attendances,Raw data,2022/23,21141.141141141143,Unplanned Hospital Attendances,4
Falkirk,Unplanned Hospital Attendances,Raw data,2022/23,20777.8469197262,Unplanned Hospital Attendances,3
Fife,Unplanned Hospital Attendances,Raw data,2022/23,19645.344648146667,Unplanned Hospital Attendances,3
Glasgow City,Unplanned Hospital Attendances,Raw data,2022/23,25848.56643521799,Unplanned Hospital Attendances,4
Highland,Unplanned Hospital Attendances,Raw data,2022/23,21293.791481139207,Unplanned Hospital Attendances,2
Inverclyde,Unplanned Hospital Attendances,Raw data,2022/23,38078.22685788787,Unplanned Hospital Attendances,4
Midlothian,Unplanned Hospital Attendances,Raw data,2022/23,30792.14195183777,Unplanned Hospital Attendances,2
Moray,Unplanned Hospital Attendances,Raw data,2022/23,27174.566953635516,Unplanned Hospital Attendances,2
North Ayrshire,Unplanned Hospital Attendances,Raw data,2022/23,23958.426464014305,Unplanned Hospital Attendances,4
North Lanarkshire,Unplanned Hospital Attendances,Raw data,2022/23,33422.08553016989,Unplanned Hospital Attendances,4
Orkney Islands,Unplanned Hospital Attendances,Raw data,2022/23,29188.110026619343,Unplanned Hospital Attendances,1
Perth and Kinross,Unplanned Hospital Attendances,Raw data,2022/23,18820.622846368897,Unplanned Hospital Attendances,1
Renfrewshire,Unplanned Hospital Attendances,Raw data,2022/23,29036.901189285316,Unplanned Hospital Attendances,3
Scotland,Unplanned Hospital Attendances,Raw data,2022/23,24101.589445062866,Unplanned Hospital Attendances,NA
Scottish Borders,Unplanned Hospital Attendances,Raw data,2022/23,25736.079986209275,Unplanned Hospital Attendances,2
Shetland Islands,Unplanned Hospital Attendances,Raw data,2022/23,31434.176111595465,Unplanned Hospital Attendances,1
South Ayrshire,Unplanned Hospital Attendances,Raw data,2022/23,25163.183637172075,Unplanned Hospital Attendances,3
South Lanarkshire,Unplanned Hospital Attendances,Raw data,2022/23,30609.986672039176,Unplanned Hospital Attendances,3
Stirling,Unplanned Hospital Attendances,Raw data,2022/23,15269.0702899326,Unplanned Hospital Attendances,2
West Dunbartonshire,Unplanned Hospital Attendances,Raw data,2022/23,21852.14716938148,Unplanned Hospital Attendances,4
West Lothian,Unplanned Hospital Attendances,Raw data,2022/23,28589.82648992348,Unplanned Hospital Attendances,3
Aberdeen City,Unplanned Hospital Attendances,Raw data,2023/24,18350.823271130623,Unplanned Hospital Attendances,1
Aberdeenshire,Unplanned Hospital Attendances,Raw data,2023/24,11268.91646489104,Unplanned Hospital Attendances,1
Angus,Unplanned Hospital Attendances,Raw data,2023/24,11693.955756836787,Unplanned Hospital Attendances,2
Argyll and Bute,Unplanned Hospital Attendances,Raw data,2023/24,15241.99977223551,Unplanned Hospital Attendances,2
Clackmannanshire,Unplanned Hospital Attendances,Raw data,2023/24,18265.30612244898,Unplanned Hospital Attendances,3
Dumfries and Galloway,Unplanned Hospital Attendances,Raw data,2023/24,30959.703439280565,Unplanned Hospital Attendances,3
Dundee City,Unplanned Hospital Attendances,Raw data,2023/24,21131.059245960503,Unplanned Hospital Attendances,4
East Ayrshire,Unplanned Hospital Attendances,Raw data,2023/24,27576.8115942029,Unplanned Hospital Attendances,4
East Dunbartonshire,Unplanned Hospital Attendances,Raw data,2023/24,17923.647349629224,Unplanned Hospital Attendances,1
East Lothian,Unplanned Hospital Attendances,Raw data,2023/24,24211.35924037278,Unplanned Hospital Attendances,2
East Renfrewshire,Unplanned Hospital Attendances,Raw data,2023/24,20652.12981744422,Unplanned Hospital Attendances,1
"Edinburgh, City of",Unplanned Hospital Attendances,Raw data,2023/24,20484.854276158625,Unplanned Hospital Attendances,1
Eilean Siar,Unplanned Hospital Attendances,Raw data,2023/24,21294.660007683444,Unplanned Hospital Attendances,4
Falkirk,Unplanned Hospital Attendances,Raw data,2023/24,21455.68024208801,Unplanned Hospital Attendances,3
Fife,Unplanned Hospital Attendances,Raw data,2023/24,20211.945017550443,Unplanned Hospital Attendances,3
Glasgow City,Unplanned Hospital Attendances,Raw data,2023/24,26396.980869345065,Unplanned Hospital Attendances,4
Highland,Unplanned Hospital Attendances,Raw data,2023/24,22028.09630601278,Unplanned Hospital Attendances,2
Inverclyde,Unplanned Hospital Attendances,Raw data,2023/24,38048.00204264011,Unplanned Hospital Attendances,4
Midlothian,Unplanned Hospital Attendances,Raw data,2023/24,29567.474048442906,Unplanned Hospital Attendances,2
Moray,Unplanned Hospital Attendances,Raw data,2023/24,27620.154219921835,Unplanned Hospital Attendances,2
North Ayrshire,Unplanned Hospital Attendances,Raw data,2023/24,24818.447256120387,Unplanned Hospital Attendances,4
North Lanarkshire,Unplanned Hospital Attendances,Raw data,2023/24,34159.23250168183,Unplanned Hospital Attendances,4
Orkney Islands,Unplanned Hospital Attendances,Raw data,2023/24,30827.272727272728,Unplanned Hospital Attendances,1
Perth and Kinross,Unplanned Hospital Attendances,Raw data,2023/24,19072.496067121137,Unplanned Hospital Attendances,1
Renfrewshire,Unplanned Hospital Attendances,Raw data,2023/24,29509.488581537473,Unplanned Hospital Attendances,3
Scotland,Unplanned Hospital Attendances,Raw data,2023/24,23823.59155570937,Unplanned Hospital Attendances,NA
Scottish Borders,Unplanned Hospital Attendances,Raw data,2023/24,26724.68490096888,Unplanned Hospital Attendances,2
Shetland Islands,Unplanned Hospital Attendances,Raw data,2023/24,32834.782608695656,Unplanned Hospital Attendances,1
South Ayrshire,Unplanned Hospital Attendances,Raw data,2023/24,25854.42189036931,Unplanned Hospital Attendances,3
South Lanarkshire,Unplanned Hospital Attendances,Raw data,2023/24,30716.96742158169,Unplanned Hospital Attendances,3
Stirling,Unplanned Hospital Attendances,Raw data,2023/24,15059.326563335117,Unplanned Hospital Attendances,2
West Dunbartonshire,Unplanned Hospital Attendances,Raw data,2023/24,21388.169014084506,Unplanned Hospital Attendances,4
West Lothian,Unplanned Hospital Attendances,Raw data,2023/24,29000.59844404548,Unplanned Hospital Attendances,3
Aberdeen City,Well-being,Raw data,2012/13,7.4875,Well-being,1
Aberdeenshire,Well-being,Raw data,2012/13,7.540000000000001,Well-being,1
Angus,Well-being,Raw data,2012/13,7.5075,Well-being,2
Argyll and Bute,Well-being,Raw data,2012/13,7.584999999999999,Well-being,2
Clackmannanshire,Well-being,Raw data,2012/13,7.6625,Well-being,3
Dumfries and Galloway,Well-being,Raw data,2012/13,7.7525,Well-being,3
Dundee City,Well-being,Raw data,2012/13,7.21,Well-being,4
East Ayrshire,Well-being,Raw data,2012/13,7.18,Well-being,4
East Dunbartonshire,Well-being,Raw data,2012/13,7.445,Well-being,1
East Lothian,Well-being,Raw data,2012/13,7.435,Well-being,2
East Renfrewshire,Well-being,Raw data,2012/13,7.4425,Well-being,1
"Edinburgh, City of",Well-being,Raw data,2012/13,7.37,Well-being,1
Eilean Siar,Well-being,Raw data,2012/13,7.880000000000001,Well-being,4
Falkirk,Well-being,Raw data,2012/13,7.3575,Well-being,3
Fife,Well-being,Raw data,2012/13,7.375,Well-being,3
Glasgow City,Well-being,Raw data,2012/13,7.205,Well-being,4
Highland,Well-being,Raw data,2012/13,7.6875,Well-being,2
Inverclyde,Well-being,Raw data,2012/13,7.2975,Well-being,4
Midlothian,Well-being,Raw data,2012/13,7.415000000000001,Well-being,2
Moray,Well-being,Raw data,2012/13,7.442500000000001,Well-being,2
North Ayrshire,Well-being,Raw data,2012/13,7.1375,Well-being,4
North Lanarkshire,Well-being,Raw data,2012/13,7.2775,Well-being,4
Orkney Islands,Well-being,Raw data,2012/13,7.935,Well-being,1
Perth and Kinross,Well-being,Raw data,2012/13,7.585000000000001,Well-being,1
Renfrewshire,Well-being,Raw data,2012/13,7.362500000000001,Well-being,3
Scotland,Well-being,Raw data,2012/13,7.4075,Well-being,NA
Scottish Borders,Well-being,Raw data,2012/13,7.625,Well-being,2
Shetland Islands,Well-being,Raw data,2012/13,7.9275,Well-being,1
South Ayrshire,Well-being,Raw data,2012/13,7.2275,Well-being,3
South Lanarkshire,Well-being,Raw data,2012/13,7.455,Well-being,3
Stirling,Well-being,Raw data,2012/13,7.58,Well-being,2
West Dunbartonshire,Well-being,Raw data,2012/13,7.2275,Well-being,4
West Lothian,Well-being,Raw data,2012/13,7.4575,Well-being,3
Aberdeen City,Well-being,Raw data,2013/14,7.4775,Well-being,1
Aberdeenshire,Well-being,Raw data,2013/14,7.795,Well-being,1
Angus,Well-being,Raw data,2013/14,7.4625,Well-being,2
Argyll and Bute,Well-being,Raw data,2013/14,7.52,Well-being,2
Clackmannanshire,Well-being,Raw data,2013/14,7.4875,Well-being,3
Dumfries and Galloway,Well-being,Raw data,2013/14,7.675,Well-being,3
Dundee City,Well-being,Raw data,2013/14,7.335,Well-being,4
East Ayrshire,Well-being,Raw data,2013/14,7.405,Well-being,4
East Dunbartonshire,Well-being,Raw data,2013/14,7.59,Well-being,1
East Lothian,Well-being,Raw data,2013/14,7.414999999999999,Well-being,2
East Renfrewshire,Well-being,Raw data,2013/14,7.515,Well-being,1
"Edinburgh, City of",Well-being,Raw data,2013/14,7.3675,Well-being,1
Eilean Siar,Well-being,Raw data,2013/14,7.885,Well-being,4
Falkirk,Well-being,Raw data,2013/14,7.5275,Well-being,3
Fife,Well-being,Raw data,2013/14,7.47,Well-being,3
Glasgow City,Well-being,Raw data,2013/14,7.172499999999999,Well-being,4
Highland,Well-being,Raw data,2013/14,7.685,Well-being,2
Inverclyde,Well-being,Raw data,2013/14,7.3175,Well-being,4
Midlothian,Well-being,Raw data,2013/14,7.3525,Well-being,2
Moray,Well-being,Raw data,2013/14,7.455,Well-being,2
North Ayrshire,Well-being,Raw data,2013/14,7.262499999999999,Well-being,4
North Lanarkshire,Well-being,Raw data,2013/14,7.31,Well-being,4
Orkney Islands,Well-being,Raw data,2013/14,8.0925,Well-being,1
Perth and Kinross,Well-being,Raw data,2013/14,7.59,Well-being,1
Renfrewshire,Well-being,Raw data,2013/14,7.4475,Well-being,3
Scotland,Well-being,Raw data,2013/14,7.452500000000001,Well-being,NA
Scottish Borders,Well-being,Raw data,2013/14,7.715,Well-being,2
Shetland Islands,Well-being,Raw data,2013/14,7.870000000000001,Well-being,1
South Ayrshire,Well-being,Raw data,2013/14,7.4825,Well-being,3
South Lanarkshire,Well-being,Raw data,2013/14,7.4875,Well-being,3
Stirling,Well-being,Raw data,2013/14,7.505,Well-being,2
West Dunbartonshire,Well-being,Raw data,2013/14,7.29,Well-being,4
West Lothian,Well-being,Raw data,2013/14,7.565,Well-being,3
Aberdeen City,Well-being,Raw data,2014/15,7.447500000000001,Well-being,1
Aberdeenshire,Well-being,Raw data,2014/15,7.779999999999999,Well-being,1
Angus,Well-being,Raw data,2014/15,7.670000000000001,Well-being,2
Argyll and Bute,Well-being,Raw data,2014/15,7.7575,Well-being,2
Clackmannanshire,Well-being,Raw data,2014/15,7.46,Well-being,3
Dumfries and Galloway,Well-being,Raw data,2014/15,7.8725,Well-being,3
Dundee City,Well-being,Raw data,2014/15,7.3175,Well-being,4
East Ayrshire,Well-being,Raw data,2014/15,7.4125,Well-being,4
East Dunbartonshire,Well-being,Raw data,2014/15,7.6725,Well-being,1
East Lothian,Well-being,Raw data,2014/15,7.505,Well-being,2
East Renfrewshire,Well-being,Raw data,2014/15,7.527500000000001,Well-being,1
"Edinburgh, City of",Well-being,Raw data,2014/15,7.475,Well-being,1
Eilean Siar,Well-being,Raw data,2014/15,8.217500000000001,Well-being,4
Falkirk,Well-being,Raw data,2014/15,7.675,Well-being,3
Fife,Well-being,Raw data,2014/15,7.484999999999999,Well-being,3
Glasgow City,Well-being,Raw data,2014/15,7.282500000000001,Well-being,4
Highland,Well-being,Raw data,2014/15,7.765,Well-being,2
Inverclyde,Well-being,Raw data,2014/15,7.3875,Well-being,4
Midlothian,Well-being,Raw data,2014/15,7.595000000000001,Well-being,2
Moray,Well-being,Raw data,2014/15,7.7475,Well-being,2
North Ayrshire,Well-being,Raw data,2014/15,7.327500000000001,Well-being,4
North Lanarkshire,Well-being,Raw data,2014/15,7.4,Well-being,4
Orkney Islands,Well-being,Raw data,2014/15,8.044999999999998,Well-being,1
Perth and Kinross,Well-being,Raw data,2014/15,7.66,Well-being,1
Renfrewshire,Well-being,Raw data,2014/15,7.4,Well-being,3
Scotland,Well-being,Raw data,2014/15,7.5325,Well-being,NA
Scottish Borders,Well-being,Raw data,2014/15,7.705,Well-being,2
Shetland Islands,Well-being,Raw data,2014/15,7.8725,Well-being,1
South Ayrshire,Well-being,Raw data,2014/15,7.5325,Well-being,3
South Lanarkshire,Well-being,Raw data,2014/15,7.584999999999999,Well-being,3
Stirling,Well-being,Raw data,2014/15,7.615,Well-being,2
West Dunbartonshire,Well-being,Raw data,2014/15,7.3125,Well-being,4
West Lothian,Well-being,Raw data,2014/15,7.615,Well-being,3
Aberdeen City,Well-being,Raw data,2015/16,7.525,Well-being,1
Aberdeenshire,Well-being,Raw data,2015/16,7.7125,Well-being,1
Angus,Well-being,Raw data,2015/16,7.595,Well-being,2
Argyll and Bute,Well-being,Raw data,2015/16,7.745,Well-being,2
Clackmannanshire,Well-being,Raw data,2015/16,7.5025,Well-being,3
Dumfries and Galloway,Well-being,Raw data,2015/16,7.6875,Well-being,3
Dundee City,Well-being,Raw data,2015/16,7.327500000000001,Well-being,4
East Ayrshire,Well-being,Raw data,2015/16,7.5175,Well-being,4
East Dunbartonshire,Well-being,Raw data,2015/16,7.76,Well-being,1
East Lothian,Well-being,Raw data,2015/16,7.4625,Well-being,2
East Renfrewshire,Well-being,Raw data,2015/16,7.5175,Well-being,1
"Edinburgh, City of",Well-being,Raw data,2015/16,7.3875,Well-being,1
Eilean Siar,Well-being,Raw data,2015/16,8.13,Well-being,4
Falkirk,Well-being,Raw data,2015/16,7.447500000000001,Well-being,3
Fife,Well-being,Raw data,2015/16,7.5,Well-being,3
Glasgow City,Well-being,Raw data,2015/16,7.3375,Well-being,4
Highland,Well-being,Raw data,2015/16,7.8325,Well-being,2
Inverclyde,Well-being,Raw data,2015/16,7.465,Well-being,4
Midlothian,Well-being,Raw data,2015/16,7.53,Well-being,2
Moray,Well-being,Raw data,2015/16,7.430000000000001,Well-being,2
North Ayrshire,Well-being,Raw data,2015/16,7.407500000000001,Well-being,4
North Lanarkshire,Well-being,Raw data,2015/16,7.45,Well-being,4
Orkney Islands,Well-being,Raw data,2015/16,8.110000000000001,Well-being,1
Perth and Kinross,Well-being,Raw data,2015/16,7.6375,Well-being,1
Renfrewshire,Well-being,Raw data,2015/16,7.5175,Well-being,3
Scotland,Well-being,Raw data,2015/16,7.52,Well-being,NA
Scottish Borders,Well-being,Raw data,2015/16,7.757499999999999,Well-being,2
Shetland Islands,Well-being,Raw data,2015/16,7.800000000000001,Well-being,1
South Ayrshire,Well-being,Raw data,2015/16,7.5275,Well-being,3
South Lanarkshire,Well-being,Raw data,2015/16,7.565,Well-being,3
Stirling,Well-being,Raw data,2015/16,7.4925,Well-being,2
West Dunbartonshire,Well-being,Raw data,2015/16,7.390000000000001,Well-being,4
West Lothian,Well-being,Raw data,2015/16,7.545,Well-being,3
Aberdeen City,Well-being,Raw data,2016/17,7.392499999999999,Well-being,1
Aberdeenshire,Well-being,Raw data,2016/17,7.6425,Well-being,1
Angus,Well-being,Raw data,2016/17,7.58,Well-being,2
Argyll and Bute,Well-being,Raw data,2016/17,7.799999999999999,Well-being,2
Clackmannanshire,Well-being,Raw data,2016/17,7.459999999999999,Well-being,3
Dumfries and Galloway,Well-being,Raw data,2016/17,7.8175,Well-being,3
Dundee City,Well-being,Raw data,2016/17,7.395,Well-being,4
East Ayrshire,Well-being,Raw data,2016/17,7.515000000000001,Well-being,4
East Dunbartonshire,Well-being,Raw data,2016/17,7.66,Well-being,1
East Lothian,Well-being,Raw data,2016/17,7.549999999999999,Well-being,2
East Renfrewshire,Well-being,Raw data,2016/17,7.6775,Well-being,1
"Edinburgh, City of",Well-being,Raw data,2016/17,7.29,Well-being,1
Eilean Siar,Well-being,Raw data,2016/17,7.984999999999999,Well-being,4
Falkirk,Well-being,Raw data,2016/17,7.550000000000001,Well-being,3
Fife,Well-being,Raw data,2016/17,7.61,Well-being,3
Glasgow City,Well-being,Raw data,2016/17,7.202500000000001,Well-being,4
Highland,Well-being,Raw data,2016/17,7.77,Well-being,2
Inverclyde,Well-being,Raw data,2016/17,7.525,Well-being,4
Midlothian,Well-being,Raw data,2016/17,7.655,Well-being,2
Moray,Well-being,Raw data,2016/17,7.532500000000001,Well-being,2
North Ayrshire,Well-being,Raw data,2016/17,7.402499999999999,Well-being,4
North Lanarkshire,Well-being,Raw data,2016/17,7.4625,Well-being,4
Orkney Islands,Well-being,Raw data,2016/17,8.147499999999999,Well-being,1
Perth and Kinross,Well-being,Raw data,2016/17,7.7425,Well-being,1
Renfrewshire,Well-being,Raw data,2016/17,7.52,Well-being,3
Scotland,Well-being,Raw data,2016/17,7.512499999999999,Well-being,NA
Scottish Borders,Well-being,Raw data,2016/17,7.83,Well-being,2
Shetland Islands,Well-being,Raw data,2016/17,7.890000000000001,Well-being,1
South Ayrshire,Well-being,Raw data,2016/17,7.565,Well-being,3
South Lanarkshire,Well-being,Raw data,2016/17,7.56,Well-being,3
Stirling,Well-being,Raw data,2016/17,7.4675,Well-being,2
West Dunbartonshire,Well-being,Raw data,2016/17,7.505,Well-being,4
West Lothian,Well-being,Raw data,2016/17,7.4275,Well-being,3
Aberdeen City,Well-being,Raw data,2017/18,7.4625,Well-being,1
Aberdeenshire,Well-being,Raw data,2017/18,7.7275,Well-being,1
Angus,Well-being,Raw data,2017/18,7.785,Well-being,2
Argyll and Bute,Well-being,Raw data,2017/18,7.710000000000001,Well-being,2
Clackmannanshire,Well-being,Raw data,2017/18,7.500000000000001,Well-being,3
Dumfries and Galloway,Well-being,Raw data,2017/18,7.84,Well-being,3
Dundee City,Well-being,Raw data,2017/18,7.475,Well-being,4
East Ayrshire,Well-being,Raw data,2017/18,7.5825,Well-being,4
East Dunbartonshire,Well-being,Raw data,2017/18,7.6725,Well-being,1
East Lothian,Well-being,Raw data,2017/18,7.5425,Well-being,2
East Renfrewshire,Well-being,Raw data,2017/18,7.5725,Well-being,1
"Edinburgh, City of",Well-being,Raw data,2017/18,7.42,Well-being,1
Eilean Siar,Well-being,Raw data,2017/18,8.0425,Well-being,4
Falkirk,Well-being,Raw data,2017/18,7.5725,Well-being,3
Fife,Well-being,Raw data,2017/18,7.49,Well-being,3
Glasgow City,Well-being,Raw data,2017/18,7.2775,Well-being,4
Highland,Well-being,Raw data,2017/18,7.9925,Well-being,2
Inverclyde,Well-being,Raw data,2017/18,7.2875,Well-being,4
Midlothian,Well-being,Raw data,2017/18,7.785,Well-being,2
Moray,Well-being,Raw data,2017/18,7.595000000000001,Well-being,2
North Ayrshire,Well-being,Raw data,2017/18,7.527500000000001,Well-being,4
North Lanarkshire,Well-being,Raw data,2017/18,7.482500000000001,Well-being,4
Orkney Islands,Well-being,Raw data,2017/18,8.067499999999999,Well-being,1
Perth and Kinross,Well-being,Raw data,2017/18,7.7375,Well-being,1
Renfrewshire,Well-being,Raw data,2017/18,7.4575,Well-being,3
Scotland,Well-being,Raw data,2017/18,7.55,Well-being,NA
Scottish Borders,Well-being,Raw data,2017/18,7.702500000000001,Well-being,2
Shetland Islands,Well-being,Raw data,2017/18,7.77,Well-being,1
South Ayrshire,Well-being,Raw data,2017/18,7.645,Well-being,3
South Lanarkshire,Well-being,Raw data,2017/18,7.454999999999999,Well-being,3
Stirling,Well-being,Raw data,2017/18,7.565,Well-being,2
West Dunbartonshire,Well-being,Raw data,2017/18,7.5975,Well-being,4
West Lothian,Well-being,Raw data,2017/18,7.625,Well-being,3
Aberdeen City,Well-being,Raw data,2018/19,7.4725,Well-being,1
Aberdeenshire,Well-being,Raw data,2018/19,7.772500000000001,Well-being,1
Angus,Well-being,Raw data,2018/19,7.530000000000001,Well-being,2
Argyll and Bute,Well-being,Raw data,2018/19,7.709999999999999,Well-being,2
Clackmannanshire,Well-being,Raw data,2018/19,7.635,Well-being,3
Dumfries and Galloway,Well-being,Raw data,2018/19,7.7725,Well-being,3
Dundee City,Well-being,Raw data,2018/19,7.390000000000001,Well-being,4
East Ayrshire,Well-being,Raw data,2018/19,7.4925,Well-being,4
East Dunbartonshire,Well-being,Raw data,2018/19,7.71,Well-being,1
East Lothian,Well-being,Raw data,2018/19,7.705,Well-being,2
East Renfrewshire,Well-being,Raw data,2018/19,7.725,Well-being,1
"Edinburgh, City of",Well-being,Raw data,2018/19,7.5225,Well-being,1
Eilean Siar,Well-being,Raw data,2018/19,8.040000000000001,Well-being,4
Falkirk,Well-being,Raw data,2018/19,7.414999999999999,Well-being,3
Fife,Well-being,Raw data,2018/19,7.5075,Well-being,3
Glasgow City,Well-being,Raw data,2018/19,7.3575,Well-being,4
Highland,Well-being,Raw data,2018/19,7.9275,Well-being,2
Inverclyde,Well-being,Raw data,2018/19,7.405,Well-being,4
Midlothian,Well-being,Raw data,2018/19,7.7525,Well-being,2
Moray,Well-being,Raw data,2018/19,7.762499999999999,Well-being,2
North Ayrshire,Well-being,Raw data,2018/19,7.48,Well-being,4
North Lanarkshire,Well-being,Raw data,2018/19,7.4925,Well-being,4
Orkney Islands,Well-being,Raw data,2018/19,8.23,Well-being,1
Perth and Kinross,Well-being,Raw data,2018/19,7.695,Well-being,1
Renfrewshire,Well-being,Raw data,2018/19,7.4925,Well-being,3
Scotland,Well-being,Raw data,2018/19,7.56,Well-being,NA
Scottish Borders,Well-being,Raw data,2018/19,7.645,Well-being,2
Shetland Islands,Well-being,Raw data,2018/19,7.9,Well-being,1
South Ayrshire,Well-being,Raw data,2018/19,7.512499999999999,Well-being,3
South Lanarkshire,Well-being,Raw data,2018/19,7.6075,Well-being,3
Stirling,Well-being,Raw data,2018/19,7.4125,Well-being,2
West Dunbartonshire,Well-being,Raw data,2018/19,7.522499999999999,Well-being,4
West Lothian,Well-being,Raw data,2018/19,7.484999999999999,Well-being,3
Aberdeen City,Well-being,Raw data,2019/20,7.374999999999999,Well-being,1
Aberdeenshire,Well-being,Raw data,2019/20,7.6075,Well-being,1
Angus,Well-being,Raw data,2019/20,7.5725,Well-being,2
Argyll and Bute,Well-being,Raw data,2019/20,7.815,Well-being,2
Clackmannanshire,Well-being,Raw data,2019/20,7.5675,Well-being,3
Dumfries and Galloway,Well-being,Raw data,2019/20,7.779999999999999,Well-being,3
Dundee City,Well-being,Raw data,2019/20,7.172499999999999,Well-being,4
East Ayrshire,Well-being,Raw data,2019/20,7.405,Well-being,4
East Dunbartonshire,Well-being,Raw data,2019/20,7.67,Well-being,1
East Lothian,Well-being,Raw data,2019/20,7.619999999999999,Well-being,2
East Renfrewshire,Well-being,Raw data,2019/20,7.65,Well-being,1
"Edinburgh, City of",Well-being,Raw data,2019/20,7.287499999999999,Well-being,1
Eilean Siar,Well-being,Raw data,2019/20,8.09,Well-being,4
Falkirk,Well-being,Raw data,2019/20,7.405,Well-being,3
Fife,Well-being,Raw data,2019/20,7.355,Well-being,3
Glasgow City,Well-being,Raw data,2019/20,7.220000000000001,Well-being,4
Highland,Well-being,Raw data,2019/20,7.86,Well-being,2
Inverclyde,Well-being,Raw data,2019/20,7.395,Well-being,4
Midlothian,Well-being,Raw data,2019/20,7.5175,Well-being,2
Moray,Well-being,Raw data,2019/20,7.7125,Well-being,2
North Ayrshire,Well-being,Raw data,2019/20,7.217499999999999,Well-being,4
North Lanarkshire,Well-being,Raw data,2019/20,7.6075,Well-being,4
Orkney Islands,Well-being,Raw data,2019/20,8.057500000000001,Well-being,1
Perth and Kinross,Well-being,Raw data,2019/20,7.5725,Well-being,1
Renfrewshire,Well-being,Raw data,2019/20,7.3675,Well-being,3
Scotland,Well-being,Raw data,2019/20,7.4625,Well-being,NA
Scottish Borders,Well-being,Raw data,2019/20,7.6325,Well-being,2
Shetland Islands,Well-being,Raw data,2019/20,7.46,Well-being,1
South Ayrshire,Well-being,Raw data,2019/20,7.5075,Well-being,3
South Lanarkshire,Well-being,Raw data,2019/20,7.505,Well-being,3
Stirling,Well-being,Raw data,2019/20,7.48,Well-being,2
West Dunbartonshire,Well-being,Raw data,2019/20,7.39,Well-being,4
West Lothian,Well-being,Raw data,2019/20,7.2925,Well-being,3
Aberdeen City,Well-being,Raw data,2020/21,7.1499999999999995,Well-being,1
Aberdeenshire,Well-being,Raw data,2020/21,7.355,Well-being,1
Angus,Well-being,Raw data,2020/21,7.225,Well-being,2
Argyll and Bute,Well-being,Raw data,2020/21,7.557500000000001,Well-being,2
Clackmannanshire,Well-being,Raw data,2020/21,7.33,Well-being,3
Dumfries and Galloway,Well-being,Raw data,2020/21,7.499999999999999,Well-being,3
Dundee City,Well-being,Raw data,2020/21,7.075,Well-being,4
East Ayrshire,Well-being,Raw data,2020/21,7.28,Well-being,4
East Dunbartonshire,Well-being,Raw data,2020/21,7.3725,Well-being,1
East Lothian,Well-being,Raw data,2020/21,7.395,Well-being,2
East Renfrewshire,Well-being,Raw data,2020/21,7.51,Well-being,1
"Edinburgh, City of",Well-being,Raw data,2020/21,7.195,Well-being,1
Eilean Siar,Well-being,Raw data,2020/21,7.82,Well-being,4
Falkirk,Well-being,Raw data,2020/21,7.305,Well-being,3
Fife,Well-being,Raw data,2020/21,7.2575,Well-being,3
Glasgow City,Well-being,Raw data,2020/21,7.025,Well-being,4
Highland,Well-being,Raw data,2020/21,7.635,Well-being,2
Inverclyde,Well-being,Raw data,2020/21,7.275,Well-being,4
Midlothian,Well-being,Raw data,2020/21,7.2925,Well-being,2
Moray,Well-being,Raw data,2020/21,7.407500000000001,Well-being,2
North Ayrshire,Well-being,Raw data,2020/21,7.0275,Well-being,4
North Lanarkshire,Well-being,Raw data,2020/21,7.3325,Well-being,4
Orkney Islands,Well-being,Raw data,2020/21,7.9275,Well-being,1
Perth and Kinross,Well-being,Raw data,2020/21,7.34,Well-being,1
Renfrewshire,Well-being,Raw data,2020/21,7.0675,Well-being,3
Scotland,Well-being,Raw data,2020/21,7.257499999999999,Well-being,NA
Scottish Borders,Well-being,Raw data,2020/21,7.489999999999999,Well-being,2
Shetland Islands,Well-being,Raw data,2020/21,7.4525,Well-being,1
South Ayrshire,Well-being,Raw data,2020/21,7.225,Well-being,3
South Lanarkshire,Well-being,Raw data,2020/21,7.1375,Well-being,3
Stirling,Well-being,Raw data,2020/21,7.315,Well-being,2
West Dunbartonshire,Well-being,Raw data,2020/21,7.2775,Well-being,4
West Lothian,Well-being,Raw data,2020/21,7.05,Well-being,3
Aberdeen City,Well-being,Raw data,2021/22,7.32,Well-being,1
Aberdeenshire,Well-being,Raw data,2021/22,7.574999999999999,Well-being,1
Angus,Well-being,Raw data,2021/22,7.4575,Well-being,2
Argyll and Bute,Well-being,Raw data,2021/22,7.615,Well-being,2
Clackmannanshire,Well-being,Raw data,2021/22,7.47,Well-being,3
Dumfries and Galloway,Well-being,Raw data,2021/22,7.59,Well-being,3
Dundee City,Well-being,Raw data,2021/22,7.18,Well-being,4
East Ayrshire,Well-being,Raw data,2021/22,7.3,Well-being,4
East Dunbartonshire,Well-being,Raw data,2021/22,7.58,Well-being,1
East Lothian,Well-being,Raw data,2021/22,7.4875,Well-being,2
East Renfrewshire,Well-being,Raw data,2021/22,7.699999999999999,Well-being,1
"Edinburgh, City of",Well-being,Raw data,2021/22,7.2125,Well-being,1
Eilean Siar,Well-being,Raw data,2021/22,7.869999999999999,Well-being,4
Falkirk,Well-being,Raw data,2021/22,7.334999999999999,Well-being,3
Fife,Well-being,Raw data,2021/22,7.1499999999999995,Well-being,3
Glasgow City,Well-being,Raw data,2021/22,7.135,Well-being,4
Highland,Well-being,Raw data,2021/22,7.685,Well-being,2
Inverclyde,Well-being,Raw data,2021/22,7.35,Well-being,4
Midlothian,Well-being,Raw data,2021/22,7.365,Well-being,2
Moray,Well-being,Raw data,2021/22,7.49,Well-being,2
North Ayrshire,Well-being,Raw data,2021/22,7.1225000000000005,Well-being,4
North Lanarkshire,Well-being,Raw data,2021/22,7.422499999999999,Well-being,4
Orkney Islands,Well-being,Raw data,2021/22,0,Well-being,1
Perth and Kinross,Well-being,Raw data,2021/22,7.57,Well-being,1
Renfrewshire,Well-being,Raw data,2021/22,7.302499999999999,Well-being,3
Scotland,Well-being,Raw data,2021/22,7.35,Well-being,NA
Scottish Borders,Well-being,Raw data,2021/22,7.4225,Well-being,2
Shetland Islands,Well-being,Raw data,2021/22,7.7725,Well-being,1
South Ayrshire,Well-being,Raw data,2021/22,7.355,Well-being,3
South Lanarkshire,Well-being,Raw data,2021/22,7.234999999999999,Well-being,3
Stirling,Well-being,Raw data,2021/22,7.315,Well-being,2
West Dunbartonshire,Well-being,Raw data,2021/22,7.2775,Well-being,4
West Lothian,Well-being,Raw data,2021/22,7.3025,Well-being,3
Aberdeen City,Well-being,Raw data,2022/23,7.2675,Well-being,1
Aberdeenshire,Well-being,Raw data,2022/23,7.5525,Well-being,1
Angus,Well-being,Raw data,2022/23,7.3825,Well-being,2
Argyll and Bute,Well-being,Raw data,2022/23,7.7125,Well-being,2
Clackmannanshire,Well-being,Raw data,2022/23,7.245,Well-being,3
Dumfries and Galloway,Well-being,Raw data,2022/23,7.355,Well-being,3
Dundee City,Well-being,Raw data,2022/23,7.125000000000001,Well-being,4
East Ayrshire,Well-being,Raw data,2022/23,7.21,Well-being,4
East Dunbartonshire,Well-being,Raw data,2022/23,7.632499999999999,Well-being,1
East Lothian,Well-being,Raw data,2022/23,7.425000000000001,Well-being,2
East Renfrewshire,Well-being,Raw data,2022/23,7.5125,Well-being,1
"Edinburgh, City of",Well-being,Raw data,2022/23,7.3175,Well-being,1
Eilean Siar,Well-being,Raw data,2022/23,8.075,Well-being,4
Falkirk,Well-being,Raw data,2022/23,7.4175,Well-being,3
Fife,Well-being,Raw data,2022/23,7.21,Well-being,3
Glasgow City,Well-being,Raw data,2022/23,7.125,Well-being,4
Highland,Well-being,Raw data,2022/23,7.795,Well-being,2
Inverclyde,Well-being,Raw data,2022/23,7.43,Well-being,4
Midlothian,Well-being,Raw data,2022/23,7.5075,Well-being,2
Moray,Well-being,Raw data,2022/23,7.4425,Well-being,2
North Ayrshire,Well-being,Raw data,2022/23,7.215,Well-being,4
North Lanarkshire,Well-being,Raw data,2022/23,7.25,Well-being,4
Orkney Islands,Well-being,Raw data,2022/23,0,Well-being,1
Perth and Kinross,Well-being,Raw data,2022/23,7.445,Well-being,1
Renfrewshire,Well-being,Raw data,2022/23,7.255,Well-being,3
Scotland,Well-being,Raw data,2022/23,7.352500000000001,Well-being,NA
Scottish Borders,Well-being,Raw data,2022/23,7.492500000000001,Well-being,2
Shetland Islands,Well-being,Raw data,2022/23,8.02,Well-being,1
South Ayrshire,Well-being,Raw data,2022/23,7.47,Well-being,3
South Lanarkshire,Well-being,Raw data,2022/23,7.3225,Well-being,3
Stirling,Well-being,Raw data,2022/23,7.4275,Well-being,2
West Dunbartonshire,Well-being,Raw data,2022/23,7.3175,Well-being,4
West Lothian,Well-being,Raw data,2022/23,7.125,Well-being,3
Aberdeen City,Well-being,Raw data,2023/24,7.2675,Well-being,1
Aberdeenshire,Well-being,Raw data,2023/24,7.5525,Well-being,1
Angus,Well-being,Raw data,2023/24,7.3825,Well-being,2
Argyll and Bute,Well-being,Raw data,2023/24,7.7125,Well-being,2
Clackmannanshire,Well-being,Raw data,2023/24,7.245,Well-being,3
Dumfries and Galloway,Well-being,Raw data,2023/24,7.355,Well-being,3
Dundee City,Well-being,Raw data,2023/24,7.125000000000001,Well-being,4
East Ayrshire,Well-being,Raw data,2023/24,7.21,Well-being,4
East Dunbartonshire,Well-being,Raw data,2023/24,7.632499999999999,Well-being,1
East Lothian,Well-being,Raw data,2023/24,7.425000000000001,Well-being,2
East Renfrewshire,Well-being,Raw data,2023/24,7.5125,Well-being,1
"Edinburgh, City of",Well-being,Raw data,2023/24,7.3175,Well-being,1
Eilean Siar,Well-being,Raw data,2023/24,8.075,Well-being,4
Falkirk,Well-being,Raw data,2023/24,7.4175,Well-being,3
Fife,Well-being,Raw data,2023/24,7.21,Well-being,3
Glasgow City,Well-being,Raw data,2023/24,7.125,Well-being,4
Highland,Well-being,Raw data,2023/24,7.795,Well-being,2
Inverclyde,Well-being,Raw data,2023/24,7.43,Well-being,4
Midlothian,Well-being,Raw data,2023/24,7.5075,Well-being,2
Moray,Well-being,Raw data,2023/24,7.4425,Well-being,2
North Ayrshire,Well-being,Raw data,2023/24,7.215,Well-being,4
North Lanarkshire,Well-being,Raw data,2023/24,7.25,Well-being,4
Orkney Islands,Well-being,Raw data,2023/24,0,Well-being,1
Perth and Kinross,Well-being,Raw data,2023/24,7.445,Well-being,1
Renfrewshire,Well-being,Raw data,2023/24,7.255,Well-being,3
Scotland,Well-being,Raw data,2023/24,7.352500000000001,Well-being,NA
Scottish Borders,Well-being,Raw data,2023/24,7.492500000000001,Well-being,2
Shetland Islands,Well-being,Raw data,2023/24,8.02,Well-being,1
South Ayrshire,Well-being,Raw data,2023/24,7.47,Well-being,3
South Lanarkshire,Well-being,Raw data,2023/24,7.3225,Well-being,3
Stirling,Well-being,Raw data,2023/24,7.4275,Well-being,2
West Dunbartonshire,Well-being,Raw data,2023/24,7.3175,Well-being,4
West Lothian,Well-being,Raw data,2023/24,7.125,Well-being,3
Aberdeen City,Fuel Poverty,Imputed,2012/13,17.456962988917265,Fuel Poverty,1
Aberdeenshire,Fuel Poverty,Imputed,2012/13,28.179515505522357,Fuel Poverty,1
Angus,Fuel Poverty,Imputed,2012/13,14.620598266301448,Fuel Poverty,2
Argyll and Bute,Fuel Poverty,Imputed,2012/13,22.19307968651463,Fuel Poverty,2
Clackmannanshire,Fuel Poverty,Imputed,2012/13,36.896067479318766,Fuel Poverty,3
Dumfries and Galloway,Fuel Poverty,Imputed,2012/13,25.43247715072342,Fuel Poverty,3
Dundee City,Fuel Poverty,Imputed,2012/13,32.20655796552356,Fuel Poverty,4
East Ayrshire,Fuel Poverty,Imputed,2012/13,41.29823820283015,Fuel Poverty,4
East Dunbartonshire,Fuel Poverty,Imputed,2012/13,30.839681799135622,Fuel Poverty,1
East Lothian,Fuel Poverty,Imputed,2012/13,17.69637703739764,Fuel Poverty,2
East Renfrewshire,Fuel Poverty,Imputed,2012/13,21.986366883000883,Fuel Poverty,1
"Edinburgh, City of",Fuel Poverty,Imputed,2012/13,20.07975671678357,Fuel Poverty,1
Eilean Siar,Fuel Poverty,Imputed,2012/13,27.440579559905665,Fuel Poverty,4
Falkirk,Fuel Poverty,Imputed,2012/13,23.818116875634804,Fuel Poverty,3
Fife,Fuel Poverty,Imputed,2012/13,34.27389000080484,Fuel Poverty,3
Glasgow City,Fuel Poverty,Imputed,2012/13,25.089501745003695,Fuel Poverty,4
Highland,Fuel Poverty,Imputed,2012/13,31.09103040139468,Fuel Poverty,2
Inverclyde,Fuel Poverty,Imputed,2012/13,42.83818173157392,Fuel Poverty,4
Midlothian,Fuel Poverty,Imputed,2012/13,23.939109244094126,Fuel Poverty,2
Moray,Fuel Poverty,Imputed,2012/13,37.0014631128138,Fuel Poverty,2
North Ayrshire,Fuel Poverty,Imputed,2012/13,30.052431128849193,Fuel Poverty,4
North Lanarkshire,Fuel Poverty,Imputed,2012/13,31.06414353256559,Fuel Poverty,4
Orkney Islands,Fuel Poverty,Imputed,2012/13,29.489819920599857,Fuel Poverty,1
Perth and Kinross,Fuel Poverty,Imputed,2012/13,26.390645872509264,Fuel Poverty,1
Renfrewshire,Fuel Poverty,Imputed,2012/13,35.05412089105103,Fuel Poverty,3
Scotland,Fuel Poverty,Imputed,2012/13,25.99320707453089,Fuel Poverty,NA
Scottish Borders,Fuel Poverty,Imputed,2012/13,28.702141914081864,Fuel Poverty,2
Shetland Islands,Fuel Poverty,Imputed,2012/13,20.42242297515122,Fuel Poverty,1
South Ayrshire,Fuel Poverty,Imputed,2012/13,14.592242081229251,Fuel Poverty,3
South Lanarkshire,Fuel Poverty,Imputed,2012/13,16.457235589105483,Fuel Poverty,3
Stirling,Fuel Poverty,Imputed,2012/13,32.25175015853143,Fuel Poverty,2
West Dunbartonshire,Fuel Poverty,Imputed,2012/13,25.131492087845206,Fuel Poverty,4
West Lothian,Fuel Poverty,Imputed,2012/13,22.4332737242748,Fuel Poverty,3
Aberdeen City,Fuel Poverty,Imputed,2013/14,18.32981113836313,Fuel Poverty,1
Aberdeenshire,Fuel Poverty,Imputed,2013/14,27.68598531581556,Fuel Poverty,1
Angus,Fuel Poverty,Imputed,2013/14,15.35162817961652,Fuel Poverty,2
Argyll and Bute,Fuel Poverty,Imputed,2013/14,23.251411807347846,Fuel Poverty,2
Clackmannanshire,Fuel Poverty,Imputed,2013/14,35.05126410535283,Fuel Poverty,3
Dumfries and Galloway,Fuel Poverty,Imputed,2013/14,25.8343502580052,Fuel Poverty,3
Dundee City,Fuel Poverty,Imputed,2013/14,32.098733186195275,Fuel Poverty,4
East Ayrshire,Fuel Poverty,Imputed,2013/14,39.23332629268864,Fuel Poverty,4
East Dunbartonshire,Fuel Poverty,Imputed,2013/14,29.29769770917884,Fuel Poverty,1
East Lothian,Fuel Poverty,Imputed,2013/14,18.382033197124706,Fuel Poverty,2
East Renfrewshire,Fuel Poverty,Imputed,2013/14,20.88704853885084,Fuel Poverty,1
"Edinburgh, City of",Fuel Poverty,Imputed,2013/14,20.154432848106552,Fuel Poverty,1
Eilean Siar,Fuel Poverty,Imputed,2013/14,28.74839429698945,Fuel Poverty,4
Falkirk,Fuel Poverty,Imputed,2013/14,23.612893887304462,Fuel Poverty,3
Fife,Fuel Poverty,Imputed,2013/14,32.79033854875695,Fuel Poverty,3
Glasgow City,Fuel Poverty,Imputed,2013/14,25.112365966724056,Fuel Poverty,4
Highland,Fuel Poverty,Imputed,2013/14,31.31575844542902,Fuel Poverty,2
Inverclyde,Fuel Poverty,Imputed,2013/14,40.69627264499522,Fuel Poverty,4
Midlothian,Fuel Poverty,Imputed,2013/14,23.280407909450084,Fuel Poverty,2
Moray,Fuel Poverty,Imputed,2013/14,36.27976327938085,Fuel Poverty,2
North Ayrshire,Fuel Poverty,Imputed,2013/14,29.761053867135363,Fuel Poverty,4
North Lanarkshire,Fuel Poverty,Imputed,2013/14,29.51093635593731,Fuel Poverty,4
Orkney Islands,Fuel Poverty,Imputed,2013/14,29.61436093960714,Fuel Poverty,1
Perth and Kinross,Fuel Poverty,Imputed,2013/14,26.17605635234613,Fuel Poverty,1
Renfrewshire,Fuel Poverty,Imputed,2013/14,33.301414846498474,Fuel Poverty,3
Scotland,Fuel Poverty,Imputed,2013/14,25.78955851417355,Fuel Poverty,NA
Scottish Borders,Fuel Poverty,Imputed,2013/14,28.68910346333889,Fuel Poverty,2
Shetland Islands,Fuel Poverty,Imputed,2013/14,21.443544123908783,Fuel Poverty,1
South Ayrshire,Fuel Poverty,Imputed,2013/14,15.321854185290714,Fuel Poverty,3
South Lanarkshire,Fuel Poverty,Imputed,2013/14,17.041767932932654,Fuel Poverty,3
Stirling,Fuel Poverty,Imputed,2013/14,30.639162650604856,Fuel Poverty,2
West Dunbartonshire,Fuel Poverty,Imputed,2013/14,25.6060973211815,Fuel Poverty,4
West Lothian,Fuel Poverty,Imputed,2013/14,21.834881667735957,Fuel Poverty,3
Aberdeen City,Fuel Poverty,Imputed,2014/15,19.24630169528129,Fuel Poverty,1
Aberdeenshire,Fuel Poverty,Imputed,2014/15,27.201098711485677,Fuel Poverty,1
Angus,Fuel Poverty,Imputed,2014/15,16.119209588597347,Fuel Poverty,2
Argyll and Bute,Fuel Poverty,Imputed,2014/15,24.360213123705464,Fuel Poverty,2
Clackmannanshire,Fuel Poverty,Imputed,2014/15,33.29870090008519,Fuel Poverty,3
Dumfries and Galloway,Fuel Poverty,Imputed,2014/15,26.242573591943984,Fuel Poverty,3
Dundee City,Fuel Poverty,Imputed,2014/15,31.991269394931894,Fuel Poverty,4
East Ayrshire,Fuel Poverty,Imputed,2014/15,37.2716599780542,Fuel Poverty,4
East Dunbartonshire,Fuel Poverty,Imputed,2014/15,27.832812823719895,Fuel Poverty,1
East Lothian,Fuel Poverty,Imputed,2014/15,19.094255493433185,Fuel Poverty,2
East Renfrewshire,Fuel Poverty,Imputed,2014/15,19.842696111908296,Fuel Poverty,1
"Edinburgh, City of",Fuel Poverty,Imputed,2014/15,20.229386698162287,Fuel Poverty,1
Eilean Siar,Fuel Poverty,Imputed,2014/15,30.11853932789226,Fuel Poverty,4
Falkirk,Fuel Poverty,Imputed,2014/15,23.409439152743264,Fuel Poverty,3
Fife,Fuel Poverty,Imputed,2014/15,31.371002886361815,Fuel Poverty,3
Glasgow City,Fuel Poverty,Imputed,2014/15,25.135251024754368,Fuel Poverty,4
Highland,Fuel Poverty,Imputed,2014/15,31.542110838773223,Fuel Poverty,2
Inverclyde,Fuel Poverty,Imputed,2014/15,38.66145901274545,Fuel Poverty,4
Midlothian,Fuel Poverty,Imputed,2014/15,22.639831202745945,Fuel Poverty,2
Moray,Fuel Poverty,Imputed,2014/15,35.57213993389621,Fuel Poverty,2
North Ayrshire,Fuel Poverty,Imputed,2014/15,29.4725016916277,Fuel Poverty,4
North Lanarkshire,Fuel Poverty,Imputed,2014/15,28.035389538140443,Fuel Poverty,4
Orkney Islands,Fuel Poverty,Imputed,2014/15,29.739427918605266,Fuel Poverty,1
Perth and Kinross,Fuel Poverty,Imputed,2014/15,25.96321171794238,Fuel Poverty,1
Renfrewshire,Fuel Poverty,Imputed,2014/15,31.63634410417355,Fuel Poverty,3
Scotland,Fuel Poverty,Imputed,2014/15,25.58750547590845,Fuel Poverty,NA
Scottish Borders,Fuel Poverty,Imputed,2014/15,28.67607093554056,Fuel Poverty,2
Shetland Islands,Fuel Poverty,Imputed,2014/15,22.515721330104224,Fuel Poverty,1
South Ayrshire,Fuel Poverty,Imputed,2014/15,16.08794689455525,Fuel Poverty,3
South Lanarkshire,Fuel Poverty,Imputed,2014/15,17.647061847506635,Fuel Poverty,3
Stirling,Fuel Poverty,Imputed,2014/15,29.10720451807461,Fuel Poverty,2
West Dunbartonshire,Fuel Poverty,Imputed,2014/15,26.089665417793995,Fuel Poverty,4
West Lothian,Fuel Poverty,Imputed,2014/15,21.252451305318527,Fuel Poverty,3
Aberdeen City,Fuel Poverty,Imputed,2015/16,20.20861678004535,Fuel Poverty,1
Aberdeenshire,Fuel Poverty,Imputed,2015/16,26.724704310571227,Fuel Poverty,1
Angus,Fuel Poverty,Imputed,2015/16,16.925170068027214,Fuel Poverty,2
Argyll and Bute,Fuel Poverty,Imputed,2015/16,25.521890384515103,Fuel Poverty,2
Clackmannanshire,Fuel Poverty,Imputed,2015/16,31.633765855080924,Fuel Poverty,3
Dumfries and Galloway,Fuel Poverty,Imputed,2015/16,26.65724749610063,Fuel Poverty,3
Dundee City,Fuel Poverty,Imputed,2015/16,31.88416538317651,Fuel Poverty,4
East Ayrshire,Fuel Poverty,Imputed,2015/16,35.40807697915149,Fuel Poverty,4
East Dunbartonshire,Fuel Poverty,Imputed,2015/16,26.4411721825339,Fuel Poverty,1
East Lothian,Fuel Poverty,Imputed,2015/16,19.83407324634427,Fuel Poverty,2
East Renfrewshire,Fuel Poverty,Imputed,2015/16,18.85056130631288,Fuel Poverty,1
"Edinburgh, City of",Fuel Poverty,Imputed,2015/16,20.304619299780047,Fuel Poverty,1
Eilean Siar,Fuel Poverty,Imputed,2015/16,31.553985306956353,Fuel Poverty,4
Falkirk,Fuel Poverty,Imputed,2015/16,23.207737436224367,Fuel Poverty,3
Fife,Fuel Poverty,Imputed,2015/16,30.013103421691547,Fuel Poverty,3
Glasgow City,Fuel Poverty,Imputed,2015/16,25.15815693808289,Fuel Poverty,4
Highland,Fuel Poverty,Imputed,2015/16,31.77009932233258,Fuel Poverty,2
Inverclyde,Fuel Poverty,Imputed,2015/16,36.72838606210818,Fuel Poverty,4
Midlothian,Fuel Poverty,Imputed,2015/16,22.01688041216698,Fuel Poverty,2
Moray,Fuel Poverty,Imputed,2015/16,34.87831851967608,Fuel Poverty,2
North Ayrshire,Fuel Poverty,Imputed,2015/16,29.186747211334794,Fuel Poverty,4
North Lanarkshire,Fuel Poverty,Imputed,2015/16,26.63362006123342,Fuel Poverty,4
Orkney Islands,Fuel Poverty,Imputed,2015/16,29.865023078821533,Fuel Poverty,1
Perth and Kinross,Fuel Poverty,Imputed,2015/16,25.75209778115727,Fuel Poverty,1
Renfrewshire,Fuel Poverty,Imputed,2015/16,30.05452689896487,Fuel Poverty,3
Scotland,Fuel Poverty,Imputed,2015/16,25.38703545932438,Fuel Poverty,NA
Scottish Borders,Fuel Poverty,Imputed,2015/16,28.663044327996275,Fuel Poverty,2
Shetland Islands,Fuel Poverty,Imputed,2015/16,23.64150739660944,Fuel Poverty,1
South Ayrshire,Fuel Poverty,Imputed,2015/16,16.892344239283016,Fuel Poverty,3
South Lanarkshire,Fuel Poverty,Imputed,2015/16,18.273854747659,Fuel Poverty,3
Stirling,Fuel Poverty,Imputed,2015/16,27.65184429217088,Fuel Poverty,2
West Dunbartonshire,Fuel Poverty,Imputed,2015/16,26.582365640287616,Fuel Poverty,4
West Lothian,Fuel Poverty,Imputed,2015/16,20.68555686987463,Fuel Poverty,3
Aberdeen City,Fuel Poverty,Imputed,2016/17,21.21904761904762,Fuel Poverty,1
Aberdeenshire,Fuel Poverty,Imputed,2016/17,26.256653382383,Fuel Poverty,1
Angus,Fuel Poverty,Imputed,2016/17,17.771428571428576,Fuel Poverty,2
Argyll and Bute,Fuel Poverty,Imputed,2016/17,26.7389651105041,Fuel Poverty,2
Clackmannanshire,Fuel Poverty,Imputed,2016/17,30.052077562326875,Fuel Poverty,3
Dumfries and Galloway,Fuel Poverty,Imputed,2016/17,27.078473899621947,Fuel Poverty,3
Dundee City,Fuel Poverty,Imputed,2016/17,31.77741994641833,Fuel Poverty,4
East Ayrshire,Fuel Poverty,Imputed,2016/17,33.63767313019391,Fuel Poverty,4
East Dunbartonshire,Fuel Poverty,Imputed,2016/17,25.119113573407205,Fuel Poverty,1
East Lothian,Fuel Poverty,Imputed,2016/17,20.602555657466866,Fuel Poverty,2
East Renfrewshire,Fuel Poverty,Imputed,2016/17,17.908033240997234,Fuel Poverty,1
"Edinburgh, City of",Fuel Poverty,Imputed,2016/17,20.380131689630176,Fuel Poverty,1
Eilean Siar,Fuel Poverty,Imputed,2016/17,33.05784446955432,Fuel Poverty,4
Falkirk,Fuel Poverty,Imputed,2016/17,23.007773633295844,Fuel Poverty,3
Fife,Fuel Poverty,Imputed,2016/17,28.71398087795145,Fuel Poverty,3
Glasgow City,Fuel Poverty,Imputed,2016/17,25.18108372571519,Fuel Poverty,4
Highland,Fuel Poverty,Imputed,2016/17,31.999735721876423,Fuel Poverty,2
Inverclyde,Fuel Poverty,Imputed,2016/17,34.89196675900277,Fuel Poverty,4
Midlothian,Fuel Poverty,Imputed,2016/17,21.41107054830287,Fuel Poverty,2
Moray,Fuel Poverty,Imputed,2016/17,34.198029835163105,Fuel Poverty,2
North Ayrshire,Fuel Poverty,Imputed,2016/17,28.90376330083816,Fuel Poverty,4
North Lanarkshire,Fuel Poverty,Imputed,2016/17,25.301939058171747,Fuel Poverty,4
Orkney Islands,Fuel Poverty,Imputed,2016/17,29.991148650863913,Fuel Poverty,1
Perth and Kinross,Fuel Poverty,Imputed,2016/17,25.5427004692177,Fuel Poverty,1
Renfrewshire,Fuel Poverty,Imputed,2016/17,28.551800554016623,Fuel Poverty,3
Scotland,Fuel Poverty,Imputed,2016/17,25.188136061946903,Fuel Poverty,NA
Scottish Borders,Fuel Poverty,Imputed,2016/17,28.650023638016656,Fuel Poverty,2
Shetland Islands,Fuel Poverty,Imputed,2016/17,24.82358276643991,Fuel Poverty,1
South Ayrshire,Fuel Poverty,Imputed,2016/17,17.73696145124717,Fuel Poverty,3
South Lanarkshire,Fuel Poverty,Imputed,2016/17,18.92291023991175,Fuel Poverty,3
Stirling,Fuel Poverty,Imputed,2016/17,26.26925207756233,Fuel Poverty,2
West Dunbartonshire,Fuel Poverty,Imputed,2016/17,27.08437044777142,Fuel Poverty,4
West Lothian,Fuel Poverty,Imputed,2016/17,20.1337839513005,Fuel Poverty,3
Aberdeen City,Fuel Poverty,Imputed,2017/18,22.28,Fuel Poverty,1
Aberdeenshire,Fuel Poverty,Imputed,2017/18,25.796799801070232,Fuel Poverty,1
Angus,Fuel Poverty,Imputed,2017/18,18.660000000000004,Fuel Poverty,2
Argyll and Bute,Fuel Poverty,Imputed,2017/18,28.014079067377807,Fuel Poverty,2
Clackmannanshire,Fuel Poverty,Imputed,2017/18,28.54947368421053,Fuel Poverty,3
Dumfries and Galloway,Fuel Poverty,Imputed,2017/18,27.506356342295447,Fuel Poverty,3
Dundee City,Fuel Poverty,Imputed,2017/18,31.67103188417919,Fuel Poverty,4
East Ayrshire,Fuel Poverty,Imputed,2017/18,31.955789473684213,Fuel Poverty,4
East Dunbartonshire,Fuel Poverty,Imputed,2017/18,23.863157894736844,Fuel Poverty,1
East Lothian,Fuel Poverty,Imputed,2017/18,21.400813355232284,Fuel Poverty,2
East Renfrewshire,Fuel Poverty,Imputed,2017/18,17.01263157894737,Fuel Poverty,1
"Edinburgh, City of",Fuel Poverty,Imputed,2017/18,20.45592490823837,Fuel Poverty,1
Eilean Siar,Fuel Poverty,Imputed,2017/18,34.63337737982406,Fuel Poverty,4
Falkirk,Fuel Poverty,Imputed,2017/18,22.8095327696496,Fuel Poverty,3
Fife,Fuel Poverty,Imputed,2017/18,27.471091085617985,Fuel Poverty,3
Glasgow City,Fuel Poverty,Imputed,2017/18,25.20403140667415,Fuel Poverty,4
Highland,Fuel Poverty,Imputed,2017/18,32.23103194865154,Fuel Poverty,2
Inverclyde,Fuel Poverty,Imputed,2017/18,33.14736842105263,Fuel Poverty,4
Midlothian,Fuel Poverty,Imputed,2017/18,20.821929966566135,Fuel Poverty,2
Moray,Fuel Poverty,Imputed,2017/18,33.53100992947659,Fuel Poverty,2
North Ayrshire,Fuel Poverty,Imputed,2017/18,28.62352309771735,Fuel Poverty,4
North Lanarkshire,Fuel Poverty,Imputed,2017/18,24.03684210526316,Fuel Poverty,4
Orkney Islands,Fuel Poverty,Imputed,2017/18,30.11780687476064,Fuel Poverty,1
Perth and Kinross,Fuel Poverty,Imputed,2017/18,25.3350058237801,Fuel Poverty,1
Renfrewshire,Fuel Poverty,Imputed,2017/18,27.124210526315792,Fuel Poverty,3
Scotland,Fuel Poverty,Imputed,2017/18,24.990794978471044,Fuel Poverty,NA
Scottish Borders,Fuel Poverty,Imputed,2017/18,28.637008862913543,Fuel Poverty,2
Shetland Islands,Fuel Poverty,Imputed,2017/18,26.064761904761905,Fuel Poverty,1
South Ayrshire,Fuel Poverty,Imputed,2017/18,18.623809523809527,Fuel Poverty,3
South Lanarkshire,Fuel Poverty,Imputed,2017/18,19.595019052760563,Fuel Poverty,3
Stirling,Fuel Poverty,Imputed,2017/18,24.955789473684213,Fuel Poverty,2
West Dunbartonshire,Fuel Poverty,Imputed,2017/18,27.595855556224183,Fuel Poverty,4
West Lothian,Fuel Poverty,Imputed,2017/18,19.596729193595184,Fuel Poverty,3
Aberdeen City,Fuel Poverty,Raw data,2018/19,23.394,Fuel Poverty,1
Aberdeenshire,Fuel Poverty,Raw data,2018/19,25.345,Fuel Poverty,1
Angus,Fuel Poverty,Raw data,2018/19,19.593000000000004,Fuel Poverty,2
Argyll and Bute,Fuel Poverty,Raw data,2018/19,29.350000000000005,Fuel Poverty,2
Clackmannanshire,Fuel Poverty,Raw data,2018/19,27.122,Fuel Poverty,3
Dumfries and Galloway,Fuel Poverty,Raw data,2018/19,27.94100000000001,Fuel Poverty,3
Dundee City,Fuel Poverty,Raw data,2018/19,31.565000000000005,Fuel Poverty,4
East Ayrshire,Fuel Poverty,Raw data,2018/19,30.358,Fuel Poverty,4
East Dunbartonshire,Fuel Poverty,Raw data,2018/19,22.67,Fuel Poverty,1
East Lothian,Fuel Poverty,Raw data,2018/19,22.230000000000004,Fuel Poverty,2
East Renfrewshire,Fuel Poverty,Raw data,2018/19,16.162000000000003,Fuel Poverty,1
"Edinburgh, City of",Fuel Poverty,Raw data,2018/19,20.532000000000004,Fuel Poverty,1
Eilean Siar,Fuel Poverty,Raw data,2018/19,36.284000000000006,Fuel Poverty,4
Falkirk,Fuel Poverty,Raw data,2018/19,22.613000000000003,Fuel Poverty,3
Fife,Fuel Poverty,Raw data,2018/19,26.282,Fuel Poverty,3
Glasgow City,Fuel Poverty,Raw data,2018/19,25.227,Fuel Poverty,4
Highland,Fuel Poverty,Raw data,2018/19,32.464000000000006,Fuel Poverty,2
Inverclyde,Fuel Poverty,Raw data,2018/19,31.49,Fuel Poverty,4
Midlothian,Fuel Poverty,Raw data,2018/19,20.249,Fuel Poverty,2
Moray,Fuel Poverty,Raw data,2018/19,32.877,Fuel Poverty,2
North Ayrshire,Fuel Poverty,Raw data,2018/19,28.346000000000004,Fuel Poverty,4
North Lanarkshire,Fuel Poverty,Raw data,2018/19,22.835,Fuel Poverty,4
Orkney Islands,Fuel Poverty,Raw data,2018/19,30.245000000000005,Fuel Poverty,1
Perth and Kinross,Fuel Poverty,Raw data,2018/19,25.129,Fuel Poverty,1
Renfrewshire,Fuel Poverty,Raw data,2018/19,25.768,Fuel Poverty,3
Scotland,Fuel Poverty,Raw data,2018/19,24.795,Fuel Poverty,NA
Scottish Borders,Fuel Poverty,Raw data,2018/19,28.62400000000001,Fuel Poverty,2
Shetland Islands,Fuel Poverty,Raw data,2018/19,27.368,Fuel Poverty,1
South Ayrshire,Fuel Poverty,Raw data,2018/19,19.555000000000003,Fuel Poverty,3
South Lanarkshire,Fuel Poverty,Raw data,2018/19,20.291,Fuel Poverty,3
Stirling,Fuel Poverty,Raw data,2018/19,23.708,Fuel Poverty,2
West Dunbartonshire,Fuel Poverty,Raw data,2018/19,28.117000000000004,Fuel Poverty,4
West Lothian,Fuel Poverty,Raw data,2018/19,19.074,Fuel Poverty,3
Aberdeen City,Fuel Poverty,Raw data,2019/20,26.083,Fuel Poverty,1
Aberdeenshire,Fuel Poverty,Raw data,2019/20,24.465,Fuel Poverty,1
Angus,Fuel Poverty,Raw data,2019/20,22.119000000000003,Fuel Poverty,2
Argyll and Bute,Fuel Poverty,Raw data,2019/20,32.216,Fuel Poverty,2
Clackmannanshire,Fuel Poverty,Raw data,2019/20,23.652,Fuel Poverty,3
Dumfries and Galloway,Fuel Poverty,Raw data,2019/20,28.831,Fuel Poverty,3
Dundee City,Fuel Poverty,Raw data,2019/20,31.354000000000003,Fuel Poverty,4
East Ayrshire,Fuel Poverty,Raw data,2019/20,27.237,Fuel Poverty,4
East Dunbartonshire,Fuel Poverty,Raw data,2019/20,19.548,Fuel Poverty,1
East Lothian,Fuel Poverty,Raw data,2019/20,23.986,Fuel Poverty,2
East Renfrewshire,Fuel Poverty,Raw data,2019/20,13.085000000000004,Fuel Poverty,1
"Edinburgh, City of",Fuel Poverty,Raw data,2019/20,20.685,Fuel Poverty,1
Eilean Siar,Fuel Poverty,Raw data,2019/20,39.825,Fuel Poverty,4
Falkirk,Fuel Poverty,Raw data,2019/20,22.225,Fuel Poverty,3
Fife,Fuel Poverty,Raw data,2019/20,24.056,Fuel Poverty,3
Glasgow City,Fuel Poverty,Raw data,2019/20,25.273,Fuel Poverty,4
Highland,Fuel Poverty,Raw data,2019/20,32.935,Fuel Poverty,2
Inverclyde,Fuel Poverty,Raw data,2019/20,28.364,Fuel Poverty,4
Midlothian,Fuel Poverty,Raw data,2019/20,19.15,Fuel Poverty,2
Moray,Fuel Poverty,Raw data,2019/20,31.607000000000003,Fuel Poverty,2
North Ayrshire,Fuel Poverty,Raw data,2019/20,27.799000000000003,Fuel Poverty,4
North Lanarkshire,Fuel Poverty,Raw data,2019/20,19.902,Fuel Poverty,4
Orkney Islands,Fuel Poverty,Raw data,2019/20,30.501,Fuel Poverty,1
Perth and Kinross,Fuel Poverty,Raw data,2019/20,24.722,Fuel Poverty,1
Renfrewshire,Fuel Poverty,Raw data,2019/20,22.235000000000003,Fuel Poverty,3
Scotland,Fuel Poverty,Raw data,2019/20,24.408,Fuel Poverty,NA
Scottish Borders,Fuel Poverty,Raw data,2019/20,28.598000000000003,Fuel Poverty,2
Shetland Islands,Fuel Poverty,Raw data,2019/20,30.905000000000005,Fuel Poverty,1
South Ayrshire,Fuel Poverty,Raw data,2019/20,22.516,Fuel Poverty,3
South Lanarkshire,Fuel Poverty,Raw data,2019/20,21.758000000000003,Fuel Poverty,3
Stirling,Fuel Poverty,Raw data,2019/20,21.180000000000003,Fuel Poverty,2
West Dunbartonshire,Fuel Poverty,Raw data,2019/20,29.189000000000004,Fuel Poverty,4
West Lothian,Fuel Poverty,Raw data,2019/20,18.070000000000004,Fuel Poverty,3
Aberdeen City,Fuel Poverty,Imputed,2020/21,27.38715,Fuel Poverty,1
Aberdeenshire,Fuel Poverty,Imputed,2020/21,24.03652506441033,Fuel Poverty,1
Angus,Fuel Poverty,Imputed,2020/21,23.224950000000003,Fuel Poverty,2
Argyll and Bute,Fuel Poverty,Imputed,2020/21,33.752299967664264,Fuel Poverty,2
Clackmannanshire,Fuel Poverty,Imputed,2020/21,22.4694,Fuel Poverty,3
Dumfries and Galloway,Fuel Poverty,Imputed,2020/21,29.286575109234345,Fuel Poverty,3
Dundee City,Fuel Poverty,Imputed,2020/21,31.249029511235637,Fuel Poverty,4
East Ayrshire,Fuel Poverty,Imputed,2020/21,25.87515,Fuel Poverty,4
East Dunbartonshire,Fuel Poverty,Imputed,2020/21,18.5706,Fuel Poverty,1
East Lothian,Fuel Poverty,Imputed,2020/21,24.915351166764697,Fuel Poverty,2
East Renfrewshire,Fuel Poverty,Imputed,2020/21,12.430750000000002,Fuel Poverty,1
"Edinburgh, City of",Fuel Poverty,Imputed,2020/21,20.761927016507368,Fuel Poverty,1
Eilean Siar,Fuel Poverty,Imputed,2020/21,41.72305473279664,Fuel Poverty,4
Falkirk,Fuel Poverty,Imputed,2020/21,22.033503714233277,Fuel Poverty,3
Fife,Fuel Poverty,Imputed,2020/21,23.014731742162155,Fuel Poverty,3
Glasgow City,Fuel Poverty,Imputed,2020/21,25.296031444841415,Fuel Poverty,4
Highland,Fuel Poverty,Imputed,2020/21,33.17305637943537,Fuel Poverty,2
Inverclyde,Fuel Poverty,Imputed,2020/21,26.9458,Fuel Poverty,4
Midlothian,Fuel Poverty,Imputed,2020/21,18.62307435586621,Fuel Poverty,2
Moray,Fuel Poverty,Imputed,2020/21,30.990517171584074,Fuel Poverty,2
North Ayrshire,Fuel Poverty,Imputed,2020/21,27.52947117340843,Fuel Poverty,4
North Lanarkshire,Fuel Poverty,Imputed,2020/21,18.9069,Fuel Poverty,4
Orkney Islands,Fuel Poverty,Imputed,2020/21,30.62981142139792,Fuel Poverty,1
Perth and Kinross,Fuel Poverty,Imputed,2020/21,24.52097869331803,Fuel Poverty,1
Renfrewshire,Fuel Poverty,Imputed,2020/21,21.12325,Fuel Poverty,3
Scotland,Fuel Poverty,Imputed,2020/21,24.21677103594991,Fuel Poverty,NA
Scottish Borders,Fuel Poverty,Imputed,2020/21,28.58500885754577,Fuel Poverty,2
Shetland Islands,Fuel Poverty,Imputed,2020/21,32.450250000000004,Fuel Poverty,1
South Ayrshire,Fuel Poverty,Imputed,2020/21,23.641800000000003,Fuel Poverty,3
South Lanarkshire,Fuel Poverty,Imputed,2020/21,22.53080626312544,Fuel Poverty,3
Stirling,Fuel Poverty,Imputed,2020/21,20.121,Fuel Poverty,2
West Dunbartonshire,Fuel Poverty,Imputed,2020/21,29.740230786752743,Fuel Poverty,4
West Lothian,Fuel Poverty,Imputed,2020/21,17.587995251403893,Fuel Poverty,3
Aberdeen City,Fuel Poverty,Imputed,2021/22,28.7565075,Fuel Poverty,1
Aberdeenshire,Fuel Poverty,Imputed,2021/22,23.61555434997041,Fuel Poverty,1
Angus,Fuel Poverty,Imputed,2021/22,24.386197500000005,Fuel Poverty,2
Argyll and Bute,Fuel Poverty,Imputed,2021/22,35.36186221465077,Fuel Poverty,2
Clackmannanshire,Fuel Poverty,Imputed,2021/22,21.34593,Fuel Poverty,3
Dumfries and Galloway,Fuel Poverty,Imputed,2021/22,29.749349021151705,Fuel Poverty,3
Dundee City,Fuel Poverty,Imputed,2021/22,31.144410454617457,Fuel Poverty,4
East Ayrshire,Fuel Poverty,Imputed,2021/22,24.5813925,Fuel Poverty,4
East Dunbartonshire,Fuel Poverty,Imputed,2021/22,17.64207,Fuel Poverty,1
East Lothian,Fuel Poverty,Imputed,2021/22,25.88071057130004,Fuel Poverty,2
East Renfrewshire,Fuel Poverty,Imputed,2021/22,11.8092125,Fuel Poverty,1
"Edinburgh, City of",Fuel Poverty,Imputed,2021/22,20.83914012273524,Fuel Poverty,1
Eilean Siar,Fuel Poverty,Imputed,2021/22,43.71157052695402,Fuel Poverty,4
Falkirk,Fuel Poverty,Imputed,2021/22,21.84365740945474,Fuel Poverty,3
Fife,Fuel Poverty,Imputed,2021/22,22.018534966897494,Fuel Poverty,3
Glasgow City,Fuel Poverty,Imputed,2021/22,25.31908387838427,Fuel Poverty,4
Highland,Fuel Poverty,Imputed,2021/22,33.41283344627897,Fuel Poverty,2
Inverclyde,Fuel Poverty,Imputed,2021/22,25.598509999999997,Fuel Poverty,4
Midlothian,Fuel Poverty,Imputed,2021/22,18.11064743937972,Fuel Poverty,2
Moray,Fuel Poverty,Imputed,2021/22,30.386058612403808,Fuel Poverty,2
North Ayrshire,Fuel Poverty,Imputed,2021/22,27.26255559867354,Fuel Poverty,4
North Lanarkshire,Fuel Poverty,Imputed,2021/22,17.961555,Fuel Poverty,4
Orkney Islands,Fuel Poverty,Imputed,2021/22,30.7591668374938,Fuel Poverty,1
Perth and Kinross,Fuel Poverty,Imputed,2021/22,24.321591945560908,Fuel Poverty,1
Renfrewshire,Fuel Poverty,Imputed,2021/22,20.0670875,Fuel Poverty,3
Scotland,Fuel Poverty,Imputed,2021/22,24.027040290381127,Fuel Poverty,NA
Scottish Borders,Fuel Poverty,Imputed,2021/22,28.57202361654555,Fuel Poverty,2
Shetland Islands,Fuel Poverty,Imputed,2021/22,34.0727625,Fuel Poverty,1
South Ayrshire,Fuel Poverty,Imputed,2021/22,24.82389000000001,Fuel Poverty,3
South Lanarkshire,Fuel Poverty,Imputed,2021/22,23.33106125868612,Fuel Poverty,3
Stirling,Fuel Poverty,Imputed,2021/22,19.11495,Fuel Poverty,2
West Dunbartonshire,Fuel Poverty,Imputed,2021/22,30.301871501227023,Fuel Poverty,4
West Lothian,Fuel Poverty,Imputed,2021/22,17.11884764601028,Fuel Poverty,3
Aberdeen City,Fuel Poverty,Imputed,2022/23,30.194332875000004,Fuel Poverty,1
Aberdeenshire,Fuel Poverty,Imputed,2022/23,23.201956429307508,Fuel Poverty,1
Angus,Fuel Poverty,Imputed,2022/23,25.60550737500001,Fuel Poverty,2
Argyll and Bute,Fuel Poverty,Imputed,2022/23,37.04818043469411,Fuel Poverty,2
Clackmannanshire,Fuel Poverty,Imputed,2022/23,20.2786335,Fuel Poverty,3
Dumfries and Galloway,Fuel Poverty,Imputed,2022/23,30.219435488147713,Fuel Poverty,3
Dundee City,Fuel Poverty,Imputed,2022/23,31.04014165358093,Fuel Poverty,4
East Ayrshire,Fuel Poverty,Imputed,2022/23,23.352322875,Fuel Poverty,4
East Dunbartonshire,Fuel Poverty,Imputed,2022/23,16.7599665,Fuel Poverty,1
East Lothian,Fuel Poverty,Imputed,2022/23,26.88347337319019,Fuel Poverty,2
East Renfrewshire,Fuel Poverty,Imputed,2022/23,11.218751875,Fuel Poverty,1
"Edinburgh, City of",Fuel Poverty,Imputed,2022/23,20.9166403826444,Fuel Poverty,1
Eilean Siar,Fuel Poverty,Imputed,2022/23,45.79485874582807,Fuel Poverty,4
Falkirk,Fuel Poverty,Imputed,2022/23,21.65544686900608,Fuel Poverty,3
Fife,Fuel Poverty,Imputed,2022/23,21.06545874703039,Fuel Poverty,3
Glasgow City,Fuel Poverty,Imputed,2022/23,25.3421573197557,Fuel Poverty,4
Highland,Fuel Poverty,Imputed,2022/23,33.65434363777428,Fuel Poverty,2
Inverclyde,Fuel Poverty,Imputed,2022/23,24.318584499999996,Fuel Poverty,4
Midlothian,Fuel Poverty,Imputed,2022/23,17.612320307908437,Fuel Poverty,2
Moray,Fuel Poverty,Imputed,2022/23,29.793389793541312,Fuel Poverty,2
North Ayrshire,Fuel Poverty,Imputed,2022/23,26.998227938671455,Fuel Poverty,4
North Lanarkshire,Fuel Poverty,Imputed,2022/23,17.06347725,Fuel Poverty,4
Orkney Islands,Fuel Poverty,Imputed,2022/23,30.889068545678885,Fuel Poverty,1
Perth and Kinross,Fuel Poverty,Imputed,2022/23,24.123826465685397,Fuel Poverty,1
Renfrewshire,Fuel Poverty,Imputed,2022/23,19.063733125,Fuel Poverty,3
Scotland,Fuel Poverty,Imputed,2022/23,23.838796025225463,Fuel Poverty,NA
Scottish Borders,Fuel Poverty,Imputed,2022/23,28.55904427431853,Fuel Poverty,2
Shetland Islands,Fuel Poverty,Imputed,2022/23,35.77640062500001,Fuel Poverty,1
South Ayrshire,Fuel Poverty,Imputed,2022/23,26.065084500000008,Fuel Poverty,3
South Lanarkshire,Fuel Poverty,Imputed,2022/23,24.15973991784946,Fuel Poverty,3
Stirling,Fuel Poverty,Imputed,2022/23,18.1592025,Fuel Poverty,2
West Dunbartonshire,Fuel Poverty,Imputed,2022/23,30.874118733667387,Fuel Poverty,4
West Lothian,Fuel Poverty,Imputed,2022/23,16.662214228419227,Fuel Poverty,3
Aberdeen City,Fuel Poverty,Imputed,2023/24,31.704049518750004,Fuel Poverty,1
Aberdeenshire,Fuel Poverty,Imputed,2023/24,22.79560217684064,Fuel Poverty,1
Angus,Fuel Poverty,Imputed,2023/24,26.885782743750006,Fuel Poverty,2
Argyll and Bute,Fuel Poverty,Imputed,2023/24,38.81491492699112,Fuel Poverty,2
Clackmannanshire,Fuel Poverty,Imputed,2023/24,19.264701824999996,Fuel Poverty,3
Dumfries and Galloway,Fuel Poverty,Imputed,2023/24,30.696950060084628,Fuel Poverty,3
Dundee City,Fuel Poverty,Imputed,2023/24,30.93622193550057,Fuel Poverty,4
East Ayrshire,Fuel Poverty,Imputed,2023/24,22.18470673125,Fuel Poverty,4
East Dunbartonshire,Fuel Poverty,Imputed,2023/24,15.921968175,Fuel Poverty,1
East Lothian,Fuel Poverty,Imputed,2023/24,27.92508878826823,Fuel Poverty,2
East Renfrewshire,Fuel Poverty,Imputed,2023/24,10.65781428125,Fuel Poverty,1
"Edinburgh, City of",Fuel Poverty,Imputed,2023/24,20.994428864152464,Fuel Poverty,1
Eilean Siar,Fuel Poverty,Imputed,2023/24,47.977436231836165,Fuel Poverty,4
Falkirk,Fuel Poverty,Imputed,2023/24,21.468857998723365,Fuel Poverty,3
Fife,Fuel Poverty,Imputed,2023/24,20.15363660161655,Fuel Poverty,3
Glasgow City,Fuel Poverty,Imputed,2023/24,25.365251788100274,Fuel Poverty,4
Highland,Fuel Poverty,Imputed,2023/24,33.89759948106204,Fuel Poverty,2
Inverclyde,Fuel Poverty,Imputed,2023/24,23.102655274999996,Fuel Poverty,4
Midlothian,Fuel Poverty,Imputed,2023/24,17.12770499600581,Fuel Poverty,2
Moray,Fuel Poverty,Imputed,2023/24,29.21228076047836,Fuel Poverty,2
North Ayrshire,Fuel Poverty,Imputed,2023/24,26.73646310193769,Fuel Poverty,4
North Lanarkshire,Fuel Poverty,Imputed,2023/24,16.210303387499998,Fuel Poverty,4
Orkney Islands,Fuel Poverty,Imputed,2023/24,31.01951885304673,Fuel Poverty,1
Perth and Kinross,Fuel Poverty,Imputed,2023/24,23.92766907072135,Fuel Poverty,1
Renfrewshire,Fuel Poverty,Imputed,2023/24,18.11054646875,Fuel Poverty,3
Scotland,Fuel Poverty,Imputed,2023/24,23.652026594378807,Fuel Poverty,NA
Scottish Borders,Fuel Poverty,Imputed,2023/24,28.546070828185076,Fuel Poverty,2
Shetland Islands,Fuel Poverty,Imputed,2023/24,37.56522065625001,Fuel Poverty,1
South Ayrshire,Fuel Poverty,Imputed,2023/24,27.368338725000008,Fuel Poverty,3
South Lanarkshire,Fuel Poverty,Imputed,2023/24,25.01785179963987,Fuel Poverty,3
Stirling,Fuel Poverty,Imputed,2023/24,17.251242374999997,Fuel Poverty,2
West Dunbartonshire,Fuel Poverty,Imputed,2023/24,31.45717278690172,Fuel Poverty,4
West Lothian,Fuel Poverty,Imputed,2023/24,16.217761191328812,Fuel Poverty,3
Aberdeen City,Fragility,Raw data,2012/13,99.99999999999996,Fragility,1
Aberdeenshire,Fragility,Raw data,2012/13,99.99999999999996,Fragility,1
Angus,Fragility,Raw data,2012/13,99.99999999999996,Fragility,2
Argyll and Bute,Fragility,Raw data,2012/13,99.99999999999996,Fragility,2
Clackmannanshire,Fragility,Raw data,2012/13,99.99999999999996,Fragility,3
Dumfries and Galloway,Fragility,Raw data,2012/13,99.99999999999996,Fragility,3
Dundee City,Fragility,Raw data,2012/13,99.99999999999996,Fragility,4
East Ayrshire,Fragility,Raw data,2012/13,99.99999999999996,Fragility,4
East Dunbartonshire,Fragility,Raw data,2012/13,99.99999999999996,Fragility,1
East Lothian,Fragility,Raw data,2012/13,99.99999999999996,Fragility,2
East Renfrewshire,Fragility,Raw data,2012/13,99.99999999999996,Fragility,1
"Edinburgh, City of",Fragility,Raw data,2012/13,99.99999999999996,Fragility,1
Eilean Siar,Fragility,Raw data,2012/13,99.99999999999996,Fragility,4
Falkirk,Fragility,Raw data,2012/13,99.99999999999996,Fragility,3
Fife,Fragility,Raw data,2012/13,99.99999999999996,Fragility,3
Glasgow City,Fragility,Raw data,2012/13,99.99999999999996,Fragility,4
Highland,Fragility,Raw data,2012/13,99.99999999999996,Fragility,2
Inverclyde,Fragility,Raw data,2012/13,99.99999999999996,Fragility,4
Midlothian,Fragility,Raw data,2012/13,99.99999999999996,Fragility,2
Moray,Fragility,Raw data,2012/13,99.99999999999996,Fragility,2
North Ayrshire,Fragility,Raw data,2012/13,99.99999999999996,Fragility,4
North Lanarkshire,Fragility,Raw data,2012/13,99.99999999999996,Fragility,4
Orkney Islands,Fragility,Raw data,2012/13,99.99999999999996,Fragility,1
Perth and Kinross,Fragility,Raw data,2012/13,99.99999999999996,Fragility,1
Renfrewshire,Fragility,Raw data,2012/13,99.99999999999996,Fragility,3
Scotland,Fragility,Raw data,2012/13,99.99999999999996,Fragility,NA
Scottish Borders,Fragility,Raw data,2012/13,99.99999999999996,Fragility,2
Shetland Islands,Fragility,Raw data,2012/13,99.99999999999996,Fragility,1
South Ayrshire,Fragility,Raw data,2012/13,99.99999999999996,Fragility,3
South Lanarkshire,Fragility,Raw data,2012/13,99.99999999999996,Fragility,3
Stirling,Fragility,Raw data,2012/13,99.99999999999996,Fragility,2
West Dunbartonshire,Fragility,Raw data,2012/13,99.99999999999996,Fragility,4
West Lothian,Fragility,Raw data,2012/13,99.99999999999996,Fragility,3
Aberdeen City,Fragility,Raw data,2013/14,101.06909173965865,Fragility,1
Aberdeenshire,Fragility,Raw data,2013/14,101.697452580498,Fragility,1
Angus,Fragility,Raw data,2013/14,101.67833453583852,Fragility,2
Argyll and Bute,Fragility,Raw data,2013/14,101.38476988545489,Fragility,2
Clackmannanshire,Fragility,Raw data,2013/14,101.89282055761348,Fragility,3
Dumfries and Galloway,Fragility,Raw data,2013/14,101.30449441766775,Fragility,3
Dundee City,Fragility,Raw data,2013/14,100.84589857896128,Fragility,4
East Ayrshire,Fragility,Raw data,2013/14,101.48966641911188,Fragility,4
East Dunbartonshire,Fragility,Raw data,2013/14,101.47902150132646,Fragility,1
East Lothian,Fragility,Raw data,2013/14,101.33957914042648,Fragility,2
East Renfrewshire,Fragility,Raw data,2013/14,101.34759590254406,Fragility,1
"Edinburgh, City of",Fragility,Raw data,2013/14,101.17656968819296,Fragility,1
Eilean Siar,Fragility,Raw data,2013/14,101.27918158264322,Fragility,4
Falkirk,Fragility,Raw data,2013/14,101.41116020695353,Fragility,3
Fife,Fragility,Raw data,2013/14,101.622603049396,Fragility,3
Glasgow City,Fragility,Raw data,2013/14,100.24953426853033,Fragility,4
Highland,Fragility,Raw data,2013/14,101.58340209757826,Fragility,2
Inverclyde,Fragility,Raw data,2013/14,101.01596022850616,Fragility,4
Midlothian,Fragility,Raw data,2013/14,101.09283504073784,Fragility,2
Moray,Fragility,Raw data,2013/14,101.36648565344302,Fragility,2
North Ayrshire,Fragility,Raw data,2013/14,101.3937906940174,Fragility,4
North Lanarkshire,Fragility,Raw data,2013/14,100.86721841408324,Fragility,4
Orkney Islands,Fragility,Raw data,2013/14,101.49038449660532,Fragility,1
Perth and Kinross,Fragility,Raw data,2013/14,101.32996340798596,Fragility,1
Renfrewshire,Fragility,Raw data,2013/14,101.13309835028376,Fragility,3
Scotland,Fragility,Raw data,2013/14,101.25377886753084,Fragility,NA
Scottish Borders,Fragility,Raw data,2013/14,101.61441666322126,Fragility,2
Shetland Islands,Fragility,Raw data,2013/14,101.74927918533356,Fragility,1
South Ayrshire,Fragility,Raw data,2013/14,101.28445866828513,Fragility,3
South Lanarkshire,Fragility,Raw data,2013/14,101.27907995161894,Fragility,3
Stirling,Fragility,Raw data,2013/14,101.16932879492202,Fragility,2
West Dunbartonshire,Fragility,Raw data,2013/14,100.9025955987928,Fragility,4
West Lothian,Fragility,Raw data,2013/14,101.70066996953445,Fragility,3
Aberdeen City,Fragility,Raw data,2014/15,101.77141649170925,Fragility,1
Aberdeenshire,Fragility,Raw data,2014/15,102.98955043086264,Fragility,1
Angus,Fragility,Raw data,2014/15,102.9617187185058,Fragility,2
Argyll and Bute,Fragility,Raw data,2014/15,102.38284921653351,Fragility,2
Clackmannanshire,Fragility,Raw data,2014/15,103.43368138055308,Fragility,3
Dumfries and Galloway,Fragility,Raw data,2014/15,102.39622266474052,Fragility,3
Dundee City,Fragility,Raw data,2014/15,101.4718999767556,Fragility,4
East Ayrshire,Fragility,Raw data,2014/15,102.59938105143836,Fragility,4
East Dunbartonshire,Fragility,Raw data,2014/15,102.7379968028166,Fragility,1
East Lothian,Fragility,Raw data,2014/15,102.48398561865685,Fragility,2
East Renfrewshire,Fragility,Raw data,2014/15,102.5465049491659,Fragility,1
"Edinburgh, City of",Fragility,Raw data,2014/15,102.07454147439704,Fragility,1
Eilean Siar,Fragility,Raw data,2014/15,102.41656352834512,Fragility,4
Falkirk,Fragility,Raw data,2014/15,102.56092569697216,Fragility,3
Fife,Fragility,Raw data,2014/15,102.9708916762516,Fragility,3
Glasgow City,Fragility,Raw data,2014/15,100.31049268229296,Fragility,4
Highland,Fragility,Raw data,2014/15,102.95894365177055,Fragility,2
Inverclyde,Fragility,Raw data,2014/15,101.8812851318983,Fragility,4
Midlothian,Fragility,Raw data,2014/15,101.79089800635175,Fragility,2
Moray,Fragility,Raw data,2014/15,102.47995562830305,Fragility,2
North Ayrshire,Fragility,Raw data,2014/15,102.38711897427524,Fragility,4
North Lanarkshire,Fragility,Raw data,2014/15,101.50097015722764,Fragility,4
Orkney Islands,Fragility,Raw data,2014/15,102.66517824302778,Fragility,1
Perth and Kinross,Fragility,Raw data,2014/15,102.43226186758312,Fragility,1
Renfrewshire,Fragility,Raw data,2014/15,101.96070691189549,Fragility,3
Scotland,Fragility,Raw data,2014/15,102.22451087486984,Fragility,NA
Scottish Borders,Fragility,Raw data,2014/15,102.84403684946626,Fragility,2
Shetland Islands,Fragility,Raw data,2014/15,103.04198207538926,Fragility,1
South Ayrshire,Fragility,Raw data,2014/15,102.26815704858302,Fragility,3
South Lanarkshire,Fragility,Raw data,2014/15,102.25760877945854,Fragility,3
Stirling,Fragility,Raw data,2014/15,101.89531799427203,Fragility,2
West Dunbartonshire,Fragility,Raw data,2014/15,101.66759024300252,Fragility,4
West Lothian,Fragility,Raw data,2014/15,103.13902289345177,Fragility,3
Aberdeen City,Fragility,Raw data,2015/16,102.47618588607664,Fragility,1
Aberdeenshire,Fragility,Raw data,2015/16,104.1610694877954,Fragility,1
Angus,Fragility,Raw data,2015/16,104.04313927673718,Fragility,2
Argyll and Bute,Fragility,Raw data,2015/16,103.25693630252424,Fragility,2
Clackmannanshire,Fragility,Raw data,2015/16,104.86913112354824,Fragility,3
Dumfries and Galloway,Fragility,Raw data,2015/16,103.45057498273566,Fragility,3
Dundee City,Fragility,Raw data,2015/16,101.99606513009245,Fragility,4
East Ayrshire,Fragility,Raw data,2015/16,103.5392320127106,Fragility,4
East Dunbartonshire,Fragility,Raw data,2015/16,103.9138666908704,Fragility,1
East Lothian,Fragility,Raw data,2015/16,103.4903497107969,Fragility,2
East Renfrewshire,Fragility,Raw data,2015/16,103.70251069637492,Fragility,1
"Edinburgh, City of",Fragility,Raw data,2015/16,102.8530224359848,Fragility,1
Eilean Siar,Fragility,Raw data,2015/16,103.57088911012356,Fragility,4
Falkirk,Fragility,Raw data,2015/16,103.61271401511358,Fragility,3
Fife,Fragility,Raw data,2015/16,104.1492673629996,Fragility,3
Glasgow City,Fragility,Raw data,2015/16,100.30993010014454,Fragility,4
Highland,Fragility,Raw data,2015/16,104.14771876519872,Fragility,2
Inverclyde,Fragility,Raw data,2015/16,102.8063733064546,Fragility,4
Midlothian,Fragility,Raw data,2015/16,102.36887940427115,Fragility,2
Moray,Fragility,Raw data,2015/16,103.46142244563812,Fragility,2
North Ayrshire,Fragility,Raw data,2015/16,103.14246065381025,Fragility,4
North Lanarkshire,Fragility,Raw data,2015/16,101.87818673119872,Fragility,4
Orkney Islands,Fragility,Raw data,2015/16,104.05244428577532,Fragility,1
Perth and Kinross,Fragility,Raw data,2015/16,103.40209168714652,Fragility,1
Renfrewshire,Fragility,Raw data,2015/16,102.80280718568189,Fragility,3
Scotland,Fragility,Raw data,2015/16,103.08928303942696,Fragility,NA
Scottish Borders,Fragility,Raw data,2015/16,103.8785474654056,Fragility,2
Shetland Islands,Fragility,Raw data,2015/16,104.1668951844252,Fragility,1
South Ayrshire,Fragility,Raw data,2015/16,103.1202194643654,Fragility,3
South Lanarkshire,Fragility,Raw data,2015/16,103.11576640963544,Fragility,3
Stirling,Fragility,Raw data,2015/16,102.6596928759214,Fragility,2
West Dunbartonshire,Fragility,Raw data,2015/16,102.4561144924226,Fragility,4
West Lothian,Fragility,Raw data,2015/16,104.40585948378948,Fragility,3
Aberdeen City,Fragility,Raw data,2016/17,103.15304102988874,Fragility,1
Aberdeenshire,Fragility,Raw data,2016/17,105.22329352022074,Fragility,1
Angus,Fragility,Raw data,2016/17,104.8342772173354,Fragility,2
Argyll and Bute,Fragility,Raw data,2016/17,104.00003471159457,Fragility,2
Clackmannanshire,Fragility,Raw data,2016/17,105.98860771192936,Fragility,3
Dumfries and Galloway,Fragility,Raw data,2016/17,104.44045509230918,Fragility,3
Dundee City,Fragility,Raw data,2016/17,102.2190252262413,Fragility,4
East Ayrshire,Fragility,Raw data,2016/17,104.35004048615568,Fragility,4
East Dunbartonshire,Fragility,Raw data,2016/17,104.91617501575956,Fragility,1
East Lothian,Fragility,Raw data,2016/17,104.42069989209794,Fragility,2
East Renfrewshire,Fragility,Raw data,2016/17,104.80442987430118,Fragility,1
"Edinburgh, City of",Fragility,Raw data,2016/17,103.45928663691052,Fragility,1
Eilean Siar,Fragility,Raw data,2016/17,104.4862208311432,Fragility,4
Falkirk,Fragility,Raw data,2016/17,104.39972323683769,Fragility,3
Fife,Fragility,Raw data,2016/17,105.04869188767512,Fragility,3
Glasgow City,Fragility,Raw data,2016/17,100.252185521334,Fragility,4
Highland,Fragility,Raw data,2016/17,105.15455923552727,Fragility,2
Inverclyde,Fragility,Raw data,2016/17,103.56782936333065,Fragility,4
Midlothian,Fragility,Raw data,2016/17,102.69671082463242,Fragility,2
Moray,Fragility,Raw data,2016/17,104.18944245762432,Fragility,2
North Ayrshire,Fragility,Raw data,2016/17,103.7888657278916,Fragility,4
North Lanarkshire,Fragility,Raw data,2016/17,101.9872545832681,Fragility,4
Orkney Islands,Fragility,Raw data,2016/17,105.14510446706068,Fragility,1
Perth and Kinross,Fragility,Raw data,2016/17,104.2559170780362,Fragility,1
Renfrewshire,Fragility,Raw data,2016/17,103.43646741984548,Fragility,3
Scotland,Fragility,Raw data,2016/17,103.8066084241714,Fragility,NA
Scottish Borders,Fragility,Raw data,2016/17,104.76528944590648,Fragility,2
Shetland Islands,Fragility,Raw data,2016/17,105.1723932348484,Fragility,1
South Ayrshire,Fragility,Raw data,2016/17,103.9138846812069,Fragility,3
South Lanarkshire,Fragility,Raw data,2016/17,103.88279264426971,Fragility,3
Stirling,Fragility,Raw data,2016/17,103.39864377068734,Fragility,2
West Dunbartonshire,Fragility,Raw data,2016/17,103.21452425969537,Fragility,4
West Lothian,Fragility,Raw data,2016/17,105.45088056983565,Fragility,3
Aberdeen City,Fragility,Raw data,2017/18,103.90715461291428,Fragility,1
Aberdeenshire,Fragility,Raw data,2017/18,106.39359536173497,Fragility,1
Angus,Fragility,Raw data,2017/18,105.6469579950478,Fragility,2
Argyll and Bute,Fragility,Raw data,2017/18,104.6929917195534,Fragility,2
Clackmannanshire,Fragility,Raw data,2017/18,107.02815040481066,Fragility,3
Dumfries and Galloway,Fragility,Raw data,2017/18,105.38400678551396,Fragility,3
Dundee City,Fragility,Raw data,2017/18,102.39212481084223,Fragility,4
East Ayrshire,Fragility,Raw data,2017/18,105.1346306203592,Fragility,4
East Dunbartonshire,Fragility,Raw data,2017/18,105.91721421737032,Fragility,1
East Lothian,Fragility,Raw data,2017/18,105.39243406644704,Fragility,2
East Renfrewshire,Fragility,Raw data,2017/18,105.83571887929998,Fragility,1
"Edinburgh, City of",Fragility,Raw data,2017/18,103.99268473509296,Fragility,1
Eilean Siar,Fragility,Raw data,2017/18,105.27569550993906,Fragility,4
Falkirk,Fragility,Raw data,2017/18,105.11114676818984,Fragility,3
Fife,Fragility,Raw data,2017/18,105.84265026121427,Fragility,3
Glasgow City,Fragility,Raw data,2017/18,100.27983156489736,Fragility,4
Highland,Fragility,Raw data,2017/18,106.16343898784892,Fragility,2
Inverclyde,Fragility,Raw data,2017/18,104.28186855918024,Fragility,4
Midlothian,Fragility,Raw data,2017/18,102.8882374260658,Fragility,2
Moray,Fragility,Raw data,2017/18,105.03651363718316,Fragility,2
North Ayrshire,Fragility,Raw data,2017/18,104.30453896468542,Fragility,4
North Lanarkshire,Fragility,Raw data,2017/18,101.98271038839036,Fragility,4
Orkney Islands,Fragility,Raw data,2017/18,106.36772207773345,Fragility,1
Perth and Kinross,Fragility,Raw data,2017/18,105.16862334970344,Fragility,1
Renfrewshire,Fragility,Raw data,2017/18,104.06416672915118,Fragility,3
Scotland,Fragility,Raw data,2017/18,104.51813426569228,Fragility,NA
Scottish Borders,Fragility,Raw data,2017/18,105.66420661711128,Fragility,2
Shetland Islands,Fragility,Raw data,2017/18,106.23086847417204,Fragility,1
South Ayrshire,Fragility,Raw data,2017/18,104.6691595210642,Fragility,3
South Lanarkshire,Fragility,Raw data,2017/18,104.71786873081332,Fragility,3
Stirling,Fragility,Raw data,2017/18,104.14177330954011,Fragility,2
West Dunbartonshire,Fragility,Raw data,2017/18,103.95362189156728,Fragility,4
West Lothian,Fragility,Raw data,2017/18,106.44104303442867,Fragility,3
Aberdeen City,Fragility,Raw data,2018/19,104.6557738209204,Fragility,1
Aberdeenshire,Fragility,Raw data,2018/19,107.67116501939182,Fragility,1
Angus,Fragility,Raw data,2018/19,106.47404756741533,Fragility,2
Argyll and Bute,Fragility,Raw data,2018/19,105.46105220426963,Fragility,2
Clackmannanshire,Fragility,Raw data,2018/19,108.16488163307596,Fragility,3
Dumfries and Galloway,Fragility,Raw data,2018/19,106.3764149116857,Fragility,3
Dundee City,Fragility,Raw data,2018/19,102.45959344547248,Fragility,4
East Ayrshire,Fragility,Raw data,2018/19,105.9107761906946,Fragility,4
East Dunbartonshire,Fragility,Raw data,2018/19,106.94347934620689,Fragility,1
East Lothian,Fragility,Raw data,2018/19,106.5971780842152,Fragility,2
East Renfrewshire,Fragility,Raw data,2018/19,106.88322552679476,Fragility,1
"Edinburgh, City of",Fragility,Raw data,2018/19,104.51279041320343,Fragility,1
Eilean Siar,Fragility,Raw data,2018/19,105.96835649965638,Fragility,4
Falkirk,Fragility,Raw data,2018/19,105.72929168912512,Fragility,3
Fife,Fragility,Raw data,2018/19,106.6796249784902,Fragility,3
Glasgow City,Fragility,Raw data,2018/19,100.43665850764484,Fragility,4
Highland,Fragility,Raw data,2018/19,107.2200215922772,Fragility,2
Inverclyde,Fragility,Raw data,2018/19,104.90785953268949,Fragility,4
Midlothian,Fragility,Raw data,2018/19,102.97825663068232,Fragility,2
Moray,Fragility,Raw data,2018/19,105.88657599083136,Fragility,2
North Ayrshire,Fragility,Raw data,2018/19,104.80093684326422,Fragility,4
North Lanarkshire,Fragility,Raw data,2018/19,102.11987999712014,Fragility,4
Orkney Islands,Fragility,Raw data,2018/19,107.46402435140423,Fragility,1
Perth and Kinross,Fragility,Raw data,2018/19,106.17799712035664,Fragility,1
Renfrewshire,Fragility,Raw data,2018/19,104.71448707869872,Fragility,3
Scotland,Fragility,Raw data,2018/19,105.2668121086935,Fragility,NA
Scottish Borders,Fragility,Raw data,2018/19,106.64154327356614,Fragility,2
Shetland Islands,Fragility,Raw data,2018/19,107.5634214014714,Fragility,1
South Ayrshire,Fragility,Raw data,2018/19,105.54350297921208,Fragility,3
South Lanarkshire,Fragility,Raw data,2018/19,105.68278341338092,Fragility,3
Stirling,Fragility,Raw data,2018/19,104.84432901623038,Fragility,2
West Dunbartonshire,Fragility,Raw data,2018/19,104.71849685807209,Fragility,4
West Lothian,Fragility,Raw data,2018/19,107.3672839434389,Fragility,3
Aberdeen City,Fragility,Raw data,2019/20,105.3695870578785,Fragility,1
Aberdeenshire,Fragility,Raw data,2019/20,108.96060114657276,Fragility,1
Angus,Fragility,Raw data,2019/20,107.28435209811867,Fragility,2
Argyll and Bute,Fragility,Raw data,2019/20,106.1493759917665,Fragility,2
Clackmannanshire,Fragility,Raw data,2019/20,109.3578063935044,Fragility,3
Dumfries and Galloway,Fragility,Raw data,2019/20,107.4474393391676,Fragility,3
Dundee City,Fragility,Raw data,2019/20,102.52707008225048,Fragility,4
East Ayrshire,Fragility,Raw data,2019/20,106.73950251381729,Fragility,4
East Dunbartonshire,Fragility,Raw data,2019/20,108.01155692613374,Fragility,1
East Lothian,Fragility,Raw data,2019/20,107.81770988305918,Fragility,2
East Renfrewshire,Fragility,Raw data,2019/20,107.90674648398362,Fragility,1
"Edinburgh, City of",Fragility,Raw data,2019/20,104.89985480315622,Fragility,1
Eilean Siar,Fragility,Raw data,2019/20,106.53679076805494,Fragility,4
Falkirk,Fragility,Raw data,2019/20,106.31069727249796,Fragility,3
Fife,Fragility,Raw data,2019/20,107.59359378847272,Fragility,3
Glasgow City,Fragility,Raw data,2019/20,100.65598105111076,Fragility,4
Highland,Fragility,Raw data,2019/20,108.30922822025045,Fragility,2
Inverclyde,Fragility,Raw data,2019/20,105.46665761260516,Fragility,4
Midlothian,Fragility,Raw data,2019/20,102.8787022515752,Fragility,2
Moray,Fragility,Raw data,2019/20,106.87337388758094,Fragility,2
North Ayrshire,Fragility,Raw data,2019/20,105.23044117807146,Fragility,4
North Lanarkshire,Fragility,Raw data,2019/20,102.14787150538643,Fragility,4
Orkney Islands,Fragility,Raw data,2019/20,108.64233968445365,Fragility,1
Perth and Kinross,Fragility,Raw data,2019/20,107.22109806145568,Fragility,1
Renfrewshire,Fragility,Raw data,2019/20,105.41351812107531,Fragility,3
Scotland,Fragility,Raw data,2019/20,105.99641426862551,Fragility,NA
Scottish Borders,Fragility,Raw data,2019/20,107.6788022570483,Fragility,2
Shetland Islands,Fragility,Raw data,2019/20,109.0502781634751,Fragility,1
South Ayrshire,Fragility,Raw data,2019/20,106.20045945343168,Fragility,3
South Lanarkshire,Fragility,Raw data,2019/20,106.63520858534277,Fragility,3
Stirling,Fragility,Raw data,2019/20,105.47118004586504,Fragility,2
West Dunbartonshire,Fragility,Raw data,2019/20,105.47186212132806,Fragility,4
West Lothian,Fragility,Raw data,2019/20,108.220648813442,Fragility,3
Aberdeen City,Fragility,Raw data,2020/21,106.33161308439492,Fragility,1
Aberdeenshire,Fragility,Raw data,2020/21,110.42036738026104,Fragility,1
Angus,Fragility,Raw data,2020/21,108.07846674224288,Fragility,2
Argyll and Bute,Fragility,Raw data,2020/21,107.04819285385206,Fragility,2
Clackmannanshire,Fragility,Raw data,2020/21,110.5195400898286,Fragility,3
Dumfries and Galloway,Fragility,Raw data,2020/21,108.58964386037825,Fragility,3
Dundee City,Fragility,Raw data,2020/21,102.7457238555791,Fragility,4
East Ayrshire,Fragility,Raw data,2020/21,107.69318744914032,Fragility,4
East Dunbartonshire,Fragility,Raw data,2020/21,109.03749344106836,Fragility,1
East Lothian,Fragility,Raw data,2020/21,109.22661001170697,Fragility,2
East Renfrewshire,Fragility,Raw data,2020/21,109.09915137861132,Fragility,1
"Edinburgh, City of",Fragility,Raw data,2020/21,105.45397072968504,Fragility,1
Eilean Siar,Fragility,Raw data,2020/21,107.17737504574325,Fragility,4
Falkirk,Fragility,Raw data,2020/21,106.8875138642846,Fragility,3
Fife,Fragility,Raw data,2020/21,108.56991263006368,Fragility,3
Glasgow City,Fragility,Raw data,2020/21,101.0535023979244,Fragility,4
Highland,Fragility,Raw data,2020/21,109.44373320242254,Fragility,2
Inverclyde,Fragility,Raw data,2020/21,106.13949703315616,Fragility,4
Midlothian,Fragility,Raw data,2020/21,102.668024519276,Fragility,2
Moray,Fragility,Raw data,2020/21,107.91937883197124,Fragility,2
North Ayrshire,Fragility,Raw data,2020/21,105.59649329699911,Fragility,4
North Lanarkshire,Fragility,Raw data,2020/21,102.24461459146664,Fragility,4
Orkney Islands,Fragility,Raw data,2020/21,109.76443212478446,Fragility,1
Perth and Kinross,Fragility,Raw data,2020/21,108.21962287340052,Fragility,1
Renfrewshire,Fragility,Raw data,2020/21,106.09310163681356,Fragility,3
Scotland,Fragility,Raw data,2020/21,106.7877094669998,Fragility,NA
Scottish Borders,Fragility,Raw data,2020/21,108.84472645674784,Fragility,2
Shetland Islands,Fragility,Raw data,2020/21,110.69609344594676,Fragility,1
South Ayrshire,Fragility,Raw data,2020/21,106.82236357003876,Fragility,3
South Lanarkshire,Fragility,Raw data,2020/21,107.56051720669107,Fragility,3
Stirling,Fragility,Raw data,2020/21,106.1658298874846,Fragility,2
West Dunbartonshire,Fragility,Raw data,2020/21,106.3733374892393,Fragility,4
West Lothian,Fragility,Raw data,2020/21,109.06050965022636,Fragility,3
Aberdeen City,Fragility,Raw data,2021/22,107.28583827628272,Fragility,1
Aberdeenshire,Fragility,Raw data,2021/22,111.84544162814908,Fragility,1
Angus,Fragility,Raw data,2021/22,108.81492118336377,Fragility,2
Argyll and Bute,Fragility,Raw data,2021/22,107.83785228866572,Fragility,2
Clackmannanshire,Fragility,Raw data,2021/22,111.5529031114642,Fragility,3
Dumfries and Galloway,Fragility,Raw data,2021/22,109.5435659927284,Fragility,3
Dundee City,Fragility,Raw data,2021/22,102.9963446793436,Fragility,4
East Ayrshire,Fragility,Raw data,2021/22,108.6107074717944,Fragility,4
East Dunbartonshire,Fragility,Raw data,2021/22,110.22873027199398,Fragility,1
East Lothian,Fragility,Raw data,2021/22,110.4320497607364,Fragility,2
East Renfrewshire,Fragility,Raw data,2021/22,110.320259324294,Fragility,1
"Edinburgh, City of",Fragility,Raw data,2021/22,105.93880480709456,Fragility,1
Eilean Siar,Fragility,Raw data,2021/22,107.79576209231536,Fragility,4
Falkirk,Fragility,Raw data,2021/22,107.42322254589976,Fragility,3
Fife,Fragility,Raw data,2021/22,109.43724437551052,Fragility,3
Glasgow City,Fragility,Raw data,2021/22,101.38377719723924,Fragility,4
Highland,Fragility,Raw data,2021/22,110.51979203518546,Fragility,2
Inverclyde,Fragility,Raw data,2021/22,106.8791538726647,Fragility,4
Midlothian,Fragility,Raw data,2021/22,102.54799194504407,Fragility,2
Moray,Fragility,Raw data,2021/22,108.90692107687188,Fragility,2
North Ayrshire,Fragility,Raw data,2021/22,105.6961034165203,Fragility,4
North Lanarkshire,Fragility,Raw data,2021/22,102.25168056430816,Fragility,4
Orkney Islands,Fragility,Raw data,2021/22,110.83124466871504,Fragility,1
Perth and Kinross,Fragility,Raw data,2021/22,109.15465382311764,Fragility,1
Renfrewshire,Fragility,Raw data,2021/22,106.73064470551095,Fragility,3
Scotland,Fragility,Raw data,2021/22,107.51173653808806,Fragility,NA
Scottish Borders,Fragility,Raw data,2021/22,109.92119080171084,Fragility,2
Shetland Islands,Fragility,Raw data,2021/22,111.9270793215478,Fragility,1
South Ayrshire,Fragility,Raw data,2021/22,107.16671190207671,Fragility,3
South Lanarkshire,Fragility,Raw data,2021/22,108.39572664923884,Fragility,3
Stirling,Fragility,Raw data,2021/22,106.86276377161866,Fragility,2
West Dunbartonshire,Fragility,Raw data,2021/22,107.18637659223356,Fragility,4
West Lothian,Fragility,Raw data,2021/22,109.8482132299142,Fragility,3
Aberdeen City,Fragility,Raw data,2022/23,108.3212565979585,Fragility,1
Aberdeenshire,Fragility,Raw data,2022/23,113.18082479922413,Fragility,1
Angus,Fragility,Raw data,2022/23,109.54501971473164,Fragility,2
Argyll and Bute,Fragility,Raw data,2022/23,108.69481442904151,Fragility,2
Clackmannanshire,Fragility,Raw data,2022/23,112.358080119468,Fragility,3
Dumfries and Galloway,Fragility,Raw data,2022/23,110.32387153931944,Fragility,3
Dundee City,Fragility,Raw data,2022/23,103.41221964748824,Fragility,4
East Ayrshire,Fragility,Raw data,2022/23,109.49132362079752,Fragility,4
East Dunbartonshire,Fragility,Raw data,2022/23,111.36947391125172,Fragility,1
East Lothian,Fragility,Raw data,2022/23,111.62642789847496,Fragility,2
East Renfrewshire,Fragility,Raw data,2022/23,111.48714661150878,Fragility,1
"Edinburgh, City of",Fragility,Raw data,2022/23,106.49582488238973,Fragility,1
Eilean Siar,Fragility,Raw data,2022/23,108.2748470961949,Fragility,4
Falkirk,Fragility,Raw data,2022/23,108.0295460394108,Fragility,3
Fife,Fragility,Raw data,2022/23,110.2003098069865,Fragility,3
Glasgow City,Fragility,Raw data,2022/23,101.76606908319008,Fragility,4
Highland,Fragility,Raw data,2022/23,111.50881290564712,Fragility,2
Inverclyde,Fragility,Raw data,2022/23,107.73146616871055,Fragility,4
Midlothian,Fragility,Raw data,2022/23,102.61556409745188,Fragility,2
Moray,Fragility,Raw data,2022/23,109.79406232989282,Fragility,2
North Ayrshire,Fragility,Raw data,2022/23,105.76651958108556,Fragility,4
North Lanarkshire,Fragility,Raw data,2022/23,102.48623588007666,Fragility,4
Orkney Islands,Fragility,Raw data,2022/23,111.73357094245084,Fragility,1
Perth and Kinross,Fragility,Raw data,2022/23,110.02481374196088,Fragility,1
Renfrewshire,Fragility,Raw data,2022/23,107.51798662527904,Fragility,3
Scotland,Fragility,Raw data,2022/23,108.26987778332096,Fragility,NA
Scottish Borders,Fragility,Raw data,2022/23,110.892365960974,Fragility,2
Shetland Islands,Fragility,Raw data,2022/23,112.70383317063326,Fragility,1
South Ayrshire,Fragility,Raw data,2022/23,107.61431490081026,Fragility,3
South Lanarkshire,Fragility,Raw data,2022/23,109.28431421143505,Fragility,3
Stirling,Fragility,Raw data,2022/23,107.55507260303756,Fragility,2
West Dunbartonshire,Fragility,Raw data,2022/23,108.09032609813946,Fragility,4
West Lothian,Fragility,Raw data,2022/23,110.7865042296483,Fragility,3
Aberdeen City,Fragility,Raw data,2023/24,109.19923525421136,Fragility,1
Aberdeenshire,Fragility,Raw data,2023/24,114.30297849355598,Fragility,1
Angus,Fragility,Raw data,2023/24,110.277113874864,Fragility,2
Argyll and Bute,Fragility,Raw data,2023/24,109.49019049039646,Fragility,2
Clackmannanshire,Fragility,Raw data,2023/24,113.08751927623804,Fragility,3
Dumfries and Galloway,Fragility,Raw data,2023/24,111.01932175324144,Fragility,3
Dundee City,Fragility,Raw data,2023/24,103.8276645106756,Fragility,4
East Ayrshire,Fragility,Raw data,2023/24,110.3034301403736,Fragility,4
East Dunbartonshire,Fragility,Raw data,2023/24,112.60507826785124,Fragility,1
East Lothian,Fragility,Raw data,2023/24,112.67999857982988,Fragility,2
East Renfrewshire,Fragility,Raw data,2023/24,112.4892963863658,Fragility,1
"Edinburgh, City of",Fragility,Raw data,2023/24,106.97068379262832,Fragility,1
Eilean Siar,Fragility,Raw data,2023/24,108.64974396219738,Fragility,4
Falkirk,Fragility,Raw data,2023/24,108.58179444933846,Fragility,3
Fife,Fragility,Raw data,2023/24,110.99040408413336,Fragility,3
Glasgow City,Fragility,Raw data,2023/24,102.2163568432473,Fragility,4
Highland,Fragility,Raw data,2023/24,112.44244260803146,Fragility,2
Inverclyde,Fragility,Raw data,2023/24,108.60985785788937,Fragility,4
Midlothian,Fragility,Raw data,2023/24,102.97597991940329,Fragility,2
Moray,Fragility,Raw data,2023/24,110.5789409371462,Fragility,2
North Ayrshire,Fragility,Raw data,2023/24,106.04185422961548,Fragility,4
North Lanarkshire,Fragility,Raw data,2023/24,102.7283353808387,Fragility,4
Orkney Islands,Fragility,Raw data,2023/24,112.54066917971416,Fragility,1
Perth and Kinross,Fragility,Raw data,2023/24,110.80633905935038,Fragility,1
Renfrewshire,Fragility,Raw data,2023/24,108.4589021857902,Fragility,3
Scotland,Fragility,Raw data,2023/24,109.0350939664947,Fragility,NA
Scottish Borders,Fragility,Raw data,2023/24,111.77265773790532,Fragility,2
Shetland Islands,Fragility,Raw data,2023/24,113.186498610757,Fragility,1
South Ayrshire,Fragility,Raw data,2023/24,108.00849042983792,Fragility,3
South Lanarkshire,Fragility,Raw data,2023/24,110.28505503317253,Fragility,3
Stirling,Fragility,Raw data,2023/24,108.3804632236098,Fragility,2
West Dunbartonshire,Fragility,Raw data,2023/24,108.96462858167548,Fragility,4
West Lothian,Fragility,Raw data,2023/24,111.82524086921944,Fragility,3
Aberdeen City,Carbon Emissions,Raw data,2012/13,7.025904419919707,Carbon Emissions,1
Aberdeenshire,Carbon Emissions,Raw data,2012/13,7.704264281386618,Carbon Emissions,1
Angus,Carbon Emissions,Raw data,2012/13,7.415512751319255,Carbon Emissions,2
Argyll and Bute,Carbon Emissions,Raw data,2012/13,7.476752428985947,Carbon Emissions,2
Clackmannanshire,Carbon Emissions,Raw data,2012/13,8.398806899168006,Carbon Emissions,3
Dumfries and Galloway,Carbon Emissions,Raw data,2012/13,8.235789906841118,Carbon Emissions,3
Dundee City,Carbon Emissions,Raw data,2012/13,6.3667723840551735,Carbon Emissions,4
East Ayrshire,Carbon Emissions,Raw data,2012/13,5.884943495445528,Carbon Emissions,4
East Dunbartonshire,Carbon Emissions,Raw data,2012/13,4.977228446139546,Carbon Emissions,1
East Lothian,Carbon Emissions,Raw data,2012/13,6.344441023228326,Carbon Emissions,2
East Renfrewshire,Carbon Emissions,Raw data,2012/13,4.677597027805375,Carbon Emissions,1
"Edinburgh, City of",Carbon Emissions,Raw data,2012/13,6.457722594700481,Carbon Emissions,1
Eilean Siar,Carbon Emissions,Raw data,2012/13,6.719362152090112,Carbon Emissions,4
Falkirk,Carbon Emissions,Raw data,2012/13,6.593101942774436,Carbon Emissions,3
Fife,Carbon Emissions,Raw data,2012/13,7.299165396950449,Carbon Emissions,3
Glasgow City,Carbon Emissions,Raw data,2012/13,5.757674387226458,Carbon Emissions,4
Highland,Carbon Emissions,Raw data,2012/13,8.499247006795825,Carbon Emissions,2
Inverclyde,Carbon Emissions,Raw data,2012/13,6.220976629542322,Carbon Emissions,4
Midlothian,Carbon Emissions,Raw data,2012/13,5.74206502457836,Carbon Emissions,2
Moray,Carbon Emissions,Raw data,2012/13,9.792852024804317,Carbon Emissions,2
North Ayrshire,Carbon Emissions,Raw data,2012/13,7.52636163365044,Carbon Emissions,4
North Lanarkshire,Carbon Emissions,Raw data,2012/13,5.89013421868026,Carbon Emissions,4
Orkney Islands,Carbon Emissions,Raw data,2012/13,7.303155516925894,Carbon Emissions,1
Perth and Kinross,Carbon Emissions,Raw data,2012/13,8.064615667662771,Carbon Emissions,1
Renfrewshire,Carbon Emissions,Raw data,2012/13,6.163383945385513,Carbon Emissions,3
Scotland,Carbon Emissions,Raw data,2012/13,6.751329393602368,Carbon Emissions,NA
Scottish Borders,Carbon Emissions,Raw data,2012/13,8.488782098547324,Carbon Emissions,2
Shetland Islands,Carbon Emissions,Raw data,2012/13,8.773924732747254,Carbon Emissions,1
South Ayrshire,Carbon Emissions,Raw data,2012/13,7.154094265795843,Carbon Emissions,3
South Lanarkshire,Carbon Emissions,Raw data,2012/13,5.484557098927299,Carbon Emissions,3
Stirling,Carbon Emissions,Raw data,2012/13,8.598630726487105,Carbon Emissions,2
West Dunbartonshire,Carbon Emissions,Raw data,2012/13,5.4630424274516605,Carbon Emissions,4
West Lothian,Carbon Emissions,Raw data,2012/13,6.529073010491572,Carbon Emissions,3
Aberdeen City,Carbon Emissions,Raw data,2013/14,6.6529192705858184,Carbon Emissions,1
Aberdeenshire,Carbon Emissions,Raw data,2013/14,7.519336665136414,Carbon Emissions,1
Angus,Carbon Emissions,Raw data,2013/14,7.223498338074434,Carbon Emissions,2
Argyll and Bute,Carbon Emissions,Raw data,2013/14,6.985377231425385,Carbon Emissions,2
Clackmannanshire,Carbon Emissions,Raw data,2013/14,8.364644331982998,Carbon Emissions,3
Dumfries and Galloway,Carbon Emissions,Raw data,2013/14,8.112911526592104,Carbon Emissions,3
Dundee City,Carbon Emissions,Raw data,2013/14,6.177209706325739,Carbon Emissions,4
East Ayrshire,Carbon Emissions,Raw data,2013/14,5.784145473209018,Carbon Emissions,4
East Dunbartonshire,Carbon Emissions,Raw data,2013/14,4.875565618529581,Carbon Emissions,1
East Lothian,Carbon Emissions,Raw data,2013/14,6.1693425008207345,Carbon Emissions,2
East Renfrewshire,Carbon Emissions,Raw data,2013/14,4.550903951956731,Carbon Emissions,1
"Edinburgh, City of",Carbon Emissions,Raw data,2013/14,6.196330440458302,Carbon Emissions,1
Eilean Siar,Carbon Emissions,Raw data,2013/14,6.599206119445814,Carbon Emissions,4
Falkirk,Carbon Emissions,Raw data,2013/14,6.3379694435159,Carbon Emissions,3
Fife,Carbon Emissions,Raw data,2013/14,6.717810474024197,Carbon Emissions,3
Glasgow City,Carbon Emissions,Raw data,2013/14,5.473074648340101,Carbon Emissions,4
Highland,Carbon Emissions,Raw data,2013/14,8.3111606271921,Carbon Emissions,2
Inverclyde,Carbon Emissions,Raw data,2013/14,5.9615775200871015,Carbon Emissions,4
Midlothian,Carbon Emissions,Raw data,2013/14,5.585930026020086,Carbon Emissions,2
Moray,Carbon Emissions,Raw data,2013/14,9.804278870774908,Carbon Emissions,2
North Ayrshire,Carbon Emissions,Raw data,2013/14,7.357699852140085,Carbon Emissions,4
North Lanarkshire,Carbon Emissions,Raw data,2013/14,5.825119659469101,Carbon Emissions,4
Orkney Islands,Carbon Emissions,Raw data,2013/14,7.043492981382986,Carbon Emissions,1
Perth and Kinross,Carbon Emissions,Raw data,2013/14,7.929355967327687,Carbon Emissions,1
Renfrewshire,Carbon Emissions,Raw data,2013/14,5.985051208617607,Carbon Emissions,3
Scotland,Carbon Emissions,Raw data,2013/14,6.527289137439745,Carbon Emissions,NA
Scottish Borders,Carbon Emissions,Raw data,2013/14,8.261760271274735,Carbon Emissions,2
Shetland Islands,Carbon Emissions,Raw data,2013/14,8.000668191595167,Carbon Emissions,1
South Ayrshire,Carbon Emissions,Raw data,2013/14,7.2257174303660126,Carbon Emissions,3
South Lanarkshire,Carbon Emissions,Raw data,2013/14,5.300268465749188,Carbon Emissions,3
Stirling,Carbon Emissions,Raw data,2013/14,8.345425681118833,Carbon Emissions,2
West Dunbartonshire,Carbon Emissions,Raw data,2013/14,5.40164628685317,Carbon Emissions,4
West Lothian,Carbon Emissions,Raw data,2013/14,6.274170624377042,Carbon Emissions,3
Aberdeen City,Carbon Emissions,Raw data,2014/15,5.906368721078758,Carbon Emissions,1
Aberdeenshire,Carbon Emissions,Raw data,2014/15,6.900230075122036,Carbon Emissions,1
Angus,Carbon Emissions,Raw data,2014/15,6.542500410169702,Carbon Emissions,2
Argyll and Bute,Carbon Emissions,Raw data,2014/15,6.341203933637729,Carbon Emissions,2
Clackmannanshire,Carbon Emissions,Raw data,2014/15,7.1694073528531295,Carbon Emissions,3
Dumfries and Galloway,Carbon Emissions,Raw data,2014/15,7.301975864536178,Carbon Emissions,3
Dundee City,Carbon Emissions,Raw data,2014/15,5.480042892443512,Carbon Emissions,4
East Ayrshire,Carbon Emissions,Raw data,2014/15,5.252025979798145,Carbon Emissions,4
East Dunbartonshire,Carbon Emissions,Raw data,2014/15,4.384106651364659,Carbon Emissions,1
East Lothian,Carbon Emissions,Raw data,2014/15,5.470282946836381,Carbon Emissions,2
East Renfrewshire,Carbon Emissions,Raw data,2014/15,4.062625481722988,Carbon Emissions,1
"Edinburgh, City of",Carbon Emissions,Raw data,2014/15,5.242097472035622,Carbon Emissions,1
Eilean Siar,Carbon Emissions,Raw data,2014/15,6.186116311944169,Carbon Emissions,4
Falkirk,Carbon Emissions,Raw data,2014/15,5.465550622986071,Carbon Emissions,3
Fife,Carbon Emissions,Raw data,2014/15,5.7435727495356375,Carbon Emissions,3
Glasgow City,Carbon Emissions,Raw data,2014/15,4.681871140050998,Carbon Emissions,4
Highland,Carbon Emissions,Raw data,2014/15,7.597908168788426,Carbon Emissions,2
Inverclyde,Carbon Emissions,Raw data,2014/15,5.262749833084985,Carbon Emissions,4
Midlothian,Carbon Emissions,Raw data,2014/15,4.901191733140296,Carbon Emissions,2
Moray,Carbon Emissions,Raw data,2014/15,8.829228459025915,Carbon Emissions,2
North Ayrshire,Carbon Emissions,Raw data,2014/15,6.665665705371952,Carbon Emissions,4
North Lanarkshire,Carbon Emissions,Raw data,2014/15,5.203663000425724,Carbon Emissions,4
Orkney Islands,Carbon Emissions,Raw data,2014/15,6.477777507569303,Carbon Emissions,1
Perth and Kinross,Carbon Emissions,Raw data,2014/15,7.518859598128496,Carbon Emissions,1
Renfrewshire,Carbon Emissions,Raw data,2014/15,4.936898593519208,Carbon Emissions,3
Scotland,Carbon Emissions,Raw data,2014/15,5.766105252163973,Carbon Emissions,NA
Scottish Borders,Carbon Emissions,Raw data,2014/15,7.42899811860079,Carbon Emissions,2
Shetland Islands,Carbon Emissions,Raw data,2014/15,7.495198851146866,Carbon Emissions,1
South Ayrshire,Carbon Emissions,Raw data,2014/15,6.4436875858274325,Carbon Emissions,3
South Lanarkshire,Carbon Emissions,Raw data,2014/15,4.621411872218603,Carbon Emissions,3
Stirling,Carbon Emissions,Raw data,2014/15,7.383755663292309,Carbon Emissions,2
West Dunbartonshire,Carbon Emissions,Raw data,2014/15,4.768383854375911,Carbon Emissions,4
West Lothian,Carbon Emissions,Raw data,2014/15,5.469281560107935,Carbon Emissions,3
Aberdeen City,Carbon Emissions,Raw data,2015/16,5.61809420116128,Carbon Emissions,1
Aberdeenshire,Carbon Emissions,Raw data,2015/16,6.69177662070593,Carbon Emissions,1
Angus,Carbon Emissions,Raw data,2015/16,6.399998974624556,Carbon Emissions,2
Argyll and Bute,Carbon Emissions,Raw data,2015/16,6.151206199616321,Carbon Emissions,2
Clackmannanshire,Carbon Emissions,Raw data,2015/16,7.641054314630101,Carbon Emissions,3
Dumfries and Galloway,Carbon Emissions,Raw data,2015/16,7.211784477000389,Carbon Emissions,3
Dundee City,Carbon Emissions,Raw data,2015/16,5.2504805417939515,Carbon Emissions,4
East Ayrshire,Carbon Emissions,Raw data,2015/16,5.144238322495629,Carbon Emissions,4
East Dunbartonshire,Carbon Emissions,Raw data,2015/16,4.196392699044905,Carbon Emissions,1
East Lothian,Carbon Emissions,Raw data,2015/16,5.306562323564083,Carbon Emissions,2
East Renfrewshire,Carbon Emissions,Raw data,2015/16,4.007986296654373,Carbon Emissions,1
"Edinburgh, City of",Carbon Emissions,Raw data,2015/16,5.155803339170762,Carbon Emissions,1
Eilean Siar,Carbon Emissions,Raw data,2015/16,5.944883950684456,Carbon Emissions,4
Falkirk,Carbon Emissions,Raw data,2015/16,5.393527405831576,Carbon Emissions,3
Fife,Carbon Emissions,Raw data,2015/16,5.705467051523831,Carbon Emissions,3
Glasgow City,Carbon Emissions,Raw data,2015/16,4.53462015248857,Carbon Emissions,4
Highland,Carbon Emissions,Raw data,2015/16,7.33156640755527,Carbon Emissions,2
Inverclyde,Carbon Emissions,Raw data,2015/16,5.1021227335420525,Carbon Emissions,4
Midlothian,Carbon Emissions,Raw data,2015/16,4.779320065524795,Carbon Emissions,2
Moray,Carbon Emissions,Raw data,2015/16,8.483169574867114,Carbon Emissions,2
North Ayrshire,Carbon Emissions,Raw data,2015/16,6.474244212796154,Carbon Emissions,4
North Lanarkshire,Carbon Emissions,Raw data,2015/16,5.002171084426374,Carbon Emissions,4
Orkney Islands,Carbon Emissions,Raw data,2015/16,6.368776050856786,Carbon Emissions,1
Perth and Kinross,Carbon Emissions,Raw data,2015/16,7.061614705134666,Carbon Emissions,1
Renfrewshire,Carbon Emissions,Raw data,2015/16,4.994104864582467,Carbon Emissions,3
Scotland,Carbon Emissions,Raw data,2015/16,5.616227278002417,Carbon Emissions,NA
Scottish Borders,Carbon Emissions,Raw data,2015/16,7.34713265217111,Carbon Emissions,2
Shetland Islands,Carbon Emissions,Raw data,2015/16,7.031306312906097,Carbon Emissions,1
South Ayrshire,Carbon Emissions,Raw data,2015/16,6.3812005800500415,Carbon Emissions,3
South Lanarkshire,Carbon Emissions,Raw data,2015/16,4.4598642305729035,Carbon Emissions,3
Stirling,Carbon Emissions,Raw data,2015/16,7.251094881851402,Carbon Emissions,2
West Dunbartonshire,Carbon Emissions,Raw data,2015/16,4.647265493189843,Carbon Emissions,4
West Lothian,Carbon Emissions,Raw data,2015/16,5.30482645592393,Carbon Emissions,3
Aberdeen City,Carbon Emissions,Raw data,2016/17,5.103939074204585,Carbon Emissions,1
Aberdeenshire,Carbon Emissions,Raw data,2016/17,6.384883030532344,Carbon Emissions,1
Angus,Carbon Emissions,Raw data,2016/17,6.0210841880696835,Carbon Emissions,2
Argyll and Bute,Carbon Emissions,Raw data,2016/17,5.730703833904466,Carbon Emissions,2
Clackmannanshire,Carbon Emissions,Raw data,2016/17,7.503893613715384,Carbon Emissions,3
Dumfries and Galloway,Carbon Emissions,Raw data,2016/17,6.9119411251246055,Carbon Emissions,3
Dundee City,Carbon Emissions,Raw data,2016/17,4.844071007682079,Carbon Emissions,4
East Ayrshire,Carbon Emissions,Raw data,2016/17,4.833228578799029,Carbon Emissions,4
East Dunbartonshire,Carbon Emissions,Raw data,2016/17,3.890230014783088,Carbon Emissions,1
East Lothian,Carbon Emissions,Raw data,2016/17,5.045033138519171,Carbon Emissions,2
East Renfrewshire,Carbon Emissions,Raw data,2016/17,3.7563401033725254,Carbon Emissions,1
"Edinburgh, City of",Carbon Emissions,Raw data,2016/17,4.67910717853727,Carbon Emissions,1
Eilean Siar,Carbon Emissions,Raw data,2016/17,5.790129038293836,Carbon Emissions,4
Falkirk,Carbon Emissions,Raw data,2016/17,5.080133876079958,Carbon Emissions,3
Fife,Carbon Emissions,Raw data,2016/17,5.355951536335752,Carbon Emissions,3
Glasgow City,Carbon Emissions,Raw data,2016/17,3.9773584652743215,Carbon Emissions,4
Highland,Carbon Emissions,Raw data,2016/17,6.860278358241018,Carbon Emissions,2
Inverclyde,Carbon Emissions,Raw data,2016/17,4.5531339526003745,Carbon Emissions,4
Midlothian,Carbon Emissions,Raw data,2016/17,4.4772421210530755,Carbon Emissions,2
Moray,Carbon Emissions,Raw data,2016/17,8.109254253343606,Carbon Emissions,2
North Ayrshire,Carbon Emissions,Raw data,2016/17,6.125203172391903,Carbon Emissions,4
North Lanarkshire,Carbon Emissions,Raw data,2016/17,4.541869655484463,Carbon Emissions,4
Orkney Islands,Carbon Emissions,Raw data,2016/17,5.903519244323884,Carbon Emissions,1
Perth and Kinross,Carbon Emissions,Raw data,2016/17,6.748246533833709,Carbon Emissions,1
Renfrewshire,Carbon Emissions,Raw data,2016/17,4.601080827778478,Carbon Emissions,3
Scotland,Carbon Emissions,Raw data,2016/17,5.209658673445758,Carbon Emissions,NA
Scottish Borders,Carbon Emissions,Raw data,2016/17,6.981193962503763,Carbon Emissions,2
Shetland Islands,Carbon Emissions,Raw data,2016/17,6.372421135074708,Carbon Emissions,1
South Ayrshire,Carbon Emissions,Raw data,2016/17,5.991663023775018,Carbon Emissions,3
South Lanarkshire,Carbon Emissions,Raw data,2016/17,4.06063974095557,Carbon Emissions,3
Stirling,Carbon Emissions,Raw data,2016/17,6.976412243458513,Carbon Emissions,2
West Dunbartonshire,Carbon Emissions,Raw data,2016/17,4.220835048111059,Carbon Emissions,4
West Lothian,Carbon Emissions,Raw data,2016/17,4.923406764336129,Carbon Emissions,3
Aberdeen City,Carbon Emissions,Raw data,2017/18,4.9066015584467815,Carbon Emissions,1
Aberdeenshire,Carbon Emissions,Raw data,2017/18,6.328101275850873,Carbon Emissions,1
Angus,Carbon Emissions,Raw data,2017/18,5.91074408315263,Carbon Emissions,2
Argyll and Bute,Carbon Emissions,Raw data,2017/18,5.621799473205779,Carbon Emissions,2
Clackmannanshire,Carbon Emissions,Raw data,2017/18,7.282671107872272,Carbon Emissions,3
Dumfries and Galloway,Carbon Emissions,Raw data,2017/18,6.771872775255229,Carbon Emissions,3
Dundee City,Carbon Emissions,Raw data,2017/18,4.633363834459941,Carbon Emissions,4
East Ayrshire,Carbon Emissions,Raw data,2017/18,4.799787025443785,Carbon Emissions,4
East Dunbartonshire,Carbon Emissions,Raw data,2017/18,3.8067172188174623,Carbon Emissions,1
East Lothian,Carbon Emissions,Raw data,2017/18,5.049229573913545,Carbon Emissions,2
East Renfrewshire,Carbon Emissions,Raw data,2017/18,3.6502409801881615,Carbon Emissions,1
"Edinburgh, City of",Carbon Emissions,Raw data,2017/18,4.470968117237045,Carbon Emissions,1
Eilean Siar,Carbon Emissions,Raw data,2017/18,5.510876058684279,Carbon Emissions,4
Falkirk,Carbon Emissions,Raw data,2017/18,4.88620198865118,Carbon Emissions,3
Fife,Carbon Emissions,Raw data,2017/18,5.2588099205961285,Carbon Emissions,3
Glasgow City,Carbon Emissions,Raw data,2017/18,3.776272037392405,Carbon Emissions,4
Highland,Carbon Emissions,Raw data,2017/18,6.699341076494101,Carbon Emissions,2
Inverclyde,Carbon Emissions,Raw data,2017/18,4.389836958148672,Carbon Emissions,4
Midlothian,Carbon Emissions,Raw data,2017/18,4.321607400124704,Carbon Emissions,2
Moray,Carbon Emissions,Raw data,2017/18,7.6168314096288015,Carbon Emissions,2
North Ayrshire,Carbon Emissions,Raw data,2017/18,5.417692955116202,Carbon Emissions,4
North Lanarkshire,Carbon Emissions,Raw data,2017/18,4.498609412282768,Carbon Emissions,4
Orkney Islands,Carbon Emissions,Raw data,2017/18,5.687136726065187,Carbon Emissions,1
Perth and Kinross,Carbon Emissions,Raw data,2017/18,6.6701230450605,Carbon Emissions,1
Renfrewshire,Carbon Emissions,Raw data,2017/18,4.4157878997992075,Carbon Emissions,3
Scotland,Carbon Emissions,Raw data,2017/18,5.046743619631267,Carbon Emissions,NA
Scottish Borders,Carbon Emissions,Raw data,2017/18,6.8781307453107825,Carbon Emissions,2
Shetland Islands,Carbon Emissions,Raw data,2017/18,6.047405144997136,Carbon Emissions,1
South Ayrshire,Carbon Emissions,Raw data,2017/18,5.76546399618153,Carbon Emissions,3
South Lanarkshire,Carbon Emissions,Raw data,2017/18,3.9784288285516607,Carbon Emissions,3
Stirling,Carbon Emissions,Raw data,2017/18,6.653800462479072,Carbon Emissions,2
West Dunbartonshire,Carbon Emissions,Raw data,2017/18,4.028141183643524,Carbon Emissions,4
West Lothian,Carbon Emissions,Raw data,2017/18,4.885755968702209,Carbon Emissions,3
Aberdeen City,Carbon Emissions,Raw data,2018/19,4.8508904738579455,Carbon Emissions,1
Aberdeenshire,Carbon Emissions,Raw data,2018/19,6.000747399155885,Carbon Emissions,1
Angus,Carbon Emissions,Raw data,2018/19,5.732016651164246,Carbon Emissions,2
Argyll and Bute,Carbon Emissions,Raw data,2018/19,5.4749747040166845,Carbon Emissions,2
Clackmannanshire,Carbon Emissions,Raw data,2018/19,7.384003244702794,Carbon Emissions,3
Dumfries and Galloway,Carbon Emissions,Raw data,2018/19,6.412511661940511,Carbon Emissions,3
Dundee City,Carbon Emissions,Raw data,2018/19,4.512399876064037,Carbon Emissions,4
East Ayrshire,Carbon Emissions,Raw data,2018/19,4.71456818737122,Carbon Emissions,4
East Dunbartonshire,Carbon Emissions,Raw data,2018/19,3.6883308432626265,Carbon Emissions,1
East Lothian,Carbon Emissions,Raw data,2018/19,4.869317916205226,Carbon Emissions,2
East Renfrewshire,Carbon Emissions,Raw data,2018/19,3.5995205037613203,Carbon Emissions,1
"Edinburgh, City of",Carbon Emissions,Raw data,2018/19,4.325931628308515,Carbon Emissions,1
Eilean Siar,Carbon Emissions,Raw data,2018/19,5.274837495958629,Carbon Emissions,4
Falkirk,Carbon Emissions,Raw data,2018/19,4.807456068202337,Carbon Emissions,3
Fife,Carbon Emissions,Raw data,2018/19,5.049727560793355,Carbon Emissions,3
Glasgow City,Carbon Emissions,Raw data,2018/19,3.673513378873954,Carbon Emissions,4
Highland,Carbon Emissions,Raw data,2018/19,6.407753335449365,Carbon Emissions,2
Inverclyde,Carbon Emissions,Raw data,2018/19,4.218055794170447,Carbon Emissions,4
Midlothian,Carbon Emissions,Raw data,2018/19,4.12367189246905,Carbon Emissions,2
Moray,Carbon Emissions,Raw data,2018/19,7.807285370241269,Carbon Emissions,2
North Ayrshire,Carbon Emissions,Raw data,2018/19,5.415935911174658,Carbon Emissions,4
North Lanarkshire,Carbon Emissions,Raw data,2018/19,4.276258113006143,Carbon Emissions,4
Orkney Islands,Carbon Emissions,Raw data,2018/19,5.209963726706099,Carbon Emissions,1
Perth and Kinross,Carbon Emissions,Raw data,2018/19,6.440144299121603,Carbon Emissions,1
Renfrewshire,Carbon Emissions,Raw data,2018/19,4.303001067826183,Carbon Emissions,3
Scotland,Carbon Emissions,Raw data,2018/19,4.883539521432816,Carbon Emissions,NA
Scottish Borders,Carbon Emissions,Raw data,2018/19,6.599833716624301,Carbon Emissions,2
Shetland Islands,Carbon Emissions,Raw data,2018/19,5.654358076518827,Carbon Emissions,1
South Ayrshire,Carbon Emissions,Raw data,2018/19,5.500772329333093,Carbon Emissions,3
South Lanarkshire,Carbon Emissions,Raw data,2018/19,3.817407466928501,Carbon Emissions,3
Stirling,Carbon Emissions,Raw data,2018/19,6.744566073112897,Carbon Emissions,2
West Dunbartonshire,Carbon Emissions,Raw data,2018/19,3.9117438236800384,Carbon Emissions,4
West Lothian,Carbon Emissions,Raw data,2018/19,4.652964809299964,Carbon Emissions,3
Aberdeen City,Carbon Emissions,Raw data,2019/20,4.769159131149799,Carbon Emissions,1
Aberdeenshire,Carbon Emissions,Raw data,2019/20,5.809625655891184,Carbon Emissions,1
Angus,Carbon Emissions,Raw data,2019/20,5.523314799549307,Carbon Emissions,2
Argyll and Bute,Carbon Emissions,Raw data,2019/20,5.195692162359961,Carbon Emissions,2
Clackmannanshire,Carbon Emissions,Raw data,2019/20,7.025927807992245,Carbon Emissions,3
Dumfries and Galloway,Carbon Emissions,Raw data,2019/20,6.115861111016335,Carbon Emissions,3
Dundee City,Carbon Emissions,Raw data,2019/20,4.16553757967866,Carbon Emissions,4
East Ayrshire,Carbon Emissions,Raw data,2019/20,4.466689403952923,Carbon Emissions,4
East Dunbartonshire,Carbon Emissions,Raw data,2019/20,3.493438691843569,Carbon Emissions,1
East Lothian,Carbon Emissions,Raw data,2019/20,4.691802852742332,Carbon Emissions,2
East Renfrewshire,Carbon Emissions,Raw data,2019/20,3.452162841636855,Carbon Emissions,1
"Edinburgh, City of",Carbon Emissions,Raw data,2019/20,4.095171761896709,Carbon Emissions,1
Eilean Siar,Carbon Emissions,Raw data,2019/20,5.0610705906454045,Carbon Emissions,4
Falkirk,Carbon Emissions,Raw data,2019/20,4.339028592004544,Carbon Emissions,3
Fife,Carbon Emissions,Raw data,2019/20,4.629157984633341,Carbon Emissions,3
Glasgow City,Carbon Emissions,Raw data,2019/20,3.4777612375501348,Carbon Emissions,4
Highland,Carbon Emissions,Raw data,2019/20,6.114632472254808,Carbon Emissions,2
Inverclyde,Carbon Emissions,Raw data,2019/20,4.055370089005794,Carbon Emissions,4
Midlothian,Carbon Emissions,Raw data,2019/20,3.897561562758498,Carbon Emissions,2
Moray,Carbon Emissions,Raw data,2019/20,7.314510112243302,Carbon Emissions,2
North Ayrshire,Carbon Emissions,Raw data,2019/20,5.369016570338222,Carbon Emissions,4
North Lanarkshire,Carbon Emissions,Raw data,2019/20,4.014003024550439,Carbon Emissions,4
Orkney Islands,Carbon Emissions,Raw data,2019/20,4.985525015892293,Carbon Emissions,1
Perth and Kinross,Carbon Emissions,Raw data,2019/20,6.144933733038419,Carbon Emissions,1
Renfrewshire,Carbon Emissions,Raw data,2019/20,4.088937405815718,Carbon Emissions,3
Scotland,Carbon Emissions,Raw data,2019/20,4.651204999808712,Carbon Emissions,NA
Scottish Borders,Carbon Emissions,Raw data,2019/20,6.259308171849826,Carbon Emissions,2
Shetland Islands,Carbon Emissions,Raw data,2019/20,5.467828221024287,Carbon Emissions,1
South Ayrshire,Carbon Emissions,Raw data,2019/20,5.453732836292042,Carbon Emissions,3
South Lanarkshire,Carbon Emissions,Raw data,2019/20,3.614946069007402,Carbon Emissions,3
Stirling,Carbon Emissions,Raw data,2019/20,6.331773097208804,Carbon Emissions,2
West Dunbartonshire,Carbon Emissions,Raw data,2019/20,3.857726554882268,Carbon Emissions,4
West Lothian,Carbon Emissions,Raw data,2019/20,4.839370964527228,Carbon Emissions,3
Aberdeen City,Carbon Emissions,Raw data,2020/21,4.110891647784572,Carbon Emissions,1
Aberdeenshire,Carbon Emissions,Raw data,2020/21,5.273007929538551,Carbon Emissions,1
Angus,Carbon Emissions,Raw data,2020/21,4.97925308087841,Carbon Emissions,2
Argyll and Bute,Carbon Emissions,Raw data,2020/21,4.534712749039128,Carbon Emissions,2
Clackmannanshire,Carbon Emissions,Raw data,2020/21,6.366590586476482,Carbon Emissions,3
Dumfries and Galloway,Carbon Emissions,Raw data,2020/21,5.654260970261851,Carbon Emissions,3
Dundee City,Carbon Emissions,Raw data,2020/21,4.047837574782703,Carbon Emissions,4
East Ayrshire,Carbon Emissions,Raw data,2020/21,4.044772697790671,Carbon Emissions,4
East Dunbartonshire,Carbon Emissions,Raw data,2020/21,3.1685640865621956,Carbon Emissions,1
East Lothian,Carbon Emissions,Raw data,2020/21,4.153886406185047,Carbon Emissions,2
East Renfrewshire,Carbon Emissions,Raw data,2020/21,3.106032562660209,Carbon Emissions,1
"Edinburgh, City of",Carbon Emissions,Raw data,2020/21,3.5234085635214707,Carbon Emissions,1
Eilean Siar,Carbon Emissions,Raw data,2020/21,4.669891437085318,Carbon Emissions,4
Falkirk,Carbon Emissions,Raw data,2020/21,3.963034180487244,Carbon Emissions,3
Fife,Carbon Emissions,Raw data,2020/21,4.565436589198549,Carbon Emissions,3
Glasgow City,Carbon Emissions,Raw data,2020/21,3.103928990893962,Carbon Emissions,4
Highland,Carbon Emissions,Raw data,2020/21,5.431581523878036,Carbon Emissions,2
Inverclyde,Carbon Emissions,Raw data,2020/21,3.9374524757656744,Carbon Emissions,4
Midlothian,Carbon Emissions,Raw data,2020/21,3.4868838179668757,Carbon Emissions,2
Moray,Carbon Emissions,Raw data,2020/21,6.444778858807635,Carbon Emissions,2
North Ayrshire,Carbon Emissions,Raw data,2020/21,4.565291824361724,Carbon Emissions,4
North Lanarkshire,Carbon Emissions,Raw data,2020/21,3.672537736305866,Carbon Emissions,4
Orkney Islands,Carbon Emissions,Raw data,2020/21,4.529275003739604,Carbon Emissions,1
Perth and Kinross,Carbon Emissions,Raw data,2020/21,5.451127676837041,Carbon Emissions,1
Renfrewshire,Carbon Emissions,Raw data,2020/21,3.5726680045605184,Carbon Emissions,3
Scotland,Carbon Emissions,Raw data,2020/21,4.1685241597074185,Carbon Emissions,NA
Scottish Borders,Carbon Emissions,Raw data,2020/21,5.2141572574296555,Carbon Emissions,2
Shetland Islands,Carbon Emissions,Raw data,2020/21,4.8665273430798885,Carbon Emissions,1
South Ayrshire,Carbon Emissions,Raw data,2020/21,4.843407543674604,Carbon Emissions,3
South Lanarkshire,Carbon Emissions,Raw data,2020/21,3.272999483031675,Carbon Emissions,3
Stirling,Carbon Emissions,Raw data,2020/21,5.724264604182167,Carbon Emissions,2
West Dunbartonshire,Carbon Emissions,Raw data,2020/21,3.468774149772914,Carbon Emissions,4
West Lothian,Carbon Emissions,Raw data,2020/21,3.9532920735528383,Carbon Emissions,3
Aberdeen City,Carbon Emissions,Raw data,2021/22,4.6221631017963976,Carbon Emissions,1
Aberdeenshire,Carbon Emissions,Raw data,2021/22,5.638353187082895,Carbon Emissions,1
Angus,Carbon Emissions,Raw data,2021/22,5.388822348838055,Carbon Emissions,2
Argyll and Bute,Carbon Emissions,Raw data,2021/22,4.918878474682654,Carbon Emissions,2
Clackmannanshire,Carbon Emissions,Raw data,2021/22,6.480603701559051,Carbon Emissions,3
Dumfries and Galloway,Carbon Emissions,Raw data,2021/22,6.158313696828587,Carbon Emissions,3
Dundee City,Carbon Emissions,Raw data,2021/22,4.174531374373197,Carbon Emissions,4
East Ayrshire,Carbon Emissions,Raw data,2021/22,4.454248490089515,Carbon Emissions,4
East Dunbartonshire,Carbon Emissions,Raw data,2021/22,3.4877294974086563,Carbon Emissions,1
East Lothian,Carbon Emissions,Raw data,2021/22,4.58810542387051,Carbon Emissions,2
East Renfrewshire,Carbon Emissions,Raw data,2021/22,3.4602098439233138,Carbon Emissions,1
"Edinburgh, City of",Carbon Emissions,Raw data,2021/22,3.958466812166512,Carbon Emissions,1
Eilean Siar,Carbon Emissions,Raw data,2021/22,4.83772413200695,Carbon Emissions,4
Falkirk,Carbon Emissions,Raw data,2021/22,4.5520775033244165,Carbon Emissions,3
Fife,Carbon Emissions,Raw data,2021/22,4.5683911042774215,Carbon Emissions,3
Glasgow City,Carbon Emissions,Raw data,2021/22,3.4890093300620233,Carbon Emissions,4
Highland,Carbon Emissions,Raw data,2021/22,5.9856854154492725,Carbon Emissions,2
Inverclyde,Carbon Emissions,Raw data,2021/22,4.194118440360068,Carbon Emissions,4
Midlothian,Carbon Emissions,Raw data,2021/22,3.880108170205443,Carbon Emissions,2
Moray,Carbon Emissions,Raw data,2021/22,7.300363632902861,Carbon Emissions,2
North Ayrshire,Carbon Emissions,Raw data,2021/22,5.289487075226315,Carbon Emissions,4
North Lanarkshire,Carbon Emissions,Raw data,2021/22,4.100457063797503,Carbon Emissions,4
Orkney Islands,Carbon Emissions,Raw data,2021/22,4.685365264910129,Carbon Emissions,1
Perth and Kinross,Carbon Emissions,Raw data,2021/22,5.721702232149435,Carbon Emissions,1
Renfrewshire,Carbon Emissions,Raw data,2021/22,3.9681643378095046,Carbon Emissions,3
Scotland,Carbon Emissions,Raw data,2021/22,4.5585940374572935,Carbon Emissions,NA
Scottish Borders,Carbon Emissions,Raw data,2021/22,5.633501657654087,Carbon Emissions,2
Shetland Islands,Carbon Emissions,Raw data,2021/22,5.10173930858498,Carbon Emissions,1
South Ayrshire,Carbon Emissions,Raw data,2021/22,5.423916002830187,Carbon Emissions,3
South Lanarkshire,Carbon Emissions,Raw data,2021/22,3.529081839582356,Carbon Emissions,3
Stirling,Carbon Emissions,Raw data,2021/22,6.266096574528106,Carbon Emissions,2
West Dunbartonshire,Carbon Emissions,Raw data,2021/22,3.8975835397197702,Carbon Emissions,4
West Lothian,Carbon Emissions,Raw data,2021/22,4.368017552138776,Carbon Emissions,3
Aberdeen City,Carbon Emissions,Raw data,2022/23,4.2913465531011,Carbon Emissions,1
Aberdeenshire,Carbon Emissions,Raw data,2022/23,5.2352592197447585,Carbon Emissions,1
Angus,Carbon Emissions,Raw data,2022/23,4.996372486300786,Carbon Emissions,2
Argyll and Bute,Carbon Emissions,Raw data,2022/23,4.672421721376522,Carbon Emissions,2
Clackmannanshire,Carbon Emissions,Raw data,2022/23,6.049769120640965,Carbon Emissions,3
Dumfries and Galloway,Carbon Emissions,Raw data,2022/23,5.587643265594985,Carbon Emissions,3
Dundee City,Carbon Emissions,Raw data,2022/23,3.7562112347319374,Carbon Emissions,4
East Ayrshire,Carbon Emissions,Raw data,2022/23,4.036813708438953,Carbon Emissions,4
East Dunbartonshire,Carbon Emissions,Raw data,2022/23,3.1415029569665283,Carbon Emissions,1
East Lothian,Carbon Emissions,Raw data,2022/23,4.239265488134918,Carbon Emissions,2
East Renfrewshire,Carbon Emissions,Raw data,2022/23,3.1087262942262943,Carbon Emissions,1
"Edinburgh, City of",Carbon Emissions,Raw data,2022/23,3.6215043149030817,Carbon Emissions,1
Eilean Siar,Carbon Emissions,Raw data,2022/23,4.455939502155128,Carbon Emissions,4
Falkirk,Carbon Emissions,Raw data,2022/23,4.263213228074095,Carbon Emissions,3
Fife,Carbon Emissions,Raw data,2022/23,4.263866378722939,Carbon Emissions,3
Glasgow City,Carbon Emissions,Raw data,2022/23,3.122465840079957,Carbon Emissions,4
Highland,Carbon Emissions,Raw data,2022/23,5.743623395827971,Carbon Emissions,2
Inverclyde,Carbon Emissions,Raw data,2022/23,3.806725686165294,Carbon Emissions,4
Midlothian,Carbon Emissions,Raw data,2022/23,3.583735229631764,Carbon Emissions,2
Moray,Carbon Emissions,Raw data,2022/23,6.798670414920678,Carbon Emissions,2
North Ayrshire,Carbon Emissions,Raw data,2022/23,4.904123378005776,Carbon Emissions,4
North Lanarkshire,Carbon Emissions,Raw data,2022/23,3.782922518729602,Carbon Emissions,4
Orkney Islands,Carbon Emissions,Raw data,2022/23,4.362843068862338,Carbon Emissions,1
Perth and Kinross,Carbon Emissions,Raw data,2022/23,5.588005930846012,Carbon Emissions,1
Renfrewshire,Carbon Emissions,Raw data,2022/23,3.7941355050560337,Carbon Emissions,3
Scotland,Carbon Emissions,Raw data,2022/23,4.21290450586039,Carbon Emissions,NA
Scottish Borders,Carbon Emissions,Raw data,2022/23,5.22253679570083,Carbon Emissions,2
Shetland Islands,Carbon Emissions,Raw data,2022/23,4.769377666699299,Carbon Emissions,1
South Ayrshire,Carbon Emissions,Raw data,2022/23,4.998754522470237,Carbon Emissions,3
South Lanarkshire,Carbon Emissions,Raw data,2022/23,3.190951533693042,Carbon Emissions,3
Stirling,Carbon Emissions,Raw data,2022/23,5.697343918937251,Carbon Emissions,2
West Dunbartonshire,Carbon Emissions,Raw data,2022/23,3.7070821607195503,Carbon Emissions,4
West Lothian,Carbon Emissions,Raw data,2022/23,4.095083757410304,Carbon Emissions,3
Aberdeen City,Carbon Emissions,Raw data,2023/24,4.0298247947605255,Carbon Emissions,1
Aberdeenshire,Carbon Emissions,Raw data,2023/24,5.128951025455155,Carbon Emissions,1
Angus,Carbon Emissions,Raw data,2023/24,4.9050710041619565,Carbon Emissions,2
Argyll and Bute,Carbon Emissions,Raw data,2023/24,4.4733444879491095,Carbon Emissions,2
Clackmannanshire,Carbon Emissions,Raw data,2023/24,5.793981181261699,Carbon Emissions,3
Dumfries and Galloway,Carbon Emissions,Raw data,2023/24,5.428747101573473,Carbon Emissions,3
Dundee City,Carbon Emissions,Raw data,2023/24,3.5754885572890793,Carbon Emissions,4
East Ayrshire,Carbon Emissions,Raw data,2023/24,3.909398027844155,Carbon Emissions,4
East Dunbartonshire,Carbon Emissions,Raw data,2023/24,3.0237839153615127,Carbon Emissions,1
East Lothian,Carbon Emissions,Raw data,2023/24,4.063708747627718,Carbon Emissions,2
East Renfrewshire,Carbon Emissions,Raw data,2023/24,2.989118490651825,Carbon Emissions,1
"Edinburgh, City of",Carbon Emissions,Raw data,2023/24,3.427088938439233,Carbon Emissions,1
Eilean Siar,Carbon Emissions,Raw data,2023/24,4.38794727461961,Carbon Emissions,4
Falkirk,Carbon Emissions,Raw data,2023/24,3.781924636685607,Carbon Emissions,3
Fife,Carbon Emissions,Raw data,2023/24,4.557087530093596,Carbon Emissions,3
Glasgow City,Carbon Emissions,Raw data,2023/24,2.8633876945357266,Carbon Emissions,4
Highland,Carbon Emissions,Raw data,2023/24,5.530052249122545,Carbon Emissions,2
Inverclyde,Carbon Emissions,Raw data,2023/24,3.600411009513419,Carbon Emissions,4
Midlothian,Carbon Emissions,Raw data,2023/24,3.4170869064192715,Carbon Emissions,2
Moray,Carbon Emissions,Raw data,2023/24,6.535404681142594,Carbon Emissions,2
North Ayrshire,Carbon Emissions,Raw data,2023/24,4.3819511713910275,Carbon Emissions,4
North Lanarkshire,Carbon Emissions,Raw data,2023/24,3.680276352040925,Carbon Emissions,4
Orkney Islands,Carbon Emissions,Raw data,2023/24,4.238402452594942,Carbon Emissions,1
Perth and Kinross,Carbon Emissions,Raw data,2023/24,5.404916110890896,Carbon Emissions,1
Renfrewshire,Carbon Emissions,Raw data,2023/24,3.491462996462286,Carbon Emissions,3
Scotland,Carbon Emissions,Raw data,2023/24,4.04112481466875,Carbon Emissions,NA
Scottish Borders,Carbon Emissions,Raw data,2023/24,5.110182527957837,Carbon Emissions,2
Shetland Islands,Carbon Emissions,Raw data,2023/24,4.792588982624842,Carbon Emissions,1
South Ayrshire,Carbon Emissions,Raw data,2023/24,4.8633031720449145,Carbon Emissions,3
South Lanarkshire,Carbon Emissions,Raw data,2023/24,3.0447964638615153,Carbon Emissions,3
Stirling,Carbon Emissions,Raw data,2023/24,5.456313009089185,Carbon Emissions,2
West Dunbartonshire,Carbon Emissions,Raw data,2023/24,3.5279300836825547,Carbon Emissions,4
West Lothian,Carbon Emissions,Raw data,2023/24,3.889646004616703,Carbon Emissions,3
Aberdeen City,Child Poverty,Imputed,2012/13,10.417547189691298,Child Poverty (%),1
Aberdeenshire,Child Poverty,Imputed,2012/13,8.215537684698997,Child Poverty (%),1
Angus,Child Poverty,Imputed,2012/13,13.836335242454984,Child Poverty (%),2
Argyll and Bute,Child Poverty,Imputed,2012/13,13.741046783554289,Child Poverty (%),2
Clackmannanshire,Child Poverty,Imputed,2012/13,18.182546008193075,Child Poverty (%),3
Dumfries and Galloway,Child Poverty,Imputed,2012/13,17.110105195810476,Child Poverty (%),3
Dundee City,Child Poverty,Imputed,2012/13,18.051537832945662,Child Poverty (%),4
East Ayrshire,Child Poverty,Imputed,2012/13,18.793851403414923,Child Poverty (%),4
East Dunbartonshire,Child Poverty,Imputed,2012/13,8.9323768699999615,Child Poverty (%),1
East Lothian,Child Poverty,Imputed,2012/13,14.240351432954723,Child Poverty (%),2
East Renfrewshire,Child Poverty,Imputed,2012/13,9.41205470586503,Child Poverty (%),1
"Edinburgh, City of",Child Poverty,Imputed,2012/13,10.70830094914348,Child Poverty (%),1
Eilean Siar,Child Poverty,Imputed,2012/13,10.653532183435464,Child Poverty (%),4
Falkirk,Child Poverty,Imputed,2012/13,16.477864945070767,Child Poverty (%),3
Fife,Child Poverty,Imputed,2012/13,18.079690304075864,Child Poverty (%),3
Glasgow City,Child Poverty,Imputed,2012/13,22.48466277508606,Child Poverty (%),4
Highland,Child Poverty,Imputed,2012/13,14.19604315283506,Child Poverty (%),2
Inverclyde,Child Poverty,Imputed,2012/13,14.81261638212414,Child Poverty (%),4
Midlothian,Child Poverty,Imputed,2012/13,14.465491764577465,Child Poverty (%),2
Moray,Child Poverty,Imputed,2012/13,13.411511363170687,Child Poverty (%),2
North Ayrshire,Child Poverty,Imputed,2012/13,19.65248829652015,Child Poverty (%),4
North Lanarkshire,Child Poverty,Imputed,2012/13,18.951330076445483,Child Poverty (%),4
Orkney Islands,Child Poverty,Imputed,2012/13,12.086344036877463,Child Poverty (%),1
Perth and Kinross,Child Poverty,Imputed,2012/13,12.803125096288648,Child Poverty (%),1
Renfrewshire,Child Poverty,Imputed,2012/13,12.489410555891132,Child Poverty (%),3
Scotland,Child Poverty,Imputed,2012/13,15.29871207319348,Child Poverty (%),NA
Scottish Borders,Child Poverty,Imputed,2012/13,14.040995011130352,Child Poverty (%),2
Shetland Islands,Child Poverty,Imputed,2012/13,6.853471447063347,Child Poverty (%),1
South Ayrshire,Child Poverty,Imputed,2012/13,16.04025657957173,Child Poverty (%),3
South Lanarkshire,Child Poverty,Imputed,2012/13,15.442498647248398,Child Poverty (%),3
Stirling,Child Poverty,Imputed,2012/13,13.045691254029698,Child Poverty (%),2
West Dunbartonshire,Child Poverty,Imputed,2012/13,18.88745113028399,Child Poverty (%),4
West Lothian,Child Poverty,Imputed,2012/13,14.352416884927608,Child Poverty (%),3
Aberdeen City,Child Poverty,Imputed,2013/14,10.574916301762116,Child Poverty (%),1
Aberdeenshire,Child Poverty,Imputed,2013/14,8.273868744199179,Child Poverty (%),1
Angus,Child Poverty,Imputed,2013/14,14.135478175139296,Child Poverty (%),2
Argyll and Bute,Child Poverty,Imputed,2013/14,14.039545992888812,Child Poverty (%),2
Clackmannanshire,Child Poverty,Imputed,2013/14,18.383451057779464,Child Poverty (%),3
Dumfries and Galloway,Child Poverty,Imputed,2013/14,17.470877587383765,Child Poverty (%),3
Dundee City,Child Poverty,Imputed,2013/14,17.95711927044437,Child Poverty (%),4
East Ayrshire,Child Poverty,Imputed,2013/14,19.01440117942556,Child Poverty (%),4
East Dunbartonshire,Child Poverty,Imputed,2013/14,9.002930012624875,Child Poverty (%),1
East Lothian,Child Poverty,Imputed,2013/14,14.070479042012252,Child Poverty (%),2
East Renfrewshire,Child Poverty,Imputed,2013/14,9.337089486522425,Child Poverty (%),1
"Edinburgh, City of",Child Poverty,Imputed,2013/14,10.688032573043852,Child Poverty (%),1
Eilean Siar,Child Poverty,Imputed,2013/14,11.021775665073651,Child Poverty (%),4
Falkirk,Child Poverty,Imputed,2013/14,16.60273921576595,Child Poverty (%),3
Fife,Child Poverty,Imputed,2013/14,18.097125126179144,Child Poverty (%),3
Glasgow City,Child Poverty,Imputed,2013/14,22.72951956228825,Child Poverty (%),4
Highland,Child Poverty,Imputed,2013/14,14.34817422905187,Child Poverty (%),2
Inverclyde,Child Poverty,Imputed,2013/14,15.020768800988984,Child Poverty (%),4
Midlothian,Child Poverty,Imputed,2013/14,14.442404500655478,Child Poverty (%),2
Moray,Child Poverty,Imputed,2013/14,13.691050600579317,Child Poverty (%),2
North Ayrshire,Child Poverty,Imputed,2013/14,19.993717001424574,Child Poverty (%),4
North Lanarkshire,Child Poverty,Imputed,2013/14,18.98259974424206,Child Poverty (%),4
Orkney Islands,Child Poverty,Imputed,2013/14,12.242219410955167,Child Poverty (%),1
Perth and Kinross,Child Poverty,Imputed,2013/14,13.065145005451216,Child Poverty (%),1
Renfrewshire,Child Poverty,Imputed,2013/14,12.8474186632089,Child Poverty (%),3
Scotland,Child Poverty,Imputed,2013/14,15.423774356753084,Child Poverty (%),NA
Scottish Borders,Child Poverty,Imputed,2013/14,14.23392731409028,Child Poverty (%),2
Shetland Islands,Child Poverty,Imputed,2013/14,7.0567854115099955,Child Poverty (%),1
South Ayrshire,Child Poverty,Imputed,2013/14,16.268628909739334,Child Poverty (%),3
South Lanarkshire,Child Poverty,Imputed,2013/14,15.462841843797396,Child Poverty (%),3
Stirling,Child Poverty,Imputed,2013/14,13.178058857212548,Child Poverty (%),2
West Dunbartonshire,Child Poverty,Imputed,2013/14,18.8734988430593,Child Poverty (%),4
West Lothian,Child Poverty,Imputed,2013/14,14.676815316293183,Child Poverty (%),3
Aberdeen City,Child Poverty,Imputed,2014/15,10.637733290090514,Child Poverty (%),1
Aberdeenshire,Child Poverty,Imputed,2014/15,8.27805674374393,Child Poverty (%),1
Angus,Child Poverty,Imputed,2014/15,14.355243608791437,Child Poverty (%),2
Argyll and Bute,Child Poverty,Imputed,2014/15,14.216127098321344,Child Poverty (%),2
Clackmannanshire,Child Poverty,Imputed,2014/15,18.71616395978345,Child Poverty (%),3
Dumfries and Galloway,Child Poverty,Imputed,2014/15,17.79527559055118,Child Poverty (%),3
Dundee City,Child Poverty,Imputed,2014/15,17.886111570931966,Child Poverty (%),4
East Ayrshire,Child Poverty,Imputed,2014/15,19.276419276419276,Child Poverty (%),4
East Dunbartonshire,Child Poverty,Imputed,2014/15,8.976265212842117,Child Poverty (%),1
East Lothian,Child Poverty,Imputed,2014/15,13.831251323311456,Child Poverty (%),2
East Renfrewshire,Child Poverty,Imputed,2014/15,9.226040793517743,Child Poverty (%),1
"Edinburgh, City of",Child Poverty,Imputed,2014/15,10.659001608607367,Child Poverty (%),1
Eilean Siar,Child Poverty,Imputed,2014/15,11.174719487062056,Child Poverty (%),4
Falkirk,Child Poverty,Imputed,2014/15,16.666666666666664,Child Poverty (%),3
Fife,Child Poverty,Imputed,2014/15,18.073997070358644,Child Poverty (%),3
Glasgow City,Child Poverty,Imputed,2014/15,22.93931485172931,Child Poverty (%),4
Highland,Child Poverty,Imputed,2014/15,14.503874599288183,Child Poverty (%),2
Inverclyde,Child Poverty,Imputed,2014/15,15.18116495948632,Child Poverty (%),4
Midlothian,Child Poverty,Imputed,2014/15,14.298875990418278,Child Poverty (%),2
Moray,Child Poverty,Imputed,2014/15,13.977167540882444,Child Poverty (%),2
North Ayrshire,Child Poverty,Imputed,2014/15,20.123451461130056,Child Poverty (%),4
North Lanarkshire,Child Poverty,Imputed,2014/15,18.968677897531528,Child Poverty (%),4
Orkney Islands,Child Poverty,Imputed,2014/15,12.30989956958393,Child Poverty (%),1
Perth and Kinross,Child Poverty,Imputed,2014/15,13.206528510320195,Child Poverty (%),1
Renfrewshire,Child Poverty,Imputed,2014/15,13.125710084876028,Child Poverty (%),3
Scotland,Child Poverty,Imputed,2014/15,15.485973644648029,Child Poverty (%),NA
Scottish Borders,Child Poverty,Imputed,2014/15,14.29703179465512,Child Poverty (%),2
Shetland Islands,Child Poverty,Imputed,2014/15,7.24002766889555,Child Poverty (%),1
South Ayrshire,Child Poverty,Imputed,2014/15,16.456697361730978,Child Poverty (%),3
South Lanarkshire,Child Poverty,Imputed,2014/15,15.429936886651344,Child Poverty (%),3
Stirling,Child Poverty,Imputed,2014/15,13.122636066414517,Child Poverty (%),2
West Dunbartonshire,Child Poverty,Imputed,2014/15,18.890881147540984,Child Poverty (%),4
West Lothian,Child Poverty,Imputed,2014/15,14.85350170211528,Child Poverty (%),3
Aberdeen City,Child Poverty,Raw data,2015/16,12.54787311796521,Child Poverty (%),1
Aberdeenshire,Child Poverty,Raw data,2015/16,9.322540114111517,Child Poverty (%),1
Angus,Child Poverty,Raw data,2015/16,15.271719607943757,Child Poverty (%),2
Argyll and Bute,Child Poverty,Raw data,2015/16,15.583320558025449,Child Poverty (%),2
Clackmannanshire,Child Poverty,Raw data,2015/16,21.058495821727018,Child Poverty (%),3
Dumfries and Galloway,Child Poverty,Raw data,2015/16,19.739686932456973,Child Poverty (%),3
Dundee City,Child Poverty,Raw data,2015/16,19.048983099398452,Child Poverty (%),4
East Ayrshire,Child Poverty,Raw data,2015/16,21.117094791021305,Child Poverty (%),4
East Dunbartonshire,Child Poverty,Raw data,2015/16,10.036077402427026,Child Poverty (%),1
East Lothian,Child Poverty,Raw data,2015/16,14.414508858370898,Child Poverty (%),2
East Renfrewshire,Child Poverty,Raw data,2015/16,9.828869874430492,Child Poverty (%),1
"Edinburgh, City of",Child Poverty,Raw data,2015/16,11.22694257198098,Child Poverty (%),1
Eilean Siar,Child Poverty,Raw data,2015/16,13.707602339181287,Child Poverty (%),4
Falkirk,Child Poverty,Raw data,2015/16,17.04724409448819,Child Poverty (%),3
Fife,Child Poverty,Raw data,2015/16,19.406702184672618,Child Poverty (%),3
Glasgow City,Child Poverty,Raw data,2015/16,25.2722420474647,Child Poverty (%),4
Highland,Child Poverty,Raw data,2015/16,15.790542942759917,Child Poverty (%),2
Inverclyde,Child Poverty,Raw data,2015/16,18.012422360248447,Child Poverty (%),4
Midlothian,Child Poverty,Raw data,2015/16,14.357759144489002,Child Poverty (%),2
Moray,Child Poverty,Raw data,2015/16,14.730807577268196,Child Poverty (%),2
North Ayrshire,Child Poverty,Raw data,2015/16,21.524331853399495,Child Poverty (%),4
North Lanarkshire,Child Poverty,Raw data,2015/16,20.40267388190355,Child Poverty (%),4
Orkney Islands,Child Poverty,Raw data,2015/16,13.520555877243776,Child Poverty (%),1
Perth and Kinross,Child Poverty,Raw data,2015/16,14.256695133073544,Child Poverty (%),1
Renfrewshire,Child Poverty,Raw data,2015/16,14.440118152524168,Child Poverty (%),3
Scotland,Child Poverty,Raw data,2015/16,16.731650440927215,Child Poverty (%),NA
Scottish Borders,Child Poverty,Raw data,2015/16,15.920926772239346,Child Poverty (%),2
Shetland Islands,Child Poverty,Raw data,2015/16,8.731082654249127,Child Poverty (%),1
South Ayrshire,Child Poverty,Raw data,2015/16,17.416940696224064,Child Poverty (%),3
South Lanarkshire,Child Poverty,Raw data,2015/16,16.017080039974562,Child Poverty (%),3
Stirling,Child Poverty,Raw data,2015/16,12.984607523791276,Child Poverty (%),2
West Dunbartonshire,Child Poverty,Raw data,2015/16,20.06410256410257,Child Poverty (%),4
West Lothian,Child Poverty,Raw data,2015/16,15.978975032851512,Child Poverty (%),3
Aberdeen City,Child Poverty,Raw data,2016/17,13.74916552985226,Child Poverty (%),1
Aberdeenshire,Child Poverty,Raw data,2016/17,9.772053982883476,Child Poverty (%),1
Angus,Child Poverty,Raw data,2016/17,16.20961878051314,Child Poverty (%),2
Argyll and Bute,Child Poverty,Raw data,2016/17,15.202702702702704,Child Poverty (%),2
Clackmannanshire,Child Poverty,Raw data,2016/17,20.062451209992194,Child Poverty (%),3
Dumfries and Galloway,Child Poverty,Raw data,2016/17,18.428031126374822,Child Poverty (%),3
Dundee City,Child Poverty,Raw data,2016/17,19.660727361484017,Child Poverty (%),4
East Ayrshire,Child Poverty,Raw data,2016/17,20.627141225732775,Child Poverty (%),4
East Dunbartonshire,Child Poverty,Raw data,2016/17,9.65528420142641,Child Poverty (%),1
East Lothian,Child Poverty,Raw data,2016/17,13.897580308719231,Child Poverty (%),2
East Renfrewshire,Child Poverty,Raw data,2016/17,9.091904318791396,Child Poverty (%),1
"Edinburgh, City of",Child Poverty,Raw data,2016/17,11.077370459487629,Child Poverty (%),1
Eilean Siar,Child Poverty,Raw data,2016/17,13.263855992420654,Child Poverty (%),4
Falkirk,Child Poverty,Raw data,2016/17,16.444380877462724,Child Poverty (%),3
Fife,Child Poverty,Raw data,2016/17,18.994879873966127,Child Poverty (%),3
Glasgow City,Child Poverty,Raw data,2016/17,24.66932690554802,Child Poverty (%),4
Highland,Child Poverty,Raw data,2016/17,15.37188820444942,Child Poverty (%),2
Inverclyde,Child Poverty,Raw data,2016/17,16.512175962293792,Child Poverty (%),4
Midlothian,Child Poverty,Raw data,2016/17,14.334511895487504,Child Poverty (%),2
Moray,Child Poverty,Raw data,2016/17,15.688480530033129,Child Poverty (%),2
North Ayrshire,Child Poverty,Raw data,2016/17,21.567513222887616,Child Poverty (%),4
North Lanarkshire,Child Poverty,Raw data,2016/17,19.37592678221216,Child Poverty (%),4
Orkney Islands,Child Poverty,Raw data,2016/17,13.694267515923569,Child Poverty (%),1
Perth and Kinross,Child Poverty,Raw data,2016/17,13.92684552574571,Child Poverty (%),1
Renfrewshire,Child Poverty,Raw data,2016/17,14.926473051284628,Child Poverty (%),3
Scotland,Child Poverty,Raw data,2016/17,16.509494627497322,Child Poverty (%),NA
Scottish Borders,Child Poverty,Raw data,2016/17,15.27829461485301,Child Poverty (%),2
Shetland Islands,Child Poverty,Raw data,2016/17,8.699719363891488,Child Poverty (%),1
South Ayrshire,Child Poverty,Raw data,2016/17,17.618939221488734,Child Poverty (%),3
South Lanarkshire,Child Poverty,Raw data,2016/17,15.959967915998249,Child Poverty (%),3
Stirling,Child Poverty,Raw data,2016/17,12.66564729867482,Child Poverty (%),2
West Dunbartonshire,Child Poverty,Raw data,2016/17,20.195314993298012,Child Poverty (%),4
West Lothian,Child Poverty,Raw data,2016/17,15.910218615918977,Child Poverty (%),3
Aberdeen City,Child Poverty,Raw data,2017/18,15.526871762220356,Child Poverty (%),1
Aberdeenshire,Child Poverty,Raw data,2017/18,10.659365543364144,Child Poverty (%),1
Angus,Child Poverty,Raw data,2017/18,17.743031951053705,Child Poverty (%),2
Argyll and Bute,Child Poverty,Raw data,2017/18,17.25306028177689,Child Poverty (%),2
Clackmannanshire,Child Poverty,Raw data,2017/18,23.067457209978745,Child Poverty (%),3
Dumfries and Galloway,Child Poverty,Raw data,2017/18,21.21212121212121,Child Poverty (%),3
Dundee City,Child Poverty,Raw data,2017/18,21.48082285899042,Child Poverty (%),4
East Ayrshire,Child Poverty,Raw data,2017/18,22.762711053714067,Child Poverty (%),4
East Dunbartonshire,Child Poverty,Raw data,2017/18,9.928964375367196,Child Poverty (%),1
East Lothian,Child Poverty,Raw data,2017/18,14.797741751696275,Child Poverty (%),2
East Renfrewshire,Child Poverty,Raw data,2017/18,10.032762232128473,Child Poverty (%),1
"Edinburgh, City of",Child Poverty,Raw data,2017/18,12.734610210748832,Child Poverty (%),1
Eilean Siar,Child Poverty,Raw data,2017/18,13.289504578539562,Child Poverty (%),4
Falkirk,Child Poverty,Raw data,2017/18,18.13452914798206,Child Poverty (%),3
Fife,Child Poverty,Raw data,2017/18,20.831427715308553,Child Poverty (%),3
Glasgow City,Child Poverty,Raw data,2017/18,28.981148831389017,Child Poverty (%),4
Highland,Child Poverty,Raw data,2017/18,15.795302359122282,Child Poverty (%),2
Inverclyde,Child Poverty,Raw data,2017/18,17.351162050302452,Child Poverty (%),4
Midlothian,Child Poverty,Raw data,2017/18,15.763692162417374,Child Poverty (%),2
Moray,Child Poverty,Raw data,2017/18,16.526309124295572,Child Poverty (%),2
North Ayrshire,Child Poverty,Raw data,2017/18,23.77331800901777,Child Poverty (%),4
North Lanarkshire,Child Poverty,Raw data,2017/18,21.52949091724602,Child Poverty (%),4
Orkney Islands,Child Poverty,Raw data,2017/18,13.81294964028777,Child Poverty (%),1
Perth and Kinross,Child Poverty,Raw data,2017/18,15.722586848375904,Child Poverty (%),1
Renfrewshire,Child Poverty,Raw data,2017/18,17.170738228118836,Child Poverty (%),3
Scotland,Child Poverty,Raw data,2017/18,18.408972994838155,Child Poverty (%),NA
Scottish Borders,Child Poverty,Raw data,2017/18,17.381825915882384,Child Poverty (%),2
Shetland Islands,Child Poverty,Raw data,2017/18,10.08383791336749,Child Poverty (%),1
South Ayrshire,Child Poverty,Raw data,2017/18,18.77853881278539,Child Poverty (%),3
South Lanarkshire,Child Poverty,Raw data,2017/18,17.562294695196094,Child Poverty (%),3
Stirling,Child Poverty,Raw data,2017/18,14.31508609611925,Child Poverty (%),2
West Dunbartonshire,Child Poverty,Raw data,2017/18,22.84254231874801,Child Poverty (%),4
West Lothian,Child Poverty,Raw data,2017/18,17.438572969191757,Child Poverty (%),3
Aberdeen City,Child Poverty,Raw data,2018/19,14.356392674247026,Child Poverty (%),1
Aberdeenshire,Child Poverty,Raw data,2018/19,9.446943092436284,Child Poverty (%),1
Angus,Child Poverty,Raw data,2018/19,16.586007364544976,Child Poverty (%),2
Argyll and Bute,Child Poverty,Raw data,2018/19,15.171881035148708,Child Poverty (%),2
Clackmannanshire,Child Poverty,Raw data,2018/19,19.782071444619188,Child Poverty (%),3
Dumfries and Galloway,Child Poverty,Raw data,2018/19,19.121458379090708,Child Poverty (%),3
Dundee City,Child Poverty,Raw data,2018/19,19.1711110206408,Child Poverty (%),4
East Ayrshire,Child Poverty,Raw data,2018/19,21.003209888372535,Child Poverty (%),4
East Dunbartonshire,Child Poverty,Raw data,2018/19,8.620324255589699,Child Poverty (%),1
East Lothian,Child Poverty,Raw data,2018/19,13.043478260869565,Child Poverty (%),2
East Renfrewshire,Child Poverty,Raw data,2018/19,9.20808359412295,Child Poverty (%),1
"Edinburgh, City of",Child Poverty,Raw data,2018/19,11.370904053546692,Child Poverty (%),1
Eilean Siar,Child Poverty,Raw data,2018/19,11.195087387812942,Child Poverty (%),4
Falkirk,Child Poverty,Raw data,2018/19,17.444080250693368,Child Poverty (%),3
Fife,Child Poverty,Raw data,2018/19,19.36430395406747,Child Poverty (%),3
Glasgow City,Child Poverty,Raw data,2018/19,27.09838182478512,Child Poverty (%),4
Highland,Child Poverty,Raw data,2018/19,14.810592320049748,Child Poverty (%),2
Inverclyde,Child Poverty,Raw data,2018/19,15.882447406455755,Child Poverty (%),4
Midlothian,Child Poverty,Raw data,2018/19,13.886321626617375,Child Poverty (%),2
Moray,Child Poverty,Raw data,2018/19,15.374280230326296,Child Poverty (%),2
North Ayrshire,Child Poverty,Raw data,2018/19,21.68390087359601,Child Poverty (%),4
North Lanarkshire,Child Poverty,Raw data,2018/19,19.889565021410863,Child Poverty (%),4
Orkney Islands,Child Poverty,Raw data,2018/19,14.207650273224044,Child Poverty (%),1
Perth and Kinross,Child Poverty,Raw data,2018/19,14.567126725219572,Child Poverty (%),1
Renfrewshire,Child Poverty,Raw data,2018/19,15.695560817796752,Child Poverty (%),3
Scotland,Child Poverty,Raw data,2018/19,16.887541596490088,Child Poverty (%),NA
Scottish Borders,Child Poverty,Raw data,2018/19,15.639305866070478,Child Poverty (%),2
Shetland Islands,Child Poverty,Raw data,2018/19,8.592835401545305,Child Poverty (%),1
South Ayrshire,Child Poverty,Raw data,2018/19,18.25206043956044,Child Poverty (%),3
South Lanarkshire,Child Poverty,Raw data,2018/19,15.661644581593755,Child Poverty (%),3
Stirling,Child Poverty,Raw data,2018/19,12.9664239221499,Child Poverty (%),2
West Dunbartonshire,Child Poverty,Raw data,2018/19,20.30564869744648,Child Poverty (%),4
West Lothian,Child Poverty,Raw data,2018/19,16.505847953216374,Child Poverty (%),3
Aberdeen City,Child Poverty,Raw data,2019/20,16.128000930070336,Child Poverty (%),1
Aberdeenshire,Child Poverty,Raw data,2019/20,10.987545396721178,Child Poverty (%),1
Angus,Child Poverty,Raw data,2019/20,18.717312060859,Child Poverty (%),2
Argyll and Bute,Child Poverty,Raw data,2019/20,17.31244211176289,Child Poverty (%),2
Clackmannanshire,Child Poverty,Raw data,2019/20,23.236981216960977,Child Poverty (%),3
Dumfries and Galloway,Child Poverty,Raw data,2019/20,23.25868453535532,Child Poverty (%),3
Dundee City,Child Poverty,Raw data,2019/20,22.137467871652433,Child Poverty (%),4
East Ayrshire,Child Poverty,Raw data,2019/20,24.130298801905404,Child Poverty (%),4
East Dunbartonshire,Child Poverty,Raw data,2019/20,10.660700184259015,Child Poverty (%),1
East Lothian,Child Poverty,Raw data,2019/20,15.372305845876882,Child Poverty (%),2
East Renfrewshire,Child Poverty,Raw data,2019/20,10.9743265993266,Child Poverty (%),1
"Edinburgh, City of",Child Poverty,Raw data,2019/20,13.306235541672656,Child Poverty (%),1
Eilean Siar,Child Poverty,Raw data,2019/20,14.949688548155246,Child Poverty (%),4
Falkirk,Child Poverty,Raw data,2019/20,19.826839826839823,Child Poverty (%),3
Fife,Child Poverty,Raw data,2019/20,22.233642199803928,Child Poverty (%),3
Glasgow City,Child Poverty,Raw data,2019/20,30.67679712338368,Child Poverty (%),4
Highland,Child Poverty,Raw data,2019/20,17.710555064245955,Child Poverty (%),2
Inverclyde,Child Poverty,Raw data,2019/20,18.359469240048252,Child Poverty (%),4
Midlothian,Child Poverty,Raw data,2019/20,16.046169514541134,Child Poverty (%),2
Moray,Child Poverty,Raw data,2019/20,17.928744732473504,Child Poverty (%),2
North Ayrshire,Child Poverty,Raw data,2019/20,26.027459127450093,Child Poverty (%),4
North Lanarkshire,Child Poverty,Raw data,2019/20,22.932912289746728,Child Poverty (%),4
Orkney Islands,Child Poverty,Raw data,2019/20,15.935465609963204,Child Poverty (%),1
Perth and Kinross,Child Poverty,Raw data,2019/20,17.079259413355523,Child Poverty (%),1
Renfrewshire,Child Poverty,Raw data,2019/20,18.455064622783286,Child Poverty (%),3
Scotland,Child Poverty,Raw data,2019/20,19.55787697110426,Child Poverty (%),NA
Scottish Borders,Child Poverty,Raw data,2019/20,18.76896863851765,Child Poverty (%),2
Shetland Islands,Child Poverty,Raw data,2019/20,10.21880819366853,Child Poverty (%),1
South Ayrshire,Child Poverty,Raw data,2019/20,20.37481430693635,Child Poverty (%),3
South Lanarkshire,Child Poverty,Raw data,2019/20,18.12292478706511,Child Poverty (%),3
Stirling,Child Poverty,Raw data,2019/20,16.14446775039329,Child Poverty (%),2
West Dunbartonshire,Child Poverty,Raw data,2019/20,23.42388849454733,Child Poverty (%),4
West Lothian,Child Poverty,Raw data,2019/20,19.189323365359343,Child Poverty (%),3
Aberdeen City,Child Poverty,Raw data,2020/21,14.141561009654527,Child Poverty (%),1
Aberdeenshire,Child Poverty,Raw data,2020/21,9.741273100616016,Child Poverty (%),1
Angus,Child Poverty,Raw data,2020/21,16.546377973803796,Child Poverty (%),2
Argyll and Bute,Child Poverty,Raw data,2020/21,13.585850680857725,Child Poverty (%),2
Clackmannanshire,Child Poverty,Raw data,2020/21,19.47713897691263,Child Poverty (%),3
Dumfries and Galloway,Child Poverty,Raw data,2020/21,19.063190455148032,Child Poverty (%),3
Dundee City,Child Poverty,Raw data,2020/21,19.30297163060864,Child Poverty (%),4
East Ayrshire,Child Poverty,Raw data,2020/21,21.2011051330522,Child Poverty (%),4
East Dunbartonshire,Child Poverty,Raw data,2020/21,8.620779900549595,Child Poverty (%),1
East Lothian,Child Poverty,Raw data,2020/21,12.60386425067574,Child Poverty (%),2
East Renfrewshire,Child Poverty,Raw data,2020/21,9.13549329576877,Child Poverty (%),1
"Edinburgh, City of",Child Poverty,Raw data,2020/21,12.351871757102858,Child Poverty (%),1
Eilean Siar,Child Poverty,Raw data,2020/21,12.06896551724138,Child Poverty (%),4
Falkirk,Child Poverty,Raw data,2020/21,16.876135125317834,Child Poverty (%),3
Fife,Child Poverty,Raw data,2020/21,18.54769407046691,Child Poverty (%),3
Glasgow City,Child Poverty,Raw data,2020/21,27.074132166590992,Child Poverty (%),4
Highland,Child Poverty,Raw data,2020/21,15.595219291317855,Child Poverty (%),2
Inverclyde,Child Poverty,Raw data,2020/21,15.58261153783298,Child Poverty (%),4
Midlothian,Child Poverty,Raw data,2020/21,14.211799111411056,Child Poverty (%),2
Moray,Child Poverty,Raw data,2020/21,16.637914510254937,Child Poverty (%),2
North Ayrshire,Child Poverty,Raw data,2020/21,22.64416954702565,Child Poverty (%),4
North Lanarkshire,Child Poverty,Raw data,2020/21,20.082234695209504,Child Poverty (%),4
Orkney Islands,Child Poverty,Raw data,2020/21,13.12959818902094,Child Poverty (%),1
Perth and Kinross,Child Poverty,Raw data,2020/21,14.081854703716104,Child Poverty (%),1
Renfrewshire,Child Poverty,Raw data,2020/21,15.429471497034084,Child Poverty (%),3
Scotland,Child Poverty,Raw data,2020/21,16.89813425119903,Child Poverty (%),NA
Scottish Borders,Child Poverty,Raw data,2020/21,15.351961311123052,Child Poverty (%),2
Shetland Islands,Child Poverty,Raw data,2020/21,12.749003984063744,Child Poverty (%),1
South Ayrshire,Child Poverty,Raw data,2020/21,16.61288463754754,Child Poverty (%),3
South Lanarkshire,Child Poverty,Raw data,2020/21,15.594023587294698,Child Poverty (%),3
Stirling,Child Poverty,Raw data,2020/21,13.252851330620958,Child Poverty (%),2
West Dunbartonshire,Child Poverty,Raw data,2020/21,19.90755810168609,Child Poverty (%),4
West Lothian,Child Poverty,Raw data,2020/21,16.680866065395573,Child Poverty (%),3
Aberdeen City,Child Poverty,Raw data,2021/22,13.776501638678615,Child Poverty (%),1
Aberdeenshire,Child Poverty,Raw data,2021/22,9.77737541664952,Child Poverty (%),1
Angus,Child Poverty,Raw data,2021/22,16.862170087976537,Child Poverty (%),2
Argyll and Bute,Child Poverty,Raw data,2021/22,13.377661679727698,Child Poverty (%),2
Clackmannanshire,Child Poverty,Raw data,2021/22,20.9951041785267,Child Poverty (%),3
Dumfries and Galloway,Child Poverty,Raw data,2021/22,19.05778726811691,Child Poverty (%),3
Dundee City,Child Poverty,Raw data,2021/22,19.582500744015984,Child Poverty (%),4
East Ayrshire,Child Poverty,Raw data,2021/22,20.82967729355562,Child Poverty (%),4
East Dunbartonshire,Child Poverty,Raw data,2021/22,8.943046911772397,Child Poverty (%),1
East Lothian,Child Poverty,Raw data,2021/22,12.172787896884644,Child Poverty (%),2
East Renfrewshire,Child Poverty,Raw data,2021/22,9.084287200832469,Child Poverty (%),1
"Edinburgh, City of",Child Poverty,Raw data,2021/22,12.247294466165815,Child Poverty (%),1
Eilean Siar,Child Poverty,Raw data,2021/22,11.646586345381529,Child Poverty (%),4
Falkirk,Child Poverty,Raw data,2021/22,17.653327453790467,Child Poverty (%),3
Fife,Child Poverty,Raw data,2021/22,19.188215515170924,Child Poverty (%),3
Glasgow City,Child Poverty,Raw data,2021/22,27.258786342440462,Child Poverty (%),4
Highland,Child Poverty,Raw data,2021/22,15.406505146139729,Child Poverty (%),2
Inverclyde,Child Poverty,Raw data,2021/22,16.86887153066312,Child Poverty (%),4
Midlothian,Child Poverty,Raw data,2021/22,14.357262103505844,Child Poverty (%),2
Moray,Child Poverty,Raw data,2021/22,16.649550706033374,Child Poverty (%),2
North Ayrshire,Child Poverty,Raw data,2021/22,23.21420293885876,Child Poverty (%),4
North Lanarkshire,Child Poverty,Raw data,2021/22,19.7189349112426,Child Poverty (%),4
Orkney Islands,Child Poverty,Raw data,2021/22,13.299377475947937,Child Poverty (%),1
Perth and Kinross,Child Poverty,Raw data,2021/22,14.315674678075585,Child Poverty (%),1
Renfrewshire,Child Poverty,Raw data,2021/22,16.02773246329527,Child Poverty (%),3
Scotland,Child Poverty,Raw data,2021/22,16.976085465168982,Child Poverty (%),NA
Scottish Borders,Child Poverty,Raw data,2021/22,15.199565571544936,Child Poverty (%),2
Shetland Islands,Child Poverty,Raw data,2021/22,8.708992211470381,Child Poverty (%),1
South Ayrshire,Child Poverty,Raw data,2021/22,17.158520937828065,Child Poverty (%),3
South Lanarkshire,Child Poverty,Raw data,2021/22,15.560098415225417,Child Poverty (%),3
Stirling,Child Poverty,Raw data,2021/22,13.188298087967029,Child Poverty (%),2
West Dunbartonshire,Child Poverty,Raw data,2021/22,19.833454497389464,Child Poverty (%),4
West Lothian,Child Poverty,Raw data,2021/22,16.723791514005438,Child Poverty (%),3
Aberdeen City,Child Poverty,Raw data,2022/23,14.536736708503735,Child Poverty (%),1
Aberdeenshire,Child Poverty,Raw data,2022/23,9.881610428182492,Child Poverty (%),1
Angus,Child Poverty,Raw data,2022/23,17.80296807403757,Child Poverty (%),2
Argyll and Bute,Child Poverty,Raw data,2022/23,15.63223899672498,Child Poverty (%),2
Clackmannanshire,Child Poverty,Raw data,2022/23,22.456019317005865,Child Poverty (%),3
Dumfries and Galloway,Child Poverty,Raw data,2022/23,20.252534395365675,Child Poverty (%),3
Dundee City,Child Poverty,Raw data,2022/23,20.962739516505927,Child Poverty (%),4
East Ayrshire,Child Poverty,Raw data,2022/23,21.731873742084336,Child Poverty (%),4
East Dunbartonshire,Child Poverty,Raw data,2022/23,9.168010822623446,Child Poverty (%),1
East Lothian,Child Poverty,Raw data,2022/23,12.415058776846386,Child Poverty (%),2
East Renfrewshire,Child Poverty,Raw data,2022/23,8.426359380626575,Child Poverty (%),1
"Edinburgh, City of",Child Poverty,Raw data,2022/23,12.988305878917398,Child Poverty (%),1
Eilean Siar,Child Poverty,Raw data,2022/23,11.248736097067743,Child Poverty (%),4
Falkirk,Child Poverty,Raw data,2022/23,19.12904781334619,Child Poverty (%),3
Fife,Child Poverty,Raw data,2022/23,19.664735569511382,Child Poverty (%),3
Glasgow City,Child Poverty,Raw data,2022/23,28.95881006864989,Child Poverty (%),4
Highland,Child Poverty,Raw data,2022/23,15.989581934860242,Child Poverty (%),2
Inverclyde,Child Poverty,Raw data,2022/23,18.55618539513171,Child Poverty (%),4
Midlothian,Child Poverty,Raw data,2022/23,14.650552335119762,Child Poverty (%),2
Moray,Child Poverty,Raw data,2022/23,16.962801994119904,Child Poverty (%),2
North Ayrshire,Child Poverty,Raw data,2022/23,24.224568681059676,Child Poverty (%),4
North Lanarkshire,Child Poverty,Raw data,2022/23,20.55724771558396,Child Poverty (%),4
Orkney Islands,Child Poverty,Raw data,2022/23,12.496417311550587,Child Poverty (%),1
Perth and Kinross,Child Poverty,Raw data,2022/23,14.507382998248104,Child Poverty (%),1
Renfrewshire,Child Poverty,Raw data,2022/23,16.627421959095802,Child Poverty (%),3
Scotland,Child Poverty,Raw data,2022/23,17.76022336095444,Child Poverty (%),NA
Scottish Borders,Child Poverty,Raw data,2022/23,16.20876089595057,Child Poverty (%),2
Shetland Islands,Child Poverty,Raw data,2022/23,9.37950937950938,Child Poverty (%),1
South Ayrshire,Child Poverty,Raw data,2022/23,17.999526795220632,Child Poverty (%),3
South Lanarkshire,Child Poverty,Raw data,2022/23,16.296698326549073,Child Poverty (%),3
Stirling,Child Poverty,Raw data,2022/23,13.555073838233303,Child Poverty (%),2
West Dunbartonshire,Child Poverty,Raw data,2022/23,20.567186141395226,Child Poverty (%),4
West Lothian,Child Poverty,Raw data,2022/23,17.438724400580895,Child Poverty (%),3
Aberdeen City,Child Poverty,Raw data,2023/24,12.145759811784837,Child Poverty (%),1
Aberdeenshire,Child Poverty,Raw data,2023/24,9.236374174584446,Child Poverty (%),1
Angus,Child Poverty,Raw data,2023/24,16.72901309274948,Child Poverty (%),2
Argyll and Bute,Child Poverty,Raw data,2023/24,14.635130771714564,Child Poverty (%),2
Clackmannanshire,Child Poverty,Raw data,2023/24,20.75277428211875,Child Poverty (%),3
Dumfries and Galloway,Child Poverty,Raw data,2023/24,19.15418341249543,Child Poverty (%),3
Dundee City,Child Poverty,Raw data,2023/24,18.543375590355456,Child Poverty (%),4
East Ayrshire,Child Poverty,Raw data,2023/24,20.122251799270433,Child Poverty (%),4
East Dunbartonshire,Child Poverty,Raw data,2023/24,8.164952715621931,Child Poverty (%),1
East Lothian,Child Poverty,Raw data,2023/24,11.566777014674638,Child Poverty (%),2
East Renfrewshire,Child Poverty,Raw data,2023/24,7.955750871344143,Child Poverty (%),1
"Edinburgh, City of",Child Poverty,Raw data,2023/24,12.038249934503536,Child Poverty (%),1
Eilean Siar,Child Poverty,Raw data,2023/24,13.241772479917078,Child Poverty (%),4
Falkirk,Child Poverty,Raw data,2023/24,17.402326274977632,Child Poverty (%),3
Fife,Child Poverty,Raw data,2023/24,17.976613139637145,Child Poverty (%),3
Glasgow City,Child Poverty,Raw data,2023/24,26.252593069478937,Child Poverty (%),4
Highland,Child Poverty,Raw data,2023/24,15.133587270713456,Child Poverty (%),2
Inverclyde,Child Poverty,Raw data,2023/24,16.386831275720166,Child Poverty (%),4
Midlothian,Child Poverty,Raw data,2023/24,13.250417272384643,Child Poverty (%),2
Moray,Child Poverty,Raw data,2023/24,15.98270744612208,Child Poverty (%),2
North Ayrshire,Child Poverty,Raw data,2023/24,20.79367334375148,Child Poverty (%),4
North Lanarkshire,Child Poverty,Raw data,2023/24,18.68375441637224,Child Poverty (%),4
Orkney Islands,Child Poverty,Raw data,2023/24,12.290825158684363,Child Poverty (%),1
Perth and Kinross,Child Poverty,Raw data,2023/24,13.277387727971416,Child Poverty (%),1
Renfrewshire,Child Poverty,Raw data,2023/24,15.18333223619248,Child Poverty (%),3
Scotland,Child Poverty,Raw data,2023/24,16.236905317384927,Child Poverty (%),NA
Scottish Borders,Child Poverty,Raw data,2023/24,15.899208384435276,Child Poverty (%),2
Shetland Islands,Child Poverty,Raw data,2023/24,9.198229217904574,Child Poverty (%),1
South Ayrshire,Child Poverty,Raw data,2023/24,17.11958137598858,Child Poverty (%),3
South Lanarkshire,Child Poverty,Raw data,2023/24,14.411244664321051,Child Poverty (%),3
Stirling,Child Poverty,Raw data,2023/24,13.37237012323824,Child Poverty (%),2
West Dunbartonshire,Child Poverty,Raw data,2023/24,18.2145236508994,Child Poverty (%),4
West Lothian,Child Poverty,Raw data,2023/24,16.224439048649913,Child Poverty (%),3
Aberdeen City,Child Poverty,Projected,2024/25,12.358655727807722,Child Poverty (%),1
Aberdeenshire,Child Poverty,Projected,2024/25,9.490895623347951,Child Poverty (%),1
Angus,Child Poverty,Projected,2024/25,17.135425518604606,Child Poverty (%),2
Argyll and Bute,Child Poverty,Projected,2024/25,14.811555513789267,Child Poverty (%),2
Clackmannanshire,Child Poverty,Projected,2024/25,21.22688888120397,Child Poverty (%),3
Dumfries and Galloway,Child Poverty,Projected,2024/25,19.40809056423005,Child Poverty (%),3
Dundee City,Child Poverty,Projected,2024/25,18.57026207654487,Child Poverty (%),4
East Ayrshire,Child Poverty,Projected,2024/25,20.14515974472274,Child Poverty (%),4
East Dunbartonshire,Child Poverty,Projected,2024/25,8.067530835052818,Child Poverty (%),1
East Lothian,Child Poverty,Projected,2024/25,11.43427575375559,Child Poverty (%),2
East Renfrewshire,Child Poverty,Projected,2024/25,7.840929450217936,Child Poverty (%),1
"Edinburgh, City of",Child Poverty,Projected,2024/25,12.220599647052254,Child Poverty (%),1
Eilean Siar,Child Poverty,Projected,2024/25,13.52347435354706,Child Poverty (%),4
Falkirk,Child Poverty,Projected,2024/25,17.482787591931686,Child Poverty (%),3
Fife,Child Poverty,Projected,2024/25,18.066647287438087,Child Poverty (%),3
Glasgow City,Child Poverty,Projected,2024/25,26.39879697104156,Child Poverty (%),4
Highland,Child Poverty,Projected,2024/25,15.204748061096476,Child Poverty (%),2
Inverclyde,Child Poverty,Projected,2024/25,16.384667478575448,Child Poverty (%),4
Midlothian,Child Poverty,Projected,2024/25,13.220004701146172,Child Poverty (%),2
Moray,Child Poverty,Projected,2024/25,16.285300593634513,Child Poverty (%),2
North Ayrshire,Child Poverty,Projected,2024/25,20.873228345420387,Child Poverty (%),4
North Lanarkshire,Child Poverty,Projected,2024/25,18.56021314047324,Child Poverty (%),4
Orkney Islands,Child Poverty,Projected,2024/25,12.366878685650894,Child Poverty (%),1
Perth and Kinross,Child Poverty,Projected,2024/25,13.340214174281313,Child Poverty (%),1
Renfrewshire,Child Poverty,Projected,2024/25,15.295852021971964,Child Poverty (%),3
Scotland,Child Poverty,Projected,2024/25,16.332311610187677,Child Poverty (%),NA
Scottish Borders,Child Poverty,Projected,2024/25,16.181999926327844,Child Poverty (%),2
Shetland Islands,Child Poverty,Projected,2024/25,9.502555993959,Child Poverty (%),1
South Ayrshire,Child Poverty,Projected,2024/25,17.211893467899266,Child Poverty (%),3
South Lanarkshire,Child Poverty,Projected,2024/25,14.283056509388969,Child Poverty (%),3
Stirling,Child Poverty,Projected,2024/25,13.301953215256582,Child Poverty (%),2
West Dunbartonshire,Child Poverty,Projected,2024/25,18.20072652680588,Child Poverty (%),4
West Lothian,Child Poverty,Projected,2024/25,16.28256272937844,Child Poverty (%),3
Aberdeen City,Child Poverty,Projected,2025/26,12.586803463797825,Child Poverty (%),1
Aberdeenshire,Child Poverty,Projected,2025/26,9.723695623498298,Child Poverty (%),1
Angus,Child Poverty,Projected,2025/26,17.53315728420842,Child Poverty (%),2
Argyll and Bute,Child Poverty,Projected,2025/26,15.048974087653557,Child Poverty (%),2
Clackmannanshire,Child Poverty,Projected,2025/26,21.790017649188925,Child Poverty (%),3
Dumfries and Galloway,Child Poverty,Projected,2025/26,19.69112723063628,Child Poverty (%),3
Dundee City,Child Poverty,Projected,2025/26,18.8681830133304,Child Poverty (%),4
East Ayrshire,Child Poverty,Projected,2025/26,20.47714280461339,Child Poverty (%),4
East Dunbartonshire,Child Poverty,Projected,2025/26,8.065458667843542,Child Poverty (%),1
East Lothian,Child Poverty,Projected,2025/26,11.312928216405744,Child Poverty (%),2
East Renfrewshire,Child Poverty,Projected,2025/26,7.768627682176062,Child Poverty (%),1
"Edinburgh, City of",Child Poverty,Projected,2025/26,12.422715489329176,Child Poverty (%),1
Eilean Siar,Child Poverty,Projected,2025/26,13.899015066229133,Child Poverty (%),4
Falkirk,Child Poverty,Projected,2025/26,17.835184514927498,Child Poverty (%),3
Fife,Child Poverty,Projected,2025/26,18.282109616269725,Child Poverty (%),3
Glasgow City,Child Poverty,Projected,2025/26,26.797860073289037,Child Poverty (%),4
Highland,Child Poverty,Projected,2025/26,15.42008744863652,Child Poverty (%),2
Inverclyde,Child Poverty,Projected,2025/26,16.700406596154316,Child Poverty (%),4
Midlothian,Child Poverty,Projected,2025/26,13.209009558070326,Child Poverty (%),2
Moray,Child Poverty,Projected,2025/26,16.697005286366338,Child Poverty (%),2
North Ayrshire,Child Poverty,Projected,2025/26,21.13820409800928,Child Poverty (%),4
North Lanarkshire,Child Poverty,Projected,2025/26,18.68278003580423,Child Poverty (%),4
Orkney Islands,Child Poverty,Projected,2025/26,12.54424828482444,Child Poverty (%),1
Perth and Kinross,Child Poverty,Projected,2025/26,13.40897348621391,Child Poverty (%),1
Renfrewshire,Child Poverty,Projected,2025/26,15.584132882545166,Child Poverty (%),3
Scotland,Child Poverty,Projected,2025/26,16.546839165884684,Child Poverty (%),NA
Scottish Borders,Child Poverty,Projected,2025/26,16.58011482416004,Child Poverty (%),2
Shetland Islands,Child Poverty,Projected,2025/26,9.89503262641297,Child Poverty (%),1
South Ayrshire,Child Poverty,Projected,2025/26,17.459147687256404,Child Poverty (%),3
South Lanarkshire,Child Poverty,Projected,2025/26,14.253751007801707,Child Poverty (%),3
Stirling,Child Poverty,Projected,2025/26,13.289337584979249,Child Poverty (%),2
West Dunbartonshire,Child Poverty,Projected,2025/26,18.467880808306298,Child Poverty (%),4
West Lothian,Child Poverty,Projected,2025/26,16.578813158986133,Child Poverty (%),3
Aberdeen City,Child Poverty,Projected,2026/27,12.933778684801108,Child Poverty (%),1
Aberdeenshire,Child Poverty,Projected,2026/27,10.001327740164657,Child Poverty (%),1
Angus,Child Poverty,Projected,2026/27,17.92188289263122,Child Poverty (%),2
Argyll and Bute,Child Poverty,Projected,2026/27,15.261704208911452,Child Poverty (%),2
Clackmannanshire,Child Poverty,Projected,2026/27,22.272273312857568,Child Poverty (%),3
Dumfries and Galloway,Child Poverty,Projected,2026/27,20.068304073428457,Child Poverty (%),3
Dundee City,Child Poverty,Projected,2026/27,19.127348007100128,Child Poverty (%),4
East Ayrshire,Child Poverty,Projected,2026/27,20.76265679979448,Child Poverty (%),4
East Dunbartonshire,Child Poverty,Projected,2026/27,8.079416609671021,Child Poverty (%),1
East Lothian,Child Poverty,Projected,2026/27,11.195130893756176,Child Poverty (%),2
East Renfrewshire,Child Poverty,Projected,2026/27,7.75647069980524,Child Poverty (%),1
"Edinburgh, City of",Child Poverty,Projected,2026/27,12.646020838935272,Child Poverty (%),1
Eilean Siar,Child Poverty,Projected,2026/27,14.221168734431142,Child Poverty (%),4
Falkirk,Child Poverty,Projected,2026/27,18.20922314310196,Child Poverty (%),3
Fife,Child Poverty,Projected,2026/27,18.48474372749788,Child Poverty (%),3
Glasgow City,Child Poverty,Projected,2026/27,27.285297593632617,Child Poverty (%),4
Highland,Child Poverty,Projected,2026/27,15.636318568635508,Child Poverty (%),2
Inverclyde,Child Poverty,Projected,2026/27,17.09422705885786,Child Poverty (%),4
Midlothian,Child Poverty,Projected,2026/27,13.238599006789023,Child Poverty (%),2
Moray,Child Poverty,Projected,2026/27,17.14500382074186,Child Poverty (%),2
North Ayrshire,Child Poverty,Projected,2026/27,21.37993125861195,Child Poverty (%),4
North Lanarkshire,Child Poverty,Projected,2026/27,18.83576098910544,Child Poverty (%),4
Orkney Islands,Child Poverty,Projected,2026/27,12.69647344691783,Child Poverty (%),1
Perth and Kinross,Child Poverty,Projected,2026/27,13.507539427741142,Child Poverty (%),1
Renfrewshire,Child Poverty,Projected,2026/27,15.92849589656594,Child Poverty (%),3
Scotland,Child Poverty,Projected,2026/27,16.79173860635064,Child Poverty (%),NA
Scottish Borders,Child Poverty,Projected,2026/27,16.91024450402791,Child Poverty (%),2
Shetland Islands,Child Poverty,Projected,2026/27,10.33511458086445,Child Poverty (%),1
South Ayrshire,Child Poverty,Projected,2026/27,17.712100014832284,Child Poverty (%),3
South Lanarkshire,Child Poverty,Projected,2026/27,14.255468466940185,Child Poverty (%),3
Stirling,Child Poverty,Projected,2026/27,13.349018360015682,Child Poverty (%),2
West Dunbartonshire,Child Poverty,Projected,2026/27,18.769715490965435,Child Poverty (%),4
West Lothian,Child Poverty,Projected,2026/27,16.85226001185481,Child Poverty (%),3
Aberdeen City,Attainment,Imputed,2012/13,5.366792280625247,Average Highest Attainment,1
Aberdeenshire,Attainment,Imputed,2012/13,5.448608839376951,Average Highest Attainment,1
Angus,Attainment,Imputed,2012/13,5.523778550173596,Average Highest Attainment,2
Argyll and Bute,Attainment,Imputed,2012/13,5.605908903198518,Average Highest Attainment,2
Clackmannanshire,Attainment,Imputed,2012/13,5.40512934056668,Average Highest Attainment,3
Dumfries and Galloway,Attainment,Imputed,2012/13,5.5673791886502295,Average Highest Attainment,3
Dundee City,Attainment,Imputed,2012/13,5.335620359157576,Average Highest Attainment,4
East Ayrshire,Attainment,Imputed,2012/13,5.391157914165333,Average Highest Attainment,4
East Dunbartonshire,Attainment,Imputed,2012/13,6.000794795181199,Average Highest Attainment,1
East Lothian,Attainment,Imputed,2012/13,5.53601272831571,Average Highest Attainment,2
East Renfrewshire,Attainment,Imputed,2012/13,6.078880636815847,Average Highest Attainment,1
"Edinburgh, City of",Attainment,Imputed,2012/13,5.560273100599406,Average Highest Attainment,1
Eilean Siar,Attainment,Imputed,2012/13,5.718108105531296,Average Highest Attainment,4
Falkirk,Attainment,Imputed,2012/13,5.4499080904788215,Average Highest Attainment,3
Fife,Attainment,Imputed,2012/13,5.422257861778802,Average Highest Attainment,3
Glasgow City,Attainment,Imputed,2012/13,5.262468522184737,Average Highest Attainment,4
Highland,Attainment,Imputed,2012/13,5.499653322454272,Average Highest Attainment,2
Inverclyde,Attainment,Imputed,2012/13,5.617645818466726,Average Highest Attainment,4
Midlothian,Attainment,Imputed,2012/13,5.415554636393427,Average Highest Attainment,2
Moray,Attainment,Imputed,2012/13,5.532698646946254,Average Highest Attainment,2
North Ayrshire,Attainment,Imputed,2012/13,5.415712616312273,Average Highest Attainment,4
North Lanarkshire,Attainment,Imputed,2012/13,5.400560433249538,Average Highest Attainment,4
Orkney Islands,Attainment,Imputed,2012/13,5.617422868845087,Average Highest Attainment,1
Perth and Kinross,Attainment,Imputed,2012/13,5.62078754054626,Average Highest Attainment,1
Renfrewshire,Attainment,Imputed,2012/13,5.528078683655177,Average Highest Attainment,3
Scotland,Attainment,Imputed,2012/13,5.4805971841734475,Average Highest Attainment,NA
Scottish Borders,Attainment,Imputed,2012/13,5.553331080600658,Average Highest Attainment,2
Shetland Islands,Attainment,Imputed,2012/13,5.563558033145604,Average Highest Attainment,1
South Ayrshire,Attainment,Imputed,2012/13,5.555708819289621,Average Highest Attainment,3
South Lanarkshire,Attainment,Imputed,2012/13,5.439436204159755,Average Highest Attainment,3
Stirling,Attainment,Imputed,2012/13,5.596289108584067,Average Highest Attainment,2
West Dunbartonshire,Attainment,Imputed,2012/13,5.437833888378589,Average Highest Attainment,4
West Lothian,Attainment,Imputed,2012/13,5.508930111837132,Average Highest Attainment,3
Aberdeen City,Attainment,Raw data,2013/14,5.393197278911565,Average Highest Attainment,1
Aberdeenshire,Attainment,Raw data,2013/14,5.468587570621469,Average Highest Attainment,1
Angus,Attainment,Raw data,2013/14,5.531025641025642,Average Highest Attainment,2
Argyll and Bute,Attainment,Raw data,2013/14,5.596231884057971,Average Highest Attainment,2
Clackmannanshire,Attainment,Raw data,2013/14,5.407777777777778,Average Highest Attainment,3
Dumfries and Galloway,Attainment,Raw data,2013/14,5.57825,Average Highest Attainment,3
Dundee City,Attainment,Raw data,2013/14,5.2891397849462365,Average Highest Attainment,4
East Ayrshire,Attainment,Raw data,2013/14,5.392333333333333,Average Highest Attainment,4
East Dunbartonshire,Attainment,Raw data,2013/14,6.009404761904764,Average Highest Attainment,1
East Lothian,Attainment,Raw data,2013/14,5.545757575757576,Average Highest Attainment,2
East Renfrewshire,Attainment,Raw data,2013/14,6.090833333333333,Average Highest Attainment,1
"Edinburgh, City of",Attainment,Raw data,2013/14,5.567087087087086,Average Highest Attainment,1
Eilean Siar,Attainment,Raw data,2013/14,5.7188888888888885,Average Highest Attainment,4
Falkirk,Attainment,Raw data,2013/14,5.4310317460317465,Average Highest Attainment,3
Fife,Attainment,Raw data,2013/14,5.439743589743589,Average Highest Attainment,3
Glasgow City,Attainment,Raw data,2013/14,5.294779411764705,Average Highest Attainment,4
Highland,Attainment,Raw data,2013/14,5.49107142857143,Average Highest Attainment,2
Inverclyde,Attainment,Raw data,2013/14,5.603725490196079,Average Highest Attainment,4
Midlothian,Attainment,Raw data,2013/14,5.414545454545454,Average Highest Attainment,2
Moray,Attainment,Raw data,2013/14,5.545416666666667,Average Highest Attainment,2
North Ayrshire,Attainment,Raw data,2013/14,5.4159649122807,Average Highest Attainment,4
North Lanarkshire,Attainment,Raw data,2013/14,5.392777777777777,Average Highest Attainment,4
Orkney Islands,Attainment,Raw data,2013/14,5.634444444444444,Average Highest Attainment,1
Perth and Kinross,Attainment,Raw data,2013/14,5.644666666666666,Average Highest Attainment,1
Renfrewshire,Attainment,Raw data,2013/14,5.543421052631579,Average Highest Attainment,3
Scotland,Attainment,Raw data,2013/14,5.489713317696119,Average Highest Attainment,NA
Scottish Borders,Attainment,Raw data,2013/14,5.562,Average Highest Attainment,2
Shetland Islands,Attainment,Raw data,2013/14,5.581428571428572,Average Highest Attainment,1
South Ayrshire,Attainment,Raw data,2013/14,5.566133333333333,Average Highest Attainment,3
South Lanarkshire,Attainment,Raw data,2013/14,5.453008130081301,Average Highest Attainment,3
Stirling,Attainment,Raw data,2013/14,5.62,Average Highest Attainment,2
West Dunbartonshire,Attainment,Raw data,2013/14,5.442962962962962,Average Highest Attainment,4
West Lothian,Attainment,Raw data,2013/14,5.519009009009008,Average Highest Attainment,3
Aberdeen City,Attainment,Raw data,2014/15,5.417891156462584,Average Highest Attainment,1
Aberdeenshire,Attainment,Raw data,2014/15,5.508757062146892,Average Highest Attainment,1
Angus,Attainment,Raw data,2014/15,5.546153846153846,Average Highest Attainment,2
Argyll and Bute,Attainment,Raw data,2014/15,5.5914492753623195,Average Highest Attainment,2
Clackmannanshire,Attainment,Raw data,2014/15,5.411111111111111,Average Highest Attainment,3
Dumfries and Galloway,Attainment,Raw data,2014/15,5.595,Average Highest Attainment,3
Dundee City,Attainment,Raw data,2014/15,5.2488172043010755,Average Highest Attainment,4
East Ayrshire,Attainment,Raw data,2014/15,5.387222222222223,Average Highest Attainment,4
East Dunbartonshire,Attainment,Raw data,2014/15,6.028333333333335,Average Highest Attainment,1
East Lothian,Attainment,Raw data,2014/15,5.56439393939394,Average Highest Attainment,2
East Renfrewshire,Attainment,Raw data,2014/15,6.102166666666666,Average Highest Attainment,1
"Edinburgh, City of",Attainment,Raw data,2014/15,5.573993993993992,Average Highest Attainment,1
Eilean Siar,Attainment,Raw data,2014/15,5.7407407407407405,Average Highest Attainment,4
Falkirk,Attainment,Raw data,2014/15,5.4176190476190476,Average Highest Attainment,3
Fife,Attainment,Raw data,2014/15,5.4501282051282045,Average Highest Attainment,3
Glasgow City,Attainment,Raw data,2014/15,5.329166666666667,Average Highest Attainment,4
Highland,Attainment,Raw data,2014/15,5.485714285714287,Average Highest Attainment,2
Inverclyde,Attainment,Raw data,2014/15,5.597058823529411,Average Highest Attainment,4
Midlothian,Attainment,Raw data,2014/15,5.420303030303029,Average Highest Attainment,2
Moray,Attainment,Raw data,2014/15,5.545833333333334,Average Highest Attainment,2
North Ayrshire,Attainment,Raw data,2014/15,5.42140350877193,Average Highest Attainment,4
North Lanarkshire,Attainment,Raw data,2014/15,5.383931623931623,Average Highest Attainment,4
Orkney Islands,Attainment,Raw data,2014/15,5.647777777777779,Average Highest Attainment,1
Perth and Kinross,Attainment,Raw data,2014/15,5.654095238095238,Average Highest Attainment,1
Renfrewshire,Attainment,Raw data,2014/15,5.55798245614035,Average Highest Attainment,3
Scotland,Attainment,Raw data,2014/15,5.50173312483711,Average Highest Attainment,NA
Scottish Borders,Attainment,Raw data,2014/15,5.577111111111111,Average Highest Attainment,2
Shetland Islands,Attainment,Raw data,2014/15,5.625238095238096,Average Highest Attainment,1
South Ayrshire,Attainment,Raw data,2014/15,5.590933333333332,Average Highest Attainment,3
South Lanarkshire,Attainment,Raw data,2014/15,5.475853658536586,Average Highest Attainment,3
Stirling,Attainment,Raw data,2014/15,5.648333333333333,Average Highest Attainment,2
West Dunbartonshire,Attainment,Raw data,2014/15,5.4581481481481475,Average Highest Attainment,4
West Lothian,Attainment,Raw data,2014/15,5.531711711711711,Average Highest Attainment,3
Aberdeen City,Attainment,Raw data,2015/16,5.445986394557823,Average Highest Attainment,1
Aberdeenshire,Attainment,Raw data,2015/16,5.546666666666666,Average Highest Attainment,1
Angus,Attainment,Raw data,2015/16,5.53974358974359,Average Highest Attainment,2
Argyll and Bute,Attainment,Raw data,2015/16,5.604927536231884,Average Highest Attainment,2
Clackmannanshire,Attainment,Raw data,2015/16,5.402222222222224,Average Highest Attainment,3
Dumfries and Galloway,Attainment,Raw data,2015/16,5.5945,Average Highest Attainment,3
Dundee City,Attainment,Raw data,2015/16,5.213763440860214,Average Highest Attainment,4
East Ayrshire,Attainment,Raw data,2015/16,5.388777777777778,Average Highest Attainment,4
East Dunbartonshire,Attainment,Raw data,2015/16,6.044880952380953,Average Highest Attainment,1
East Lothian,Attainment,Raw data,2015/16,5.581515151515152,Average Highest Attainment,2
East Renfrewshire,Attainment,Raw data,2015/16,6.112833333333334,Average Highest Attainment,1
"Edinburgh, City of",Attainment,Raw data,2015/16,5.58243243243243,Average Highest Attainment,1
Eilean Siar,Attainment,Raw data,2015/16,5.7551851851851845,Average Highest Attainment,4
Falkirk,Attainment,Raw data,2015/16,5.461190476190477,Average Highest Attainment,3
Fife,Attainment,Raw data,2015/16,5.451378205128205,Average Highest Attainment,3
Glasgow City,Attainment,Raw data,2015/16,5.356176470588235,Average Highest Attainment,4
Highland,Attainment,Raw data,2015/16,5.493154761904762,Average Highest Attainment,2
Inverclyde,Attainment,Raw data,2015/16,5.599607843137254,Average Highest Attainment,4
Midlothian,Attainment,Raw data,2015/16,5.427121212121212,Average Highest Attainment,2
Moray,Attainment,Raw data,2015/16,5.522222222222223,Average Highest Attainment,2
North Ayrshire,Attainment,Raw data,2015/16,5.441228070175438,Average Highest Attainment,4
North Lanarkshire,Attainment,Raw data,2015/16,5.368290598290597,Average Highest Attainment,4
Orkney Islands,Attainment,Raw data,2015/16,5.652777777777779,Average Highest Attainment,1
Perth and Kinross,Attainment,Raw data,2015/16,5.635428571428572,Average Highest Attainment,1
Renfrewshire,Attainment,Raw data,2015/16,5.57438596491228,Average Highest Attainment,3
Scotland,Attainment,Raw data,2015/16,5.513163930153765,Average Highest Attainment,NA
Scottish Borders,Attainment,Raw data,2015/16,5.571555555555555,Average Highest Attainment,2
Shetland Islands,Attainment,Raw data,2015/16,5.6676190476190476,Average Highest Attainment,1
South Ayrshire,Attainment,Raw data,2015/16,5.617466666666668,Average Highest Attainment,3
South Lanarkshire,Attainment,Raw data,2015/16,5.5078861788617886,Average Highest Attainment,3
Stirling,Attainment,Raw data,2015/16,5.681527777777777,Average Highest Attainment,2
West Dunbartonshire,Attainment,Raw data,2015/16,5.468148148148148,Average Highest Attainment,4
West Lothian,Attainment,Raw data,2015/16,5.53990990990991,Average Highest Attainment,3
Aberdeen City,Attainment,Raw data,2016/17,5.444751768707483,Average Highest Attainment,1
Aberdeenshire,Attainment,Raw data,2016/17,5.565353220338982,Average Highest Attainment,1
Angus,Attainment,Raw data,2016/17,5.522806666666667,Average Highest Attainment,2
Argyll and Bute,Attainment,Raw data,2016/17,5.616971884057971,Average Highest Attainment,2
Clackmannanshire,Attainment,Raw data,2016/17,5.391544444444445,Average Highest Attainment,3
Dumfries and Galloway,Attainment,Raw data,2016/17,5.581639416666667,Average Highest Attainment,3
Dundee City,Attainment,Raw data,2016/17,5.184143118279569,Average Highest Attainment,4
East Ayrshire,Attainment,Raw data,2016/17,5.3821772222222215,Average Highest Attainment,4
East Dunbartonshire,Attainment,Raw data,2016/17,6.06294,Average Highest Attainment,1
East Lothian,Attainment,Raw data,2016/17,5.581973484848485,Average Highest Attainment,2
East Renfrewshire,Attainment,Raw data,2016/17,6.112347833333334,Average Highest Attainment,1
"Edinburgh, City of",Attainment,Raw data,2016/17,5.592510060060057,Average Highest Attainment,1
Eilean Siar,Attainment,Raw data,2016/17,5.752204074074073,Average Highest Attainment,4
Falkirk,Attainment,Raw data,2016/17,5.503806984126984,Average Highest Attainment,3
Fife,Attainment,Raw data,2016/17,5.444085416666666,Average Highest Attainment,3
Glasgow City,Attainment,Raw data,2016/17,5.381069803921567,Average Highest Attainment,4
Highland,Attainment,Raw data,2016/17,5.499491964285713,Average Highest Attainment,2
Inverclyde,Attainment,Raw data,2016/17,5.621641764705882,Average Highest Attainment,4
Midlothian,Attainment,Raw data,2016/17,5.4325551515151504,Average Highest Attainment,2
Moray,Attainment,Raw data,2016/17,5.478807499999999,Average Highest Attainment,2
North Ayrshire,Attainment,Raw data,2016/17,5.461230789473684,Average Highest Attainment,4
North Lanarkshire,Attainment,Raw data,2016/17,5.352538974358975,Average Highest Attainment,4
Orkney Islands,Attainment,Raw data,2016/17,5.642952222222223,Average Highest Attainment,1
Perth and Kinross,Attainment,Raw data,2016/17,5.604897142857143,Average Highest Attainment,1
Renfrewshire,Attainment,Raw data,2016/17,5.592538333333333,Average Highest Attainment,3
Scotland,Attainment,Raw data,2016/17,5.518439246807399,Average Highest Attainment,NA
Scottish Borders,Attainment,Raw data,2016/17,5.571376666666666,Average Highest Attainment,2
Shetland Islands,Attainment,Raw data,2016/17,5.710528571428571,Average Highest Attainment,1
South Ayrshire,Attainment,Raw data,2016/17,5.628127733333334,Average Highest Attainment,3
South Lanarkshire,Attainment,Raw data,2016/17,5.5300802439024395,Average Highest Attainment,3
Stirling,Attainment,Raw data,2016/17,5.693133472222222,Average Highest Attainment,2
West Dunbartonshire,Attainment,Raw data,2016/17,5.46022111111111,Average Highest Attainment,4
West Lothian,Attainment,Raw data,2016/17,5.545165495495496,Average Highest Attainment,3
Aberdeen City,Attainment,Raw data,2017/18,5.4571259863945585,Average Highest Attainment,1
Aberdeenshire,Attainment,Raw data,2017/18,5.562978531073445,Average Highest Attainment,1
Angus,Attainment,Raw data,2017/18,5.499202435897435,Average Highest Attainment,2
Argyll and Bute,Attainment,Raw data,2017/18,5.631713623188406,Average Highest Attainment,2
Clackmannanshire,Attainment,Raw data,2017/18,5.375483611111111,Average Highest Attainment,3
Dumfries and Galloway,Attainment,Raw data,2017/18,5.565121583333334,Average Highest Attainment,3
Dundee City,Attainment,Raw data,2017/18,5.156407849462366,Average Highest Attainment,4
East Ayrshire,Attainment,Raw data,2017/18,5.380176111111112,Average Highest Attainment,4
East Dunbartonshire,Attainment,Raw data,2017/18,6.072086666666666,Average Highest Attainment,1
East Lothian,Attainment,Raw data,2017/18,5.572877272727273,Average Highest Attainment,2
East Renfrewshire,Attainment,Raw data,2017/18,6.119546,Average Highest Attainment,1
"Edinburgh, City of",Attainment,Raw data,2017/18,5.617030060060061,Average Highest Attainment,1
Eilean Siar,Attainment,Raw data,2017/18,5.740592592592592,Average Highest Attainment,4
Falkirk,Attainment,Raw data,2017/18,5.551023412698413,Average Highest Attainment,3
Fife,Attainment,Raw data,2017/18,5.444898205128204,Average Highest Attainment,3
Glasgow City,Attainment,Raw data,2017/18,5.409532549019606,Average Highest Attainment,4
Highland,Attainment,Raw data,2017/18,5.515863988095238,Average Highest Attainment,2
Inverclyde,Attainment,Raw data,2017/18,5.64738588235294,Average Highest Attainment,4
Midlothian,Attainment,Raw data,2017/18,5.434758636363636,Average Highest Attainment,2
Moray,Attainment,Raw data,2017/18,5.4493149999999995,Average Highest Attainment,2
North Ayrshire,Attainment,Raw data,2017/18,5.485269035087718,Average Highest Attainment,4
North Lanarkshire,Attainment,Raw data,2017/18,5.346051837606839,Average Highest Attainment,4
Orkney Islands,Attainment,Raw data,2017/18,5.638374444444445,Average Highest Attainment,1
Perth and Kinross,Attainment,Raw data,2017/18,5.6105060952380965,Average Highest Attainment,1
Renfrewshire,Attainment,Raw data,2017/18,5.61679649122807,Average Highest Attainment,3
Scotland,Attainment,Raw data,2017/18,5.527137776909046,Average Highest Attainment,NA
Scottish Borders,Attainment,Raw data,2017/18,5.5707981111111105,Average Highest Attainment,2
Shetland Islands,Attainment,Raw data,2017/18,5.715653333333333,Average Highest Attainment,1
South Ayrshire,Attainment,Raw data,2017/18,5.621411866666667,Average Highest Attainment,3
South Lanarkshire,Attainment,Raw data,2017/18,5.548098780487806,Average Highest Attainment,3
Stirling,Attainment,Raw data,2017/18,5.708688194444444,Average Highest Attainment,2
West Dunbartonshire,Attainment,Raw data,2017/18,5.447682222222222,Average Highest Attainment,4
West Lothian,Attainment,Raw data,2017/18,5.552797387387387,Average Highest Attainment,3
Aberdeen City,Attainment,Raw data,2018/19,5.474041292517007,Average Highest Attainment,1
Aberdeenshire,Attainment,Raw data,2018/19,5.563012937853107,Average Highest Attainment,1
Angus,Attainment,Raw data,2018/19,5.493806794871795,Average Highest Attainment,2
Argyll and Bute,Attainment,Raw data,2018/19,5.637278260869565,Average Highest Attainment,2
Clackmannanshire,Attainment,Raw data,2018/19,5.388188055555555,Average Highest Attainment,3
Dumfries and Galloway,Attainment,Raw data,2018/19,5.5639728333333345,Average Highest Attainment,3
Dundee City,Attainment,Raw data,2018/19,5.168509247311828,Average Highest Attainment,4
East Ayrshire,Attainment,Raw data,2018/19,5.379965444444444,Average Highest Attainment,4
East Dunbartonshire,Attainment,Raw data,2018/19,6.091465952380953,Average Highest Attainment,1
East Lothian,Attainment,Raw data,2018/19,5.589135606060606,Average Highest Attainment,2
East Renfrewshire,Attainment,Raw data,2018/19,6.138316,Average Highest Attainment,1
"Edinburgh, City of",Attainment,Raw data,2018/19,5.659366216216217,Average Highest Attainment,1
Eilean Siar,Attainment,Raw data,2018/19,5.723565185185186,Average Highest Attainment,4
Falkirk,Attainment,Raw data,2018/19,5.578275476190477,Average Highest Attainment,3
Fife,Attainment,Raw data,2018/19,5.451955961538462,Average Highest Attainment,3
Glasgow City,Attainment,Raw data,2018/19,5.448470833333332,Average Highest Attainment,4
Highland,Attainment,Raw data,2018/19,5.527613095238095,Average Highest Attainment,2
Inverclyde,Attainment,Raw data,2018/19,5.679390392156861,Average Highest Attainment,4
Midlothian,Attainment,Raw data,2018/19,5.437523333333334,Average Highest Attainment,2
Moray,Attainment,Raw data,2018/19,5.445206527777778,Average Highest Attainment,2
North Ayrshire,Attainment,Raw data,2018/19,5.4992692105263155,Average Highest Attainment,4
North Lanarkshire,Attainment,Raw data,2018/19,5.352180598290599,Average Highest Attainment,4
Orkney Islands,Attainment,Raw data,2018/19,5.666185,Average Highest Attainment,1
Perth and Kinross,Attainment,Raw data,2018/19,5.633306095238095,Average Highest Attainment,1
Renfrewshire,Attainment,Raw data,2018/19,5.6485159649122805,Average Highest Attainment,3
Scotland,Attainment,Raw data,2018/19,5.544613906697939,Average Highest Attainment,NA
Scottish Borders,Attainment,Raw data,2018/19,5.587622333333333,Average Highest Attainment,2
Shetland Islands,Attainment,Raw data,2018/19,5.714517619047618,Average Highest Attainment,1
South Ayrshire,Attainment,Raw data,2018/19,5.626464533333333,Average Highest Attainment,3
South Lanarkshire,Attainment,Raw data,2018/19,5.574535121951221,Average Highest Attainment,3
Stirling,Attainment,Raw data,2018/19,5.714580555555556,Average Highest Attainment,2
West Dunbartonshire,Attainment,Raw data,2018/19,5.453644814814815,Average Highest Attainment,4
West Lothian,Attainment,Raw data,2018/19,5.571121081081082,Average Highest Attainment,3
Aberdeen City,Attainment,Raw data,2019/20,5.504343096213678,Average Highest Attainment,1
Aberdeenshire,Attainment,Raw data,2019/20,5.574964192817451,Average Highest Attainment,1
Angus,Attainment,Raw data,2019/20,5.49390012380528,Average Highest Attainment,2
Argyll and Bute,Attainment,Raw data,2019/20,5.64355253020015,Average Highest Attainment,2
Clackmannanshire,Attainment,Raw data,2019/20,5.404154270118475,Average Highest Attainment,3
Dumfries and Galloway,Attainment,Raw data,2019/20,5.570891953536677,Average Highest Attainment,3
Dundee City,Attainment,Raw data,2019/20,5.186079084018864,Average Highest Attainment,4
East Ayrshire,Attainment,Raw data,2019/20,5.386999141450591,Average Highest Attainment,4
East Dunbartonshire,Attainment,Raw data,2019/20,6.115006908751693,Average Highest Attainment,1
East Lothian,Attainment,Raw data,2019/20,5.606696372965068,Average Highest Attainment,2
East Renfrewshire,Attainment,Raw data,2019/20,6.165115084874377,Average Highest Attainment,1
"Edinburgh, City of",Attainment,Raw data,2019/20,5.702225356585738,Average Highest Attainment,1
Eilean Siar,Attainment,Raw data,2019/20,5.7127325322742095,Average Highest Attainment,4
Falkirk,Attainment,Raw data,2019/20,5.603148302438901,Average Highest Attainment,3
Fife,Attainment,Raw data,2019/20,5.461291173568665,Average Highest Attainment,3
Glasgow City,Attainment,Raw data,2019/20,5.487084709220066,Average Highest Attainment,4
Highland,Attainment,Raw data,2019/20,5.542026292450358,Average Highest Attainment,2
Inverclyde,Attainment,Raw data,2019/20,5.704785949995777,Average Highest Attainment,4
Midlothian,Attainment,Raw data,2019/20,5.441689989585133,Average Highest Attainment,2
Moray,Attainment,Raw data,2019/20,5.454990875271328,Average Highest Attainment,2
North Ayrshire,Attainment,Raw data,2019/20,5.516187543257852,Average Highest Attainment,4
North Lanarkshire,Attainment,Raw data,2019/20,5.365575252174479,Average Highest Attainment,4
Orkney Islands,Attainment,Raw data,2019/20,5.6903370323061155,Average Highest Attainment,1
Perth and Kinross,Attainment,Raw data,2019/20,5.661769798537429,Average Highest Attainment,1
Renfrewshire,Attainment,Raw data,2019/20,5.674554919094985,Average Highest Attainment,3
Scotland,Attainment,Raw data,2019/20,5.565458928989684,Average Highest Attainment,NA
Scottish Borders,Attainment,Raw data,2019/20,5.598862620762122,Average Highest Attainment,2
Shetland Islands,Attainment,Raw data,2019/20,5.708028715167621,Average Highest Attainment,1
South Ayrshire,Attainment,Raw data,2019/20,5.637200693094743,Average Highest Attainment,3
South Lanarkshire,Attainment,Raw data,2019/20,5.603683400721462,Average Highest Attainment,3
Stirling,Attainment,Raw data,2019/20,5.729660552818828,Average Highest Attainment,2
West Dunbartonshire,Attainment,Raw data,2019/20,5.464094256303805,Average Highest Attainment,4
West Lothian,Attainment,Raw data,2019/20,5.5902492468361915,Average Highest Attainment,3
Aberdeen City,Attainment,Raw data,2020/21,5.5141101030164,Average Highest Attainment,1
Aberdeenshire,Attainment,Raw data,2020/21,5.578891367958694,Average Highest Attainment,1
Angus,Attainment,Raw data,2020/21,5.477446662266819,Average Highest Attainment,2
Argyll and Bute,Attainment,Raw data,2020/21,5.643569631649426,Average Highest Attainment,2
Clackmannanshire,Attainment,Raw data,2020/21,5.4428189923406975,Average Highest Attainment,3
Dumfries and Galloway,Attainment,Raw data,2020/21,5.574239203536678,Average Highest Attainment,3
Dundee City,Attainment,Raw data,2020/21,5.210770589395207,Average Highest Attainment,4
East Ayrshire,Attainment,Raw data,2020/21,5.4076901414505905,Average Highest Attainment,4
East Dunbartonshire,Attainment,Raw data,2020/21,6.13718476589455,Average Highest Attainment,1
East Lothian,Attainment,Raw data,2020/21,5.607853191146886,Average Highest Attainment,2
East Renfrewshire,Attainment,Raw data,2020/21,6.189187751541044,Average Highest Attainment,1
"Edinburgh, City of",Attainment,Raw data,2020/21,5.718375807036186,Average Highest Attainment,1
Eilean Siar,Attainment,Raw data,2020/21,5.630137347089025,Average Highest Attainment,4
Falkirk,Attainment,Raw data,2020/21,5.611635207200806,Average Highest Attainment,3
Fife,Attainment,Raw data,2020/21,5.4702581286968694,Average Highest Attainment,3
Glasgow City,Attainment,Raw data,2020/21,5.507032013141635,Average Highest Attainment,4
Highland,Attainment,Raw data,2020/21,5.534056471021785,Average Highest Attainment,2
Inverclyde,Attainment,Raw data,2020/21,5.704941048034993,Average Highest Attainment,4
Midlothian,Attainment,Raw data,2020/21,5.45181453503968,Average Highest Attainment,2
Moray,Attainment,Raw data,2020/21,5.47609434749355,Average Highest Attainment,2
North Ayrshire,Attainment,Raw data,2020/21,5.514999034485924,Average Highest Attainment,4
North Lanarkshire,Attainment,Raw data,2020/21,5.376299739353967,Average Highest Attainment,4
Orkney Islands,Attainment,Raw data,2020/21,5.697802032306117,Average Highest Attainment,1
Perth and Kinross,Attainment,Raw data,2020/21,5.659418846156477,Average Highest Attainment,1
Renfrewshire,Attainment,Raw data,2020/21,5.685206498042354,Average Highest Attainment,3
Scotland,Attainment,Raw data,2020/21,5.5738858588828295,Average Highest Attainment,NA
Scottish Borders,Attainment,Raw data,2020/21,5.58622450965101,Average Highest Attainment,2
Shetland Islands,Attainment,Raw data,2020/21,5.683273953262859,Average Highest Attainment,1
South Ayrshire,Attainment,Raw data,2020/21,5.653664959761408,Average Highest Attainment,3
South Lanarkshire,Attainment,Raw data,2020/21,5.620834945436909,Average Highest Attainment,3
Stirling,Attainment,Raw data,2020/21,5.723281663929939,Average Highest Attainment,2
West Dunbartonshire,Attainment,Raw data,2020/21,5.445342960007508,Average Highest Attainment,4
West Lothian,Attainment,Raw data,2020/21,5.593300418007363,Average Highest Attainment,3
Aberdeen City,Attainment,Raw data,2021/22,5.494143504376946,Average Highest Attainment,1
Aberdeenshire,Attainment,Raw data,2021/22,5.556171876433271,Average Highest Attainment,1
Angus,Attainment,Raw data,2021/22,5.409071790471946,Average Highest Attainment,2
Argyll and Bute,Attainment,Raw data,2021/22,5.612474993968266,Average Highest Attainment,2
Clackmannanshire,Attainment,Raw data,2021/22,5.42478232567403,Average Highest Attainment,3
Dumfries and Galloway,Attainment,Raw data,2021/22,5.54715903687001,Average Highest Attainment,3
Dundee City,Attainment,Raw data,2021/22,5.199173922728541,Average Highest Attainment,4
East Ayrshire,Attainment,Raw data,2021/22,5.406036363672812,Average Highest Attainment,4
East Dunbartonshire,Attainment,Raw data,2021/22,6.1329738135135985,Average Highest Attainment,1
East Lothian,Attainment,Raw data,2021/22,5.554403342662038,Average Highest Attainment,2
East Renfrewshire,Attainment,Raw data,2021/22,6.183055418207711,Average Highest Attainment,1
"Edinburgh, City of",Attainment,Raw data,2021/22,5.706595026255407,Average Highest Attainment,1
Eilean Siar,Attainment,Raw data,2021/22,5.541721050792727,Average Highest Attainment,4
Falkirk,Attainment,Raw data,2021/22,5.57319973101033,Average Highest Attainment,3
Fife,Attainment,Raw data,2021/22,5.4489106927994335,Average Highest Attainment,3
Glasgow City,Attainment,Raw data,2021/22,5.483619071965165,Average Highest Attainment,4
Highland,Attainment,Raw data,2021/22,5.4978847448313095,Average Highest Attainment,2
Inverclyde,Attainment,Raw data,2021/22,5.663566342152641,Average Highest Attainment,4
Midlothian,Attainment,Raw data,2021/22,5.443193777463922,Average Highest Attainment,2
Moray,Attainment,Raw data,2021/22,5.46425309749355,Average Highest Attainment,2
North Ayrshire,Attainment,Raw data,2021/22,5.486027455538554,Average Highest Attainment,4
North Lanarkshire,Attainment,Raw data,2021/22,5.35975982482405,Average Highest Attainment,4
Orkney Islands,Attainment,Raw data,2021/22,5.664394810083894,Average Highest Attainment,1
Perth and Kinross,Attainment,Raw data,2021/22,5.633694941394572,Average Highest Attainment,1
Renfrewshire,Attainment,Raw data,2021/22,5.6490742173406,Average Highest Attainment,3
Scotland,Attainment,Raw data,2021/22,5.549309035844001,Average Highest Attainment,NA
Scottish Borders,Attainment,Raw data,2021/22,5.538713620762121,Average Highest Attainment,2
Shetland Islands,Attainment,Raw data,2021/22,5.650609667548572,Average Highest Attainment,1
South Ayrshire,Attainment,Raw data,2021/22,5.628959759761408,Average Highest Attainment,3
South Lanarkshire,Attainment,Raw data,2021/22,5.606285921046665,Average Highest Attainment,3
Stirling,Attainment,Raw data,2021/22,5.694833886152161,Average Highest Attainment,2
West Dunbartonshire,Attainment,Raw data,2021/22,5.3899051822297315,Average Highest Attainment,4
West Lothian,Attainment,Raw data,2021/22,5.56189798557493,Average Highest Attainment,3
Aberdeen City,Attainment,Raw data,2022/23,5.47428070092413,Average Highest Attainment,1
Aberdeenshire,Attainment,Raw data,2022/23,5.533522223285291,Average Highest Attainment,1
Angus,Attainment,Raw data,2022/23,5.341059846278302,Average Highest Attainment,2
Argyll and Bute,Attainment,Raw data,2022/23,5.581544341429217,Average Highest Attainment,2
Clackmannanshire,Attainment,Raw data,2022/23,5.406780487250401,Average Highest Attainment,3
Dumfries and Galloway,Attainment,Raw data,2022/23,5.520253362482811,Average Highest Attainment,3
Dundee City,Attainment,Raw data,2022/23,5.187722886406088,Average Highest Attainment,4
East Ayrshire,Attainment,Raw data,2022/23,5.4044573141882575,Average Highest Attainment,4
East Dunbartonshire,Attainment,Raw data,2022/23,6.128824779580732,Average Highest Attainment,1
East Lothian,Attainment,Raw data,2022/23,5.501099225808957,Average Highest Attainment,2
East Renfrewshire,Attainment,Raw data,2022/23,6.176954973476593,Average Highest Attainment,1
"Edinburgh, City of",Attainment,Raw data,2022/23,5.6949757068498235,Average Highest Attainment,1
Eilean Siar,Attainment,Raw data,2022/23,5.453978503954073,Average Highest Attainment,4
Falkirk,Attainment,Raw data,2022/23,5.53478697537782,Average Highest Attainment,3
Fife,Attainment,Raw data,2022/23,5.427658512090056,Average Highest Attainment,3
Glasgow City,Attainment,Raw data,2022/23,5.460263816439607,Average Highest Attainment,4
Highland,Attainment,Raw data,2022/23,5.461905940005419,Average Highest Attainment,2
Inverclyde,Attainment,Raw data,2022/23,5.6223394307303955,Average Highest Attainment,4
Midlothian,Attainment,Raw data,2022/23,5.434666000594952,Average Highest Attainment,2
Moray,Attainment,Raw data,2022/23,5.45252376562884,Average Highest Attainment,2
North Ayrshire,Attainment,Raw data,2022/23,5.457100633736249,Average Highest Attainment,4
North Lanarkshire,Attainment,Raw data,2022/23,5.343302631454821,Average Highest Attainment,4
Orkney Islands,Attainment,Raw data,2022/23,5.630997316324879,Average Highest Attainment,1
Perth and Kinross,Attainment,Raw data,2022/23,5.608031894015621,Average Highest Attainment,1
Renfrewshire,Attainment,Raw data,2022/23,5.612984086576861,Average Highest Attainment,3
Scotland,Attainment,Raw data,2022/23,5.524833841234354,Average Highest Attainment,NA
Scottish Borders,Attainment,Raw data,2022/23,5.491358459031947,Average Highest Attainment,2
Shetland Islands,Attainment,Raw data,2022/23,5.618042931031181,Average Highest Attainment,1
South Ayrshire,Attainment,Raw data,2022/23,5.6042751530247275,Average Highest Attainment,3
South Lanarkshire,Attainment,Raw data,2022/23,5.5917870568630335,Average Highest Attainment,3
Stirling,Attainment,Raw data,2022/23,5.666371649414675,Average Highest Attainment,2
West Dunbartonshire,Attainment,Raw data,2022/23,5.334659376694702,Average Highest Attainment,4
West Lothian,Attainment,Raw data,2022/23,5.530551310395745,Average Highest Attainment,3
Aberdeen City,Attainment,Raw data,2023/24,5.463576388029799,Average Highest Attainment,1
Aberdeenshire,Attainment,Raw data,2023/24,5.5200940596534425,Average Highest Attainment,1
Angus,Attainment,Raw data,2023/24,5.28893980416627,Average Highest Attainment,2
Argyll and Bute,Attainment,Raw data,2023/24,5.549580070116465,Average Highest Attainment,2
Clackmannanshire,Attainment,Raw data,2023/24,5.371049132614071,Average Highest Attainment,3
Dumfries and Galloway,Attainment,Raw data,2023/24,5.494981880318328,Average Highest Attainment,3
Dundee City,Attainment,Raw data,2023/24,5.16181035959241,Average Highest Attainment,4
East Ayrshire,Attainment,Raw data,2023/24,5.391258187553416,Average Highest Attainment,4
East Dunbartonshire,Attainment,Raw data,2023/24,6.1248734317542874,Average Highest Attainment,1
East Lothian,Attainment,Raw data,2023/24,5.465071152684682,Average Highest Attainment,2
East Renfrewshire,Attainment,Raw data,2023/24,6.166650757473778,Average Highest Attainment,1
"Edinburgh, City of",Attainment,Raw data,2023/24,5.696169246716475,Average Highest Attainment,1
Eilean Siar,Attainment,Raw data,2023/24,5.42651704994352,Average Highest Attainment,4
Falkirk,Attainment,Raw data,2023/24,5.502966880178981,Average Highest Attainment,3
Fife,Attainment,Raw data,2023/24,5.406047857452239,Average Highest Attainment,3
Glasgow City,Attainment,Raw data,2023/24,5.450586434045619,Average Highest Attainment,4
Highland,Attainment,Raw data,2023/24,5.435415889424185,Average Highest Attainment,2
Inverclyde,Attainment,Raw data,2023/24,5.5956909646082424,Average Highest Attainment,4
Midlothian,Attainment,Raw data,2023/24,5.41687399091543,Average Highest Attainment,2
Moray,Attainment,Raw data,2023/24,5.428108197033801,Average Highest Attainment,2
North Ayrshire,Attainment,Raw data,2023/24,5.437435576462719,Average Highest Attainment,4
North Lanarkshire,Attainment,Raw data,2023/24,5.321523415875678,Average Highest Attainment,4
Orkney Islands,Attainment,Raw data,2023/24,5.612792340708712,Average Highest Attainment,1
Perth and Kinross,Attainment,Raw data,2023/24,5.591680360423331,Average Highest Attainment,1
Renfrewshire,Attainment,Raw data,2023/24,5.587220878232888,Average Highest Attainment,3
Scotland,Attainment,Raw data,2023/24,5.506828169520067,Average Highest Attainment,NA
Scottish Borders,Attainment,Raw data,2023/24,5.462143909003051,Average Highest Attainment,2
Shetland Islands,Attainment,Raw data,2023/24,5.6158706160919,Average Highest Attainment,1
South Ayrshire,Attainment,Raw data,2023/24,5.576944631922189,Average Highest Attainment,3
South Lanarkshire,Attainment,Raw data,2023/24,5.584589482215673,Average Highest Attainment,3
Stirling,Attainment,Raw data,2023/24,5.650931829109466,Average Highest Attainment,2
West Dunbartonshire,Attainment,Raw data,2023/24,5.303525636488886,Average Highest Attainment,4
West Lothian,Attainment,Raw data,2023/24,5.510478951078149,Average Highest Attainment,3
Aberdeen City,Attainment,Projected,2024/25,5.473335502515085,Average Highest Attainment,1
Aberdeenshire,Attainment,Projected,2024/25,5.527621329393593,Average Highest Attainment,1
Angus,Attainment,Projected,2024/25,5.270434457299424,Average Highest Attainment,2
Argyll and Bute,Attainment,Projected,2024/25,5.544495500273886,Average Highest Attainment,2
Clackmannanshire,Attainment,Projected,2024/25,5.368973628821942,Average Highest Attainment,3
Dumfries and Galloway,Attainment,Projected,2024/25,5.489947028423611,Average Highest Attainment,3
Dundee City,Attainment,Projected,2024/25,5.145445753916633,Average Highest Attainment,4
East Ayrshire,Attainment,Projected,2024/25,5.391834885341733,Average Highest Attainment,4
East Dunbartonshire,Attainment,Projected,2024/25,6.136782991267714,Average Highest Attainment,1
East Lothian,Attainment,Projected,2024/25,5.459023746499603,Average Highest Attainment,2
East Renfrewshire,Attainment,Projected,2024/25,6.174911218912953,Average Highest Attainment,1
"Edinburgh, City of",Attainment,Projected,2024/25,5.709250602430784,Average Highest Attainment,1
Eilean Siar,Attainment,Projected,2024/25,5.402847418298358,Average Highest Attainment,4
Falkirk,Attainment,Projected,2024/25,5.505958352866867,Average Highest Attainment,3
Fife,Attainment,Projected,2024/25,5.406069040256855,Average Highest Attainment,3
Glasgow City,Attainment,Projected,2024/25,5.469784893891103,Average Highest Attainment,4
Highland,Attainment,Projected,2024/25,5.43005171530535,Average Highest Attainment,2
Inverclyde,Attainment,Projected,2024/25,5.594247150104706,Average Highest Attainment,4
Midlothian,Attainment,Projected,2024/25,5.417263600586863,Average Highest Attainment,2
Moray,Attainment,Projected,2024/25,5.420356773940422,Average Highest Attainment,2
North Ayrshire,Attainment,Projected,2024/25,5.440112273146172,Average Highest Attainment,4
North Lanarkshire,Attainment,Projected,2024/25,5.3152120691057645,Average Highest Attainment,4
Orkney Islands,Attainment,Projected,2024/25,5.6123854601402146,Average Highest Attainment,1
Perth and Kinross,Attainment,Projected,2024/25,5.5910206467170696,Average Highest Attainment,1
Renfrewshire,Attainment,Projected,2024/25,5.593514885070111,Average Highest Attainment,3
Scotland,Attainment,Projected,2024/25,5.5101356829040755,Average Highest Attainment,NA
Scottish Borders,Attainment,Projected,2024/25,5.455731518150283,Average Highest Attainment,2
Shetland Islands,Attainment,Projected,2024/25,5.6217591100773845,Average Highest Attainment,1
South Ayrshire,Attainment,Projected,2024/25,5.578860417793194,Average Highest Attainment,3
South Lanarkshire,Attainment,Projected,2024/25,5.597854823237669,Average Highest Attainment,3
Stirling,Attainment,Projected,2024/25,5.656636209851221,Average Highest Attainment,2
West Dunbartonshire,Attainment,Projected,2024/25,5.292201761987659,Average Highest Attainment,4
West Lothian,Attainment,Projected,2024/25,5.511578199632148,Average Highest Attainment,3
Aberdeen City,Attainment,Projected,2025/26,5.483230148353978,Average Highest Attainment,1
Aberdeenshire,Attainment,Projected,2025/26,5.535232671695117,Average Highest Attainment,1
Angus,Attainment,Projected,2025/26,5.252062863862186,Average Highest Attainment,2
Argyll and Bute,Attainment,Projected,2025/26,5.539485438903388,Average Highest Attainment,2
Clackmannanshire,Attainment,Projected,2025/26,5.3669662040193495,Average Highest Attainment,3
Dumfries and Galloway,Attainment,Projected,2025/26,5.484981852175642,Average Highest Attainment,3
Dundee City,Attainment,Projected,2025/26,5.129250832100328,Average Highest Attainment,4
East Ayrshire,Attainment,Projected,2025/26,5.392499380773021,Average Highest Attainment,4
East Dunbartonshire,Attainment,Projected,2025/26,6.148754369787877,Average Highest Attainment,1
East Lothian,Attainment,Projected,2025/26,5.453027511026554,Average Highest Attainment,2
East Renfrewshire,Attainment,Projected,2025/26,6.183205781262785,Average Highest Attainment,1
"Edinburgh, City of",Attainment,Projected,2025/26,5.722497047770482,Average Highest Attainment,1
Eilean Siar,Attainment,Projected,2025/26,5.379399805803409,Average Highest Attainment,4
Falkirk,Attainment,Projected,2025/26,5.50901859921422,Average Highest Attainment,3
Fife,Attainment,Projected,2025/26,5.406160159583476,Average Highest Attainment,3
Glasgow City,Attainment,Projected,2025/26,5.489155805966416,Average Highest Attainment,4
Highland,Attainment,Projected,2025/26,5.424776179903965,Average Highest Attainment,2
Inverclyde,Attainment,Projected,2025/26,5.592876276546558,Average Highest Attainment,4
Midlothian,Attainment,Projected,2025/26,5.4177107361317995,Average Highest Attainment,2
Moray,Attainment,Projected,2025/26,5.4126670407329405,Average Highest Attainment,2
North Ayrshire,Attainment,Projected,2025/26,5.442884727187896,Average Highest Attainment,4
North Lanarkshire,Attainment,Projected,2025/26,5.308952178032963,Average Highest Attainment,4
Orkney Islands,Attainment,Projected,2025/26,5.611994740563393,Average Highest Attainment,1
Perth and Kinross,Attainment,Projected,2025/26,5.590407533003815,Average Highest Attainment,1
Renfrewshire,Attainment,Projected,2025/26,5.599876897051981,Average Highest Attainment,3
Scotland,Attainment,Projected,2025/26,5.513539158176104,Average Highest Attainment,NA
Scottish Borders,Attainment,Projected,2025/26,5.449394633249337,Average Highest Attainment,2
Shetland Islands,Attainment,Projected,2025/26,5.627717198062359,Average Highest Attainment,1
South Ayrshire,Attainment,Projected,2025/26,5.580796547021751,Average Highest Attainment,3
South Lanarkshire,Attainment,Projected,2025/26,5.611224759663088,Average Highest Attainment,3
Stirling,Attainment,Projected,2025/26,5.662375103117498,Average Highest Attainment,2
West Dunbartonshire,Attainment,Projected,2025/26,5.2809651695778435,Average Highest Attainment,4
West Lothian,Attainment,Projected,2025/26,5.512726524694635,Average Highest Attainment,3
Aberdeen City,Attainment,Projected,2026/27,5.493261171781538,Average Highest Attainment,1
Aberdeenshire,Attainment,Projected,2026/27,5.542928467363681,Average Highest Attainment,1
Angus,Attainment,Projected,2026/27,5.233824140162164,Average Highest Attainment,2
Argyll and Bute,Attainment,Projected,2026/27,5.5345497799647285,Average Highest Attainment,2
Clackmannanshire,Attainment,Projected,2026/27,5.3650269262037495,Average Highest Attainment,3
Dumfries and Galloway,Attainment,Projected,2026/27,5.480086150397568,Average Highest Attainment,3
Dundee City,Attainment,Projected,2026/27,5.113224699721061,Average Highest Attainment,4
East Ayrshire,Attainment,Projected,2026/27,5.393251740340754,Average Highest Attainment,4
East Dunbartonshire,Attainment,Projected,2026/27,6.1607878225332975,Average Highest Attainment,1
East Lothian,Attainment,Projected,2026/27,5.447082282846472,Average Highest Attainment,2
East Renfrewshire,Attainment,Projected,2026/27,6.191534534595352,Average Highest Attainment,1
"Edinburgh, City of",Attainment,Projected,2026/27,5.73590946805885,Average Highest Attainment,1
Eilean Siar,Attainment,Projected,2026/27,5.356171640189872,Average Highest Attainment,4
Falkirk,Attainment,Projected,2026/27,5.51214781871924,Average Highest Attainment,3
Fife,Attainment,Projected,2026/27,5.406321305663918,Average Highest Attainment,3
Glasgow City,Attainment,Projected,2026/27,5.508700502873218,Average Highest Attainment,4
Highland,Attainment,Projected,2026/27,5.419588895980578,Average Highest Attainment,2
Inverclyde,Attainment,Projected,2026/27,5.591577976326474,Average Highest Attainment,4
Midlothian,Attainment,Projected,2026/27,5.418215411845222,Average Highest Attainment,2
Moray,Attainment,Projected,2026/27,5.405038738269366,Average Highest Attainment,2
North Ayrshire,Attainment,Projected,2026/27,5.445753199317703,Average Highest Attainment,4
North Lanarkshire,Attainment,Projected,2026/27,5.3027436347702555,Average Highest Attainment,4
Orkney Islands,Attainment,Projected,2026/27,5.6116201678186854,Average Highest Attainment,1
Perth and Kinross,Attainment,Projected,2026/27,5.589841013455049,Average Highest Attainment,1
Renfrewshire,Attainment,Projected,2026/27,5.606307224029002,Average Highest Attainment,3
Scotland,Attainment,Projected,2026/27,5.517038838469001,Average Highest Attainment,NA
Scottish Borders,Attainment,Projected,2026/27,5.443133167014314,Average Highest Attainment,2
Shetland Islands,Attainment,Projected,2026/27,5.633744720817762,Average Highest Attainment,1
South Ayrshire,Attainment,Projected,2026/27,5.582753044531731,Average Highest Attainment,3
South Lanarkshire,Attainment,Projected,2026/27,5.624699932943159,Average Highest Attainment,3
Stirling,Attainment,Projected,2026/27,5.668148629285459,Average Highest Attainment,2
West Dunbartonshire,Attainment,Projected,2026/27,5.269815624019783,Average Highest Attainment,4
West Lothian,Attainment,Projected,2026/27,5.51392389006604,Average Highest Attainment,3
Aberdeen City,Participation Rate,Imputed,2012/13,88.32373338155551,Participation Rate (%),1
Aberdeenshire,Participation Rate,Imputed,2012/13,93.86519610660332,Participation Rate (%),1
Angus,Participation Rate,Imputed,2012/13,91.44851583942987,Participation Rate (%),2
Argyll and Bute,Participation Rate,Imputed,2012/13,94.07650124279456,Participation Rate (%),2
Clackmannanshire,Participation Rate,Imputed,2012/13,87.29746145711115,Participation Rate (%),3
Dumfries and Galloway,Participation Rate,Imputed,2012/13,88.98217655305288,Participation Rate (%),3
Dundee City,Participation Rate,Imputed,2012/13,86.75980459297813,Participation Rate (%),4
East Ayrshire,Participation Rate,Imputed,2012/13,88.2315364640656,Participation Rate (%),4
East Dunbartonshire,Participation Rate,Imputed,2012/13,95.39464883895415,Participation Rate (%),1
East Lothian,Participation Rate,Imputed,2012/13,88.90971963569915,Participation Rate (%),2
East Renfrewshire,Participation Rate,Imputed,2012/13,96.1307094685725,Participation Rate (%),1
"Edinburgh, City of",Participation Rate,Imputed,2012/13,88.30016015665944,Participation Rate (%),1
Eilean Siar,Participation Rate,Imputed,2012/13,95.3094288866888,Participation Rate (%),4
Falkirk,Participation Rate,Imputed,2012/13,88.98831750767842,Participation Rate (%),3
Fife,Participation Rate,Imputed,2012/13,87.17440454347394,Participation Rate (%),3
Glasgow City,Participation Rate,Imputed,2012/13,86.75980459297813,Participation Rate (%),4
Highland,Participation Rate,Imputed,2012/13,93.17606672618224,Participation Rate (%),2
Inverclyde,Participation Rate,Imputed,2012/13,90.2403183361958,Participation Rate (%),4
Midlothian,Participation Rate,Imputed,2012/13,86.75980459297813,Participation Rate (%),2
Moray,Participation Rate,Imputed,2012/13,90.02371222415482,Participation Rate (%),2
North Ayrshire,Participation Rate,Imputed,2012/13,89.0666182569324,Participation Rate (%),4
North Lanarkshire,Participation Rate,Imputed,2012/13,88.16542202223098,Participation Rate (%),4
Orkney Islands,Participation Rate,Imputed,2012/13,94.34818251871349,Participation Rate (%),1
Perth and Kinross,Participation Rate,Imputed,2012/13,92.94211907155828,Participation Rate (%),1
Renfrewshire,Participation Rate,Imputed,2012/13,89.99746371994256,Participation Rate (%),3
Scotland,Participation Rate,Imputed,2012/13,89.34414335056499,Participation Rate (%),NA
Scottish Borders,Participation Rate,Imputed,2012/13,90.17325608528124,Participation Rate (%),2
Shetland Islands,Participation Rate,Imputed,2012/13,97.23463494839513,Participation Rate (%),1
South Ayrshire,Participation Rate,Imputed,2012/13,89.02312207488421,Participation Rate (%),3
South Lanarkshire,Participation Rate,Imputed,2012/13,88.9613874509043,Participation Rate (%),3
Stirling,Participation Rate,Imputed,2012/13,91.05705544583692,Participation Rate (%),2
West Dunbartonshire,Participation Rate,Imputed,2012/13,87.3566377188034,Participation Rate (%),4
West Lothian,Participation Rate,Imputed,2012/13,88.35272999635175,Participation Rate (%),3
Aberdeen City,Participation Rate,Imputed,2013/14,88.4603343333757,Participation Rate (%),1
Aberdeenshire,Participation Rate,Imputed,2013/14,93.70638365071618,Participation Rate (%),1
Angus,Participation Rate,Imputed,2013/14,91.4854001813886,Participation Rate (%),2
Argyll and Bute,Participation Rate,Imputed,2013/14,94.09526158821828,Participation Rate (%),2
Clackmannanshire,Participation Rate,Imputed,2013/14,87.5282540087511,Participation Rate (%),3
Dumfries and Galloway,Participation Rate,Imputed,2013/14,89.38505086643333,Participation Rate (%),3
Dundee City,Participation Rate,Imputed,2013/14,86.78752825646252,Participation Rate (%),4
East Ayrshire,Participation Rate,Imputed,2013/14,88.50024601107646,Participation Rate (%),4
East Dunbartonshire,Participation Rate,Imputed,2013/14,95.45233352155908,Participation Rate (%),1
East Lothian,Participation Rate,Imputed,2013/14,89.33193564750623,Participation Rate (%),2
East Renfrewshire,Participation Rate,Imputed,2013/14,96.18820746883227,Participation Rate (%),1
"Edinburgh, City of",Participation Rate,Imputed,2013/14,88.69096270649268,Participation Rate (%),1
Eilean Siar,Participation Rate,Imputed,2013/14,95.42552135341649,Participation Rate (%),4
Falkirk,Participation Rate,Imputed,2013/14,89.19551483552758,Participation Rate (%),3
Fife,Participation Rate,Imputed,2013/14,87.45043874621393,Participation Rate (%),3
Glasgow City,Participation Rate,Imputed,2013/14,86.75980459297813,Participation Rate (%),4
Highland,Participation Rate,Imputed,2013/14,93.22634849992475,Participation Rate (%),2
Inverclyde,Participation Rate,Imputed,2013/14,90.4838455434905,Participation Rate (%),4
Midlothian,Participation Rate,Imputed,2013/14,86.98800894106336,Participation Rate (%),2
Moray,Participation Rate,Imputed,2013/14,90.25649257931688,Participation Rate (%),2
North Ayrshire,Participation Rate,Imputed,2013/14,89.26418506147508,Participation Rate (%),4
North Lanarkshire,Participation Rate,Imputed,2013/14,88.44760570082042,Participation Rate (%),4
Orkney Islands,Participation Rate,Imputed,2013/14,94.28097900617696,Participation Rate (%),1
Perth and Kinross,Participation Rate,Imputed,2013/14,92.91128065533402,Participation Rate (%),1
Renfrewshire,Participation Rate,Imputed,2013/14,90.18189955014718,Participation Rate (%),3
Scotland,Participation Rate,Imputed,2013/14,89.6002292917747,Participation Rate (%),NA
Scottish Borders,Participation Rate,Imputed,2013/14,90.47616253013388,Participation Rate (%),2
Shetland Islands,Participation Rate,Imputed,2013/14,97.27630783628686,Participation Rate (%),1
South Ayrshire,Participation Rate,Imputed,2013/14,89.49046008327701,Participation Rate (%),3
South Lanarkshire,Participation Rate,Imputed,2013/14,89.32194089667203,Participation Rate (%),3
Stirling,Participation Rate,Imputed,2013/14,91.31152485974788,Participation Rate (%),2
West Dunbartonshire,Participation Rate,Imputed,2013/14,87.6080053991995,Participation Rate (%),4
West Lothian,Participation Rate,Imputed,2013/14,88.67829225877219,Participation Rate (%),3
Aberdeen City,Participation Rate,Imputed,2014/15,88.59714655140174,Participation Rate (%),1
Aberdeenshire,Participation Rate,Imputed,2014/15,93.54783989288956,Participation Rate (%),1
Angus,Participation Rate,Imputed,2014/15,91.5222994000752,Participation Rate (%),2
Argyll and Bute,Participation Rate,Imputed,2014/15,94.11402567475224,Participation Rate (%),2
Clackmannanshire,Participation Rate,Imputed,2014/15,87.75965671790313,Participation Rate (%),3
Dumfries and Galloway,Participation Rate,Imputed,2014/15,89.7897492272654,Participation Rate (%),3
Dundee City,Participation Rate,Imputed,2014/15,87.08998839646543,Participation Rate (%),4
East Ayrshire,Participation Rate,Imputed,2014/15,88.7697739142392,Participation Rate (%),4
East Dunbartonshire,Participation Rate,Imputed,2014/15,95.51005308581249,Participation Rate (%),1
East Lothian,Participation Rate,Imputed,2014/15,89.75615668600057,Participation Rate (%),2
East Renfrewshire,Participation Rate,Imputed,2014/15,96.24573985997556,Participation Rate (%),1
"Edinburgh, City of",Participation Rate,Imputed,2014/15,89.08349488663106,Participation Rate (%),1
Eilean Siar,Participation Rate,Imputed,2014/15,95.54175522756825,Participation Rate (%),4
Falkirk,Participation Rate,Imputed,2014/15,89.40319459448534,Participation Rate (%),3
Fife,Participation Rate,Imputed,2014/15,87.72734700001836,Participation Rate (%),3
Glasgow City,Participation Rate,Imputed,2014/15,86.75980459297813,Participation Rate (%),4
Highland,Participation Rate,Imputed,2014/15,93.27665740785378,Participation Rate (%),2
Inverclyde,Participation Rate,Imputed,2014/15,90.72802994594792,Participation Rate (%),4
Midlothian,Participation Rate,Imputed,2014/15,87.55463358377362,Participation Rate (%),2
Moray,Participation Rate,Imputed,2014/15,90.48987485026768,Participation Rate (%),2
North Ayrshire,Participation Rate,Imputed,2014/15,89.46219010699984,Participation Rate (%),4
North Lanarkshire,Participation Rate,Imputed,2014/15,88.7306925410648,Participation Rate (%),4
Orkney Islands,Participation Rate,Imputed,2014/15,94.2138233622053,Participation Rate (%),1
Perth and Kinross,Participation Rate,Imputed,2014/15,92.88045247136964,Participation Rate (%),1
Renfrewshire,Participation Rate,Imputed,2014/15,90.366713352953,Participation Rate (%),3
Scotland,Participation Rate,Imputed,2014/15,89.85704924874442,Participation Rate (%),NA
Scottish Borders,Participation Rate,Imputed,2014/15,90.7800864863676,Participation Rate (%),2
Shetland Islands,Participation Rate,Imputed,2014/15,97.31799858437408,Participation Rate (%),1
South Ayrshire,Participation Rate,Imputed,2014/15,89.96025144096826,Participation Rate (%),3
South Lanarkshire,Participation Rate,Imputed,2014/15,89.6839556369517,Participation Rate (%),3
Stirling,Participation Rate,Imputed,2014/15,91.56670541770252,Participation Rate (%),2
West Dunbartonshire,Participation Rate,Imputed,2014/15,87.86009638709,Participation Rate (%),4
West Lothian,Participation Rate,Imputed,2014/15,89.00505415347017,Participation Rate (%),3
Aberdeen City,Participation Rate,Imputed,2015/16,88.73417036237666,Participation Rate (%),1
Aberdeenshire,Participation Rate,Imputed,2015/16,93.38956437850769,Participation Rate (%),1
Angus,Participation Rate,Imputed,2015/16,91.55921350148992,Participation Rate (%),2
Argyll and Bute,Participation Rate,Imputed,2015/16,94.13279350314244,Participation Rate (%),2
Clackmannanshire,Participation Rate,Imputed,2015/16,87.99167119767036,Participation Rate (%),3
Dumfries and Galloway,Participation Rate,Imputed,2015/16,90.19627989407788,Participation Rate (%),3
Dundee City,Participation Rate,Imputed,2015/16,87.39350262958665,Participation Rate (%),4
East Ayrshire,Participation Rate,Imputed,2015/16,89.0401226658612,Participation Rate (%),4
East Dunbartonshire,Participation Rate,Imputed,2015/16,95.56780755280712,Participation Rate (%),1
East Lothian,Participation Rate,Imputed,2015/16,90.18239227268752,Participation Rate (%),2
East Renfrewshire,Participation Rate,Imputed,2015/16,96.3033066625724,Participation Rate (%),1
"Edinburgh, City of",Participation Rate,Imputed,2015/16,89.47776435214489,Participation Rate (%),1
Eilean Siar,Participation Rate,Imputed,2015/16,95.6581306813866,Participation Rate (%),4
Falkirk,Participation Rate,Imputed,2015/16,89.61135790782765,Participation Rate (%),3
Fife,Participation Rate,Imputed,2015/16,88.00513207253432,Participation Rate (%),3
Glasgow City,Participation Rate,Imputed,2015/16,86.75980459297813,Participation Rate (%),4
Highland,Participation Rate,Imputed,2015/16,93.32699346461204,Participation Rate (%),2
Inverclyde,Participation Rate,Imputed,2015/16,90.972873317109,Participation Rate (%),4
Midlothian,Participation Rate,Imputed,2015/16,88.12494912008675,Participation Rate (%),2
Moray,Participation Rate,Imputed,2015/16,90.72386059342126,Participation Rate (%),2
North Ayrshire,Participation Rate,Imputed,2015/16,89.66063436560907,Participation Rate (%),4
North Lanarkshire,Participation Rate,Imputed,2015/16,89.01468543363795,Participation Rate (%),4
Orkney Islands,Participation Rate,Imputed,2015/16,94.14671555270212,Participation Rate (%),1
Perth and Kinross,Participation Rate,Imputed,2015/16,92.84963451627006,Participation Rate (%),1
Renfrewshire,Participation Rate,Imputed,2015/16,90.55190590295618,Participation Rate (%),3
Scotland,Participation Rate,Imputed,2015/16,90.11460532537389,Participation Rate (%),NA
Scottish Borders,Participation Rate,Imputed,2015/16,91.08503137196648,Participation Rate (%),2
Shetland Islands,Participation Rate,Imputed,2015/16,97.35970720031126,Participation Rate (%),1
South Ayrshire,Participation Rate,Imputed,2015/16,90.4325090271218,Participation Rate (%),3
South Lanarkshire,Participation Rate,Imputed,2015/16,90.047437594254,Participation Rate (%),3
Stirling,Participation Rate,Imputed,2015/16,91.82259910707468,Participation Rate (%),2
West Dunbartonshire,Participation Rate,Imputed,2015/16,88.11291276378357,Participation Rate (%),4
West Lothian,Participation Rate,Imputed,2015/16,89.33302010085237,Participation Rate (%),3
Aberdeen City,Participation Rate,Raw data,2016/17,88.87140609354884,Participation Rate (%),1
Aberdeenshire,Participation Rate,Raw data,2016/17,93.23155665372396,Participation Rate (%),1
Angus,Participation Rate,Raw data,2016/17,91.5961424916355,Participation Rate (%),2
Argyll and Bute,Participation Rate,Raw data,2016/17,94.15156507413508,Participation Rate (%),2
Clackmannanshire,Participation Rate,Raw data,2016/17,88.22429906542057,Participation Rate (%),3
Dumfries and Galloway,Participation Rate,Raw data,2016/17,90.60465116279067,Participation Rate (%),3
Dundee City,Participation Rate,Raw data,2016/17,87.69807462940877,Participation Rate (%),4
East Ayrshire,Participation Rate,Raw data,2016/17,89.31129476584022,Participation Rate (%),4
East Dunbartonshire,Participation Rate,Raw data,2016/17,95.62559694364852,Participation Rate (%),1
East Lothian,Participation Rate,Raw data,2016/17,90.61065197428832,Participation Rate (%),2
East Renfrewshire,Participation Rate,Raw data,2016/17,96.36090789720502,Participation Rate (%),1
"Edinburgh, City of",Participation Rate,Raw data,2016/17,89.87377879198459,Participation Rate (%),1
Eilean Siar,Participation Rate,Raw data,2016/17,95.77464788732394,Participation Rate (%),4
Falkirk,Participation Rate,Raw data,2016/17,89.82000590144585,Participation Rate (%),3
Fife,Participation Rate,Raw data,2016/17,88.28379674017258,Participation Rate (%),3
Glasgow City,Participation Rate,Raw data,2016/17,86.75980459297813,Participation Rate (%),4
Highland,Participation Rate,Raw data,2016/17,93.37735668485024,Participation Rate (%),2
Inverclyde,Participation Rate,Raw data,2016/17,91.21837743530097,Participation Rate (%),4
Midlothian,Participation Rate,Raw data,2016/17,88.69897959183673,Participation Rate (%),2
Moray,Participation Rate,Raw data,2016/17,90.95845136921623,Participation Rate (%),2
North Ayrshire,Participation Rate,Raw data,2016/17,89.85951881156144,Participation Rate (%),4
North Lanarkshire,Participation Rate,Raw data,2016/17,89.29958727846564,Participation Rate (%),4
Orkney Islands,Participation Rate,Raw data,2016/17,94.07965554359528,Participation Rate (%),1
Perth and Kinross,Participation Rate,Raw data,2016/17,92.81882678664128,Participation Rate (%),1
Renfrewshire,Participation Rate,Raw data,2016/17,90.7374779763403,Participation Rate (%),3
Scotland,Participation Rate,Raw data,2016/17,90.37289963159314,Participation Rate (%),NA
Scottish Borders,Participation Rate,Raw data,2016/17,91.39100061639613,Participation Rate (%),2
Shetland Islands,Participation Rate,Raw data,2016/17,97.40143369175628,Participation Rate (%),1
South Ayrshire,Participation Rate,Raw data,2016/17,90.90724578851228,Participation Rate (%),3
South Lanarkshire,Participation Rate,Raw data,2016/17,90.41239271509316,Participation Rate (%),3
Stirling,Participation Rate,Raw data,2016/17,92.07920792079209,Participation Rate (%),2
West Dunbartonshire,Participation Rate,Raw data,2016/17,88.3664566165778,Participation Rate (%),4
West Lothian,Participation Rate,Raw data,2016/17,89.6621945376138,Participation Rate (%),3
Aberdeen City,Participation Rate,Raw data,2017/18,89.44914019236374,Participation Rate (%),1
Aberdeenshire,Participation Rate,Raw data,2017/18,93.4675615212528,Participation Rate (%),1
Angus,Participation Rate,Raw data,2017/18,91.94011484823623,Participation Rate (%),2
Argyll and Bute,Participation Rate,Raw data,2017/18,92.973124300112,Participation Rate (%),2
Clackmannanshire,Participation Rate,Raw data,2017/18,89.65517241379311,Participation Rate (%),3
Dumfries and Galloway,Participation Rate,Raw data,2017/18,92.5140562248996,Participation Rate (%),3
Dundee City,Participation Rate,Raw data,2017/18,87.62157382847037,Participation Rate (%),4
East Ayrshire,Participation Rate,Raw data,2017/18,88.06584362139918,Participation Rate (%),4
East Dunbartonshire,Participation Rate,Raw data,2017/18,95.96742923613805,Participation Rate (%),1
East Lothian,Participation Rate,Raw data,2017/18,93.07116104868916,Participation Rate (%),2
East Renfrewshire,Participation Rate,Raw data,2017/18,96.23000761614622,Participation Rate (%),1
"Edinburgh, City of",Participation Rate,Raw data,2017/18,90.7948568088837,Participation Rate (%),1
Eilean Siar,Participation Rate,Raw data,2017/18,96.8663594470046,Participation Rate (%),4
Falkirk,Participation Rate,Raw data,2017/18,91.12107623318386,Participation Rate (%),3
Fife,Participation Rate,Raw data,2017/18,88.70041753653445,Participation Rate (%),3
Glasgow City,Participation Rate,Raw data,2017/18,88.16894761680038,Participation Rate (%),4
Highland,Participation Rate,Raw data,2017/18,92.96332046332049,Participation Rate (%),2
Inverclyde,Participation Rate,Raw data,2017/18,91.9335705812574,Participation Rate (%),4
Midlothian,Participation Rate,Raw data,2017/18,93.59403138667352,Participation Rate (%),2
Moray,Participation Rate,Raw data,2017/18,89.76744186046511,Participation Rate (%),2
North Ayrshire,Participation Rate,Raw data,2017/18,90.31239614489864,Participation Rate (%),4
North Lanarkshire,Participation Rate,Raw data,2017/18,90.15156240254476,Participation Rate (%),4
Orkney Islands,Participation Rate,Raw data,2017/18,93.82151029748285,Participation Rate (%),1
Perth and Kinross,Participation Rate,Raw data,2017/18,93.07119348692189,Participation Rate (%),1
Renfrewshire,Participation Rate,Raw data,2017/18,91.39141742522756,Participation Rate (%),3
Scotland,Participation Rate,Raw data,2017/18,91.07453216239828,Participation Rate (%),NA
Scottish Borders,Participation Rate,Raw data,2017/18,92.54918375889494,Participation Rate (%),2
Shetland Islands,Participation Rate,Raw data,2017/18,96.07664233576642,Participation Rate (%),1
South Ayrshire,Participation Rate,Raw data,2017/18,91.12050739957716,Participation Rate (%),3
South Lanarkshire,Participation Rate,Raw data,2017/18,91.17521367521368,Participation Rate (%),3
Stirling,Participation Rate,Raw data,2017/18,94.29347826086956,Participation Rate (%),2
West Dunbartonshire,Participation Rate,Raw data,2017/18,88.26314477946673,Participation Rate (%),4
West Lothian,Participation Rate,Raw data,2017/18,90.78273591806877,Participation Rate (%),3
Aberdeen City,Participation Rate,Raw data,2018/19,89.77838082315695,Participation Rate (%),1
Aberdeenshire,Participation Rate,Raw data,2018/19,93.3826931975937,Participation Rate (%),1
Angus,Participation Rate,Raw data,2018/19,92.16791979949876,Participation Rate (%),2
Argyll and Bute,Participation Rate,Raw data,2018/19,94.16641989931892,Participation Rate (%),2
Clackmannanshire,Participation Rate,Raw data,2018/19,89.32941752325011,Participation Rate (%),3
Dumfries and Galloway,Participation Rate,Raw data,2018/19,92.1792468904413,Participation Rate (%),3
Dundee City,Participation Rate,Raw data,2018/19,88.74474693952129,Participation Rate (%),4
East Ayrshire,Participation Rate,Raw data,2018/19,89.27105726011335,Participation Rate (%),4
East Dunbartonshire,Participation Rate,Raw data,2018/19,96.24163715072804,Participation Rate (%),1
East Lothian,Participation Rate,Raw data,2018/19,94.71671049486017,Participation Rate (%),2
East Renfrewshire,Participation Rate,Raw data,2018/19,96.78169833268709,Participation Rate (%),1
"Edinburgh, City of",Participation Rate,Raw data,2018/19,92.08265442156718,Participation Rate (%),1
Eilean Siar,Participation Rate,Raw data,2018/19,97.59384023099132,Participation Rate (%),4
Falkirk,Participation Rate,Raw data,2018/19,92.19330855018588,Participation Rate (%),3
Fife,Participation Rate,Raw data,2018/19,90.1218220338983,Participation Rate (%),3
Glasgow City,Participation Rate,Raw data,2018/19,88.80469322903936,Participation Rate (%),4
Highland,Participation Rate,Raw data,2018/19,93.8220840437268,Participation Rate (%),2
Inverclyde,Participation Rate,Raw data,2018/19,91.56739811912226,Participation Rate (%),4
Midlothian,Participation Rate,Raw data,2018/19,94.258872651357,Participation Rate (%),2
Moray,Participation Rate,Raw data,2018/19,91.20563674321504,Participation Rate (%),2
North Ayrshire,Participation Rate,Raw data,2018/19,91.0751206064783,Participation Rate (%),4
North Lanarkshire,Participation Rate,Raw data,2018/19,90.5027932960894,Participation Rate (%),4
Orkney Islands,Participation Rate,Raw data,2018/19,95.26627218934912,Participation Rate (%),1
Perth and Kinross,Participation Rate,Raw data,2018/19,93.96489971346703,Participation Rate (%),1
Renfrewshire,Participation Rate,Raw data,2018/19,91.6231068221418,Participation Rate (%),3
Scotland,Participation Rate,Raw data,2018/19,91.82977917682422,Participation Rate (%),NA
Scottish Borders,Participation Rate,Raw data,2018/19,92.8068303094984,Participation Rate (%),2
Shetland Islands,Participation Rate,Raw data,2018/19,95.89302769818528,Participation Rate (%),1
South Ayrshire,Participation Rate,Raw data,2018/19,91.60914581535806,Participation Rate (%),3
South Lanarkshire,Participation Rate,Raw data,2018/19,92.47787610619469,Participation Rate (%),3
Stirling,Participation Rate,Raw data,2018/19,94.36477987421384,Participation Rate (%),2
West Dunbartonshire,Participation Rate,Raw data,2018/19,90.12697590049235,Participation Rate (%),4
West Lothian,Participation Rate,Raw data,2018/19,92.05289828204177,Participation Rate (%),3
Aberdeen City,Participation Rate,Raw data,2019/20,89.7196261682243,Participation Rate (%),1
Aberdeenshire,Participation Rate,Raw data,2019/20,92.31560250537534,Participation Rate (%),1
Angus,Participation Rate,Raw data,2019/20,90.7621247113164,Participation Rate (%),2
Argyll and Bute,Participation Rate,Raw data,2019/20,94.76472421315052,Participation Rate (%),2
Clackmannanshire,Participation Rate,Raw data,2019/20,90.14084507042254,Participation Rate (%),3
Dumfries and Galloway,Participation Rate,Raw data,2019/20,91.16117850953206,Participation Rate (%),3
Dundee City,Participation Rate,Raw data,2019/20,88.17879571481345,Participation Rate (%),4
East Ayrshire,Participation Rate,Raw data,2019/20,88.65605480556115,Participation Rate (%),4
East Dunbartonshire,Participation Rate,Raw data,2019/20,96.50180940892642,Participation Rate (%),1
East Lothian,Participation Rate,Raw data,2019/20,93.9990162321692,Participation Rate (%),2
East Renfrewshire,Participation Rate,Raw data,2019/20,96.8964839913573,Participation Rate (%),1
"Edinburgh, City of",Participation Rate,Raw data,2019/20,92.24998124390429,Participation Rate (%),1
Eilean Siar,Participation Rate,Raw data,2019/20,95.47206165703275,Participation Rate (%),4
Falkirk,Participation Rate,Raw data,2019/20,92.30164964650432,Participation Rate (%),3
Fife,Participation Rate,Raw data,2019/20,90.66891891891892,Participation Rate (%),3
Glasgow City,Participation Rate,Raw data,2019/20,89.19862364733456,Participation Rate (%),4
Highland,Participation Rate,Raw data,2019/20,92.19644157735928,Participation Rate (%),2
Inverclyde,Participation Rate,Raw data,2019/20,91.76809737347854,Participation Rate (%),4
Midlothian,Participation Rate,Raw data,2019/20,92.86672030034862,Participation Rate (%),2
Moray,Participation Rate,Raw data,2019/20,91.29273504273505,Participation Rate (%),2
North Ayrshire,Participation Rate,Raw data,2019/20,90.53182214472535,Participation Rate (%),4
North Lanarkshire,Participation Rate,Raw data,2019/20,90.0840113779189,Participation Rate (%),4
Orkney Islands,Participation Rate,Raw data,2019/20,95.4491017964072,Participation Rate (%),1
Perth and Kinross,Participation Rate,Raw data,2019/20,93.36458708979444,Participation Rate (%),1
Renfrewshire,Participation Rate,Raw data,2019/20,91.73119469026548,Participation Rate (%),3
Scotland,Participation Rate,Raw data,2019/20,91.56483998204052,Participation Rate (%),NA
Scottish Borders,Participation Rate,Raw data,2019/20,91.94788551900896,Participation Rate (%),2
Shetland Islands,Participation Rate,Raw data,2019/20,96.98443579766536,Participation Rate (%),1
South Ayrshire,Participation Rate,Raw data,2019/20,91.56165616561655,Participation Rate (%),3
South Lanarkshire,Participation Rate,Raw data,2019/20,92.64273101824602,Participation Rate (%),3
Stirling,Participation Rate,Raw data,2019/20,94.3762781186094,Participation Rate (%),2
West Dunbartonshire,Participation Rate,Raw data,2019/20,90.27012850773669,Participation Rate (%),4
West Lothian,Participation Rate,Raw data,2019/20,90.55891238670696,Participation Rate (%),3
Aberdeen City,Participation Rate,Raw data,2020/21,89.8714330511132,Participation Rate (%),1
Aberdeenshire,Participation Rate,Raw data,2020/21,92.28730954859468,Participation Rate (%),1
Angus,Participation Rate,Raw data,2020/21,91.43217135657288,Participation Rate (%),2
Argyll and Bute,Participation Rate,Raw data,2020/21,94.06593406593406,Participation Rate (%),2
Clackmannanshire,Participation Rate,Raw data,2020/21,89.32786044125193,Participation Rate (%),3
Dumfries and Galloway,Participation Rate,Raw data,2020/21,91.89944134078212,Participation Rate (%),3
Dundee City,Participation Rate,Raw data,2020/21,90.03149898091533,Participation Rate (%),4
East Ayrshire,Participation Rate,Raw data,2020/21,89.97759217763291,Participation Rate (%),4
East Dunbartonshire,Participation Rate,Raw data,2020/21,96.14773629864972,Participation Rate (%),1
East Lothian,Participation Rate,Raw data,2020/21,94.46349828515432,Participation Rate (%),2
East Renfrewshire,Participation Rate,Raw data,2020/21,96.74955942823576,Participation Rate (%),1
"Edinburgh, City of",Participation Rate,Raw data,2020/21,92.39731142643764,Participation Rate (%),1
Eilean Siar,Participation Rate,Raw data,2020/21,95.50561797752808,Participation Rate (%),4
Falkirk,Participation Rate,Raw data,2020/21,91.92156862745098,Participation Rate (%),3
Fife,Participation Rate,Raw data,2020/21,91.72324823465507,Participation Rate (%),3
Glasgow City,Participation Rate,Raw data,2020/21,89.51831409934772,Participation Rate (%),4
Highland,Participation Rate,Raw data,2020/21,93.58761172313449,Participation Rate (%),2
Inverclyde,Participation Rate,Raw data,2020/21,92.92064537372408,Participation Rate (%),4
Midlothian,Participation Rate,Raw data,2020/21,93.36569579288026,Participation Rate (%),2
Moray,Participation Rate,Raw data,2020/21,93.48552338530068,Participation Rate (%),2
North Ayrshire,Participation Rate,Raw data,2020/21,90.56207319208544,Participation Rate (%),4
North Lanarkshire,Participation Rate,Raw data,2020/21,90.7127287139177,Participation Rate (%),4
Orkney Islands,Participation Rate,Raw data,2020/21,94.705174488568,Participation Rate (%),1
Perth and Kinross,Participation Rate,Raw data,2020/21,94.75998534261632,Participation Rate (%),1
Renfrewshire,Participation Rate,Raw data,2020/21,92.37122060470324,Participation Rate (%),3
Scotland,Participation Rate,Raw data,2020/21,92.13228404561583,Participation Rate (%),NA
Scottish Borders,Participation Rate,Raw data,2020/21,94.5478147987884,Participation Rate (%),2
Shetland Islands,Participation Rate,Raw data,2020/21,96.82702149437053,Participation Rate (%),1
South Ayrshire,Participation Rate,Raw data,2020/21,91.36756019990914,Participation Rate (%),3
South Lanarkshire,Participation Rate,Raw data,2020/21,92.70274299344068,Participation Rate (%),3
Stirling,Participation Rate,Raw data,2020/21,94.38737158606864,Participation Rate (%),2
West Dunbartonshire,Participation Rate,Raw data,2020/21,90.20771513353117,Participation Rate (%),4
West Lothian,Participation Rate,Raw data,2020/21,92.40632391385536,Participation Rate (%),3
Aberdeen City,Participation Rate,Raw data,2021/22,89.44313725490196,Participation Rate (%),1
Aberdeenshire,Participation Rate,Raw data,2021/22,92.2134238310709,Participation Rate (%),1
Angus,Participation Rate,Raw data,2021/22,92.4457429048414,Participation Rate (%),2
Argyll and Bute,Participation Rate,Raw data,2021/22,93.52904040404042,Participation Rate (%),2
Clackmannanshire,Participation Rate,Raw data,2021/22,89.96397323726197,Participation Rate (%),3
Dumfries and Galloway,Participation Rate,Raw data,2021/22,93.10463121783876,Participation Rate (%),3
Dundee City,Participation Rate,Raw data,2021/22,89.90775908844275,Participation Rate (%),4
East Ayrshire,Participation Rate,Raw data,2021/22,91.000807102502,Participation Rate (%),4
East Dunbartonshire,Participation Rate,Raw data,2021/22,96.65749115218246,Participation Rate (%),1
East Lothian,Participation Rate,Raw data,2021/22,94.01442307692308,Participation Rate (%),2
East Renfrewshire,Participation Rate,Raw data,2021/22,97.1955436035344,Participation Rate (%),1
"Edinburgh, City of",Participation Rate,Raw data,2021/22,92.52301752301751,Participation Rate (%),1
Eilean Siar,Participation Rate,Raw data,2021/22,95.62737642585552,Participation Rate (%),4
Falkirk,Participation Rate,Raw data,2021/22,91.82086767221271,Participation Rate (%),3
Fife,Participation Rate,Raw data,2021/22,91.03034344781594,Participation Rate (%),3
Glasgow City,Participation Rate,Raw data,2021/22,90.54451252926818,Participation Rate (%),4
Highland,Participation Rate,Raw data,2021/22,92.643678160919535,Participation Rate (%),2
Inverclyde,Participation Rate,Raw data,2021/22,93.31366764995084,Participation Rate (%),4
Midlothian,Participation Rate,Raw data,2021/22,93.71273712737128,Participation Rate (%),2
Moray,Participation Rate,Raw data,2021/22,91.76931690929452,Participation Rate (%),2
North Ayrshire,Participation Rate,Raw data,2021/22,90.1221640488656,Participation Rate (%),4
North Lanarkshire,Participation Rate,Raw data,2021/22,91.45715413979202,Participation Rate (%),4
Orkney Islands,Participation Rate,Raw data,2021/22,93.36550060313633,Participation Rate (%),1
Perth and Kinross,Participation Rate,Raw data,2021/22,93.6010267693436,Participation Rate (%),1
Renfrewshire,Participation Rate,Raw data,2021/22,92.9974740387314,Participation Rate (%),3
Scotland,Participation Rate,Raw data,2021/22,92.1794062516564,Participation Rate (%),NA
Scottish Borders,Participation Rate,Raw data,2021/22,93.79944408809064,Participation Rate (%),2
Shetland Islands,Participation Rate,Raw data,2021/22,97.04984740590032,Participation Rate (%),1
South Ayrshire,Participation Rate,Raw data,2021/22,91.78899082568807,Participation Rate (%),3
South Lanarkshire,Participation Rate,Raw data,2021/22,92.79379157427938,Participation Rate (%),3
Stirling,Participation Rate,Raw data,2021/22,93.7144271219995,Participation Rate (%),2
West Dunbartonshire,Participation Rate,Raw data,2021/22,90.79706345044572,Participation Rate (%),4
West Lothian,Participation Rate,Raw data,2021/22,91.2821758135017,Participation Rate (%),3
Aberdeen City,Participation Rate,Raw data,2022/23,91.222714089452,Participation Rate (%),1
Aberdeenshire,Participation Rate,Raw data,2022/23,93.12673450508788,Participation Rate (%),1
Angus,Participation Rate,Raw data,2022/23,93.24806039001888,Participation Rate (%),2
Argyll and Bute,Participation Rate,Raw data,2022/23,93.9155107187894,Participation Rate (%),2
Clackmannanshire,Participation Rate,Raw data,2022/23,90.72433559145388,Participation Rate (%),3
Dumfries and Galloway,Participation Rate,Raw data,2022/23,93.34218827826663,Participation Rate (%),3
Dundee City,Participation Rate,Raw data,2022/23,89.35093111553064,Participation Rate (%),4
East Ayrshire,Participation Rate,Raw data,2022/23,91.88861985472155,Participation Rate (%),4
East Dunbartonshire,Participation Rate,Raw data,2022/23,96.82075287692608,Participation Rate (%),1
East Lothian,Participation Rate,Raw data,2022/23,93.26473339569692,Participation Rate (%),2
East Renfrewshire,Participation Rate,Raw data,2022/23,97.04130643611911,Participation Rate (%),1
"Edinburgh, City of",Participation Rate,Raw data,2022/23,91.95157740278796,Participation Rate (%),1
Eilean Siar,Participation Rate,Raw data,2022/23,96.22285174693108,Participation Rate (%),4
Falkirk,Participation Rate,Raw data,2022/23,91.50257497727962,Participation Rate (%),3
Fife,Participation Rate,Raw data,2022/23,91.18386243386244,Participation Rate (%),3
Glasgow City,Participation Rate,Raw data,2022/23,91.20152761457108,Participation Rate (%),4
Highland,Participation Rate,Raw data,2022/23,92.71688311688312,Participation Rate (%),2
Inverclyde,Participation Rate,Raw data,2022/23,93.82992327365729,Participation Rate (%),4
Midlothian,Participation Rate,Raw data,2022/23,93.35618244133931,Participation Rate (%),2
Moray,Participation Rate,Raw data,2022/23,91.56992813709232,Participation Rate (%),2
North Ayrshire,Participation Rate,Raw data,2022/23,90.83837510803802,Participation Rate (%),4
North Lanarkshire,Participation Rate,Raw data,2022/23,90.19633422477334,Participation Rate (%),4
Orkney Islands,Participation Rate,Raw data,2022/23,93.9464493597206,Participation Rate (%),1
Perth and Kinross,Participation Rate,Raw data,2022/23,93.6510824085865,Participation Rate (%),1
Renfrewshire,Participation Rate,Raw data,2022/23,93.25407796516453,Participation Rate (%),3
Scotland,Participation Rate,Raw data,2022/23,92.3522744590064,Participation Rate (%),NA
Scottish Borders,Participation Rate,Raw data,2022/23,93.37465270356914,Participation Rate (%),2
Shetland Islands,Participation Rate,Raw data,2022/23,96.01990049751244,Participation Rate (%),1
South Ayrshire,Participation Rate,Raw data,2022/23,93.66857142857144,Participation Rate (%),3
South Lanarkshire,Participation Rate,Raw data,2022/23,92.3105170387779,Participation Rate (%),3
Stirling,Participation Rate,Raw data,2022/23,93.929173693086,Participation Rate (%),2
West Dunbartonshire,Participation Rate,Raw data,2022/23,90.1038961038961,Participation Rate (%),4
West Lothian,Participation Rate,Raw data,2022/23,93.42933204259438,Participation Rate (%),3
Aberdeen City,Participation Rate,Raw data,2023/24,90.2470930232558,Participation Rate (%),1
Aberdeenshire,Participation Rate,Raw data,2023/24,92.71022934109938,Participation Rate (%),1
Angus,Participation Rate,Raw data,2023/24,91.37460650577124,Participation Rate (%),2
Argyll and Bute,Participation Rate,Raw data,2023/24,94.4233206590621,Participation Rate (%),2
Clackmannanshire,Participation Rate,Raw data,2023/24,90.383631713555,Participation Rate (%),3
Dumfries and Galloway,Participation Rate,Raw data,2023/24,93.99609502115196,Participation Rate (%),3
Dundee City,Participation Rate,Raw data,2023/24,89.36244541484716,Participation Rate (%),4
East Ayrshire,Participation Rate,Raw data,2023/24,92.40631163708086,Participation Rate (%),4
East Dunbartonshire,Participation Rate,Raw data,2023/24,96.57809214299368,Participation Rate (%),1
East Lothian,Participation Rate,Raw data,2023/24,94.92091779906436,Participation Rate (%),2
East Renfrewshire,Participation Rate,Raw data,2023/24,97.08533077660594,Participation Rate (%),1
"Edinburgh, City of",Participation Rate,Raw data,2023/24,93.32816683105536,Participation Rate (%),1
Eilean Siar,Participation Rate,Raw data,2023/24,97.20670391061452,Participation Rate (%),4
Falkirk,Participation Rate,Raw data,2023/24,91.34799940941976,Participation Rate (%),3
Fife,Participation Rate,Raw data,2023/24,91.1683117218244,Participation Rate (%),3
Glasgow City,Participation Rate,Raw data,2023/24,90.80946333662575,Participation Rate (%),4
Highland,Participation Rate,Raw data,2023/24,92.9949964260186,Participation Rate (%),2
Inverclyde,Participation Rate,Raw data,2023/24,92.56778309409889,Participation Rate (%),4
Midlothian,Participation Rate,Raw data,2023/24,94.53145057766366,Participation Rate (%),2
Moray,Participation Rate,Raw data,2023/24,94.53402569007926,Participation Rate (%),2
North Ayrshire,Participation Rate,Raw data,2023/24,92.0299727520436,Participation Rate (%),4
North Lanarkshire,Participation Rate,Raw data,2023/24,90.96198848902662,Participation Rate (%),4
Orkney Islands,Participation Rate,Raw data,2023/24,94.19642857142856,Participation Rate (%),1
Perth and Kinross,Participation Rate,Raw data,2023/24,92.548596112311,Participation Rate (%),1
Renfrewshire,Participation Rate,Raw data,2023/24,92.8293272458708,Participation Rate (%),3
Scotland,Participation Rate,Raw data,2023/24,92.6466152154038,Participation Rate (%),NA
Scottish Borders,Participation Rate,Raw data,2023/24,94.49385853451928,Participation Rate (%),2
Shetland Islands,Participation Rate,Raw data,2023/24,97.20616570327552,Participation Rate (%),1
South Ayrshire,Participation Rate,Raw data,2023/24,95.57522123893806,Participation Rate (%),3
South Lanarkshire,Participation Rate,Raw data,2023/24,93.27177725288097,Participation Rate (%),3
Stirling,Participation Rate,Raw data,2023/24,94.3843984962406,Participation Rate (%),2
West Dunbartonshire,Participation Rate,Raw data,2023/24,91.19718309859157,Participation Rate (%),4
West Lothian,Participation Rate,Raw data,2023/24,93.61852156540134,Participation Rate (%),3
Aberdeen City,Participation Rate,Projected,2024/25,90.11611833010782,Participation Rate (%),1
Aberdeenshire,Participation Rate,Projected,2024/25,91.82146315696804,Participation Rate (%),1
Angus,Participation Rate,Projected,2024/25,91.92917438748198,Participation Rate (%),2
Argyll and Bute,Participation Rate,Projected,2024/25,94.32067775337308,Participation Rate (%),2
Clackmannanshire,Participation Rate,Projected,2024/25,90.34582132564842,Participation Rate (%),3
Dumfries and Galloway,Participation Rate,Projected,2024/25,94.36420722135009,Participation Rate (%),3
Dundee City,Participation Rate,Projected,2024/25,90.4874346432788,Participation Rate (%),4
East Ayrshire,Participation Rate,Projected,2024/25,91.78931061192874,Participation Rate (%),4
East Dunbartonshire,Participation Rate,Projected,2024/25,96.1472765230594,Participation Rate (%),1
East Lothian,Participation Rate,Projected,2024/25,94.55767562879444,Participation Rate (%),2
East Renfrewshire,Participation Rate,Projected,2024/25,96.88087185268697,Participation Rate (%),1
"Edinburgh, City of",Participation Rate,Projected,2024/25,93.51771823681936,Participation Rate (%),1
Eilean Siar,Participation Rate,Projected,2024/25,96.82971014492752,Participation Rate (%),4
Falkirk,Participation Rate,Projected,2024/25,91.71983553097972,Participation Rate (%),3
Fife,Participation Rate,Projected,2024/25,90.8318230110618,Participation Rate (%),3
Glasgow City,Participation Rate,Projected,2024/25,91.74462647743348,Participation Rate (%),4
Highland,Participation Rate,Projected,2024/25,93.83185044486652,Participation Rate (%),2
Inverclyde,Participation Rate,Projected,2024/25,93.45794392523364,Participation Rate (%),4
Midlothian,Participation Rate,Projected,2024/25,94.03647116806307,Participation Rate (%),2
Moray,Participation Rate,Projected,2024/25,93.09725429817809,Participation Rate (%),2
North Ayrshire,Participation Rate,Projected,2024/25,91.669449081803,Participation Rate (%),4
North Lanarkshire,Participation Rate,Projected,2024/25,91.90508983910348,Participation Rate (%),4
Orkney Islands,Participation Rate,Projected,2024/25,93.47826086956522,Participation Rate (%),1
Perth and Kinross,Participation Rate,Projected,2024/25,92.5420168067227,Participation Rate (%),1
Renfrewshire,Participation Rate,Projected,2024/25,92.42483404919952,Participation Rate (%),3
Scotland,Participation Rate,Projected,2024/25,92.73111986494092,Participation Rate (%),NA
Scottish Borders,Participation Rate,Projected,2024/25,94.19139155871292,Participation Rate (%),2
Shetland Islands,Participation Rate,Projected,2024/25,97.59384023099132,Participation Rate (%),1
South Ayrshire,Participation Rate,Projected,2024/25,95.29360967184802,Participation Rate (%),3
South Lanarkshire,Participation Rate,Projected,2024/25,93.76427434424528,Participation Rate (%),3
Stirling,Participation Rate,Projected,2024/25,94.42119944211994,Participation Rate (%),2
West Dunbartonshire,Participation Rate,Projected,2024/25,90.68143510715146,Participation Rate (%),4
West Lothian,Participation Rate,Projected,2024/25,92.6798866855524,Participation Rate (%),3
Aberdeen City,Participation Rate,Projected,2025/26,90.25549137364816,Participation Rate (%),1
Aberdeenshire,Participation Rate,Projected,2025/26,91.66610853489333,Participation Rate (%),1
Angus,Participation Rate,Projected,2025/26,91.96625259561874,Participation Rate (%),2
Argyll and Bute,Participation Rate,Projected,2025/26,94.33948679146312,Participation Rate (%),2
Clackmannanshire,Participation Rate,Projected,2025/26,90.58467297477682,Participation Rate (%),3
Dumfries and Galloway,Participation Rate,Projected,2025/26,94.79144913276058,Participation Rate (%),3
Dundee City,Participation Rate,Projected,2025/26,90.80278919594949,Participation Rate (%),4
East Ayrshire,Participation Rate,Projected,2025/26,92.06885537634544,Participation Rate (%),4
East Dunbartonshire,Participation Rate,Projected,2025/26,96.20541631598348,Participation Rate (%),1
East Lothian,Participation Rate,Projected,2025/26,95.0067127515446,Participation Rate (%),2
East Renfrewshire,Participation Rate,Projected,2025/26,96.9388185424154,Participation Rate (%),1
"Edinburgh, City of",Participation Rate,Projected,2025/26,93.93161287389243,Participation Rate (%),1
Eilean Siar,Participation Rate,Projected,2025/26,96.94765440327171,Participation Rate (%),4
Falkirk,Participation Rate,Projected,2025/26,91.93339283114042,Participation Rate (%),3
Fife,Participation Rate,Projected,2025/26,91.11943828047008,Participation Rate (%),3
Glasgow City,Participation Rate,Projected,2025/26,92.31588183654674,Participation Rate (%),4
Highland,Participation Rate,Projected,2025/26,93.88248610743186,Participation Rate (%),2
Inverclyde,Participation Rate,Projected,2025/26,93.71015438396478,Participation Rate (%),4
Midlothian,Participation Rate,Projected,2025/26,94.6490082582434,Participation Rate (%),2
Moray,Participation Rate,Projected,2025/26,93.33798211737955,Participation Rate (%),2
North Ayrshire,Participation Rate,Projected,2025/26,91.87278946323562,Participation Rate (%),4
North Lanarkshire,Participation Rate,Projected,2025/26,92.19924275911504,Participation Rate (%),4
Orkney Islands,Participation Rate,Projected,2025/26,93.41167699578476,Participation Rate (%),1
Perth and Kinross,Participation Rate,Projected,2025/26,92.5113111453818,Participation Rate (%),1
Renfrewshire,Participation Rate,Projected,2025/26,92.61424439805596,Participation Rate (%),3
Scotland,Participation Rate,Projected,2025/26,92.99691385231918,Participation Rate (%),NA
Scottish Borders,Participation Rate,Projected,2025/26,94.50779556574788,Participation Rate (%),2
Shetland Islands,Participation Rate,Projected,2025/26,97.59384023099132,Participation Rate (%),1
South Ayrshire,Participation Rate,Projected,2025/26,95.79386538877446,Participation Rate (%),3
South Lanarkshire,Participation Rate,Projected,2025/26,94.14429350956446,Participation Rate (%),3
Stirling,Participation Rate,Projected,2025/26,94.68507034333854,Participation Rate (%),2
West Dunbartonshire,Participation Rate,Projected,2025/26,90.9423698522735,Participation Rate (%),4
West Lothian,Participation Rate,Projected,2025/26,93.02139366096182,Participation Rate (%),3
Aberdeen City,Participation Rate,Projected,2026/27,90.39507997069464,Participation Rate (%),1
Aberdeenshire,Participation Rate,Projected,2026/27,91.511016760499,Participation Rate (%),1
Angus,Participation Rate,Projected,2026/27,92.00334575867626,Participation Rate (%),2
Argyll and Bute,Participation Rate,Projected,2026/27,94.35829958037348,Participation Rate (%),2
Clackmannanshire,Participation Rate,Projected,2026/27,90.82415608764592,Participation Rate (%),3
Dumfries and Galloway,Participation Rate,Projected,2026/27,95.22062541797912,Participation Rate (%),3
Dundee City,Participation Rate,Projected,2026/27,91.11924277959923,Participation Rate (%),4
East Ayrshire,Participation Rate,Projected,2026/27,92.34925149561808,Participation Rate (%),4
East Dunbartonshire,Participation Rate,Projected,2026/27,96.26359126575902,Participation Rate (%),1
East Lothian,Participation Rate,Projected,2026/27,95.45788226953678,Participation Rate (%),2
East Renfrewshire,Participation Rate,Projected,2026/27,96.99679989139896,Participation Rate (%),1
"Edinburgh, City of",Participation Rate,Projected,2026/27,94.34733934319824,Participation Rate (%),1
Eilean Siar,Participation Rate,Projected,2026/27,97.06574232463066,Participation Rate (%),4
Falkirk,Participation Rate,Projected,2026/27,92.1474473707498,Participation Rate (%),3
Fife,Participation Rate,Projected,2026/27,91.4079642719189,Participation Rate (%),3
Glasgow City,Participation Rate,Projected,2026/27,92.89069416349392,Participation Rate (%),4
Highland,Participation Rate,Projected,2026/27,93.93314909515716,Participation Rate (%),2
Inverclyde,Participation Rate,Projected,2026/27,93.96304547093168,Participation Rate (%),4
Midlothian,Participation Rate,Projected,2026/27,95.26553530766172,Participation Rate (%),2
Moray,Participation Rate,Projected,2026/27,93.57933240266097,Participation Rate (%),2
North Ayrshire,Participation Rate,Projected,2026/27,92.07658089254882,Participation Rate (%),4
North Lanarkshire,Participation Rate,Projected,2026/27,92.49433714972962,Participation Rate (%),4
Orkney Islands,Participation Rate,Projected,2026/27,93.34514054920508,Participation Rate (%),1
Perth and Kinross,Participation Rate,Projected,2026/27,92.48061567225236,Participation Rate (%),1
Renfrewshire,Participation Rate,Projected,2026/27,92.80404291401727,Participation Rate (%),3
Scotland,Participation Rate,Projected,2026/27,93.26346968150231,Participation Rate (%),NA
Scottish Borders,Participation Rate,Projected,2026/27,94.82526242464236,Participation Rate (%),2
Shetland Islands,Participation Rate,Projected,2026/27,97.59384023099132,Participation Rate (%),1
South Ayrshire,Participation Rate,Projected,2026/27,96.29674726062548,Participation Rate (%),3
South Lanarkshire,Participation Rate,Projected,2026/27,94.52585286241263,Participation Rate (%),3
Stirling,Participation Rate,Projected,2026/27,94.94967866213838,Participation Rate (%),2
West Dunbartonshire,Participation Rate,Projected,2026/27,91.20405543400427,Participation Rate (%),4
West Lothian,Participation Rate,Projected,2026/27,93.36415902174936,Participation Rate (%),3
Aberdeen City,Positive Destinations,Raw data,2012/13,90.87061668681984,Positive Destinations (%),1
Aberdeenshire,Positive Destinations,Raw data,2012/13,94.4778362133734,Positive Destinations (%),1
Angus,Positive Destinations,Raw data,2012/13,93.48659003831418,Positive Destinations (%),2
Argyll and Bute,Positive Destinations,Raw data,2012/13,92.63657957244656,Positive Destinations (%),2
Clackmannanshire,Positive Destinations,Raw data,2012/13,83.4,Positive Destinations (%),3
Dumfries and Galloway,Positive Destinations,Raw data,2012/13,91.53175591531756,Positive Destinations (%),3
Dundee City,Positive Destinations,Raw data,2012/13,89.12228057014254,Positive Destinations (%),4
East Ayrshire,Positive Destinations,Raw data,2012/13,93.06184012066365,Positive Destinations (%),4
East Dunbartonshire,Positive Destinations,Raw data,2012/13,95.32567049808428,Positive Destinations (%),1
East Lothian,Positive Destinations,Raw data,2012/13,90.6280193236715,Positive Destinations (%),2
East Renfrewshire,Positive Destinations,Raw data,2012/13,93.88071262587142,Positive Destinations (%),1
"Edinburgh, City of",Positive Destinations,Raw data,2012/13,91.40136864028564,Positive Destinations (%),1
Eilean Siar,Positive Destinations,Raw data,2012/13,95.87301587301587,Positive Destinations (%),4
Falkirk,Positive Destinations,Raw data,2012/13,90,Positive Destinations (%),3
Fife,Positive Destinations,Raw data,2012/13,88.08664259927798,Positive Destinations (%),3
Glasgow City,Positive Destinations,Raw data,2012/13,85.23111612175873,Positive Destinations (%),4
Highland,Positive Destinations,Raw data,2012/13,92.99920445505172,Positive Destinations (%),2
Inverclyde,Positive Destinations,Raw data,2012/13,92.49106078665076,Positive Destinations (%),4
Midlothian,Positive Destinations,Raw data,2012/13,88.41893252769385,Positive Destinations (%),2
Moray,Positive Destinations,Raw data,2012/13,92.66862170087975,Positive Destinations (%),2
North Ayrshire,Positive Destinations,Raw data,2012/13,92.24459358687548,Positive Destinations (%),4
North Lanarkshire,Positive Destinations,Raw data,2012/13,88.62275449101796,Positive Destinations (%),4
Orkney Islands,Positive Destinations,Raw data,2012/13,91.98473282442748,Positive Destinations (%),1
Perth and Kinross,Positive Destinations,Raw data,2012/13,93.18181818181816,Positive Destinations (%),1
Renfrewshire,Positive Destinations,Raw data,2012/13,89.33865450399088,Positive Destinations (%),3
Scotland,Positive Destinations,Raw data,2012/13,90.56003105891487,Positive Destinations (%),NA
Scottish Borders,Positive Destinations,Raw data,2012/13,92.89297658862876,Positive Destinations (%),2
Shetland Islands,Positive Destinations,Raw data,2012/13,97.34848484848484,Positive Destinations (%),1
South Ayrshire,Positive Destinations,Raw data,2012/13,91.88955996548748,Positive Destinations (%),3
South Lanarkshire,Positive Destinations,Raw data,2012/13,90.24683925346176,Positive Destinations (%),3
Stirling,Positive Destinations,Raw data,2012/13,87.89682539682539,Positive Destinations (%),2
West Dunbartonshire,Positive Destinations,Raw data,2012/13,88.9967637540453,Positive Destinations (%),4
West Lothian,Positive Destinations,Raw data,2012/13,89.03061224489795,Positive Destinations (%),3
Aberdeen City,Positive Destinations,Raw data,2013/14,92.1383647798742,Positive Destinations (%),1
Aberdeenshire,Positive Destinations,Raw data,2013/14,94.24846625766872,Positive Destinations (%),1
Angus,Positive Destinations,Raw data,2013/14,93.8061938061938,Positive Destinations (%),2
Argyll and Bute,Positive Destinations,Raw data,2013/14,92.14208826695372,Positive Destinations (%),2
Clackmannanshire,Positive Destinations,Raw data,2013/14,88.45401174168298,Positive Destinations (%),3
Dumfries and Galloway,Positive Destinations,Raw data,2013/14,90.25806451612904,Positive Destinations (%),3
Dundee City,Positive Destinations,Raw data,2013/14,89.58180484225971,Positive Destinations (%),4
East Ayrshire,Positive Destinations,Raw data,2013/14,93.49871685201026,Positive Destinations (%),4
East Dunbartonshire,Positive Destinations,Raw data,2013/14,95.89147286821704,Positive Destinations (%),1
East Lothian,Positive Destinations,Raw data,2013/14,91.96172248803828,Positive Destinations (%),2
East Renfrewshire,Positive Destinations,Raw data,2013/14,95.59372666168782,Positive Destinations (%),1
"Edinburgh, City of",Positive Destinations,Raw data,2013/14,93.00807955251707,Positive Destinations (%),1
Eilean Siar,Positive Destinations,Raw data,2013/14,96.88581314878893,Positive Destinations (%),4
Falkirk,Positive Destinations,Raw data,2013/14,90.65479974570884,Positive Destinations (%),3
Fife,Positive Destinations,Raw data,2013/14,90.147509045366,Positive Destinations (%),3
Glasgow City,Positive Destinations,Raw data,2013/14,86.80236375574523,Positive Destinations (%),4
Highland,Positive Destinations,Raw data,2013/14,94.59349593495936,Positive Destinations (%),2
Inverclyde,Positive Destinations,Raw data,2013/14,92.3076923076923,Positive Destinations (%),4
Midlothian,Positive Destinations,Raw data,2013/14,90.13761467889908,Positive Destinations (%),2
Moray,Positive Destinations,Raw data,2013/14,93.31366764995084,Positive Destinations (%),2
North Ayrshire,Positive Destinations,Raw data,2013/14,92.28142076502732,Positive Destinations (%),4
North Lanarkshire,Positive Destinations,Raw data,2013/14,90.41994750656168,Positive Destinations (%),4
Orkney Islands,Positive Destinations,Raw data,2013/14,94.25837320574163,Positive Destinations (%),1
Perth and Kinross,Positive Destinations,Raw data,2013/14,94.93374902572096,Positive Destinations (%),1
Renfrewshire,Positive Destinations,Raw data,2013/14,92.45794899620184,Positive Destinations (%),3
Scotland,Positive Destinations,Raw data,2013/14,91.72986567367867,Positive Destinations (%),NA
Scottish Borders,Positive Destinations,Raw data,2013/14,93.9422180801491,Positive Destinations (%),2
Shetland Islands,Positive Destinations,Raw data,2013/14,96.42857142857144,Positive Destinations (%),1
South Ayrshire,Positive Destinations,Raw data,2013/14,92.11155378486056,Positive Destinations (%),3
South Lanarkshire,Positive Destinations,Raw data,2013/14,91.19760479041916,Positive Destinations (%),3
Stirling,Positive Destinations,Raw data,2013/14,90.03083247687564,Positive Destinations (%),2
West Dunbartonshire,Positive Destinations,Raw data,2013/14,85.63772775991426,Positive Destinations (%),4
West Lothian,Positive Destinations,Raw data,2013/14,92.02825428859738,Positive Destinations (%),3
Aberdeen City,Positive Destinations,Raw data,2014/15,91.53798641136504,Positive Destinations (%),1
Aberdeenshire,Positive Destinations,Raw data,2014/15,94.9812734082397,Positive Destinations (%),1
Angus,Positive Destinations,Raw data,2014/15,93.33849728892332,Positive Destinations (%),2
Argyll and Bute,Positive Destinations,Raw data,2014/15,93.1228861330327,Positive Destinations (%),2
Clackmannanshire,Positive Destinations,Raw data,2014/15,87.25490196078431,Positive Destinations (%),3
Dumfries and Galloway,Positive Destinations,Raw data,2014/15,92.95865633074936,Positive Destinations (%),3
Dundee City,Positive Destinations,Raw data,2014/15,89.94586233565352,Positive Destinations (%),4
East Ayrshire,Positive Destinations,Raw data,2014/15,90.80280592361652,Positive Destinations (%),4
East Dunbartonshire,Positive Destinations,Raw data,2014/15,95.01151189562547,Positive Destinations (%),1
East Lothian,Positive Destinations,Raw data,2014/15,92.39881539980256,Positive Destinations (%),2
East Renfrewshire,Positive Destinations,Raw data,2014/15,95.13055751587862,Positive Destinations (%),1
"Edinburgh, City of",Positive Destinations,Raw data,2014/15,92.3783287419651,Positive Destinations (%),1
Eilean Siar,Positive Destinations,Raw data,2014/15,97.00374531835206,Positive Destinations (%),4
Falkirk,Positive Destinations,Raw data,2014/15,92.73885350318471,Positive Destinations (%),3
Fife,Positive Destinations,Raw data,2014/15,91.16066630843632,Positive Destinations (%),3
Glasgow City,Positive Destinations,Raw data,2014/15,89.5977508650519,Positive Destinations (%),4
Highland,Positive Destinations,Raw data,2014/15,94.11299881469776,Positive Destinations (%),2
Inverclyde,Positive Destinations,Raw data,2014/15,91.25475285171105,Positive Destinations (%),4
Midlothian,Positive Destinations,Raw data,2014/15,90.4,Positive Destinations (%),2
Moray,Positive Destinations,Raw data,2014/15,90.18348623853213,Positive Destinations (%),2
North Ayrshire,Positive Destinations,Raw data,2014/15,91.8097754293263,Positive Destinations (%),4
North Lanarkshire,Positive Destinations,Raw data,2014/15,91.52675760755508,Positive Destinations (%),4
Orkney Islands,Positive Destinations,Raw data,2014/15,93.75,Positive Destinations (%),1
Perth and Kinross,Positive Destinations,Raw data,2014/15,94.50243562978427,Positive Destinations (%),1
Renfrewshire,Positive Destinations,Raw data,2014/15,93.69416710457172,Positive Destinations (%),3
Scotland,Positive Destinations,Raw data,2014/15,92.18143951697652,Positive Destinations (%),NA
Scottish Borders,Positive Destinations,Raw data,2014/15,94.275802254987,Positive Destinations (%),2
Shetland Islands,Positive Destinations,Raw data,2014/15,97.21115537848604,Positive Destinations (%),1
South Ayrshire,Positive Destinations,Raw data,2014/15,92.46401354784082,Positive Destinations (%),3
South Lanarkshire,Positive Destinations,Raw data,2014/15,90.91743119266054,Positive Destinations (%),3
Stirling,Positive Destinations,Raw data,2014/15,91.19617224880383,Positive Destinations (%),2
West Dunbartonshire,Positive Destinations,Raw data,2014/15,89.22091782283886,Positive Destinations (%),4
West Lothian,Positive Destinations,Raw data,2014/15,91.80156657963448,Positive Destinations (%),3
Aberdeen City,Positive Destinations,Raw data,2015/16,89.68206358728254,Positive Destinations (%),1
Aberdeenshire,Positive Destinations,Raw data,2015/16,93.8910505836576,Positive Destinations (%),1
Angus,Positive Destinations,Raw data,2015/16,91.79655455291224,Positive Destinations (%),2
Argyll and Bute,Positive Destinations,Raw data,2015/16,92.79379157427938,Positive Destinations (%),2
Clackmannanshire,Positive Destinations,Raw data,2015/16,87.67967145790554,Positive Destinations (%),3
Dumfries and Galloway,Positive Destinations,Raw data,2015/16,92.91070211315608,Positive Destinations (%),3
Dundee City,Positive Destinations,Raw data,2015/16,88.41726618705036,Positive Destinations (%),4
East Ayrshire,Positive Destinations,Raw data,2015/16,90.12539184952978,Positive Destinations (%),4
East Dunbartonshire,Positive Destinations,Raw data,2015/16,95.81497797356828,Positive Destinations (%),1
East Lothian,Positive Destinations,Raw data,2015/16,93.87956564659429,Positive Destinations (%),2
East Renfrewshire,Positive Destinations,Raw data,2015/16,94.83129935391244,Positive Destinations (%),1
"Edinburgh, City of",Positive Destinations,Raw data,2015/16,92.82208588957054,Positive Destinations (%),1
Eilean Siar,Positive Destinations,Raw data,2015/16,98.015873015873,Positive Destinations (%),4
Falkirk,Positive Destinations,Raw data,2015/16,92.44911359159552,Positive Destinations (%),3
Fife,Positive Destinations,Raw data,2015/16,91.04880021569156,Positive Destinations (%),3
Glasgow City,Positive Destinations,Raw data,2015/16,86.72391017173051,Positive Destinations (%),4
Highland,Positive Destinations,Raw data,2015/16,93.5483870967742,Positive Destinations (%),2
Inverclyde,Positive Destinations,Raw data,2015/16,91.18825100133512,Positive Destinations (%),4
Midlothian,Positive Destinations,Raw data,2015/16,92.92214357937311,Positive Destinations (%),2
Moray,Positive Destinations,Raw data,2015/16,91.1,Positive Destinations (%),2
North Ayrshire,Positive Destinations,Raw data,2015/16,90.8,Positive Destinations (%),4
North Lanarkshire,Positive Destinations,Raw data,2015/16,89.8989898989899,Positive Destinations (%),4
Orkney Islands,Positive Destinations,Raw data,2015/16,94.7867298578199,Positive Destinations (%),1
Perth and Kinross,Positive Destinations,Raw data,2015/16,94.50469992769342,Positive Destinations (%),1
Renfrewshire,Positive Destinations,Raw data,2015/16,89.70174451322454,Positive Destinations (%),3
Scotland,Positive Destinations,Raw data,2015/16,91.5990251952488,Positive Destinations (%),NA
Scottish Borders,Positive Destinations,Raw data,2015/16,94.1991341991342,Positive Destinations (%),2
Shetland Islands,Positive Destinations,Raw data,2015/16,97.79411764705884,Positive Destinations (%),1
South Ayrshire,Positive Destinations,Raw data,2015/16,91.45228215767636,Positive Destinations (%),3
South Lanarkshire,Positive Destinations,Raw data,2015/16,92.79331219371578,Positive Destinations (%),3
Stirling,Positive Destinations,Raw data,2015/16,92.89099526066352,Positive Destinations (%),2
West Dunbartonshire,Positive Destinations,Raw data,2015/16,90.07391763463568,Positive Destinations (%),4
West Lothian,Positive Destinations,Raw data,2015/16,90.96871846619575,Positive Destinations (%),3
Aberdeen City,Positive Destinations,Raw data,2016/17,92.76960784313728,Positive Destinations (%),1
Aberdeenshire,Positive Destinations,Raw data,2016/17,94.72700074794317,Positive Destinations (%),1
Angus,Positive Destinations,Raw data,2016/17,94.06631762652704,Positive Destinations (%),2
Argyll and Bute,Positive Destinations,Raw data,2016/17,95.09918319719954,Positive Destinations (%),2
Clackmannanshire,Positive Destinations,Raw data,2016/17,89.6969696969697,Positive Destinations (%),3
Dumfries and Galloway,Positive Destinations,Raw data,2016/17,93.92523364485982,Positive Destinations (%),3
Dundee City,Positive Destinations,Raw data,2016/17,91.51020408163264,Positive Destinations (%),4
East Ayrshire,Positive Destinations,Raw data,2016/17,93.41500765696784,Positive Destinations (%),4
East Dunbartonshire,Positive Destinations,Raw data,2016/17,97.17057396928053,Positive Destinations (%),1
East Lothian,Positive Destinations,Raw data,2016/17,95.48133595284872,Positive Destinations (%),2
East Renfrewshire,Positive Destinations,Raw data,2016/17,96.57228017883756,Positive Destinations (%),1
"Edinburgh, City of",Positive Destinations,Raw data,2016/17,92.38625812441968,Positive Destinations (%),1
Eilean Siar,Positive Destinations,Raw data,2016/17,96.99248120300751,Positive Destinations (%),4
Falkirk,Positive Destinations,Raw data,2016/17,93.38790931989924,Positive Destinations (%),3
Fife,Positive Destinations,Raw data,2016/17,91.18038902211563,Positive Destinations (%),3
Glasgow City,Positive Destinations,Raw data,2016/17,90.3846153846154,Positive Destinations (%),4
Highland,Positive Destinations,Raw data,2016/17,96.01990049751244,Positive Destinations (%),2
Inverclyde,Positive Destinations,Raw data,2016/17,90.19108280254775,Positive Destinations (%),4
Midlothian,Positive Destinations,Raw data,2016/17,94.66230936819171,Positive Destinations (%),2
Moray,Positive Destinations,Raw data,2016/17,94.37229437229438,Positive Destinations (%),2
North Ayrshire,Positive Destinations,Raw data,2016/17,92.26519337016576,Positive Destinations (%),4
North Lanarkshire,Positive Destinations,Raw data,2016/17,91.27734269511208,Positive Destinations (%),4
Orkney Islands,Positive Destinations,Raw data,2016/17,95.07389162561576,Positive Destinations (%),1
Perth and Kinross,Positive Destinations,Raw data,2016/17,94.25770308123248,Positive Destinations (%),1
Renfrewshire,Positive Destinations,Raw data,2016/17,93.12849162011172,Positive Destinations (%),3
Scotland,Positive Destinations,Raw data,2016/17,93.14078011412492,Positive Destinations (%),NA
Scottish Borders,Positive Destinations,Raw data,2016/17,95.52102376599636,Positive Destinations (%),2
Shetland Islands,Positive Destinations,Raw data,2016/17,98.5,Positive Destinations (%),1
South Ayrshire,Positive Destinations,Raw data,2016/17,93.26660600545952,Positive Destinations (%),3
South Lanarkshire,Positive Destinations,Raw data,2016/17,94.35028248587572,Positive Destinations (%),3
Stirling,Positive Destinations,Raw data,2016/17,93.90715667311412,Positive Destinations (%),2
West Dunbartonshire,Positive Destinations,Raw data,2016/17,90.86809470124012,Positive Destinations (%),4
West Lothian,Positive Destinations,Raw data,2016/17,91.214859437751,Positive Destinations (%),3
Aberdeen City,Positive Destinations,Raw data,2017/18,91.94805194805194,Positive Destinations (%),1
Aberdeenshire,Positive Destinations,Raw data,2017/18,95.36345776031436,Positive Destinations (%),1
Angus,Positive Destinations,Raw data,2017/18,93.56300997280144,Positive Destinations (%),2
Argyll and Bute,Positive Destinations,Raw data,2017/18,95.1127819548872,Positive Destinations (%),2
Clackmannanshire,Positive Destinations,Raw data,2017/18,91.66666666666666,Positive Destinations (%),3
Dumfries and Galloway,Positive Destinations,Raw data,2017/18,93.36661911554924,Positive Destinations (%),3
Dundee City,Positive Destinations,Raw data,2017/18,89.83333333333333,Positive Destinations (%),4
East Ayrshire,Positive Destinations,Raw data,2017/18,93.63957597173145,Positive Destinations (%),4
East Dunbartonshire,Positive Destinations,Raw data,2017/18,98.61644888547272,Positive Destinations (%),1
East Lothian,Positive Destinations,Raw data,2017/18,95.66074950690336,Positive Destinations (%),2
East Renfrewshire,Positive Destinations,Raw data,2017/18,96.49379108838568,Positive Destinations (%),1
"Edinburgh, City of",Positive Destinations,Raw data,2017/18,93.79310344827586,Positive Destinations (%),1
Eilean Siar,Positive Destinations,Raw data,2017/18,93.75,Positive Destinations (%),4
Falkirk,Positive Destinations,Raw data,2017/18,92.66709928617782,Positive Destinations (%),3
Fife,Positive Destinations,Raw data,2017/18,90.86783891094726,Positive Destinations (%),3
Glasgow City,Positive Destinations,Raw data,2017/18,89.87341772151899,Positive Destinations (%),4
Highland,Positive Destinations,Raw data,2017/18,95.8589585895859,Positive Destinations (%),2
Inverclyde,Positive Destinations,Raw data,2017/18,92.2752808988764,Positive Destinations (%),4
Midlothian,Positive Destinations,Raw data,2017/18,92.89678135405104,Positive Destinations (%),2
Moray,Positive Destinations,Raw data,2017/18,92.11663066954644,Positive Destinations (%),2
North Ayrshire,Positive Destinations,Raw data,2017/18,93.78698224852072,Positive Destinations (%),4
North Lanarkshire,Positive Destinations,Raw data,2017/18,92.48440158820192,Positive Destinations (%),4
Orkney Islands,Positive Destinations,Raw data,2017/18,94.89795918367348,Positive Destinations (%),1
Perth and Kinross,Positive Destinations,Raw data,2017/18,96.05654761904762,Positive Destinations (%),1
Renfrewshire,Positive Destinations,Raw data,2017/18,92.54312743461324,Positive Destinations (%),3
Scotland,Positive Destinations,Raw data,2017/18,93.34138972809669,Positive Destinations (%),NA
Scottish Borders,Positive Destinations,Raw data,2017/18,95.06802721088437,Positive Destinations (%),2
Shetland Islands,Positive Destinations,Raw data,2017/18,97.6,Positive Destinations (%),1
South Ayrshire,Positive Destinations,Raw data,2017/18,92.81332164767748,Positive Destinations (%),3
South Lanarkshire,Positive Destinations,Raw data,2017/18,93.7327188940092,Positive Destinations (%),3
Stirling,Positive Destinations,Raw data,2017/18,95.29058116232466,Positive Destinations (%),2
West Dunbartonshire,Positive Destinations,Raw data,2017/18,92.7927927927928,Positive Destinations (%),4
West Lothian,Positive Destinations,Raw data,2017/18,93.38582677165354,Positive Destinations (%),3
Aberdeen City,Positive Destinations,Raw data,2018/19,93.1980906921241,Positive Destinations (%),1
Aberdeenshire,Positive Destinations,Raw data,2018/19,94.99426824608332,Positive Destinations (%),1
Angus,Positive Destinations,Raw data,2018/19,93.22175732217572,Positive Destinations (%),2
Argyll and Bute,Positive Destinations,Raw data,2018/19,93.0622009569378,Positive Destinations (%),2
Clackmannanshire,Positive Destinations,Raw data,2018/19,90.79229122055676,Positive Destinations (%),3
Dumfries and Galloway,Positive Destinations,Raw data,2018/19,91.83673469387756,Positive Destinations (%),3
Dundee City,Positive Destinations,Raw data,2018/19,91.66023166023166,Positive Destinations (%),4
East Ayrshire,Positive Destinations,Raw data,2018/19,91.4644351464435,Positive Destinations (%),4
East Dunbartonshire,Positive Destinations,Raw data,2018/19,95.873786407767,Positive Destinations (%),1
East Lothian,Positive Destinations,Raw data,2018/19,94.77911646586344,Positive Destinations (%),2
East Renfrewshire,Positive Destinations,Raw data,2018/19,96.66160849772383,Positive Destinations (%),1
"Edinburgh, City of",Positive Destinations,Raw data,2018/19,92.3996322402697,Positive Destinations (%),1
Eilean Siar,Positive Destinations,Raw data,2018/19,95.63492063492065,Positive Destinations (%),4
Falkirk,Positive Destinations,Raw data,2018/19,93.234100135318,Positive Destinations (%),3
Fife,Positive Destinations,Raw data,2018/19,91.04683195592288,Positive Destinations (%),3
Glasgow City,Positive Destinations,Raw data,2018/19,90.61205706396689,Positive Destinations (%),4
Highland,Positive Destinations,Raw data,2018/19,93.45422379478109,Positive Destinations (%),2
Inverclyde,Positive Destinations,Raw data,2018/19,93.5158501440922,Positive Destinations (%),4
Midlothian,Positive Destinations,Raw data,2018/19,92.40506329113924,Positive Destinations (%),2
Moray,Positive Destinations,Raw data,2018/19,92.41758241758242,Positive Destinations (%),2
North Ayrshire,Positive Destinations,Raw data,2018/19,92,Positive Destinations (%),4
North Lanarkshire,Positive Destinations,Raw data,2018/19,92.48761695101815,Positive Destinations (%),4
Orkney Islands,Positive Destinations,Raw data,2018/19,94.46278147779722,Positive Destinations (%),1
Perth and Kinross,Positive Destinations,Raw data,2018/19,96.23493975903614,Positive Destinations (%),1
Renfrewshire,Positive Destinations,Raw data,2018/19,93.4085510688836,Positive Destinations (%),3
Scotland,Positive Destinations,Raw data,2018/19,92.8506696203806,Positive Destinations (%),NA
Scottish Borders,Positive Destinations,Raw data,2018/19,95.28795811518324,Positive Destinations (%),2
Shetland Islands,Positive Destinations,Raw data,2018/19,95.6140350877193,Positive Destinations (%),1
South Ayrshire,Positive Destinations,Raw data,2018/19,91.32075471698111,Positive Destinations (%),3
South Lanarkshire,Positive Destinations,Raw data,2018/19,92.53869969040248,Positive Destinations (%),3
Stirling,Positive Destinations,Raw data,2018/19,93.86056191467222,Positive Destinations (%),2
West Dunbartonshire,Positive Destinations,Raw data,2018/19,90.2552204176334,Positive Destinations (%),4
West Lothian,Positive Destinations,Raw data,2018/19,93.11783107403544,Positive Destinations (%),3
Aberdeen City,Positive Destinations,Raw data,2019/20,89.52446588559614,Positive Destinations (%),1
Aberdeenshire,Positive Destinations,Raw data,2019/20,93.5993678387989,Positive Destinations (%),1
Angus,Positive Destinations,Raw data,2019/20,93.33333333333331,Positive Destinations (%),2
Argyll and Bute,Positive Destinations,Raw data,2019/20,91.74964438122332,Positive Destinations (%),2
Clackmannanshire,Positive Destinations,Raw data,2019/20,90.08810572687224,Positive Destinations (%),3
Dumfries and Galloway,Positive Destinations,Raw data,2019/20,92.93706293706296,Positive Destinations (%),3
Dundee City,Positive Destinations,Raw data,2019/20,90.65180102915951,Positive Destinations (%),4
East Ayrshire,Positive Destinations,Raw data,2019/20,91.03815439219166,Positive Destinations (%),4
East Dunbartonshire,Positive Destinations,Raw data,2019/20,96.80436477007017,Positive Destinations (%),1
East Lothian,Positive Destinations,Raw data,2019/20,93.4640522875817,Positive Destinations (%),2
East Renfrewshire,Positive Destinations,Raw data,2019/20,96.37904468412944,Positive Destinations (%),1
"Edinburgh, City of",Positive Destinations,Raw data,2019/20,92.14780600461894,Positive Destinations (%),1
Eilean Siar,Positive Destinations,Raw data,2019/20,97.08333333333331,Positive Destinations (%),4
Falkirk,Positive Destinations,Raw data,2019/20,91.89736664415936,Positive Destinations (%),3
Fife,Positive Destinations,Raw data,2019/20,90.03234342840342,Positive Destinations (%),3
Glasgow City,Positive Destinations,Raw data,2019/20,92.22170470423848,Positive Destinations (%),4
Highland,Positive Destinations,Raw data,2019/20,91.2788070492544,Positive Destinations (%),2
Inverclyde,Positive Destinations,Raw data,2019/20,90.22757697456493,Positive Destinations (%),4
Midlothian,Positive Destinations,Raw data,2019/20,90.96774193548389,Positive Destinations (%),2
Moray,Positive Destinations,Raw data,2019/20,90.8653846153846,Positive Destinations (%),2
North Ayrshire,Positive Destinations,Raw data,2019/20,91.86602870813395,Positive Destinations (%),4
North Lanarkshire,Positive Destinations,Raw data,2019/20,90.85275892593684,Positive Destinations (%),4
Orkney Islands,Positive Destinations,Raw data,2019/20,94.02959938528632,Positive Destinations (%),1
Perth and Kinross,Positive Destinations,Raw data,2019/20,94.61077844311376,Positive Destinations (%),1
Renfrewshire,Positive Destinations,Raw data,2019/20,91.57509157509158,Positive Destinations (%),3
Scotland,Positive Destinations,Raw data,2019/20,92.19023885451205,Positive Destinations (%),NA
Scottish Borders,Positive Destinations,Raw data,2019/20,94.53197405004634,Positive Destinations (%),2
Shetland Islands,Positive Destinations,Raw data,2019/20,93.82716049382717,Positive Destinations (%),1
South Ayrshire,Positive Destinations,Raw data,2019/20,96.8937875751503,Positive Destinations (%),3
South Lanarkshire,Positive Destinations,Raw data,2019/20,93.00126103404791,Positive Destinations (%),3
Stirling,Positive Destinations,Raw data,2019/20,90.32258064516128,Positive Destinations (%),2
West Dunbartonshire,Positive Destinations,Raw data,2019/20,89.97695852534562,Positive Destinations (%),4
West Lothian,Positive Destinations,Raw data,2019/20,90.98758769562872,Positive Destinations (%),3
Aberdeen City,Positive Destinations,Raw data,2020/21,92.10884353741496,Positive Destinations (%),1
Aberdeenshire,Positive Destinations,Raw data,2020/21,93.88065374382364,Positive Destinations (%),1
Angus,Positive Destinations,Raw data,2020/21,92.78523489932886,Positive Destinations (%),2
Argyll and Bute,Positive Destinations,Raw data,2020/21,94.3820224719101,Positive Destinations (%),2
Clackmannanshire,Positive Destinations,Raw data,2020/21,91.83673469387756,Positive Destinations (%),3
Dumfries and Galloway,Positive Destinations,Raw data,2020/21,94.42176870748298,Positive Destinations (%),3
Dundee City,Positive Destinations,Raw data,2020/21,90.99836333878886,Positive Destinations (%),4
East Ayrshire,Positive Destinations,Raw data,2020/21,93.3665008291874,Positive Destinations (%),4
East Dunbartonshire,Positive Destinations,Raw data,2020/21,95.46485260770974,Positive Destinations (%),1
East Lothian,Positive Destinations,Raw data,2020/21,94.66421343146274,Positive Destinations (%),2
East Renfrewshire,Positive Destinations,Raw data,2020/21,95.65532223026791,Positive Destinations (%),1
"Edinburgh, City of",Positive Destinations,Raw data,2020/21,94.09582689335394,Positive Destinations (%),1
Eilean Siar,Positive Destinations,Raw data,2020/21,95.35714285714286,Positive Destinations (%),4
Falkirk,Positive Destinations,Raw data,2020/21,93.56499356499356,Positive Destinations (%),3
Fife,Positive Destinations,Raw data,2020/21,89.826435246996,Positive Destinations (%),3
Glasgow City,Positive Destinations,Raw data,2020/21,93.7623112278398,Positive Destinations (%),4
Highland,Positive Destinations,Raw data,2020/21,93.1300987548304,Positive Destinations (%),2
Inverclyde,Positive Destinations,Raw data,2020/21,91.73441734417344,Positive Destinations (%),4
Midlothian,Positive Destinations,Raw data,2020/21,92.93044469783352,Positive Destinations (%),2
Moray,Positive Destinations,Raw data,2020/21,92.26393629124004,Positive Destinations (%),2
North Ayrshire,Positive Destinations,Raw data,2020/21,93.640350877193,Positive Destinations (%),4
North Lanarkshire,Positive Destinations,Raw data,2020/21,91.33964817320704,Positive Destinations (%),4
Orkney Islands,Positive Destinations,Raw data,2020/21,93.5984037547696,Positive Destinations (%),1
Perth and Kinross,Positive Destinations,Raw data,2020/21,95.3356890459364,Positive Destinations (%),1
Renfrewshire,Positive Destinations,Raw data,2020/21,92.78412507516536,Positive Destinations (%),3
Scotland,Positive Destinations,Raw data,2020/21,93.22987620683529,Positive Destinations (%),NA
Scottish Borders,Positive Destinations,Raw data,2020/21,95.20361990950224,Positive Destinations (%),2
Shetland Islands,Positive Destinations,Raw data,2020/21,97.27626459143968,Positive Destinations (%),1
South Ayrshire,Positive Destinations,Raw data,2020/21,97.5914362176628,Positive Destinations (%),3
South Lanarkshire,Positive Destinations,Raw data,2020/21,93.12745988495308,Positive Destinations (%),3
Stirling,Positive Destinations,Raw data,2020/21,93.62292051756008,Positive Destinations (%),2
West Dunbartonshire,Positive Destinations,Raw data,2020/21,88.32599118942731,Positive Destinations (%),4
West Lothian,Positive Destinations,Raw data,2020/21,93.84465070835368,Positive Destinations (%),3
Aberdeen City,Positive Destinations,Raw data,2021/22,90.8431044109436,Positive Destinations (%),1
Aberdeenshire,Positive Destinations,Raw data,2021/22,93.82804138423116,Positive Destinations (%),1
Angus,Positive Destinations,Raw data,2021/22,92.67175572519083,Positive Destinations (%),2
Argyll and Bute,Positive Destinations,Raw data,2021/22,94.25837320574163,Positive Destinations (%),2
Clackmannanshire,Positive Destinations,Raw data,2021/22,87.82287822878229,Positive Destinations (%),3
Dumfries and Galloway,Positive Destinations,Raw data,2021/22,93.30085261875762,Positive Destinations (%),3
Dundee City,Positive Destinations,Raw data,2021/22,91.5766738660907,Positive Destinations (%),4
East Ayrshire,Positive Destinations,Raw data,2021/22,92.8296067848882,Positive Destinations (%),4
East Dunbartonshire,Positive Destinations,Raw data,2021/22,97.75753328661528,Positive Destinations (%),1
East Lothian,Positive Destinations,Raw data,2021/22,94.55535390199636,Positive Destinations (%),2
East Renfrewshire,Positive Destinations,Raw data,2021/22,97.47899159663864,Positive Destinations (%),1
"Edinburgh, City of",Positive Destinations,Raw data,2021/22,94.20128240869808,Positive Destinations (%),1
Eilean Siar,Positive Destinations,Raw data,2021/22,96.25468164794007,Positive Destinations (%),4
Falkirk,Positive Destinations,Raw data,2021/22,92.70588235294116,Positive Destinations (%),3
Fife,Positive Destinations,Raw data,2021/22,92.13042412355968,Positive Destinations (%),3
Glasgow City,Positive Destinations,Raw data,2021/22,94.77491961414792,Positive Destinations (%),4
Highland,Positive Destinations,Raw data,2021/22,93.3437744714174,Positive Destinations (%),2
Inverclyde,Positive Destinations,Raw data,2021/22,91.8562874251497,Positive Destinations (%),4
Midlothian,Positive Destinations,Raw data,2021/22,94.0959409594096,Positive Destinations (%),2
Moray,Positive Destinations,Raw data,2021/22,94.0625,Positive Destinations (%),2
North Ayrshire,Positive Destinations,Raw data,2021/22,93.13077939233818,Positive Destinations (%),4
North Lanarkshire,Positive Destinations,Raw data,2021/22,91.85242121445042,Positive Destinations (%),4
Orkney Islands,Positive Destinations,Raw data,2021/22,93.1691854768418,Positive Destinations (%),1
Perth and Kinross,Positive Destinations,Raw data,2021/22,94.7945205479452,Positive Destinations (%),1
Renfrewshire,Positive Destinations,Raw data,2021/22,91.81961195595176,Positive Destinations (%),3
Scotland,Positive Destinations,Raw data,2021/22,93.4825590886829,Positive Destinations (%),NA
Scottish Borders,Positive Destinations,Raw data,2021/22,95.26484751203851,Positive Destinations (%),2
Shetland Islands,Positive Destinations,Raw data,2021/22,94.98069498069498,Positive Destinations (%),1
South Ayrshire,Positive Destinations,Raw data,2021/22,96.93877551020408,Positive Destinations (%),3
South Lanarkshire,Positive Destinations,Raw data,2021/22,94.2458587619878,Positive Destinations (%),3
Stirling,Positive Destinations,Raw data,2021/22,93.7719298245614,Positive Destinations (%),2
West Dunbartonshire,Positive Destinations,Raw data,2021/22,89.48979591836735,Positive Destinations (%),4
West Lothian,Positive Destinations,Raw data,2021/22,92.16315307057744,Positive Destinations (%),3
Aberdeen City,Positive Destinations,Raw data,2022/23,90.06659267480576,Positive Destinations (%),1
Aberdeenshire,Positive Destinations,Raw data,2022/23,92.73822174991145,Positive Destinations (%),1
Angus,Positive Destinations,Raw data,2022/23,92.01009251471824,Positive Destinations (%),2
Argyll and Bute,Positive Destinations,Raw data,2022/23,91.06002554278416,Positive Destinations (%),2
Clackmannanshire,Positive Destinations,Raw data,2022/23,89.07216494845362,Positive Destinations (%),3
Dumfries and Galloway,Positive Destinations,Raw data,2022/23,95.59322033898306,Positive Destinations (%),3
Dundee City,Positive Destinations,Raw data,2022/23,92.42002781641168,Positive Destinations (%),4
East Ayrshire,Positive Destinations,Raw data,2022/23,93.4715821812596,Positive Destinations (%),4
East Dunbartonshire,Positive Destinations,Raw data,2022/23,97.0183486238532,Positive Destinations (%),1
East Lothian,Positive Destinations,Raw data,2022/23,93.4131736526946,Positive Destinations (%),2
East Renfrewshire,Positive Destinations,Raw data,2022/23,97.48148148148148,Positive Destinations (%),1
"Edinburgh, City of",Positive Destinations,Raw data,2022/23,93.03523035230351,Positive Destinations (%),1
Eilean Siar,Positive Destinations,Raw data,2022/23,96.51542628022216,Positive Destinations (%),4
Falkirk,Positive Destinations,Raw data,2022/23,91.77071509648128,Positive Destinations (%),3
Fife,Positive Destinations,Raw data,2022/23,91.38988247317322,Positive Destinations (%),3
Glasgow City,Positive Destinations,Raw data,2022/23,92.71708683473388,Positive Destinations (%),4
Highland,Positive Destinations,Raw data,2022/23,94.0485829959514,Positive Destinations (%),2
Inverclyde,Positive Destinations,Raw data,2022/23,89.3167701863354,Positive Destinations (%),4
Midlothian,Positive Destinations,Raw data,2022/23,92.4257932446264,Positive Destinations (%),2
Moray,Positive Destinations,Raw data,2022/23,92.46646026831785,Positive Destinations (%),2
North Ayrshire,Positive Destinations,Raw data,2022/23,91.7462482946794,Positive Destinations (%),4
North Lanarkshire,Positive Destinations,Raw data,2022/23,91.3021744563859,Positive Destinations (%),4
Orkney Islands,Positive Destinations,Raw data,2022/23,94.16666666666669,Positive Destinations (%),1
Perth and Kinross,Positive Destinations,Raw data,2022/23,92.82511210762333,Positive Destinations (%),1
Renfrewshire,Positive Destinations,Raw data,2022/23,93.59173126614986,Positive Destinations (%),3
Scotland,Positive Destinations,Raw data,2022/23,92.8383080021974,Positive Destinations (%),NA
Scottish Borders,Positive Destinations,Raw data,2022/23,95.65217391304348,Positive Destinations (%),2
Shetland Islands,Positive Destinations,Raw data,2022/23,97.53521126760565,Positive Destinations (%),1
South Ayrshire,Positive Destinations,Raw data,2022/23,97.31543624161074,Positive Destinations (%),3
South Lanarkshire,Positive Destinations,Raw data,2022/23,93.34799340296868,Positive Destinations (%),3
Stirling,Positive Destinations,Raw data,2022/23,93.37016574585635,Positive Destinations (%),2
West Dunbartonshire,Positive Destinations,Raw data,2022/23,88.88888888888889,Positive Destinations (%),4
West Lothian,Positive Destinations,Raw data,2022/23,91.07562235791453,Positive Destinations (%),3
Aberdeen City,Positive Destinations,Raw data,2023/24,90.14238773274916,Positive Destinations (%),1
Aberdeenshire,Positive Destinations,Raw data,2023/24,93.10935893040796,Positive Destinations (%),1
Angus,Positive Destinations,Raw data,2023/24,90.95869056897897,Positive Destinations (%),2
Argyll and Bute,Positive Destinations,Raw data,2023/24,90.93198992443324,Positive Destinations (%),2
Clackmannanshire,Positive Destinations,Raw data,2023/24,91.98396793587176,Positive Destinations (%),3
Dumfries and Galloway,Positive Destinations,Raw data,2023/24,94.2948717948718,Positive Destinations (%),3
Dundee City,Positive Destinations,Raw data,2023/24,92.0979020979021,Positive Destinations (%),4
East Ayrshire,Positive Destinations,Raw data,2023/24,92.015503875969,Positive Destinations (%),4
East Dunbartonshire,Positive Destinations,Raw data,2023/24,96.41062455132808,Positive Destinations (%),1
East Lothian,Positive Destinations,Raw data,2023/24,95.19867549668876,Positive Destinations (%),2
East Renfrewshire,Positive Destinations,Raw data,2023/24,97.10564399421128,Positive Destinations (%),1
"Edinburgh, City of",Positive Destinations,Raw data,2023/24,94.21699078812692,Positive Destinations (%),1
Eilean Siar,Positive Destinations,Raw data,2023/24,96.62921348314607,Positive Destinations (%),4
Falkirk,Positive Destinations,Raw data,2023/24,92.89772727272728,Positive Destinations (%),3
Fife,Positive Destinations,Raw data,2023/24,94.07247420206384,Positive Destinations (%),3
Glasgow City,Positive Destinations,Raw data,2023/24,92.33416172815905,Positive Destinations (%),4
Highland,Positive Destinations,Raw data,2023/24,94.17586600685192,Positive Destinations (%),2
Inverclyde,Positive Destinations,Raw data,2023/24,89.48087431693989,Positive Destinations (%),4
Midlothian,Positive Destinations,Raw data,2023/24,91.4811229428848,Positive Destinations (%),2
Moray,Positive Destinations,Raw data,2023/24,91.30434782608695,Positive Destinations (%),2
North Ayrshire,Positive Destinations,Raw data,2023/24,90.68123393316196,Positive Destinations (%),4
North Lanarkshire,Positive Destinations,Raw data,2023/24,90.5616224648986,Positive Destinations (%),4
Orkney Islands,Positive Destinations,Raw data,2023/24,92.74193548387096,Positive Destinations (%),1
Perth and Kinross,Positive Destinations,Raw data,2023/24,94.24410540915396,Positive Destinations (%),1
Renfrewshire,Positive Destinations,Raw data,2023/24,94.42036836403034,Positive Destinations (%),3
Scotland,Positive Destinations,Raw data,2023/24,93.12228051641092,Positive Destinations (%),NA
Scottish Borders,Positive Destinations,Raw data,2023/24,96.98046181172292,Positive Destinations (%),2
Shetland Islands,Positive Destinations,Raw data,2023/24,97.6,Positive Destinations (%),1
South Ayrshire,Positive Destinations,Raw data,2023/24,96.83069224353628,Positive Destinations (%),3
South Lanarkshire,Positive Destinations,Raw data,2023/24,94.28018789720916,Positive Destinations (%),3
Stirling,Positive Destinations,Raw data,2023/24,92.44444444444444,Positive Destinations (%),2
West Dunbartonshire,Positive Destinations,Raw data,2023/24,89.96990972918756,Positive Destinations (%),4
West Lothian,Positive Destinations,Raw data,2023/24,91.64016356201726,Positive Destinations (%),3
Aberdeen City,Positive Destinations,Projected,2024/25,90.36084901344236,Positive Destinations (%),1
Aberdeenshire,Positive Destinations,Projected,2024/25,93.25104952308428,Positive Destinations (%),1
Angus,Positive Destinations,Projected,2024/25,91.20799158471216,Positive Destinations (%),2
Argyll and Bute,Positive Destinations,Projected,2024/25,91.20342766318808,Positive Destinations (%),2
Clackmannanshire,Positive Destinations,Projected,2024/25,92.81548052673938,Positive Destinations (%),3
Dumfries and Galloway,Positive Destinations,Projected,2024/25,94.77306142781237,Positive Destinations (%),3
Dundee City,Positive Destinations,Projected,2024/25,92.97658525242282,Positive Destinations (%),4
East Ayrshire,Positive Destinations,Projected,2024/25,92.58000245109164,Positive Destinations (%),4
East Dunbartonshire,Positive Destinations,Projected,2024/25,96.7519531683218,Positive Destinations (%),1
East Lothian,Positive Destinations,Projected,2024/25,95.8877766360948,Positive Destinations (%),2
East Renfrewshire,Positive Destinations,Projected,2024/25,97.42880718083684,Positive Destinations (%),1
"Edinburgh, City of",Positive Destinations,Projected,2024/25,94.98963694851008,Positive Destinations (%),1
Eilean Siar,Positive Destinations,Projected,2024/25,96.89097268598178,Positive Destinations (%),4
Falkirk,Positive Destinations,Projected,2024/25,93.63198711612044,Positive Destinations (%),3
Fife,Positive Destinations,Projected,2024/25,94.75843950738344,Positive Destinations (%),3
Glasgow City,Positive Destinations,Projected,2024/25,93.25620100859824,Positive Destinations (%),4
Highland,Positive Destinations,Projected,2024/25,94.67876638624104,Positive Destinations (%),2
Inverclyde,Positive Destinations,Projected,2024/25,89.77445889039781,Positive Destinations (%),4
Midlothian,Positive Destinations,Projected,2024/25,92.0350617307944,Positive Destinations (%),2
Moray,Positive Destinations,Projected,2024/25,91.65478687364364,Positive Destinations (%),2
North Ayrshire,Positive Destinations,Projected,2024/25,91.07831323360575,Positive Destinations (%),4
North Lanarkshire,Positive Destinations,Projected,2024/25,90.95652169710418,Positive Destinations (%),4
Orkney Islands,Positive Destinations,Projected,2024/25,93.02262954998984,Positive Destinations (%),1
Perth and Kinross,Positive Destinations,Projected,2024/25,94.67004808220445,Positive Destinations (%),1
Renfrewshire,Positive Destinations,Projected,2024/25,94.95216636098722,Positive Destinations (%),3
Scotland,Positive Destinations,Projected,2024/25,93.6589928117592,Positive Destinations (%),NA
Scottish Borders,Positive Destinations,Projected,2024/25,97.69406396389084,Positive Destinations (%),2
Shetland Islands,Positive Destinations,Projected,2024/25,97.81964378394188,Positive Destinations (%),1
South Ayrshire,Positive Destinations,Projected,2024/25,97.42586247392914,Positive Destinations (%),3
South Lanarkshire,Positive Destinations,Projected,2024/25,94.7896024634848,Positive Destinations (%),3
Stirling,Positive Destinations,Projected,2024/25,92.94060512999198,Positive Destinations (%),2
West Dunbartonshire,Positive Destinations,Projected,2024/25,90.4416551827041,Positive Destinations (%),4
West Lothian,Positive Destinations,Projected,2024/25,92.37844594295947,Positive Destinations (%),3
Aberdeen City,Positive Destinations,Projected,2025/26,90.57983973796723,Positive Destinations (%),1
Aberdeenshire,Positive Destinations,Projected,2025/26,93.39295573558964,Positive Destinations (%),1
Angus,Positive Destinations,Projected,2025/26,91.45797588860678,Positive Destinations (%),2
Argyll and Bute,Positive Destinations,Projected,2025/26,91.47567566075372,Positive Destinations (%),2
Clackmannanshire,Positive Destinations,Projected,2025/26,93.65450978822132,Positive Destinations (%),3
Dumfries and Galloway,Positive Destinations,Projected,2025/26,95.2536760635203,Positive Destinations (%),3
Dundee City,Positive Destinations,Projected,2025/26,93.86365170415718,Positive Destinations (%),4
East Ayrshire,Positive Destinations,Projected,2025/26,93.14796412349564,Positive Destinations (%),4
East Dunbartonshire,Positive Destinations,Projected,2025/26,97.09449021255392,Positive Destinations (%),1
East Lothian,Positive Destinations,Projected,2025/26,96.58186587410466,Positive Destinations (%),2
East Renfrewshire,Positive Destinations,Projected,2025/26,97.75304583991584,Positive Destinations (%),1
"Edinburgh, City of",Positive Destinations,Projected,2025/26,95.76861935551034,Positive Destinations (%),1
Eilean Siar,Positive Destinations,Projected,2025/26,97.153440969206315,Positive Destinations (%),4
Falkirk,Positive Destinations,Projected,2025/26,94.37205051933633,Positive Destinations (%),3
Fife,Positive Destinations,Projected,2025/26,95.44940679021124,Positive Destinations (%),3
Glasgow City,Positive Destinations,Projected,2025/26,94.187447676842325,Positive Destinations (%),4
Highland,Positive Destinations,Projected,2025/26,95.18435226035731,Positive Destinations (%),2
Inverclyde,Positive Destinations,Projected,2025/26,90.06900670770455,Positive Destinations (%),4
Midlothian,Positive Destinations,Projected,2025/26,92.59235474273277,Positive Destinations (%),2
Moray,Positive Destinations,Projected,2025/26,92.00657095600944,Positive Destinations (%),2
North Ayrshire,Positive Destinations,Projected,2025/26,91.47713128377764,Positive Destinations (%),4
North Lanarkshire,Positive Destinations,Projected,2025/26,91.3531429104244,Positive Destinations (%),4
Orkney Islands,Positive Destinations,Projected,2025/26,93.304173168777,Positive Destinations (%),1
Perth and Kinross,Positive Destinations,Projected,2025/26,95.09791583226573,Positive Destinations (%),1
Renfrewshire,Positive Destinations,Projected,2025/26,95.4869595708888,Positive Destinations (%),3
Scotland,Positive Destinations,Projected,2025/26,94.19879846013086,Positive Destinations (%),NA
Scottish Borders,Positive Destinations,Projected,2025/26,98.41291694722683,Positive Destinations (%),2
Shetland Islands,Positive Destinations,Projected,2025/26,98.03978186493111,Positive Destinations (%),1
South Ayrshire,Positive Destinations,Projected,2025/26,98.02469092048196,Positive Destinations (%),3
South Lanarkshire,Positive Destinations,Projected,2025/26,95.30176949776164,Positive Destinations (%),3
Stirling,Positive Destinations,Projected,2025/26,93.43942877086758,Positive Destinations (%),2
West Dunbartonshire,Positive Destinations,Projected,2025/26,90.9158741718014,Positive Destinations (%),4
West Lothian,Positive Destinations,Projected,2025/26,93.1226761621947,Positive Destinations (%),3
Aberdeen City,Positive Destinations,Projected,2026/27,90.79936118943807,Positive Destinations (%),1
Aberdeenshire,Positive Destinations,Projected,2026/27,93.5350778960468,Positive Destinations (%),1
Angus,Positive Destinations,Projected,2026/27,91.70864535342984,Positive Destinations (%),2
Argyll and Bute,Positive Destinations,Projected,2026/27,91.74873633580393,Positive Destinations (%),2
Clackmannanshire,Positive Destinations,Projected,2026/27,94.501123669183,Positive Destinations (%),3
Dumfries and Galloway,Positive Destinations,Projected,2026/27,95.73672799970768,Positive Destinations (%),3
Dundee City,Positive Destinations,Projected,2026/27,94.7591814360567,Positive Destinations (%),4
East Ayrshire,Positive Destinations,Projected,2026/27,93.71941013866024,Positive Destinations (%),4
East Dunbartonshire,Positive Destinations,Projected,2026/27,97.43823996229564,Positive Destinations (%),1
East Lothian,Positive Destinations,Projected,2026/27,97.2809793173597,Positive Destinations (%),2
East Renfrewshire,Positive Destinations,Projected,2026/27,98.07836355057192,Positive Destinations (%),1
"Edinburgh, City of",Positive Destinations,Projected,2026/27,96.55398997084478,Positive Destinations (%),1
Eilean Siar,Positive Destinations,Projected,2026/27,97.41662025364997,Positive Destinations (%),4
Falkirk,Positive Destinations,Projected,2026/27,95.11796335347476,Positive Destinations (%),3
Fife,Positive Destinations,Projected,2026/27,96.145412524373,Positive Destinations (%),3
Glasgow City,Positive Destinations,Projected,2026/27,95.1279936769028,Positive Destinations (%),4
Highland,Positive Destinations,Projected,2026/27,95.69263796977845,Positive Destinations (%),2
Inverclyde,Positive Destinations,Projected,2026/27,90.36452092923976,Positive Destinations (%),4
Midlothian,Positive Destinations,Projected,2026/27,93.15302228928124,Positive Destinations (%),2
Moray,Positive Destinations,Projected,2026/27,92.35970523561896,Positive Destinations (%),2
North Ayrshire,Positive Destinations,Projected,2026/27,91.87769569739756,Positive Destinations (%),4
North Lanarkshire,Positive Destinations,Projected,2026/27,91.7514936136583,Positive Destinations (%),4
Orkney Islands,Positive Destinations,Projected,2026/27,93.5865689115007,Positive Destinations (%),1
Perth and Kinross,Positive Destinations,Projected,2026/27,95.52771735985483,Positive Destinations (%),1
Renfrewshire,Positive Destinations,Projected,2026/27,96.02476486348758,Positive Destinations (%),3
Scotland,Positive Destinations,Projected,2026/27,94.74171529013353,Positive Destinations (%),NA
Scottish Borders,Positive Destinations,Projected,2026/27,99.13705939842494,Positive Destinations (%),2
Shetland Islands,Positive Destinations,Projected,2026/27,98.26041535535786,Positive Destinations (%),1
South Ayrshire,Positive Destinations,Projected,2026/27,98.62720006843476,Positive Destinations (%),3
South Lanarkshire,Positive Destinations,Projected,2026/27,95.81670387217054,Positive Destinations (%),3
Stirling,Positive Destinations,Projected,2026/27,93.9409296594795,Positive Destinations (%),2
West Dunbartonshire,Positive Destinations,Projected,2026/27,91.39257966613977,Positive Destinations (%),4
West Lothian,Positive Destinations,Projected,2026/27,93.87290213740488,Positive Destinations (%),3
Aberdeen City,Out of Work Benefits,Imputed,2012/13,7.425419468723776,Out of Work Benefits (%),1
Aberdeenshire,Out of Work Benefits,Imputed,2012/13,5.374807515426751,Out of Work Benefits (%),1
Angus,Out of Work Benefits,Imputed,2012/13,9.029638171331245,Out of Work Benefits (%),2
Argyll and Bute,Out of Work Benefits,Imputed,2012/13,9.964615310365089,Out of Work Benefits (%),2
Clackmannanshire,Out of Work Benefits,Imputed,2012/13,9.181787464181944,Out of Work Benefits (%),3
Dumfries and Galloway,Out of Work Benefits,Imputed,2012/13,14.19858505782064,Out of Work Benefits (%),3
Dundee City,Out of Work Benefits,Imputed,2012/13,10.858856102974476,Out of Work Benefits (%),4
East Ayrshire,Out of Work Benefits,Imputed,2012/13,15.371901800975545,Out of Work Benefits (%),4
East Dunbartonshire,Out of Work Benefits,Imputed,2012/13,14.784040186302535,Out of Work Benefits (%),1
East Lothian,Out of Work Benefits,Imputed,2012/13,7.445054888021857,Out of Work Benefits (%),2
East Renfrewshire,Out of Work Benefits,Imputed,2012/13,9.349748100078884,Out of Work Benefits (%),1
"Edinburgh, City of",Out of Work Benefits,Imputed,2012/13,7.296191590267356,Out of Work Benefits (%),1
Eilean Siar,Out of Work Benefits,Imputed,2012/13,11.9211782651435,Out of Work Benefits (%),4
Falkirk,Out of Work Benefits,Imputed,2012/13,12.00287041618228,Out of Work Benefits (%),3
Fife,Out of Work Benefits,Imputed,2012/13,17.93376813452418,Out of Work Benefits (%),3
Glasgow City,Out of Work Benefits,Imputed,2012/13,8.700165819299604,Out of Work Benefits (%),4
Highland,Out of Work Benefits,Imputed,2012/13,16.491277803457052,Out of Work Benefits (%),2
Inverclyde,Out of Work Benefits,Imputed,2012/13,11.03643413522222,Out of Work Benefits (%),4
Midlothian,Out of Work Benefits,Imputed,2012/13,7.723852997563582,Out of Work Benefits (%),2
Moray,Out of Work Benefits,Imputed,2012/13,9.281680301852438,Out of Work Benefits (%),2
North Ayrshire,Out of Work Benefits,Imputed,2012/13,16.19192825870793,Out of Work Benefits (%),4
North Lanarkshire,Out of Work Benefits,Imputed,2012/13,14.75701713799402,Out of Work Benefits (%),4
Orkney Islands,Out of Work Benefits,Imputed,2012/13,6.155677834720179,Out of Work Benefits (%),1
Perth and Kinross,Out of Work Benefits,Imputed,2012/13,8.000845350562164,Out of Work Benefits (%),1
Renfrewshire,Out of Work Benefits,Imputed,2012/13,13.431456260694471,Out of Work Benefits (%),3
Scotland,Out of Work Benefits,Imputed,2012/13,11.781747316954831,Out of Work Benefits (%),NA
Scottish Borders,Out of Work Benefits,Imputed,2012/13,9.117281597217724,Out of Work Benefits (%),2
Shetland Islands,Out of Work Benefits,Imputed,2012/13,5.732134677207893,Out of Work Benefits (%),1
South Ayrshire,Out of Work Benefits,Imputed,2012/13,12.591571950298905,Out of Work Benefits (%),3
South Lanarkshire,Out of Work Benefits,Imputed,2012/13,12.845643461571852,Out of Work Benefits (%),3
Stirling,Out of Work Benefits,Imputed,2012/13,9.23970560608905,Out of Work Benefits (%),2
West Dunbartonshire,Out of Work Benefits,Imputed,2012/13,16.88972716499872,Out of Work Benefits (%),4
West Lothian,Out of Work Benefits,Imputed,2012/13,11.57782005972444,Out of Work Benefits (%),3
Aberdeen City,Out of Work Benefits,Raw data,2013/14,7.701230072944716,Out of Work Benefits (%),1
Aberdeenshire,Out of Work Benefits,Raw data,2013/14,5.562844991403493,Out of Work Benefits (%),1
Angus,Out of Work Benefits,Raw data,2013/14,9.43805544687273,Out of Work Benefits (%),2
Argyll and Bute,Out of Work Benefits,Raw data,2013/14,10.126967722885563,Out of Work Benefits (%),2
Clackmannanshire,Out of Work Benefits,Raw data,2013/14,9.54766200974262,Out of Work Benefits (%),3
Dumfries and Galloway,Out of Work Benefits,Raw data,2013/14,14.842575329283694,Out of Work Benefits (%),3
Dundee City,Out of Work Benefits,Raw data,2013/14,11.39275980305961,Out of Work Benefits (%),4
East Ayrshire,Out of Work Benefits,Raw data,2013/14,16.05172255678171,Out of Work Benefits (%),4
East Dunbartonshire,Out of Work Benefits,Raw data,2013/14,15.492395194274028,Out of Work Benefits (%),1
East Lothian,Out of Work Benefits,Raw data,2013/14,7.772485886882027,Out of Work Benefits (%),2
East Renfrewshire,Out of Work Benefits,Raw data,2013/14,9.67265163126779,Out of Work Benefits (%),1
"Edinburgh, City of",Out of Work Benefits,Raw data,2013/14,7.563880237825595,Out of Work Benefits (%),1
Eilean Siar,Out of Work Benefits,Raw data,2013/14,12.41036032934279,Out of Work Benefits (%),4
Falkirk,Out of Work Benefits,Raw data,2013/14,12.53092734962245,Out of Work Benefits (%),3
Fife,Out of Work Benefits,Raw data,2013/14,18.701745877788557,Out of Work Benefits (%),3
Glasgow City,Out of Work Benefits,Raw data,2013/14,9.090645211963093,Out of Work Benefits (%),4
Highland,Out of Work Benefits,Raw data,2013/14,17.20469798657718,Out of Work Benefits (%),2
Inverclyde,Out of Work Benefits,Raw data,2013/14,11.43487776829766,Out of Work Benefits (%),4
Midlothian,Out of Work Benefits,Raw data,2013/14,7.904417983153479,Out of Work Benefits (%),2
Moray,Out of Work Benefits,Raw data,2013/14,9.724385859796286,Out of Work Benefits (%),2
North Ayrshire,Out of Work Benefits,Raw data,2013/14,16.958363930948465,Out of Work Benefits (%),4
North Lanarkshire,Out of Work Benefits,Raw data,2013/14,15.367165638838328,Out of Work Benefits (%),4
Orkney Islands,Out of Work Benefits,Raw data,2013/14,6.415781261609332,Out of Work Benefits (%),1
Perth and Kinross,Out of Work Benefits,Raw data,2013/14,8.359262476223984,Out of Work Benefits (%),1
Renfrewshire,Out of Work Benefits,Raw data,2013/14,13.988557020946471,Out of Work Benefits (%),3
Scotland,Out of Work Benefits,Raw data,2013/14,12.27043611469073,Out of Work Benefits (%),NA
Scottish Borders,Out of Work Benefits,Raw data,2013/14,9.509105532257138,Out of Work Benefits (%),2
Shetland Islands,Out of Work Benefits,Raw data,2013/14,5.999455523038182,Out of Work Benefits (%),1
South Ayrshire,Out of Work Benefits,Raw data,2013/14,13.174382178907065,Out of Work Benefits (%),3
South Lanarkshire,Out of Work Benefits,Raw data,2013/14,13.347803956500034,Out of Work Benefits (%),3
Stirling,Out of Work Benefits,Raw data,2013/14,9.64319531720754,Out of Work Benefits (%),2
West Dunbartonshire,Out of Work Benefits,Raw data,2013/14,17.724599386293896,Out of Work Benefits (%),4
West Lothian,Out of Work Benefits,Raw data,2013/14,12.11053412462908,Out of Work Benefits (%),3
Aberdeen City,Out of Work Benefits,Raw data,2014/15,7.040257189915115,Out of Work Benefits (%),1
Aberdeenshire,Out of Work Benefits,Raw data,2014/15,5.146613860911558,Out of Work Benefits (%),1
Angus,Out of Work Benefits,Raw data,2014/15,8.929121617836536,Out of Work Benefits (%),2
Argyll and Bute,Out of Work Benefits,Raw data,2014/15,9.372796110018188,Out of Work Benefits (%),2
Clackmannanshire,Out of Work Benefits,Raw data,2014/15,8.85704111189253,Out of Work Benefits (%),3
Dumfries and Galloway,Out of Work Benefits,Raw data,2014/15,13.726158038147137,Out of Work Benefits (%),3
Dundee City,Out of Work Benefits,Raw data,2014/15,10.610780965896492,Out of Work Benefits (%),4
East Ayrshire,Out of Work Benefits,Raw data,2014/15,15.154184343252766,Out of Work Benefits (%),4
East Dunbartonshire,Out of Work Benefits,Raw data,2014/15,14.332651117289672,Out of Work Benefits (%),1
East Lothian,Out of Work Benefits,Raw data,2014/15,7.28224817120269,Out of Work Benefits (%),2
East Renfrewshire,Out of Work Benefits,Raw data,2014/15,9.05628290546522,Out of Work Benefits (%),1
"Edinburgh, City of",Out of Work Benefits,Raw data,2014/15,6.979161161901742,Out of Work Benefits (%),1
Eilean Siar,Out of Work Benefits,Raw data,2014/15,11.248816848083294,Out of Work Benefits (%),4
Falkirk,Out of Work Benefits,Raw data,2014/15,11.713264834960926,Out of Work Benefits (%),3
Fife,Out of Work Benefits,Raw data,2014/15,17.720683032711857,Out of Work Benefits (%),3
Glasgow City,Out of Work Benefits,Raw data,2014/15,8.508544777657193,Out of Work Benefits (%),4
Highland,Out of Work Benefits,Raw data,2014/15,16.38112937259229,Out of Work Benefits (%),2
Inverclyde,Out of Work Benefits,Raw data,2014/15,10.495811327627026,Out of Work Benefits (%),4
Midlothian,Out of Work Benefits,Raw data,2014/15,7.639700526788286,Out of Work Benefits (%),2
Moray,Out of Work Benefits,Raw data,2014/15,9.012266569022335,Out of Work Benefits (%),2
North Ayrshire,Out of Work Benefits,Raw data,2014/15,15.967212343034682,Out of Work Benefits (%),4
North Lanarkshire,Out of Work Benefits,Raw data,2014/15,14.455570171459676,Out of Work Benefits (%),4
Orkney Islands,Out of Work Benefits,Raw data,2014/15,6.285146584689211,Out of Work Benefits (%),1
Perth and Kinross,Out of Work Benefits,Raw data,2014/15,7.746926780055049,Out of Work Benefits (%),1
Renfrewshire,Out of Work Benefits,Raw data,2014/15,12.964292952881149,Out of Work Benefits (%),3
Scotland,Out of Work Benefits,Raw data,2014/15,11.473874386077457,Out of Work Benefits (%),NA
Scottish Borders,Out of Work Benefits,Raw data,2014/15,8.932744741625552,Out of Work Benefits (%),2
Shetland Islands,Out of Work Benefits,Raw data,2014/15,5.467105709824156,Out of Work Benefits (%),1
South Ayrshire,Out of Work Benefits,Raw data,2014/15,12.312160718727595,Out of Work Benefits (%),3
South Lanarkshire,Out of Work Benefits,Raw data,2014/15,12.56564379911038,Out of Work Benefits (%),3
Stirling,Out of Work Benefits,Raw data,2014/15,8.896540956874718,Out of Work Benefits (%),2
West Dunbartonshire,Out of Work Benefits,Raw data,2014/15,16.567670586626555,Out of Work Benefits (%),4
West Lothian,Out of Work Benefits,Raw data,2014/15,11.203715818395915,Out of Work Benefits (%),3
Aberdeen City,Out of Work Benefits,Raw data,2015/16,7.546871041297187,Out of Work Benefits (%),1
Aberdeenshire,Out of Work Benefits,Raw data,2015/16,5.522085358943005,Out of Work Benefits (%),1
Angus,Out of Work Benefits,Raw data,2015/16,9.02281203555705,Out of Work Benefits (%),2
Argyll and Bute,Out of Work Benefits,Raw data,2015/16,9.117233623840317,Out of Work Benefits (%),2
Clackmannanshire,Out of Work Benefits,Raw data,2015/16,8.216378152624666,Out of Work Benefits (%),3
Dumfries and Galloway,Out of Work Benefits,Raw data,2015/16,13.062441214842682,Out of Work Benefits (%),3
Dundee City,Out of Work Benefits,Raw data,2015/16,10.494414470885848,Out of Work Benefits (%),4
East Ayrshire,Out of Work Benefits,Raw data,2015/16,14.582280309047585,Out of Work Benefits (%),4
East Dunbartonshire,Out of Work Benefits,Raw data,2015/16,13.8017895351099,Out of Work Benefits (%),1
East Lothian,Out of Work Benefits,Raw data,2015/16,6.913091693504284,Out of Work Benefits (%),2
East Renfrewshire,Out of Work Benefits,Raw data,2015/16,8.57180241060296,Out of Work Benefits (%),1
"Edinburgh, City of",Out of Work Benefits,Raw data,2015/16,6.569034710976554,Out of Work Benefits (%),1
Eilean Siar,Out of Work Benefits,Raw data,2015/16,10.747578364422896,Out of Work Benefits (%),4
Falkirk,Out of Work Benefits,Raw data,2015/16,11.325862285266853,Out of Work Benefits (%),3
Fife,Out of Work Benefits,Raw data,2015/16,16.84824052936151,Out of Work Benefits (%),3
Glasgow City,Out of Work Benefits,Raw data,2015/16,8.651549264837112,Out of Work Benefits (%),4
Highland,Out of Work Benefits,Raw data,2015/16,15.644085268603884,Out of Work Benefits (%),2
Inverclyde,Out of Work Benefits,Raw data,2015/16,10.03758925199187,Out of Work Benefits (%),4
Midlothian,Out of Work Benefits,Raw data,2015/16,7.626099534117094,Out of Work Benefits (%),2
Moray,Out of Work Benefits,Raw data,2015/16,8.76883020271527,Out of Work Benefits (%),2
North Ayrshire,Out of Work Benefits,Raw data,2015/16,15.783579436372683,Out of Work Benefits (%),4
North Lanarkshire,Out of Work Benefits,Raw data,2015/16,13.755936328057604,Out of Work Benefits (%),4
Orkney Islands,Out of Work Benefits,Raw data,2015/16,6.380698059274861,Out of Work Benefits (%),1
Perth and Kinross,Out of Work Benefits,Raw data,2015/16,7.511713906354589,Out of Work Benefits (%),1
Renfrewshire,Out of Work Benefits,Raw data,2015/16,12.30663080547059,Out of Work Benefits (%),3
Scotland,Out of Work Benefits,Raw data,2015/16,11.057627532241938,Out of Work Benefits (%),NA
Scottish Borders,Out of Work Benefits,Raw data,2015/16,8.778004515456756,Out of Work Benefits (%),2
Shetland Islands,Out of Work Benefits,Raw data,2015/16,5.710547777626751,Out of Work Benefits (%),1
South Ayrshire,Out of Work Benefits,Raw data,2015/16,11.82455338718236,Out of Work Benefits (%),3
South Lanarkshire,Out of Work Benefits,Raw data,2015/16,11.80424424463599,Out of Work Benefits (%),3
Stirling,Out of Work Benefits,Raw data,2015/16,8.45354081316487,Out of Work Benefits (%),2
West Dunbartonshire,Out of Work Benefits,Raw data,2015/16,15.906831233393332,Out of Work Benefits (%),4
West Lothian,Out of Work Benefits,Raw data,2015/16,10.593131973167424,Out of Work Benefits (%),3
Aberdeen City,Out of Work Benefits,Raw data,2016/17,8.46596159769997,Out of Work Benefits (%),1
Aberdeenshire,Out of Work Benefits,Raw data,2016/17,6.182805375569955,Out of Work Benefits (%),1
Angus,Out of Work Benefits,Raw data,2016/17,9.51567978735437,Out of Work Benefits (%),2
Argyll and Bute,Out of Work Benefits,Raw data,2016/17,9.053311400639288,Out of Work Benefits (%),2
Clackmannanshire,Out of Work Benefits,Raw data,2016/17,8.007023128139236,Out of Work Benefits (%),3
Dumfries and Galloway,Out of Work Benefits,Raw data,2016/17,13.288955387950775,Out of Work Benefits (%),3
Dundee City,Out of Work Benefits,Raw data,2016/17,10.53986391789864,Out of Work Benefits (%),4
East Ayrshire,Out of Work Benefits,Raw data,2016/17,14.869763347315,Out of Work Benefits (%),4
East Dunbartonshire,Out of Work Benefits,Raw data,2016/17,13.744128392484342,Out of Work Benefits (%),1
East Lothian,Out of Work Benefits,Raw data,2016/17,6.884654053560004,Out of Work Benefits (%),2
East Renfrewshire,Out of Work Benefits,Raw data,2016/17,8.531461051859548,Out of Work Benefits (%),1
"Edinburgh, City of",Out of Work Benefits,Raw data,2016/17,6.6013553846694055,Out of Work Benefits (%),1
Eilean Siar,Out of Work Benefits,Raw data,2016/17,10.720081435146938,Out of Work Benefits (%),4
Falkirk,Out of Work Benefits,Raw data,2016/17,11.181654536507033,Out of Work Benefits (%),3
Fife,Out of Work Benefits,Raw data,2016/17,16.426566282028634,Out of Work Benefits (%),3
Glasgow City,Out of Work Benefits,Raw data,2016/17,8.619082025873933,Out of Work Benefits (%),4
Highland,Out of Work Benefits,Raw data,2016/17,15.416511459211485,Out of Work Benefits (%),2
Inverclyde,Out of Work Benefits,Raw data,2016/17,9.79539960182025,Out of Work Benefits (%),4
Midlothian,Out of Work Benefits,Raw data,2016/17,8.029470109609306,Out of Work Benefits (%),2
Moray,Out of Work Benefits,Raw data,2016/17,8.857772183763373,Out of Work Benefits (%),2
North Ayrshire,Out of Work Benefits,Raw data,2016/17,15.66647173954554,Out of Work Benefits (%),4
North Lanarkshire,Out of Work Benefits,Raw data,2016/17,13.561879729913445,Out of Work Benefits (%),4
Orkney Islands,Out of Work Benefits,Raw data,2016/17,6.69831223628692,Out of Work Benefits (%),1
Perth and Kinross,Out of Work Benefits,Raw data,2016/17,7.562896353818688,Out of Work Benefits (%),1
Renfrewshire,Out of Work Benefits,Raw data,2016/17,12.175190063456318,Out of Work Benefits (%),3
Scotland,Out of Work Benefits,Raw data,2016/17,11.047243216897582,Out of Work Benefits (%),NA
Scottish Borders,Out of Work Benefits,Raw data,2016/17,8.838807697872957,Out of Work Benefits (%),2
Shetland Islands,Out of Work Benefits,Raw data,2016/17,6.1592207613409515,Out of Work Benefits (%),1
South Ayrshire,Out of Work Benefits,Raw data,2016/17,11.820851688693098,Out of Work Benefits (%),3
South Lanarkshire,Out of Work Benefits,Raw data,2016/17,11.5937475549644,Out of Work Benefits (%),3
Stirling,Out of Work Benefits,Raw data,2016/17,8.440497973562255,Out of Work Benefits (%),2
West Dunbartonshire,Out of Work Benefits,Raw data,2016/17,15.737530465826785,Out of Work Benefits (%),4
West Lothian,Out of Work Benefits,Raw data,2016/17,10.724143600038072,Out of Work Benefits (%),3
Aberdeen City,Out of Work Benefits,Raw data,2017/18,8.38735475984577,Out of Work Benefits (%),1
Aberdeenshire,Out of Work Benefits,Raw data,2017/18,6.068758255474364,Out of Work Benefits (%),1
Angus,Out of Work Benefits,Raw data,2017/18,9.594178740864214,Out of Work Benefits (%),2
Argyll and Bute,Out of Work Benefits,Raw data,2017/18,9.090652091971354,Out of Work Benefits (%),2
Clackmannanshire,Out of Work Benefits,Raw data,2017/18,7.770517663063141,Out of Work Benefits (%),3
Dumfries and Galloway,Out of Work Benefits,Raw data,2017/18,13.24267270390993,Out of Work Benefits (%),3
Dundee City,Out of Work Benefits,Raw data,2017/18,10.56701030927835,Out of Work Benefits (%),4
East Ayrshire,Out of Work Benefits,Raw data,2017/18,14.405634790500056,Out of Work Benefits (%),4
East Dunbartonshire,Out of Work Benefits,Raw data,2017/18,13.584548430782176,Out of Work Benefits (%),1
East Lothian,Out of Work Benefits,Raw data,2017/18,7.096759463614362,Out of Work Benefits (%),2
East Renfrewshire,Out of Work Benefits,Raw data,2017/18,9.12737032587704,Out of Work Benefits (%),1
"Edinburgh, City of",Out of Work Benefits,Raw data,2017/18,6.548410809297116,Out of Work Benefits (%),1
Eilean Siar,Out of Work Benefits,Raw data,2017/18,10.695833333333333,Out of Work Benefits (%),4
Falkirk,Out of Work Benefits,Raw data,2017/18,11.160289769878457,Out of Work Benefits (%),3
Fife,Out of Work Benefits,Raw data,2017/18,15.94495375869173,Out of Work Benefits (%),3
Glasgow City,Out of Work Benefits,Raw data,2017/18,8.830789172492725,Out of Work Benefits (%),4
Highland,Out of Work Benefits,Raw data,2017/18,16.193753204243404,Out of Work Benefits (%),2
Inverclyde,Out of Work Benefits,Raw data,2017/18,9.668892112484052,Out of Work Benefits (%),4
Midlothian,Out of Work Benefits,Raw data,2017/18,8.032520049509147,Out of Work Benefits (%),2
Moray,Out of Work Benefits,Raw data,2017/18,8.629780205818829,Out of Work Benefits (%),2
North Ayrshire,Out of Work Benefits,Raw data,2017/18,15.438284042119404,Out of Work Benefits (%),4
North Lanarkshire,Out of Work Benefits,Raw data,2017/18,13.30291433617898,Out of Work Benefits (%),4
Orkney Islands,Out of Work Benefits,Raw data,2017/18,6.663394744790094,Out of Work Benefits (%),1
Perth and Kinross,Out of Work Benefits,Raw data,2017/18,7.531613639105496,Out of Work Benefits (%),1
Renfrewshire,Out of Work Benefits,Raw data,2017/18,12.069107630905384,Out of Work Benefits (%),3
Scotland,Out of Work Benefits,Raw data,2017/18,10.921894849289757,Out of Work Benefits (%),NA
Scottish Borders,Out of Work Benefits,Raw data,2017/18,8.85711391232615,Out of Work Benefits (%),2
Shetland Islands,Out of Work Benefits,Raw data,2017/18,6.1337575164312685,Out of Work Benefits (%),1
South Ayrshire,Out of Work Benefits,Raw data,2017/18,11.771777807554304,Out of Work Benefits (%),3
South Lanarkshire,Out of Work Benefits,Raw data,2017/18,11.26116333150942,Out of Work Benefits (%),3
Stirling,Out of Work Benefits,Raw data,2017/18,8.31409269710963,Out of Work Benefits (%),2
West Dunbartonshire,Out of Work Benefits,Raw data,2017/18,15.536247647658016,Out of Work Benefits (%),4
West Lothian,Out of Work Benefits,Raw data,2017/18,10.649584020872387,Out of Work Benefits (%),3
Aberdeen City,Out of Work Benefits,Raw data,2018/19,8.274705874603113,Out of Work Benefits (%),1
Aberdeenshire,Out of Work Benefits,Raw data,2018/19,6.009834860136647,Out of Work Benefits (%),1
Angus,Out of Work Benefits,Raw data,2018/19,10.321292666051662,Out of Work Benefits (%),2
Argyll and Bute,Out of Work Benefits,Raw data,2018/19,9.223143646935467,Out of Work Benefits (%),2
Clackmannanshire,Out of Work Benefits,Raw data,2018/19,7.5638859162647645,Out of Work Benefits (%),3
Dumfries and Galloway,Out of Work Benefits,Raw data,2018/19,14.362930795528042,Out of Work Benefits (%),3
Dundee City,Out of Work Benefits,Raw data,2018/19,11.068006665278068,Out of Work Benefits (%),4
East Ayrshire,Out of Work Benefits,Raw data,2018/19,15.143509593080198,Out of Work Benefits (%),4
East Dunbartonshire,Out of Work Benefits,Raw data,2018/19,14.820512140460687,Out of Work Benefits (%),1
East Lothian,Out of Work Benefits,Raw data,2018/19,7.3941285641977395,Out of Work Benefits (%),2
East Renfrewshire,Out of Work Benefits,Raw data,2018/19,9.558600962557133,Out of Work Benefits (%),1
"Edinburgh, City of",Out of Work Benefits,Raw data,2018/19,6.481660571107048,Out of Work Benefits (%),1
Eilean Siar,Out of Work Benefits,Raw data,2018/19,10.958995164895764,Out of Work Benefits (%),4
Falkirk,Out of Work Benefits,Raw data,2018/19,12.0474600524684,Out of Work Benefits (%),3
Fife,Out of Work Benefits,Raw data,2018/19,15.60420869009164,Out of Work Benefits (%),3
Glasgow City,Out of Work Benefits,Raw data,2018/19,9.37018289380494,Out of Work Benefits (%),4
Highland,Out of Work Benefits,Raw data,2018/19,17.382318372875954,Out of Work Benefits (%),2
Inverclyde,Out of Work Benefits,Raw data,2018/19,10.22030286229122,Out of Work Benefits (%),4
Midlothian,Out of Work Benefits,Raw data,2018/19,8.20303784433193,Out of Work Benefits (%),2
Moray,Out of Work Benefits,Raw data,2018/19,8.455148431965998,Out of Work Benefits (%),2
North Ayrshire,Out of Work Benefits,Raw data,2018/19,16.67686547269951,Out of Work Benefits (%),4
North Lanarkshire,Out of Work Benefits,Raw data,2018/19,13.523714473654366,Out of Work Benefits (%),4
Orkney Islands,Out of Work Benefits,Raw data,2018/19,6.540499621498864,Out of Work Benefits (%),1
Perth and Kinross,Out of Work Benefits,Raw data,2018/19,7.7760252365930596,Out of Work Benefits (%),1
Renfrewshire,Out of Work Benefits,Raw data,2018/19,11.895328540320072,Out of Work Benefits (%),3
Scotland,Out of Work Benefits,Raw data,2018/19,11.199584556955283,Out of Work Benefits (%),NA
Scottish Borders,Out of Work Benefits,Raw data,2018/19,9.050422486134906,Out of Work Benefits (%),2
Shetland Islands,Out of Work Benefits,Raw data,2018/19,6.364054321686235,Out of Work Benefits (%),1
South Ayrshire,Out of Work Benefits,Raw data,2018/19,12.515431634097135,Out of Work Benefits (%),3
South Lanarkshire,Out of Work Benefits,Raw data,2018/19,12.010981216982978,Out of Work Benefits (%),3
Stirling,Out of Work Benefits,Raw data,2018/19,8.994181569264995,Out of Work Benefits (%),2
West Dunbartonshire,Out of Work Benefits,Raw data,2018/19,15.572144497807477,Out of Work Benefits (%),4
West Lothian,Out of Work Benefits,Raw data,2018/19,10.761781487285605,Out of Work Benefits (%),3
Aberdeen City,Out of Work Benefits,Raw data,2019/20,8.933415414598175,Out of Work Benefits (%),1
Aberdeenshire,Out of Work Benefits,Raw data,2019/20,6.640893523994723,Out of Work Benefits (%),1
Angus,Out of Work Benefits,Raw data,2019/20,11.354296750210551,Out of Work Benefits (%),2
Argyll and Bute,Out of Work Benefits,Raw data,2019/20,10.182651920927904,Out of Work Benefits (%),2
Clackmannanshire,Out of Work Benefits,Raw data,2019/20,7.9413960168137345,Out of Work Benefits (%),3
Dumfries and Galloway,Out of Work Benefits,Raw data,2019/20,15.24079451377734,Out of Work Benefits (%),3
Dundee City,Out of Work Benefits,Raw data,2019/20,12.703846378334209,Out of Work Benefits (%),4
East Ayrshire,Out of Work Benefits,Raw data,2019/20,16.07122772216485,Out of Work Benefits (%),4
East Dunbartonshire,Out of Work Benefits,Raw data,2019/20,16.13206794269829,Out of Work Benefits (%),1
East Lothian,Out of Work Benefits,Raw data,2019/20,7.948101577909271,Out of Work Benefits (%),2
East Renfrewshire,Out of Work Benefits,Raw data,2019/20,9.89811099589739,Out of Work Benefits (%),1
"Edinburgh, City of",Out of Work Benefits,Raw data,2019/20,7.1438022652693975,Out of Work Benefits (%),1
Eilean Siar,Out of Work Benefits,Raw data,2019/20,11.983440580907963,Out of Work Benefits (%),4
Falkirk,Out of Work Benefits,Raw data,2019/20,13.017552390172746,Out of Work Benefits (%),3
Fife,Out of Work Benefits,Raw data,2019/20,16.770720516135043,Out of Work Benefits (%),3
Glasgow City,Out of Work Benefits,Raw data,2019/20,9.913979922823108,Out of Work Benefits (%),4
Highland,Out of Work Benefits,Raw data,2019/20,18.23808758860264,Out of Work Benefits (%),2
Inverclyde,Out of Work Benefits,Raw data,2019/20,10.642568554972922,Out of Work Benefits (%),4
Midlothian,Out of Work Benefits,Raw data,2019/20,9.034192747828484,Out of Work Benefits (%),2
Moray,Out of Work Benefits,Raw data,2019/20,9.227042143600418,Out of Work Benefits (%),2
North Ayrshire,Out of Work Benefits,Raw data,2019/20,18.08619256071018,Out of Work Benefits (%),4
North Lanarkshire,Out of Work Benefits,Raw data,2019/20,14.68937244486344,Out of Work Benefits (%),4
Orkney Islands,Out of Work Benefits,Raw data,2019/20,7.258003048780488,Out of Work Benefits (%),1
Perth and Kinross,Out of Work Benefits,Raw data,2019/20,8.678992586664888,Out of Work Benefits (%),1
Renfrewshire,Out of Work Benefits,Raw data,2019/20,12.749845588992212,Out of Work Benefits (%),3
Scotland,Out of Work Benefits,Raw data,2019/20,12.102868010760464,Out of Work Benefits (%),NA
Scottish Borders,Out of Work Benefits,Raw data,2019/20,9.971568127141502,Out of Work Benefits (%),2
Shetland Islands,Out of Work Benefits,Raw data,2019/20,7.156742746058031,Out of Work Benefits (%),1
South Ayrshire,Out of Work Benefits,Raw data,2019/20,13.980727758709715,Out of Work Benefits (%),3
South Lanarkshire,Out of Work Benefits,Raw data,2019/20,12.881826408080412,Out of Work Benefits (%),3
Stirling,Out of Work Benefits,Raw data,2019/20,9.528768994365716,Out of Work Benefits (%),2
West Dunbartonshire,Out of Work Benefits,Raw data,2019/20,16.86053646563815,Out of Work Benefits (%),4
West Lothian,Out of Work Benefits,Raw data,2019/20,12.050815123135624,Out of Work Benefits (%),3
Aberdeen City,Out of Work Benefits,Raw data,2020/21,12.964590657960825,Out of Work Benefits (%),1
Aberdeenshire,Out of Work Benefits,Raw data,2020/21,9.61509606186972,Out of Work Benefits (%),1
Angus,Out of Work Benefits,Raw data,2020/21,15.010686888797798,Out of Work Benefits (%),2
Argyll and Bute,Out of Work Benefits,Raw data,2020/21,14.268986606797244,Out of Work Benefits (%),2
Clackmannanshire,Out of Work Benefits,Raw data,2020/21,11.720510416725494,Out of Work Benefits (%),3
Dumfries and Galloway,Out of Work Benefits,Raw data,2020/21,18.86618552191708,Out of Work Benefits (%),3
Dundee City,Out of Work Benefits,Raw data,2020/21,16.358974055627197,Out of Work Benefits (%),4
East Ayrshire,Out of Work Benefits,Raw data,2020/21,19.67171665576986,Out of Work Benefits (%),4
East Dunbartonshire,Out of Work Benefits,Raw data,2020/21,20.489185853056405,Out of Work Benefits (%),1
East Lothian,Out of Work Benefits,Raw data,2020/21,10.8686203899168,Out of Work Benefits (%),2
East Renfrewshire,Out of Work Benefits,Raw data,2020/21,13.241828700942383,Out of Work Benefits (%),1
"Edinburgh, City of",Out of Work Benefits,Raw data,2020/21,10.102545968882602,Out of Work Benefits (%),1
Eilean Siar,Out of Work Benefits,Raw data,2020/21,15.756331618519985,Out of Work Benefits (%),4
Falkirk,Out of Work Benefits,Raw data,2020/21,16.77607379322053,Out of Work Benefits (%),3
Fife,Out of Work Benefits,Raw data,2020/21,21.815782994281253,Out of Work Benefits (%),3
Glasgow City,Out of Work Benefits,Raw data,2020/21,13.965755306483317,Out of Work Benefits (%),4
Highland,Out of Work Benefits,Raw data,2020/21,21.2515200648561,Out of Work Benefits (%),2
Inverclyde,Out of Work Benefits,Raw data,2020/21,14.37297389523972,Out of Work Benefits (%),4
Midlothian,Out of Work Benefits,Raw data,2020/21,12.449479112226054,Out of Work Benefits (%),2
Moray,Out of Work Benefits,Raw data,2020/21,13.024850042844902,Out of Work Benefits (%),2
North Ayrshire,Out of Work Benefits,Raw data,2020/21,22.547658708125116,Out of Work Benefits (%),4
North Lanarkshire,Out of Work Benefits,Raw data,2020/21,18.824520506319928,Out of Work Benefits (%),4
Orkney Islands,Out of Work Benefits,Raw data,2020/21,9.6262395118230355,Out of Work Benefits (%),1
Perth and Kinross,Out of Work Benefits,Raw data,2020/21,12.4108412554447,Out of Work Benefits (%),1
Renfrewshire,Out of Work Benefits,Raw data,2020/21,16.558347033840253,Out of Work Benefits (%),3
Scotland,Out of Work Benefits,Raw data,2020/21,16.019475755352495,Out of Work Benefits (%),NA
Scottish Borders,Out of Work Benefits,Raw data,2020/21,13.57287702232084,Out of Work Benefits (%),2
Shetland Islands,Out of Work Benefits,Raw data,2020/21,9.47437200522724,Out of Work Benefits (%),1
South Ayrshire,Out of Work Benefits,Raw data,2020/21,18.27789699570815,Out of Work Benefits (%),3
South Lanarkshire,Out of Work Benefits,Raw data,2020/21,16.77727312814181,Out of Work Benefits (%),3
Stirling,Out of Work Benefits,Raw data,2020/21,12.650802859921848,Out of Work Benefits (%),2
West Dunbartonshire,Out of Work Benefits,Raw data,2020/21,21.630831678956326,Out of Work Benefits (%),4
West Lothian,Out of Work Benefits,Raw data,2020/21,15.836940211121616,Out of Work Benefits (%),3
Aberdeen City,Out of Work Benefits,Raw data,2021/22,12.404976277765796,Out of Work Benefits (%),1
Aberdeenshire,Out of Work Benefits,Raw data,2021/22,8.955226211972583,Out of Work Benefits (%),1
Angus,Out of Work Benefits,Raw data,2021/22,14.271509085038304,Out of Work Benefits (%),2
Argyll and Bute,Out of Work Benefits,Raw data,2021/22,12.687834647935976,Out of Work Benefits (%),2
Clackmannanshire,Out of Work Benefits,Raw data,2021/22,10.844528789746612,Out of Work Benefits (%),3
Dumfries and Galloway,Out of Work Benefits,Raw data,2021/22,17.677459526774594,Out of Work Benefits (%),3
Dundee City,Out of Work Benefits,Raw data,2021/22,15.445771132480408,Out of Work Benefits (%),4
East Ayrshire,Out of Work Benefits,Raw data,2021/22,18.967391304347824,Out of Work Benefits (%),4
East Dunbartonshire,Out of Work Benefits,Raw data,2021/22,19.39754180938948,Out of Work Benefits (%),1
East Lothian,Out of Work Benefits,Raw data,2021/22,9.840059977508435,Out of Work Benefits (%),2
East Renfrewshire,Out of Work Benefits,Raw data,2021/22,12.050087447274436,Out of Work Benefits (%),1
"Edinburgh, City of",Out of Work Benefits,Raw data,2021/22,9.021715988929104,Out of Work Benefits (%),1
Eilean Siar,Out of Work Benefits,Raw data,2021/22,14.826886033719244,Out of Work Benefits (%),4
Falkirk,Out of Work Benefits,Raw data,2021/22,16.054380770204997,Out of Work Benefits (%),3
Fife,Out of Work Benefits,Raw data,2021/22,20.715444024452843,Out of Work Benefits (%),3
Glasgow City,Out of Work Benefits,Raw data,2021/22,12.488638588248454,Out of Work Benefits (%),4
Highland,Out of Work Benefits,Raw data,2021/22,20.839026081282245,Out of Work Benefits (%),2
Inverclyde,Out of Work Benefits,Raw data,2021/22,13.167013457730643,Out of Work Benefits (%),4
Midlothian,Out of Work Benefits,Raw data,2021/22,11.679906623462596,Out of Work Benefits (%),2
Moray,Out of Work Benefits,Raw data,2021/22,11.669072773804055,Out of Work Benefits (%),2
North Ayrshire,Out of Work Benefits,Raw data,2021/22,21.21927522958489,Out of Work Benefits (%),4
North Lanarkshire,Out of Work Benefits,Raw data,2021/22,17.657398275697513,Out of Work Benefits (%),4
Orkney Islands,Out of Work Benefits,Raw data,2021/22,9.039343009931246,Out of Work Benefits (%),1
Perth and Kinross,Out of Work Benefits,Raw data,2021/22,11.422938072757567,Out of Work Benefits (%),1
Renfrewshire,Out of Work Benefits,Raw data,2021/22,15.188312849732991,Out of Work Benefits (%),3
Scotland,Out of Work Benefits,Raw data,2021/22,15.016370680346986,Out of Work Benefits (%),NA
Scottish Borders,Out of Work Benefits,Raw data,2021/22,12.652070798014844,Out of Work Benefits (%),2
Shetland Islands,Out of Work Benefits,Raw data,2021/22,8.884447674418606,Out of Work Benefits (%),1
South Ayrshire,Out of Work Benefits,Raw data,2021/22,17.207443132074893,Out of Work Benefits (%),3
South Lanarkshire,Out of Work Benefits,Raw data,2021/22,15.514765851252424,Out of Work Benefits (%),3
Stirling,Out of Work Benefits,Raw data,2021/22,11.457002796285428,Out of Work Benefits (%),2
West Dunbartonshire,Out of Work Benefits,Raw data,2021/22,20.55967277088592,Out of Work Benefits (%),4
West Lothian,Out of Work Benefits,Raw data,2021/22,14.960448025423805,Out of Work Benefits (%),3
Aberdeen City,Out of Work Benefits,Raw data,2022/23,11.55474340897603,Out of Work Benefits (%),1
Aberdeenshire,Out of Work Benefits,Raw data,2022/23,8.707916316100109,Out of Work Benefits (%),1
Angus,Out of Work Benefits,Raw data,2022/23,14.041952042129555,Out of Work Benefits (%),2
Argyll and Bute,Out of Work Benefits,Raw data,2022/23,12.213975903614458,Out of Work Benefits (%),2
Clackmannanshire,Out of Work Benefits,Raw data,2022/23,9.960042942274596,Out of Work Benefits (%),3
Dumfries and Galloway,Out of Work Benefits,Raw data,2022/23,17.45107176141659,Out of Work Benefits (%),3
Dundee City,Out of Work Benefits,Raw data,2022/23,15.417898350338511,Out of Work Benefits (%),4
East Ayrshire,Out of Work Benefits,Raw data,2022/23,18.069683211753304,Out of Work Benefits (%),4
East Dunbartonshire,Out of Work Benefits,Raw data,2022/23,18.7791082252251,Out of Work Benefits (%),1
East Lothian,Out of Work Benefits,Raw data,2022/23,9.526423888142824,Out of Work Benefits (%),2
East Renfrewshire,Out of Work Benefits,Raw data,2022/23,11.183345027188214,Out of Work Benefits (%),1
"Edinburgh, City of",Out of Work Benefits,Raw data,2022/23,8.574885626976137,Out of Work Benefits (%),1
Eilean Siar,Out of Work Benefits,Raw data,2022/23,14.392255556663011,Out of Work Benefits (%),4
Falkirk,Out of Work Benefits,Raw data,2022/23,15.490485142166763,Out of Work Benefits (%),3
Fife,Out of Work Benefits,Raw data,2022/23,19.60027050821789,Out of Work Benefits (%),3
Glasgow City,Out of Work Benefits,Raw data,2022/23,11.965160320148408,Out of Work Benefits (%),4
Highland,Out of Work Benefits,Raw data,2022/23,20.52017486249077,Out of Work Benefits (%),2
Inverclyde,Out of Work Benefits,Raw data,2022/23,12.593071654809876,Out of Work Benefits (%),4
Midlothian,Out of Work Benefits,Raw data,2022/23,11.199425760254906,Out of Work Benefits (%),2
Moray,Out of Work Benefits,Raw data,2022/23,10.99268581971534,Out of Work Benefits (%),2
North Ayrshire,Out of Work Benefits,Raw data,2022/23,20.84654013001703,Out of Work Benefits (%),4
North Lanarkshire,Out of Work Benefits,Raw data,2022/23,17.31556956892192,Out of Work Benefits (%),4
Orkney Islands,Out of Work Benefits,Raw data,2022/23,9.364920903087084,Out of Work Benefits (%),1
Perth and Kinross,Out of Work Benefits,Raw data,2022/23,11.114144667194134,Out of Work Benefits (%),1
Renfrewshire,Out of Work Benefits,Raw data,2022/23,14.56909066356071,Out of Work Benefits (%),3
Scotland,Out of Work Benefits,Raw data,2022/23,14.418752212409856,Out of Work Benefits (%),NA
Scottish Borders,Out of Work Benefits,Raw data,2022/23,12.406342182890857,Out of Work Benefits (%),2
Shetland Islands,Out of Work Benefits,Raw data,2022/23,8.962537065162364,Out of Work Benefits (%),1
South Ayrshire,Out of Work Benefits,Raw data,2022/23,16.402291592872654,Out of Work Benefits (%),3
South Lanarkshire,Out of Work Benefits,Raw data,2022/23,14.935916462705524,Out of Work Benefits (%),3
Stirling,Out of Work Benefits,Raw data,2022/23,10.906339788163688,Out of Work Benefits (%),2
West Dunbartonshire,Out of Work Benefits,Raw data,2022/23,20.31120518825437,Out of Work Benefits (%),4
West Lothian,Out of Work Benefits,Raw data,2022/23,14.425799843345184,Out of Work Benefits (%),3
Aberdeen City,Out of Work Benefits,Raw data,2023/24,11.674596993239042,Out of Work Benefits (%),1
Aberdeenshire,Out of Work Benefits,Raw data,2023/24,9.176313754095164,Out of Work Benefits (%),1
Angus,Out of Work Benefits,Raw data,2023/24,14.84454770114092,Out of Work Benefits (%),2
Argyll and Bute,Out of Work Benefits,Raw data,2023/24,13.044804151257576,Out of Work Benefits (%),2
Clackmannanshire,Out of Work Benefits,Raw data,2023/24,10.12815723843948,Out of Work Benefits (%),3
Dumfries and Galloway,Out of Work Benefits,Raw data,2023/24,18.352198923733532,Out of Work Benefits (%),3
Dundee City,Out of Work Benefits,Raw data,2023/24,16.430670186209284,Out of Work Benefits (%),4
East Ayrshire,Out of Work Benefits,Raw data,2023/24,18.677893137503165,Out of Work Benefits (%),4
East Dunbartonshire,Out of Work Benefits,Raw data,2023/24,19.552050770723294,Out of Work Benefits (%),1
East Lothian,Out of Work Benefits,Raw data,2023/24,10.017241106594328,Out of Work Benefits (%),2
East Renfrewshire,Out of Work Benefits,Raw data,2023/24,11.893857173865856,Out of Work Benefits (%),1
"Edinburgh, City of",Out of Work Benefits,Raw data,2023/24,9.149962557252572,Out of Work Benefits (%),1
Eilean Siar,Out of Work Benefits,Raw data,2023/24,15.193135393576732,Out of Work Benefits (%),4
Falkirk,Out of Work Benefits,Raw data,2023/24,16.147927067505968,Out of Work Benefits (%),3
Fife,Out of Work Benefits,Raw data,2023/24,19.843431583186373,Out of Work Benefits (%),3
Glasgow City,Out of Work Benefits,Raw data,2023/24,12.49490477194462,Out of Work Benefits (%),4
Highland,Out of Work Benefits,Raw data,2023/24,21.371248770088553,Out of Work Benefits (%),2
Inverclyde,Out of Work Benefits,Raw data,2023/24,13.26219512195122,Out of Work Benefits (%),4
Midlothian,Out of Work Benefits,Raw data,2023/24,11.738030871195605,Out of Work Benefits (%),2
Moray,Out of Work Benefits,Raw data,2023/24,11.165433403805498,Out of Work Benefits (%),2
North Ayrshire,Out of Work Benefits,Raw data,2023/24,22.045545121677833,Out of Work Benefits (%),4
North Lanarkshire,Out of Work Benefits,Raw data,2023/24,18.182065871390492,Out of Work Benefits (%),4
Orkney Islands,Out of Work Benefits,Raw data,2023/24,10.07523148148148,Out of Work Benefits (%),1
Perth and Kinross,Out of Work Benefits,Raw data,2023/24,11.819665082847347,Out of Work Benefits (%),1
Renfrewshire,Out of Work Benefits,Raw data,2023/24,15.269372354900373,Out of Work Benefits (%),3
Scotland,Out of Work Benefits,Raw data,2023/24,14.99687381497109,Out of Work Benefits (%),NA
Scottish Borders,Out of Work Benefits,Raw data,2023/24,13.30754524031835,Out of Work Benefits (%),2
Shetland Islands,Out of Work Benefits,Raw data,2023/24,9.3429452693494,Out of Work Benefits (%),1
South Ayrshire,Out of Work Benefits,Raw data,2023/24,17.07077477810651,Out of Work Benefits (%),3
South Lanarkshire,Out of Work Benefits,Raw data,2023/24,15.517978108568752,Out of Work Benefits (%),3
Stirling,Out of Work Benefits,Raw data,2023/24,11.505488409621949,Out of Work Benefits (%),2
West Dunbartonshire,Out of Work Benefits,Raw data,2023/24,21.45829223236544,Out of Work Benefits (%),4
West Lothian,Out of Work Benefits,Raw data,2023/24,15.185516126287125,Out of Work Benefits (%),3
Aberdeen City,Out of Work Benefits,Projected,2024/25,12.020933563849823,Out of Work Benefits (%),1
Aberdeenshire,Out of Work Benefits,Projected,2024/25,9.54459052212416,Out of Work Benefits (%),1
Angus,Out of Work Benefits,Projected,2024/25,15.5099702440493,Out of Work Benefits (%),2
Argyll and Bute,Out of Work Benefits,Projected,2024/25,13.672415295683384,Out of Work Benefits (%),2
Clackmannanshire,Out of Work Benefits,Projected,2024/25,10.375412098785626,Out of Work Benefits (%),3
Dumfries and Galloway,Out of Work Benefits,Projected,2024/25,19.054721251029765,Out of Work Benefits (%),3
Dundee City,Out of Work Benefits,Projected,2024/25,17.13462402043628,Out of Work Benefits (%),4
East Ayrshire,Out of Work Benefits,Projected,2024/25,19.50225190068315,Out of Work Benefits (%),4
East Dunbartonshire,Out of Work Benefits,Projected,2024/25,20.28529172386714,Out of Work Benefits (%),1
East Lothian,Out of Work Benefits,Projected,2024/25,10.438854048873248,Out of Work Benefits (%),2
East Renfrewshire,Out of Work Benefits,Projected,2024/25,12.22984571569603,Out of Work Benefits (%),1
"Edinburgh, City of",Out of Work Benefits,Projected,2024/25,9.42996833802453,Out of Work Benefits (%),1
Eilean Siar,Out of Work Benefits,Projected,2024/25,15.678625673313707,Out of Work Benefits (%),4
Falkirk,Out of Work Benefits,Projected,2024/25,16.768633287602547,Out of Work Benefits (%),3
Fife,Out of Work Benefits,Projected,2024/25,20.23355854906199,Out of Work Benefits (%),3
Glasgow City,Out of Work Benefits,Projected,2024/25,12.993764438327863,Out of Work Benefits (%),4
Highland,Out of Work Benefits,Projected,2024/25,22.305484021481256,Out of Work Benefits (%),2
Inverclyde,Out of Work Benefits,Projected,2024/25,13.604493302903627,Out of Work Benefits (%),4
Midlothian,Out of Work Benefits,Projected,2024/25,12.208840138049966,Out of Work Benefits (%),2
Moray,Out of Work Benefits,Projected,2024/25,11.626183917776938,Out of Work Benefits (%),2
North Ayrshire,Out of Work Benefits,Projected,2024/25,22.955366896064312,Out of Work Benefits (%),4
North Lanarkshire,Out of Work Benefits,Projected,2024/25,18.82038533042263,Out of Work Benefits (%),4
Orkney Islands,Out of Work Benefits,Projected,2024/25,10.518679000243775,Out of Work Benefits (%),1
Perth and Kinross,Out of Work Benefits,Projected,2024/25,12.160444719749073,Out of Work Benefits (%),1
Renfrewshire,Out of Work Benefits,Projected,2024/25,15.743904686616892,Out of Work Benefits (%),3
Scotland,Out of Work Benefits,Projected,2024/25,15.492144374074154,Out of Work Benefits (%),NA
Scottish Borders,Out of Work Benefits,Projected,2024/25,13.883498375160777,Out of Work Benefits (%),2
Shetland Islands,Out of Work Benefits,Projected,2024/25,9.671998251219604,Out of Work Benefits (%),1
South Ayrshire,Out of Work Benefits,Projected,2024/25,17.74504860998735,Out of Work Benefits (%),3
South Lanarkshire,Out of Work Benefits,Projected,2024/25,16.03642403438088,Out of Work Benefits (%),3
Stirling,Out of Work Benefits,Projected,2024/25,11.921307126104711,Out of Work Benefits (%),2
West Dunbartonshire,Out of Work Benefits,Projected,2024/25,22.302918779890163,Out of Work Benefits (%),4
West Lothian,Out of Work Benefits,Projected,2024/25,15.625733727873278,Out of Work Benefits (%),3
Aberdeen City,Out of Work Benefits,Projected,2025/26,12.403875116946782,Out of Work Benefits (%),1
Aberdeenshire,Out of Work Benefits,Projected,2025/26,9.919660334376175,Out of Work Benefits (%),1
Angus,Out of Work Benefits,Projected,2025/26,16.167656990803852,Out of Work Benefits (%),2
Argyll and Bute,Out of Work Benefits,Projected,2025/26,14.259982780875944,Out of Work Benefits (%),2
Clackmannanshire,Out of Work Benefits,Projected,2025/26,10.609917582702126,Out of Work Benefits (%),3
Dumfries and Galloway,Out of Work Benefits,Projected,2025/26,19.82098396278886,Out of Work Benefits (%),3
Dundee City,Out of Work Benefits,Projected,2025/26,17.91987565219128,Out of Work Benefits (%),4
East Ayrshire,Out of Work Benefits,Projected,2025/26,20.096893381066,Out of Work Benefits (%),4
East Dunbartonshire,Out of Work Benefits,Projected,2025/26,21.129243791451927,Out of Work Benefits (%),1
East Lothian,Out of Work Benefits,Projected,2025/26,10.820176735146692,Out of Work Benefits (%),2
East Renfrewshire,Out of Work Benefits,Projected,2025/26,12.561705380999555,Out of Work Benefits (%),1
"Edinburgh, City of",Out of Work Benefits,Projected,2025/26,9.729147127431805,Out of Work Benefits (%),1
Eilean Siar,Out of Work Benefits,Projected,2025/26,16.285759113842303,Out of Work Benefits (%),4
Falkirk,Out of Work Benefits,Projected,2025/26,17.384062771982,Out of Work Benefits (%),3
Fife,Out of Work Benefits,Projected,2025/26,20.645232060904032,Out of Work Benefits (%),3
Glasgow City,Out of Work Benefits,Projected,2025/26,13.478531361822483,Out of Work Benefits (%),4
Highland,Out of Work Benefits,Projected,2025/26,23.462129257213757,Out of Work Benefits (%),2
Inverclyde,Out of Work Benefits,Projected,2025/26,13.926129512051356,Out of Work Benefits (%),4
Midlothian,Out of Work Benefits,Projected,2025/26,12.71815321862766,Out of Work Benefits (%),2
Moray,Out of Work Benefits,Projected,2025/26,12.152399648181612,Out of Work Benefits (%),2
North Ayrshire,Out of Work Benefits,Projected,2025/26,23.9833748749276,Out of Work Benefits (%),4
North Lanarkshire,Out of Work Benefits,Projected,2025/26,19.556069869092667,Out of Work Benefits (%),4
Orkney Islands,Out of Work Benefits,Projected,2025/26,10.984953338281668,Out of Work Benefits (%),1
Perth and Kinross,Out of Work Benefits,Projected,2025/26,12.512350625929194,Out of Work Benefits (%),1
Renfrewshire,Out of Work Benefits,Projected,2025/26,16.212181214242886,Out of Work Benefits (%),3
Scotland,Out of Work Benefits,Projected,2025/26,16.006960210144822,Out of Work Benefits (%),NA
Scottish Borders,Out of Work Benefits,Projected,2025/26,14.44560674872336,Out of Work Benefits (%),2
Shetland Islands,Out of Work Benefits,Projected,2025/26,10.041321892498942,Out of Work Benefits (%),1
South Ayrshire,Out of Work Benefits,Projected,2025/26,18.488221454033372,Out of Work Benefits (%),3
South Lanarkshire,Out of Work Benefits,Projected,2025/26,16.604097891510904,Out of Work Benefits (%),3
Stirling,Out of Work Benefits,Projected,2025/26,12.333821863273286,Out of Work Benefits (%),2
West Dunbartonshire,Out of Work Benefits,Projected,2025/26,23.359364879785595,Out of Work Benefits (%),4
West Lothian,Out of Work Benefits,Projected,2025/26,16.166209499198853,Out of Work Benefits (%),3
Aberdeen City,Out of Work Benefits,Projected,2026/27,12.84225758818087,Out of Work Benefits (%),1
Aberdeenshire,Out of Work Benefits,Projected,2026/27,10.3027166002229,Out of Work Benefits (%),1
Angus,Out of Work Benefits,Projected,2026/27,16.856958573851557,Out of Work Benefits (%),2
Argyll and Bute,Out of Work Benefits,Projected,2026/27,14.89638976823299,Out of Work Benefits (%),2
Clackmannanshire,Out of Work Benefits,Projected,2026/27,10.912123910247296,Out of Work Benefits (%),3
Dumfries and Galloway,Out of Work Benefits,Projected,2026/27,20.64378845738845,Out of Work Benefits (%),3
Dundee City,Out of Work Benefits,Projected,2026/27,18.724182130206056,Out of Work Benefits (%),4
East Ayrshire,Out of Work Benefits,Projected,2026/27,20.80110856526106,Out of Work Benefits (%),4
East Dunbartonshire,Out of Work Benefits,Projected,2026/27,22.017184675675892,Out of Work Benefits (%),1
East Lothian,Out of Work Benefits,Projected,2026/27,11.227510997499266,Out of Work Benefits (%),2
East Renfrewshire,Out of Work Benefits,Projected,2026/27,12.919349991725223,Out of Work Benefits (%),1
"Edinburgh, City of",Out of Work Benefits,Projected,2026/27,10.014840521882991,Out of Work Benefits (%),1
Eilean Siar,Out of Work Benefits,Projected,2026/27,16.932068461484825,Out of Work Benefits (%),4
Falkirk,Out of Work Benefits,Projected,2026/27,18.03411937158047,Out of Work Benefits (%),3
Fife,Out of Work Benefits,Projected,2026/27,21.189139421409543,Out of Work Benefits (%),3
Glasgow City,Out of Work Benefits,Projected,2026/27,13.9979649360961,Out of Work Benefits (%),4
Highland,Out of Work Benefits,Projected,2026/27,24.643456647448932,Out of Work Benefits (%),2
Inverclyde,Out of Work Benefits,Projected,2026/27,14.23878931811128,Out of Work Benefits (%),4
Midlothian,Out of Work Benefits,Projected,2026/27,13.263828987857568,Out of Work Benefits (%),2
Moray,Out of Work Benefits,Projected,2026/27,12.716631370256524,Out of Work Benefits (%),2
North Ayrshire,Out of Work Benefits,Projected,2026/27,25.063666235690015,Out of Work Benefits (%),4
North Lanarkshire,Out of Work Benefits,Projected,2026/27,20.323104565108014,Out of Work Benefits (%),4
Orkney Islands,Out of Work Benefits,Projected,2026/27,11.473108000836604,Out of Work Benefits (%),1
Perth and Kinross,Out of Work Benefits,Projected,2026/27,12.926881458901091,Out of Work Benefits (%),1
Renfrewshire,Out of Work Benefits,Projected,2026/27,16.71343472004764,Out of Work Benefits (%),3
Scotland,Out of Work Benefits,Projected,2026/27,16.570623857282644,Out of Work Benefits (%),NA
Scottish Borders,Out of Work Benefits,Projected,2026/27,15.04076473141876,Out of Work Benefits (%),2
Shetland Islands,Out of Work Benefits,Projected,2026/27,10.439775894717574,Out of Work Benefits (%),1
South Ayrshire,Out of Work Benefits,Projected,2026/27,19.295802539879485,Out of Work Benefits (%),3
South Lanarkshire,Out of Work Benefits,Projected,2026/27,17.16883906773713,Out of Work Benefits (%),3
Stirling,Out of Work Benefits,Projected,2026/27,12.790607901987933,Out of Work Benefits (%),2
West Dunbartonshire,Out of Work Benefits,Projected,2026/27,24.457507936724102,Out of Work Benefits (%),4
West Lothian,Out of Work Benefits,Projected,2026/27,16.736559457945756,Out of Work Benefits (%),3
Aberdeen City,Crime Rate,Imputed,2012/13,2386.590644229187,"Crime Rate, per 10,000",1
Aberdeenshire,Crime Rate,Imputed,2012/13,1231.7305025811224,"Crime Rate, per 10,000",1
Angus,Crime Rate,Imputed,2012/13,1669.9922067557268,"Crime Rate, per 10,000",2
Argyll and Bute,Crime Rate,Imputed,2012/13,2098.490794451359,"Crime Rate, per 10,000",2
Clackmannanshire,Crime Rate,Imputed,2012/13,2013.823429237287,"Crime Rate, per 10,000",3
Dumfries and Galloway,Crime Rate,Imputed,2012/13,2413.7812722722283,"Crime Rate, per 10,000",3
Dundee City,Crime Rate,Imputed,2012/13,2093.111427927293,"Crime Rate, per 10,000",4
East Ayrshire,Crime Rate,Imputed,2012/13,2450.4075695046395,"Crime Rate, per 10,000",4
East Dunbartonshire,Crime Rate,Imputed,2012/13,1506.5144957392192,"Crime Rate, per 10,000",1
East Lothian,Crime Rate,Imputed,2012/13,1301.1462416792365,"Crime Rate, per 10,000",2
East Renfrewshire,Crime Rate,Imputed,2012/13,1320.0359127417437,"Crime Rate, per 10,000",1
"Edinburgh, City of",Crime Rate,Imputed,2012/13,2027.143185627779,"Crime Rate, per 10,000",1
Eilean Siar,Crime Rate,Imputed,2012/13,963.4003151133318,"Crime Rate, per 10,000",4
Falkirk,Crime Rate,Imputed,2012/13,2486.967393943778,"Crime Rate, per 10,000",3
Fife,Crime Rate,Imputed,2012/13,1741.640263851374,"Crime Rate, per 10,000",3
Glasgow City,Crime Rate,Imputed,2012/13,4552.256396473413,"Crime Rate, per 10,000",4
Highland,Crime Rate,Imputed,2012/13,1833.0184854317597,"Crime Rate, per 10,000",2
Inverclyde,Crime Rate,Imputed,2012/13,2426.815161866401,"Crime Rate, per 10,000",4
Midlothian,Crime Rate,Imputed,2012/13,1527.532546581127,"Crime Rate, per 10,000",2
Moray,Crime Rate,Imputed,2012/13,1681.7355005144416,"Crime Rate, per 10,000",2
North Ayrshire,Crime Rate,Imputed,2012/13,2325.572320423805,"Crime Rate, per 10,000",4
North Lanarkshire,Crime Rate,Imputed,2012/13,2382.3069385638523,"Crime Rate, per 10,000",4
Orkney Islands,Crime Rate,Imputed,2012/13,997.6093475095784,"Crime Rate, per 10,000",1
Perth and Kinross,Crime Rate,Imputed,2012/13,1649.658100254297,"Crime Rate, per 10,000",1
Renfrewshire,Crime Rate,Imputed,2012/13,2600.4307978832217,"Crime Rate, per 10,000",3
Scotland,Crime Rate,Imputed,2012/13,2324.358234709759,"Crime Rate, per 10,000",NA
Scottish Borders,Crime Rate,Imputed,2012/13,1249.0918112191791,"Crime Rate, per 10,000",2
Shetland Islands,Crime Rate,Imputed,2012/13,869.3756787303403,"Crime Rate, per 10,000",1
South Ayrshire,Crime Rate,Imputed,2012/13,2430.636645815501,"Crime Rate, per 10,000",3
South Lanarkshire,Crime Rate,Imputed,2012/13,2501.112544141219,"Crime Rate, per 10,000",3
Stirling,Crime Rate,Imputed,2012/13,2368.8449625967105,"Crime Rate, per 10,000",2
West Dunbartonshire,Crime Rate,Imputed,2012/13,2574.5013083997183,"Crime Rate, per 10,000",4
West Lothian,Crime Rate,Imputed,2012/13,1665.0536725385946,"Crime Rate, per 10,000",3
Aberdeen City,Crime Rate,Raw data,2013/14,2278.3529917447313,"Crime Rate, per 10,000",1
Aberdeenshire,Crime Rate,Raw data,2013/14,1191.1440895243263,"Crime Rate, per 10,000",1
Angus,Crime Rate,Raw data,2013/14,1607.9313621373876,"Crime Rate, per 10,000",2
Argyll and Bute,Crime Rate,Raw data,2013/14,1969.6606197058336,"Crime Rate, per 10,000",2
Clackmannanshire,Crime Rate,Raw data,2013/14,1945.3298851266013,"Crime Rate, per 10,000",3
Dumfries and Galloway,Crime Rate,Raw data,2013/14,2394.166520133638,"Crime Rate, per 10,000",3
Dundee City,Crime Rate,Raw data,2013/14,2072.3667451268097,"Crime Rate, per 10,000",4
East Ayrshire,Crime Rate,Raw data,2013/14,2349.948875255624,"Crime Rate, per 10,000",4
East Dunbartonshire,Crime Rate,Raw data,2013/14,1438.2446476665805,"Crime Rate, per 10,000",1
East Lothian,Crime Rate,Raw data,2013/14,1283.9000281522726,"Crime Rate, per 10,000",2
East Renfrewshire,Crime Rate,Raw data,2013/14,1251.4156285390711,"Crime Rate, per 10,000",1
"Edinburgh, City of",Crime Rate,Raw data,2013/14,1973.4460046926547,"Crime Rate, per 10,000",1
Eilean Siar,Crime Rate,Raw data,2013/14,960.4553624925104,"Crime Rate, per 10,000",4
Falkirk,Crime Rate,Raw data,2013/14,2367.5693754488134,"Crime Rate, per 10,000",3
Fife,Crime Rate,Raw data,2013/14,1703.337157337808,"Crime Rate, per 10,000",3
Glasgow City,Crime Rate,Raw data,2013/14,4341.149369544131,"Crime Rate, per 10,000",4
Highland,Crime Rate,Raw data,2013/14,1807.372094770416,"Crime Rate, per 10,000",2
Inverclyde,Crime Rate,Raw data,2013/14,2315.244487056568,"Crime Rate, per 10,000",4
Midlothian,Crime Rate,Raw data,2013/14,1508.5135586304114,"Crime Rate, per 10,000",2
Moray,Crime Rate,Raw data,2013/14,1598.728053854741,"Crime Rate, per 10,000",2
North Ayrshire,Crime Rate,Raw data,2013/14,2250.352601088692,"Crime Rate, per 10,000",4
North Lanarkshire,Crime Rate,Raw data,2013/14,2283.4089488983673,"Crime Rate, per 10,000",4
Orkney Islands,Crime Rate,Raw data,2013/14,985.9573519577976,"Crime Rate, per 10,000",1
Perth and Kinross,Crime Rate,Raw data,2013/14,1610.1722867854826,"Crime Rate, per 10,000",1
Renfrewshire,Crime Rate,Raw data,2013/14,2476.6379857535794,"Crime Rate, per 10,000",3
Scotland,Crime Rate,Raw data,2013/14,2229.1705845088304,"Crime Rate, per 10,000",NA
Scottish Borders,Crime Rate,Raw data,2013/14,1247.7738840696272,"Crime Rate, per 10,000",2
Shetland Islands,Crime Rate,Raw data,2013/14,861.6347920778602,"Crime Rate, per 10,000",1
South Ayrshire,Crime Rate,Raw data,2013/14,2336.262907529876,"Crime Rate, per 10,000",3
South Lanarkshire,Crime Rate,Raw data,2013/14,2376.59185011893,"Crime Rate, per 10,000",3
Stirling,Crime Rate,Raw data,2013/14,2260.8246535250064,"Crime Rate, per 10,000",2
West Dunbartonshire,Crime Rate,Raw data,2013/14,2511.5922263893626,"Crime Rate, per 10,000",4
West Lothian,Crime Rate,Raw data,2013/14,1642.433234421365,"Crime Rate, per 10,000",3
Aberdeen City,Crime Rate,Raw data,2014/15,2103.382744203725,"Crime Rate, per 10,000",1
Aberdeenshire,Crime Rate,Raw data,2014/15,898.7363766544238,"Crime Rate, per 10,000",1
Angus,Crime Rate,Raw data,2014/15,1326.9564730267214,"Crime Rate, per 10,000",2
Argyll and Bute,Crime Rate,Raw data,2014/15,1772.762703685832,"Crime Rate, per 10,000",2
Clackmannanshire,Crime Rate,Raw data,2014/15,1879.5034816833183,"Crime Rate, per 10,000",3
Dumfries and Galloway,Crime Rate,Raw data,2014/15,2161.736662379706,"Crime Rate, per 10,000",3
Dundee City,Crime Rate,Raw data,2014/15,1757.146819241713,"Crime Rate, per 10,000",4
East Ayrshire,Crime Rate,Raw data,2014/15,1863.9944392956445,"Crime Rate, per 10,000",4
East Dunbartonshire,Crime Rate,Raw data,2014/15,950.9746012994684,"Crime Rate, per 10,000",1
East Lothian,Crime Rate,Raw data,2014/15,1062.1379428163195,"Crime Rate, per 10,000",2
East Renfrewshire,Crime Rate,Raw data,2014/15,1038.4188553612007,"Crime Rate, per 10,000",1
"Edinburgh, City of",Crime Rate,Raw data,2014/15,1778.6048895617034,"Crime Rate, per 10,000",1
Eilean Siar,Crime Rate,Raw data,2014/15,880.0195288661051,"Crime Rate, per 10,000",4
Falkirk,Crime Rate,Raw data,2014/15,1969.356365357312,"Crime Rate, per 10,000",3
Fife,Crime Rate,Raw data,2014/15,1482.3956881410934,"Crime Rate, per 10,000",3
Glasgow City,Crime Rate,Raw data,2014/15,3421.014934360197,"Crime Rate, per 10,000",4
Highland,Crime Rate,Raw data,2014/15,1677.0156471089254,"Crime Rate, per 10,000",2
Inverclyde,Crime Rate,Raw data,2014/15,1793.3677913932283,"Crime Rate, per 10,000",4
Midlothian,Crime Rate,Raw data,2014/15,1353.4875250409762,"Crime Rate, per 10,000",2
Moray,Crime Rate,Raw data,2014/15,1266.663278960652,"Crime Rate, per 10,000",2
North Ayrshire,Crime Rate,Raw data,2014/15,1773.310894305116,"Crime Rate, per 10,000",4
North Lanarkshire,Crime Rate,Raw data,2014/15,1865.0095255375124,"Crime Rate, per 10,000",4
Orkney Islands,Crime Rate,Raw data,2014/15,901.2521556571942,"Crime Rate, per 10,000",1
Perth and Kinross,Crime Rate,Raw data,2014/15,1159.763573159632,"Crime Rate, per 10,000",1
Renfrewshire,Crime Rate,Raw data,2014/15,1927.8456806986317,"Crime Rate, per 10,000",3
Scotland,Crime Rate,Raw data,2014/15,1840.6762802271635,"Crime Rate, per 10,000",NA
Scottish Borders,Crime Rate,Raw data,2014/15,1038.835511699703,"Crime Rate, per 10,000",2
Shetland Islands,Crime Rate,Raw data,2014/15,875.1442732025256,"Crime Rate, per 10,000",1
South Ayrshire,Crime Rate,Raw data,2014/15,1889.7326719634784,"Crime Rate, per 10,000",3
South Lanarkshire,Crime Rate,Raw data,2014/15,1819.019066094488,"Crime Rate, per 10,000",3
Stirling,Crime Rate,Raw data,2014/15,2086.5281199042433,"Crime Rate, per 10,000",2
West Dunbartonshire,Crime Rate,Raw data,2014/15,2053.87665800629,"Crime Rate, per 10,000",4
West Lothian,Crime Rate,Raw data,2014/15,1303.8510183610276,"Crime Rate, per 10,000",3
Aberdeen City,Crime Rate,Raw data,2015/16,1965.100076007094,"Crime Rate, per 10,000",1
Aberdeenshire,Crime Rate,Raw data,2015/16,930.1798443138774,"Crime Rate, per 10,000",1
Angus,Crime Rate,Raw data,2015/16,1539.777347802922,"Crime Rate, per 10,000",2
Argyll and Bute,Crime Rate,Raw data,2015/16,1564.052103832818,"Crime Rate, per 10,000",2
Clackmannanshire,Crime Rate,Raw data,2015/16,1766.7404957674687,"Crime Rate, per 10,000",3
Dumfries and Galloway,Crime Rate,Raw data,2015/16,2397.3001410374086,"Crime Rate, per 10,000",3
Dundee City,Crime Rate,Raw data,2015/16,2053.0621086617907,"Crime Rate, per 10,000",4
East Ayrshire,Crime Rate,Raw data,2015/16,1673.0856513000065,"Crime Rate, per 10,000",4
East Dunbartonshire,Crime Rate,Raw data,2015/16,800.8750075955521,"Crime Rate, per 10,000",1
East Lothian,Crime Rate,Raw data,2015/16,927.912811908317,"Crime Rate, per 10,000",2
East Renfrewshire,Crime Rate,Raw data,2015/16,749.1375061606703,"Crime Rate, per 10,000",1
"Edinburgh, City of",Crime Rate,Raw data,2015/16,1605.8499726981595,"Crime Rate, per 10,000",1
Eilean Siar,Crime Rate,Raw data,2015/16,975.760957163226,"Crime Rate, per 10,000",4
Falkirk,Crime Rate,Raw data,2015/16,1706.8219666735647,"Crime Rate, per 10,000",3
Fife,Crime Rate,Raw data,2015/16,1464.5330703109116,"Crime Rate, per 10,000",3
Glasgow City,Crime Rate,Raw data,2015/16,2664.83423667788,"Crime Rate, per 10,000",4
Highland,Crime Rate,Raw data,2015/16,1820.540629590478,"Crime Rate, per 10,000",2
Inverclyde,Crime Rate,Raw data,2015/16,1553.0789279184658,"Crime Rate, per 10,000",4
Midlothian,Crime Rate,Raw data,2015/16,1279.8330965270409,"Crime Rate, per 10,000",2
Moray,Crime Rate,Raw data,2015/16,1352.742317977698,"Crime Rate, per 10,000",2
North Ayrshire,Crime Rate,Raw data,2015/16,1701.0736887013818,"Crime Rate, per 10,000",4
North Lanarkshire,Crime Rate,Raw data,2015/16,1752.2042732481589,"Crime Rate, per 10,000",4
Orkney Islands,Crime Rate,Raw data,2015/16,736.4224462163382,"Crime Rate, per 10,000",1
Perth and Kinross,Crime Rate,Raw data,2015/16,1431.1266199207737,"Crime Rate, per 10,000",1
Renfrewshire,Crime Rate,Raw data,2015/16,1792.180852933938,"Crime Rate, per 10,000",3
Scotland,Crime Rate,Raw data,2015/16,1692.650462862572,"Crime Rate, per 10,000",NA
Scottish Borders,Crime Rate,Raw data,2015/16,966.0472386245224,"Crime Rate, per 10,000",2
Shetland Islands,Crime Rate,Raw data,2015/16,1225.3635992931902,"Crime Rate, per 10,000",1
South Ayrshire,Crime Rate,Raw data,2015/16,1697.865691881375,"Crime Rate, per 10,000",3
South Lanarkshire,Crime Rate,Raw data,2015/16,1510.238824369674,"Crime Rate, per 10,000",3
Stirling,Crime Rate,Raw data,2015/16,1940.8200502633665,"Crime Rate, per 10,000",2
West Dunbartonshire,Crime Rate,Raw data,2015/16,2014.0567412359649,"Crime Rate, per 10,000",4
West Lothian,Crime Rate,Raw data,2015/16,1337.19717771367,"Crime Rate, per 10,000",3
Aberdeen City,Crime Rate,Raw data,2016/17,1846.1212650169423,"Crime Rate, per 10,000",1
Aberdeenshire,Crime Rate,Raw data,2016/17,929.3256539476844,"Crime Rate, per 10,000",1
Angus,Crime Rate,Raw data,2016/17,1375.6927949326998,"Crime Rate, per 10,000",2
Argyll and Bute,Crime Rate,Raw data,2016/17,1313.5315999027982,"Crime Rate, per 10,000",2
Clackmannanshire,Crime Rate,Raw data,2016/17,1463.5561391187516,"Crime Rate, per 10,000",3
Dumfries and Galloway,Crime Rate,Raw data,2016/17,2129.3910212939104,"Crime Rate, per 10,000",3
Dundee City,Crime Rate,Raw data,2016/17,1982.0827507638137,"Crime Rate, per 10,000",4
East Ayrshire,Crime Rate,Raw data,2016/17,1478.9926931106472,"Crime Rate, per 10,000",4
East Dunbartonshire,Crime Rate,Raw data,2016/17,820.3089297139201,"Crime Rate, per 10,000",1
East Lothian,Crime Rate,Raw data,2016/17,931.6077376768634,"Crime Rate, per 10,000",2
East Renfrewshire,Crime Rate,Raw data,2016/17,748.2706555707714,"Crime Rate, per 10,000",1
"Edinburgh, City of",Crime Rate,Raw data,2016/17,1499.0363275318305,"Crime Rate, per 10,000",1
Eilean Siar,Crime Rate,Raw data,2016/17,887.9798615481435,"Crime Rate, per 10,000",4
Falkirk,Crime Rate,Raw data,2016/17,1411.44419528699,"Crime Rate, per 10,000",3
Fife,Crime Rate,Raw data,2016/17,1361.599627029967,"Crime Rate, per 10,000",3
Glasgow City,Crime Rate,Raw data,2016/17,2310.477845517781,"Crime Rate, per 10,000",4
Highland,Crime Rate,Raw data,2016/17,1619.1852463528764,"Crime Rate, per 10,000",2
Inverclyde,Crime Rate,Raw data,2016/17,1520.9677103142706,"Crime Rate, per 10,000",4
Midlothian,Crime Rate,Raw data,2016/17,1415.8489761092148,"Crime Rate, per 10,000",2
Moray,Crime Rate,Raw data,2016/17,1308.0828458072758,"Crime Rate, per 10,000",2
North Ayrshire,Crime Rate,Raw data,2016/17,1491.550506014894,"Crime Rate, per 10,000",4
North Lanarkshire,Crime Rate,Raw data,2016/17,1499.88670865999,"Crime Rate, per 10,000",4
Orkney Islands,Crime Rate,Raw data,2016/17,757.2332730560579,"Crime Rate, per 10,000",1
Perth and Kinross,Crime Rate,Raw data,2016/17,1229.449841732292,"Crime Rate, per 10,000",1
Renfrewshire,Crime Rate,Raw data,2016/17,1549.9227526251016,"Crime Rate, per 10,000",3
Scotland,Crime Rate,Raw data,2016/17,1523.431905644077,"Crime Rate, per 10,000",NA
Scottish Borders,Crime Rate,Raw data,2016/17,995.0803067573436,"Crime Rate, per 10,000",2
Shetland Islands,Crime Rate,Raw data,2016/17,975.4250705582708,"Crime Rate, per 10,000",1
South Ayrshire,Crime Rate,Raw data,2016/17,1409.8399560954626,"Crime Rate, per 10,000",3
South Lanarkshire,Crime Rate,Raw data,2016/17,1291.761208043189,"Crime Rate, per 10,000",3
Stirling,Crime Rate,Raw data,2016/17,1550.182122885921,"Crime Rate, per 10,000",2
West Dunbartonshire,Crime Rate,Raw data,2016/17,1810.7857608732968,"Crime Rate, per 10,000",4
West Lothian,Crime Rate,Raw data,2016/17,1286.9145373839458,"Crime Rate, per 10,000",3
Aberdeen City,Crime Rate,Raw data,2017/18,1660.3054675968972,"Crime Rate, per 10,000",1
Aberdeenshire,Crime Rate,Raw data,2017/18,983.5072284630578,"Crime Rate, per 10,000",1
Angus,Crime Rate,Raw data,2017/18,1341.3400578421736,"Crime Rate, per 10,000",2
Argyll and Bute,Crime Rate,Raw data,2017/18,1273.6524689031285,"Crime Rate, per 10,000",2
Clackmannanshire,Crime Rate,Raw data,2017/18,1390.1976381325337,"Crime Rate, per 10,000",3
Dumfries and Galloway,Crime Rate,Raw data,2017/18,2093.1374227945794,"Crime Rate, per 10,000",3
Dundee City,Crime Rate,Raw data,2017/18,1931.3388814982109,"Crime Rate, per 10,000",4
East Ayrshire,Crime Rate,Raw data,2017/18,1419.5931998369645,"Crime Rate, per 10,000",4
East Dunbartonshire,Crime Rate,Raw data,2017/18,754.6537999056303,"Crime Rate, per 10,000",1
East Lothian,Crime Rate,Raw data,2017/18,970.788157114399,"Crime Rate, per 10,000",2
East Renfrewshire,Crime Rate,Raw data,2017/18,770.0924110893308,"Crime Rate, per 10,000",1
"Edinburgh, City of",Crime Rate,Raw data,2017/18,1599.1548358152795,"Crime Rate, per 10,000",1
Eilean Siar,Crime Rate,Raw data,2017/18,744.5051454707153,"Crime Rate, per 10,000",4
Falkirk,Crime Rate,Raw data,2017/18,1434.0196078431377,"Crime Rate, per 10,000",3
Fife,Crime Rate,Raw data,2017/18,1341.0933798993758,"Crime Rate, per 10,000",3
Glasgow City,Crime Rate,Raw data,2017/18,2064.7496852840977,"Crime Rate, per 10,000",4
Highland,Crime Rate,Raw data,2017/18,1569.2439222824364,"Crime Rate, per 10,000",2
Inverclyde,Crime Rate,Raw data,2017/18,1392.712071617305,"Crime Rate, per 10,000",4
Midlothian,Crime Rate,Raw data,2017/18,1349.2493489697115,"Crime Rate, per 10,000",2
Moray,Crime Rate,Raw data,2017/18,1224.842740636498,"Crime Rate, per 10,000",2
North Ayrshire,Crime Rate,Raw data,2017/18,1396.8242546352928,"Crime Rate, per 10,000",4
North Lanarkshire,Crime Rate,Raw data,2017/18,1484.79427549195,"Crime Rate, per 10,000",4
Orkney Islands,Crime Rate,Raw data,2017/18,697.6744186046511,"Crime Rate, per 10,000",1
Perth and Kinross,Crime Rate,Raw data,2017/18,1200.0570306759232,"Crime Rate, per 10,000",1
Renfrewshire,Crime Rate,Raw data,2017/18,1483.753416337686,"Crime Rate, per 10,000",3
Scotland,Crime Rate,Raw data,2017/18,1468.2151518651117,"Crime Rate, per 10,000",NA
Scottish Borders,Crime Rate,Raw data,2017/18,985.7157329551212,"Crime Rate, per 10,000",2
Shetland Islands,Crime Rate,Raw data,2017/18,766.3263879177738,"Crime Rate, per 10,000",1
South Ayrshire,Crime Rate,Raw data,2017/18,1396.668006610389,"Crime Rate, per 10,000",3
South Lanarkshire,Crime Rate,Raw data,2017/18,1287.1296802939107,"Crime Rate, per 10,000",3
Stirling,Crime Rate,Raw data,2017/18,1353.685650761074,"Crime Rate, per 10,000",2
West Dunbartonshire,Crime Rate,Raw data,2017/18,1564.8901089414894,"Crime Rate, per 10,000",4
West Lothian,Crime Rate,Raw data,2017/18,1252.5161769660735,"Crime Rate, per 10,000",3
Aberdeen City,Crime Rate,Raw data,2018/19,1510.6781023147964,"Crime Rate, per 10,000",1
Aberdeenshire,Crime Rate,Raw data,2018/19,970.4341432029166,"Crime Rate, per 10,000",1
Angus,Crime Rate,Raw data,2018/19,1184.8477859778598,"Crime Rate, per 10,000",2
Argyll and Bute,Crime Rate,Raw data,2018/19,1227.3377180440375,"Crime Rate, per 10,000",2
Clackmannanshire,Crime Rate,Raw data,2018/19,1300.9331978194584,"Crime Rate, per 10,000",3
Dumfries and Galloway,Crime Rate,Raw data,2018/19,2250.6885139669976,"Crime Rate, per 10,000",3
Dundee City,Crime Rate,Raw data,2018/19,1988.2058207985815,"Crime Rate, per 10,000",4
East Ayrshire,Crime Rate,Raw data,2018/19,1388.163216592184,"Crime Rate, per 10,000",4
East Dunbartonshire,Crime Rate,Raw data,2018/19,766.7530714603432,"Crime Rate, per 10,000",1
East Lothian,Crime Rate,Raw data,2018/19,1008.1121167176196,"Crime Rate, per 10,000",2
East Renfrewshire,Crime Rate,Raw data,2018/19,684.6954564636377,"Crime Rate, per 10,000",1
"Edinburgh, City of",Crime Rate,Raw data,2018/19,1533.2333001483285,"Crime Rate, per 10,000",1
Eilean Siar,Crime Rate,Raw data,2018/19,642.0245991370983,"Crime Rate, per 10,000",4
Falkirk,Crime Rate,Raw data,2018/19,1374.607332420802,"Crime Rate, per 10,000",3
Fife,Crime Rate,Raw data,2018/19,1301.563211412961,"Crime Rate, per 10,000",3
Glasgow City,Crime Rate,Raw data,2018/19,1922.686301891583,"Crime Rate, per 10,000",4
Highland,Crime Rate,Raw data,2018/19,1460.0952658695442,"Crime Rate, per 10,000",2
Inverclyde,Crime Rate,Raw data,2018/19,1288.8702962210402,"Crime Rate, per 10,000",4
Midlothian,Crime Rate,Raw data,2018/19,1339.143391780442,"Crime Rate, per 10,000",2
Moray,Crime Rate,Raw data,2018/19,1222.6894361966874,"Crime Rate, per 10,000",2
North Ayrshire,Crime Rate,Raw data,2018/19,1448.7555437074377,"Crime Rate, per 10,000",4
North Lanarkshire,Crime Rate,Raw data,2018/19,1510.83085716878,"Crime Rate, per 10,000",4
Orkney Islands,Crime Rate,Raw data,2018/19,824.3754731264194,"Crime Rate, per 10,000",1
Perth and Kinross,Crime Rate,Raw data,2018/19,1229.1770435552603,"Crime Rate, per 10,000",1
Renfrewshire,Crime Rate,Raw data,2018/19,1390.2042791469355,"Crime Rate, per 10,000",3
Scotland,Crime Rate,Raw data,2018/19,1430.352808263022,"Crime Rate, per 10,000",NA
Scottish Borders,Crime Rate,Raw data,2018/19,1075.8152095008566,"Crime Rate, per 10,000",2
Shetland Islands,Crime Rate,Raw data,2018/19,890.5078511812138,"Crime Rate, per 10,000",1
South Ayrshire,Crime Rate,Raw data,2018/19,1436.8733251031283,"Crime Rate, per 10,000",3
South Lanarkshire,Crime Rate,Raw data,2018/19,1271.9135198591275,"Crime Rate, per 10,000",3
Stirling,Crime Rate,Raw data,2018/19,1292.718405065457,"Crime Rate, per 10,000",2
West Dunbartonshire,Crime Rate,Raw data,2018/19,1659.532261432449,"Crime Rate, per 10,000",4
West Lothian,Crime Rate,Raw data,2018/19,1252.4783764361598,"Crime Rate, per 10,000",3
Aberdeen City,Crime Rate,Raw data,2019/20,1505.2474947656733,"Crime Rate, per 10,000",1
Aberdeenshire,Crime Rate,Raw data,2019/20,1008.0323026140592,"Crime Rate, per 10,000",1
Angus,Crime Rate,Raw data,2019/20,1289.751110852961,"Crime Rate, per 10,000",2
Argyll and Bute,Crime Rate,Raw data,2019/20,1271.6272975993218,"Crime Rate, per 10,000",2
Clackmannanshire,Crime Rate,Raw data,2019/20,1369.3933028543186,"Crime Rate, per 10,000",3
Dumfries and Galloway,Crime Rate,Raw data,2019/20,2211.171423568552,"Crime Rate, per 10,000",3
Dundee City,Crime Rate,Raw data,2019/20,2040.000409002137,"Crime Rate, per 10,000",4
East Ayrshire,Crime Rate,Raw data,2019/20,1413.5220334925048,"Crime Rate, per 10,000",4
East Dunbartonshire,Crime Rate,Raw data,2019/20,783.8695759368836,"Crime Rate, per 10,000",1
East Lothian,Crime Rate,Raw data,2019/20,1021.8956163683632,"Crime Rate, per 10,000",2
East Renfrewshire,Crime Rate,Raw data,2019/20,709.9255495571787,"Crime Rate, per 10,000",1
"Edinburgh, City of",Crime Rate,Raw data,2019/20,1478.1838668751827,"Crime Rate, per 10,000",1
Eilean Siar,Crime Rate,Raw data,2019/20,771.3319458896982,"Crime Rate, per 10,000",4
Falkirk,Crime Rate,Raw data,2019/20,1403.27055906488,"Crime Rate, per 10,000",3
Fife,Crime Rate,Raw data,2019/20,1241.561350878488,"Crime Rate, per 10,000",3
Glasgow City,Crime Rate,Raw data,2019/20,1906.4854604106256,"Crime Rate, per 10,000",4
Highland,Crime Rate,Raw data,2019/20,1277.3334824674234,"Crime Rate, per 10,000",2
Inverclyde,Crime Rate,Raw data,2019/20,1300.576293648722,"Crime Rate, per 10,000",4
Midlothian,Crime Rate,Raw data,2019/20,1235.2789478208545,"Crime Rate, per 10,000",2
Moray,Crime Rate,Raw data,2019/20,1204.3292430718325,"Crime Rate, per 10,000",2
North Ayrshire,Crime Rate,Raw data,2019/20,1484.3119512851238,"Crime Rate, per 10,000",4
North Lanarkshire,Crime Rate,Raw data,2019/20,1579.5389649827314,"Crime Rate, per 10,000",4
Orkney Islands,Crime Rate,Raw data,2019/20,861.280487804878,"Crime Rate, per 10,000",1
Perth and Kinross,Crime Rate,Raw data,2019/20,1575.5837862469853,"Crime Rate, per 10,000",1
Renfrewshire,Crime Rate,Raw data,2019/20,1360.017843049789,"Crime Rate, per 10,000",3
Scotland,Crime Rate,Raw data,2019/20,1438.1360099505366,"Crime Rate, per 10,000",NA
Scottish Borders,Crime Rate,Raw data,2019/20,1104.0314937668586,"Crime Rate, per 10,000",2
Shetland Islands,Crime Rate,Raw data,2019/20,892.7928576571387,"Crime Rate, per 10,000",1
South Ayrshire,Crime Rate,Raw data,2019/20,1419.3724751693344,"Crime Rate, per 10,000",3
South Lanarkshire,Crime Rate,Raw data,2019/20,1384.2842818361903,"Crime Rate, per 10,000",3
Stirling,Crime Rate,Raw data,2019/20,1253.713505207444,"Crime Rate, per 10,000",2
West Dunbartonshire,Crime Rate,Raw data,2019/20,1740.5329593267884,"Crime Rate, per 10,000",4
West Lothian,Crime Rate,Raw data,2019/20,1206.2955254942767,"Crime Rate, per 10,000",3
Aberdeen City,Crime Rate,Raw data,2020/21,1531.893520843797,"Crime Rate, per 10,000",1
Aberdeenshire,Crime Rate,Raw data,2020/21,846.2072285541017,"Crime Rate, per 10,000",1
Angus,Crime Rate,Raw data,2020/21,1231.6273350120046,"Crime Rate, per 10,000",2
Argyll and Bute,Crime Rate,Raw data,2020/21,1253.3870093675,"Crime Rate, per 10,000",2
Clackmannanshire,Crime Rate,Raw data,2020/21,1415.6278314118788,"Crime Rate, per 10,000",3
Dumfries and Galloway,Crime Rate,Raw data,2020/21,2062.4179256332295,"Crime Rate, per 10,000",3
Dundee City,Crime Rate,Raw data,2020/21,2155.320366132723,"Crime Rate, per 10,000",4
East Ayrshire,Crime Rate,Raw data,2020/21,1421.8053990232384,"Crime Rate, per 10,000",4
East Dunbartonshire,Crime Rate,Raw data,2020/21,852.3221159816218,"Crime Rate, per 10,000",1
East Lothian,Crime Rate,Raw data,2020/21,1083.4426816175594,"Crime Rate, per 10,000",2
East Renfrewshire,Crime Rate,Raw data,2020/21,683.1683168316832,"Crime Rate, per 10,000",1
"Edinburgh, City of",Crime Rate,Raw data,2020/21,1289.313326292843,"Crime Rate, per 10,000",1
Eilean Siar,Crime Rate,Raw data,2020/21,873.3768373871202,"Crime Rate, per 10,000",4
Falkirk,Crime Rate,Raw data,2020/21,1352.9877324891174,"Crime Rate, per 10,000",3
Fife,Crime Rate,Raw data,2020/21,1233.2678922006069,"Crime Rate, per 10,000",3
Glasgow City,Crime Rate,Raw data,2020/21,1926.8362933609592,"Crime Rate, per 10,000",4
Highland,Crime Rate,Raw data,2020/21,1290.3225806451612,"Crime Rate, per 10,000",2
Inverclyde,Crime Rate,Raw data,2020/21,1346.57478719092,"Crime Rate, per 10,000",4
Midlothian,Crime Rate,Raw data,2020/21,1167.036341921174,"Crime Rate, per 10,000",2
Moray,Crime Rate,Raw data,2020/21,1049.7892059510125,"Crime Rate, per 10,000",2
North Ayrshire,Crime Rate,Raw data,2020/21,1537.6642605959653,"Crime Rate, per 10,000",4
North Lanarkshire,Crime Rate,Raw data,2020/21,1583.043452626614,"Crime Rate, per 10,000",4
Orkney Islands,Crime Rate,Raw data,2020/21,627.765064836003,"Crime Rate, per 10,000",1
Perth and Kinross,Crime Rate,Raw data,2020/21,1515.8946107248032,"Crime Rate, per 10,000",1
Renfrewshire,Crime Rate,Raw data,2020/21,1347.7017399643787,"Crime Rate, per 10,000",3
Scotland,Crime Rate,Raw data,2020/21,1411.339784653128,"Crime Rate, per 10,000",NA
Scottish Borders,Crime Rate,Raw data,2020/21,1084.7427740143712,"Crime Rate, per 10,000",2
Shetland Islands,Crime Rate,Raw data,2020/21,726.0055176419341,"Crime Rate, per 10,000",1
South Ayrshire,Crime Rate,Raw data,2020/21,1294.1446965052114,"Crime Rate, per 10,000",3
South Lanarkshire,Crime Rate,Raw data,2020/21,1364.5138215206125,"Crime Rate, per 10,000",3
Stirling,Crime Rate,Raw data,2020/21,1261.7101513574391,"Crime Rate, per 10,000",2
West Dunbartonshire,Crime Rate,Raw data,2020/21,1929.062677254679,"Crime Rate, per 10,000",4
West Lothian,Crime Rate,Raw data,2020/21,1267.3368664833592,"Crime Rate, per 10,000",3
Aberdeen City,Crime Rate,Raw data,2021/22,1626.253504420962,"Crime Rate, per 10,000",1
Aberdeenshire,Crime Rate,Raw data,2021/22,983.5737805297128,"Crime Rate, per 10,000",1
Angus,Crime Rate,Raw data,2021/22,1244.1659083570612,"Crime Rate, per 10,000",2
Argyll and Bute,Crime Rate,Raw data,2021/22,1188.1321127679582,"Crime Rate, per 10,000",2
Clackmannanshire,Crime Rate,Raw data,2021/22,1373.59900373599,"Crime Rate, per 10,000",3
Dumfries and Galloway,Crime Rate,Raw data,2021/22,2145.6774606637655,"Crime Rate, per 10,000",3
Dundee City,Crime Rate,Raw data,2021/22,1969.3581780538304,"Crime Rate, per 10,000",4
East Ayrshire,Crime Rate,Raw data,2021/22,1364.900261938344,"Crime Rate, per 10,000",4
East Dunbartonshire,Crime Rate,Raw data,2021/22,679.5889041609396,"Crime Rate, per 10,000",1
East Lothian,Crime Rate,Raw data,2021/22,968.97458885084,"Crime Rate, per 10,000",2
East Renfrewshire,Crime Rate,Raw data,2021/22,633.2055922219856,"Crime Rate, per 10,000",1
"Edinburgh, City of",Crime Rate,Raw data,2021/22,1302.3531195208525,"Crime Rate, per 10,000",1
Eilean Siar,Crime Rate,Raw data,2021/22,838.637705886213,"Crime Rate, per 10,000",4
Falkirk,Crime Rate,Raw data,2021/22,1295.946938856564,"Crime Rate, per 10,000",3
Fife,Crime Rate,Raw data,2021/22,1331.5689716916036,"Crime Rate, per 10,000",3
Glasgow City,Crime Rate,Raw data,2021/22,1822.2968873955856,"Crime Rate, per 10,000",4
Highland,Crime Rate,Raw data,2021/22,1223.4667337863916,"Crime Rate, per 10,000",2
Inverclyde,Crime Rate,Raw data,2021/22,1172.7400640306694,"Crime Rate, per 10,000",4
Midlothian,Crime Rate,Raw data,2021/22,1125.7844749471424,"Crime Rate, per 10,000",2
Moray,Crime Rate,Raw data,2021/22,1150.308351625379,"Crime Rate, per 10,000",2
North Ayrshire,Crime Rate,Raw data,2021/22,1356.8405158543528,"Crime Rate, per 10,000",4
North Lanarkshire,Crime Rate,Raw data,2021/22,1380.9417763860547,"Crime Rate, per 10,000",4
Orkney Islands,Crime Rate,Raw data,2021/22,654.6982429335371,"Crime Rate, per 10,000",1
Perth and Kinross,Crime Rate,Raw data,2021/22,1439.9333518467092,"Crime Rate, per 10,000",1
Renfrewshire,Crime Rate,Raw data,2021/22,1233.359736310908,"Crime Rate, per 10,000",3
Scotland,Crime Rate,Raw data,2021/22,1358.7780977682266,"Crime Rate, per 10,000",NA
Scottish Borders,Crime Rate,Raw data,2021/22,1112.6238892060842,"Crime Rate, per 10,000",2
Shetland Islands,Crime Rate,Raw data,2021/22,664.9709302325582,"Crime Rate, per 10,000",1
South Ayrshire,Crime Rate,Raw data,2021/22,1278.3571658961405,"Crime Rate, per 10,000",3
South Lanarkshire,Crime Rate,Raw data,2021/22,1208.7633019637335,"Crime Rate, per 10,000",3
Stirling,Crime Rate,Raw data,2021/22,1192.218731660165,"Crime Rate, per 10,000",2
West Dunbartonshire,Crime Rate,Raw data,2021/22,1674.095555197537,"Crime Rate, per 10,000",4
West Lothian,Crime Rate,Raw data,2021/22,1219.2025700147672,"Crime Rate, per 10,000",3
Aberdeen City,Crime Rate,Raw data,2022/23,1429.8731011732154,"Crime Rate, per 10,000",1
Aberdeenshire,Crime Rate,Raw data,2022/23,961.7244107342432,"Crime Rate, per 10,000",1
Angus,Crime Rate,Raw data,2022/23,1070.1025132764307,"Crime Rate, per 10,000",2
Argyll and Bute,Crime Rate,Raw data,2022/23,1254.3614457831325,"Crime Rate, per 10,000",2
Clackmannanshire,Crime Rate,Raw data,2022/23,1279.2792792792793,"Crime Rate, per 10,000",3
Dumfries and Galloway,Crime Rate,Raw data,2022/23,1938.2330504434065,"Crime Rate, per 10,000",3
Dundee City,Crime Rate,Raw data,2022/23,1737.081059021578,"Crime Rate, per 10,000",4
East Ayrshire,Crime Rate,Raw data,2022/23,1343.3319383884336,"Crime Rate, per 10,000",4
East Dunbartonshire,Crime Rate,Raw data,2022/23,654.3960818390078,"Crime Rate, per 10,000",1
East Lothian,Crime Rate,Raw data,2022/23,986.5228322516518,"Crime Rate, per 10,000",2
East Renfrewshire,Crime Rate,Raw data,2022/23,651.2638439934291,"Crime Rate, per 10,000",1
"Edinburgh, City of",Crime Rate,Raw data,2022/23,1294.7992756994936,"Crime Rate, per 10,000",1
Eilean Siar,Crime Rate,Raw data,2022/23,942.9362150764364,"Crime Rate, per 10,000",4
Falkirk,Crime Rate,Raw data,2022/23,1220.8711252865544,"Crime Rate, per 10,000",3
Fife,Crime Rate,Raw data,2022/23,1363.9634845795188,"Crime Rate, per 10,000",3
Glasgow City,Crime Rate,Raw data,2022/23,1811.9488908250728,"Crime Rate, per 10,000",4
Highland,Crime Rate,Raw data,2022/23,1360.4902009008565,"Crime Rate, per 10,000",2
Inverclyde,Crime Rate,Raw data,2022/23,1207.61842213283,"Crime Rate, per 10,000",4
Midlothian,Crime Rate,Raw data,2022/23,1141.0709251612689,"Crime Rate, per 10,000",2
Moray,Crime Rate,Raw data,2022/23,1100.3343896076613,"Crime Rate, per 10,000",2
North Ayrshire,Crime Rate,Raw data,2022/23,1388.6713651788043,"Crime Rate, per 10,000",4
North Lanarkshire,Crime Rate,Raw data,2022/23,1396.9827723683552,"Crime Rate, per 10,000",4
Orkney Islands,Crime Rate,Raw data,2022/23,937.643987098756,"Crime Rate, per 10,000",1
Perth and Kinross,Crime Rate,Raw data,2022/23,1210.648896218951,"Crime Rate, per 10,000",1
Renfrewshire,Crime Rate,Raw data,2022/23,1225.0806029607872,"Crime Rate, per 10,000",3
Scotland,Crime Rate,Raw data,2022/23,1334.8755613447752,"Crime Rate, per 10,000",NA
Scottish Borders,Crime Rate,Raw data,2022/23,1108.259587020649,"Crime Rate, per 10,000",2
Shetland Islands,Crime Rate,Raw data,2022/23,847.6169812685325,"Crime Rate, per 10,000",1
South Ayrshire,Crime Rate,Raw data,2022/23,1342.7687000446615,"Crime Rate, per 10,000",3
South Lanarkshire,Crime Rate,Raw data,2022/23,1188.9758798713465,"Crime Rate, per 10,000",3
Stirling,Crime Rate,Raw data,2022/23,1066.832146075248,"Crime Rate, per 10,000",2
West Dunbartonshire,Crime Rate,Raw data,2022/23,1739.3262475229687,"Crime Rate, per 10,000",4
West Lothian,Crime Rate,Raw data,2022/23,1194.5360176968295,"Crime Rate, per 10,000",3
Aberdeen City,Crime Rate,Raw data,2023/24,1441.792275621936,"Crime Rate, per 10,000",1
Aberdeenshire,Crime Rate,Raw data,2023/24,894.8682315804035,"Crime Rate, per 10,000",1
Angus,Crime Rate,Raw data,2023/24,1049.6174734007134,"Crime Rate, per 10,000",2
Argyll and Bute,Crime Rate,Raw data,2023/24,1310.6279164327066,"Crime Rate, per 10,000",2
Clackmannanshire,Crime Rate,Raw data,2023/24,1276.6747077379848,"Crime Rate, per 10,000",3
Dumfries and Galloway,Crime Rate,Raw data,2023/24,2133.822247172223,"Crime Rate, per 10,000",3
Dundee City,Crime Rate,Raw data,2023/24,1744.5429222587995,"Crime Rate, per 10,000",4
East Ayrshire,Crime Rate,Raw data,2023/24,1420.8526463296323,"Crime Rate, per 10,000",4
East Dunbartonshire,Crime Rate,Raw data,2023/24,620.5216621059458,"Crime Rate, per 10,000",1
East Lothian,Crime Rate,Raw data,2023/24,1073.873091672093,"Crime Rate, per 10,000",2
East Renfrewshire,Crime Rate,Raw data,2023/24,692.9520558680622,"Crime Rate, per 10,000",1
"Edinburgh, City of",Crime Rate,Raw data,2023/24,1340.7894881400996,"Crime Rate, per 10,000",1
Eilean Siar,Crime Rate,Raw data,2023/24,932.8752642706132,"Crime Rate, per 10,000",4
Falkirk,Crime Rate,Raw data,2023/24,1223.621561981253,"Crime Rate, per 10,000",3
Fife,Crime Rate,Raw data,2023/24,1281.180811808118,"Crime Rate, per 10,000",3
Glasgow City,Crime Rate,Raw data,2023/24,1774.1839125730455,"Crime Rate, per 10,000",4
Highland,Crime Rate,Raw data,2023/24,1494.6236559139786,"Crime Rate, per 10,000",2
Inverclyde,Crime Rate,Raw data,2023/24,1252.869793374877,"Crime Rate, per 10,000",4
Midlothian,Crime Rate,Raw data,2023/24,1195.9087332808813,"Crime Rate, per 10,000",2
Moray,Crime Rate,Raw data,2023/24,1114.3280718583762,"Crime Rate, per 10,000",2
North Ayrshire,Crime Rate,Raw data,2023/24,1531.4967494457867,"Crime Rate, per 10,000",4
North Lanarkshire,Crime Rate,Raw data,2023/24,1399.1199589495816,"Crime Rate, per 10,000",4
Orkney Islands,Crime Rate,Raw data,2023/24,868.0555555555555,"Crime Rate, per 10,000",1
Perth and Kinross,Crime Rate,Raw data,2023/24,1161.6267404557432,"Crime Rate, per 10,000",1
Renfrewshire,Crime Rate,Raw data,2023/24,1239.6804594438927,"Crime Rate, per 10,000",3
Scotland,Crime Rate,Raw data,2023/24,1357.171007333288,"Crime Rate, per 10,000",NA
Scottish Borders,Crime Rate,Raw data,2023/24,1218.5614986735434,"Crime Rate, per 10,000",2
Shetland Islands,Crime Rate,Raw data,2023/24,758.1952514166846,"Crime Rate, per 10,000",1
South Ayrshire,Crime Rate,Raw data,2023/24,1484.6831854043392,"Crime Rate, per 10,000",3
South Lanarkshire,Crime Rate,Raw data,2023/24,1205.9117486589446,"Crime Rate, per 10,000",3
Stirling,Crime Rate,Raw data,2023/24,1140.71509018474,"Crime Rate, per 10,000",2
West Dunbartonshire,Crime Rate,Raw data,2023/24,1800.6707677959716,"Crime Rate, per 10,000",4
West Lothian,Crime Rate,Raw data,2023/24,1277.5933963066973,"Crime Rate, per 10,000",3
Aberdeen City,Crime Rate,Projected,2024/25,1366.4790121123594,"Crime Rate, per 10,000",1
Aberdeenshire,Crime Rate,Projected,2024/25,869.6864392914368,"Crime Rate, per 10,000",1
Angus,Crime Rate,Projected,2024/25,1010.2199298161444,"Crime Rate, per 10,000",2
Argyll and Bute,Crime Rate,Projected,2024/25,1268.6812968155643,"Crime Rate, per 10,000",2
Clackmannanshire,Crime Rate,Projected,2024/25,1224.9050404380805,"Crime Rate, per 10,000",3
Dumfries and Galloway,Crime Rate,Projected,2024/25,2103.725720946749,"Crime Rate, per 10,000",3
Dundee City,Crime Rate,Projected,2024/25,1727.1050622412884,"Crime Rate, per 10,000",4
East Ayrshire,Crime Rate,Projected,2024/25,1349.0642635607658,"Crime Rate, per 10,000",4
East Dunbartonshire,Crime Rate,Projected,2024/25,591.3288377627925,"Crime Rate, per 10,000",1
East Lothian,Crime Rate,Projected,2024/25,1053.1995868021902,"Crime Rate, per 10,000",2
East Renfrewshire,Crime Rate,Projected,2024/25,653.0726836094746,"Crime Rate, per 10,000",1
"Edinburgh, City of",Crime Rate,Projected,2024/25,1285.8980517278458,"Crime Rate, per 10,000",1
Eilean Siar,Crime Rate,Projected,2024/25,924.3150086745962,"Crime Rate, per 10,000",4
Falkirk,Crime Rate,Projected,2024/25,1154.715826059481,"Crime Rate, per 10,000",3
Fife,Crime Rate,Projected,2024/25,1246.3366986567496,"Crime Rate, per 10,000",3
Glasgow City,Crime Rate,Projected,2024/25,1654.3277040820756,"Crime Rate, per 10,000",4
Highland,Crime Rate,Projected,2024/25,1466.7207626873244,"Crime Rate, per 10,000",2
Inverclyde,Crime Rate,Projected,2024/25,1195.7905142409952,"Crime Rate, per 10,000",4
Midlothian,Crime Rate,Projected,2024/25,1169.286646911774,"Crime Rate, per 10,000",2
Moray,Crime Rate,Projected,2024/25,1076.646757888624,"Crime Rate, per 10,000",2
North Ayrshire,Crime Rate,Projected,2024/25,1473.3801604254515,"Crime Rate, per 10,000",4
North Lanarkshire,Crime Rate,Projected,2024/25,1333.0026981044891,"Crime Rate, per 10,000",4
Orkney Islands,Crime Rate,Projected,2024/25,859.3649634533932,"Crime Rate, per 10,000",1
Perth and Kinross,Crime Rate,Projected,2024/25,1116.4960875653735,"Crime Rate, per 10,000",1
Renfrewshire,Crime Rate,Projected,2024/25,1168.8759828004738,"Crime Rate, per 10,000",3
Scotland,Crime Rate,Projected,2024/25,1291.026978124542,"Crime Rate, per 10,000",NA
Scottish Borders,Crime Rate,Projected,2024/25,1217.6308600536158,"Crime Rate, per 10,000",2
Shetland Islands,Crime Rate,Projected,2024/25,743.2480063738518,"Crime Rate, per 10,000",1
South Ayrshire,Crime Rate,Projected,2024/25,1417.7808856004035,"Crime Rate, per 10,000",3
South Lanarkshire,Crime Rate,Projected,2024/25,1139.6075982805407,"Crime Rate, per 10,000",3
Stirling,Crime Rate,Projected,2024/25,1080.8449995808533,"Crime Rate, per 10,000",2
West Dunbartonshire,Crime Rate,Projected,2024/25,1739.8150407897574,"Crime Rate, per 10,000",4
West Lothian,Crime Rate,Projected,2024/25,1239.7282711868204,"Crime Rate, per 10,000",3
Aberdeen City,Crime Rate,Projected,2025/26,1297.8548542576175,"Crime Rate, per 10,000",1
Aberdeenshire,Crime Rate,Projected,2025/26,844.5332630271124,"Crime Rate, per 10,000",1
Angus,Crime Rate,Projected,2025/26,970.047362833746,"Crime Rate, per 10,000",2
Argyll and Bute,Crime Rate,Projected,2025/26,1222.0577849923432,"Crime Rate, per 10,000",2
Clackmannanshire,Crime Rate,Projected,2025/26,1177.4235205854452,"Crime Rate, per 10,000",3
Dumfries and Galloway,Crime Rate,Projected,2025/26,2079.9893254994513,"Crime Rate, per 10,000",3
Dundee City,Crime Rate,Projected,2025/26,1687.4975324906377,"Crime Rate, per 10,000",4
East Ayrshire,Crime Rate,Projected,2025/26,1285.9674932934668,"Crime Rate, per 10,000",4
East Dunbartonshire,Crime Rate,Projected,2025/26,560.5030775459367,"Crime Rate, per 10,000",1
East Lothian,Crime Rate,Projected,2025/26,1031.8053268128267,"Crime Rate, per 10,000",2
East Renfrewshire,Crime Rate,Projected,2025/26,616.1599535882469,"Crime Rate, per 10,000",1
"Edinburgh, City of",Crime Rate,Projected,2025/26,1231.0741578918264,"Crime Rate, per 10,000",1
Eilean Siar,Crime Rate,Projected,2025/26,919.3474664196274,"Crime Rate, per 10,000",4
Falkirk,Crime Rate,Projected,2025/26,1096.838148136021,"Crime Rate, per 10,000",3
Fife,Crime Rate,Projected,2025/26,1210.4115712711712,"Crime Rate, per 10,000",3
Glasgow City,Crime Rate,Projected,2025/26,1543.605987845082,"Crime Rate, per 10,000",4
Highland,Crime Rate,Projected,2025/26,1435.7161098230597,"Crime Rate, per 10,000",2
Inverclyde,Crime Rate,Projected,2025/26,1150.2130450012116,"Crime Rate, per 10,000",4
Midlothian,Crime Rate,Projected,2025/26,1140.8407973540543,"Crime Rate, per 10,000",2
Moray,Crime Rate,Projected,2025/26,1041.8468630464815,"Crime Rate, per 10,000",2
North Ayrshire,Crime Rate,Projected,2025/26,1422.2508985808518,"Crime Rate, per 10,000",4
North Lanarkshire,Crime Rate,Projected,2025/26,1274.8963860590163,"Crime Rate, per 10,000",4
Orkney Islands,Crime Rate,Projected,2025/26,851.0177365205594,"Crime Rate, per 10,000",1
Perth and Kinross,Crime Rate,Projected,2025/26,1073.2304131749886,"Crime Rate, per 10,000",1
Renfrewshire,Crime Rate,Projected,2025/26,1100.6895574286173,"Crime Rate, per 10,000",3
Scotland,Crime Rate,Projected,2025/26,1228.3513100825414,"Crime Rate, per 10,000",NA
Scottish Borders,Crime Rate,Projected,2025/26,1213.4440386389624,"Crime Rate, per 10,000",2
Shetland Islands,Crime Rate,Projected,2025/26,730.6825257316458,"Crime Rate, per 10,000",1
South Ayrshire,Crime Rate,Projected,2025/26,1356.9955522463276,"Crime Rate, per 10,000",3
South Lanarkshire,Crime Rate,Projected,2025/26,1079.022506722503,"Crime Rate, per 10,000",3
Stirling,Crime Rate,Projected,2025/26,1022.5972630222818,"Crime Rate, per 10,000",2
West Dunbartonshire,Crime Rate,Projected,2025/26,1693.9657616225934,"Crime Rate, per 10,000",4
West Lothian,Crime Rate,Projected,2025/26,1209.5317500181498,"Crime Rate, per 10,000",3
Aberdeen City,Crime Rate,Projected,2026/27,1236.8416155732637,"Crime Rate, per 10,000",1
Aberdeenshire,Crime Rate,Projected,2026/27,819.5704148698395,"Crime Rate, per 10,000",1
Angus,Crime Rate,Projected,2026/27,931.6782505649448,"Crime Rate, per 10,000",2
Argyll and Bute,Crime Rate,Projected,2026/27,1179.0146813693286,"Crime Rate, per 10,000",2
Clackmannanshire,Crime Rate,Projected,2026/27,1133.1947982866034,"Crime Rate, per 10,000",3
Dumfries and Galloway,Crime Rate,Projected,2026/27,2054.6627535418643,"Crime Rate, per 10,000",3
Dundee City,Crime Rate,Projected,2026/27,1656.07850857382,"Crime Rate, per 10,000",4
East Ayrshire,Crime Rate,Projected,2026/27,1226.3162352250702,"Crime Rate, per 10,000",4
East Dunbartonshire,Crime Rate,Projected,2026/27,531.8565958697266,"Crime Rate, per 10,000",1
East Lothian,Crime Rate,Projected,2026/27,1012.160270823635,"Crime Rate, per 10,000",2
East Renfrewshire,Crime Rate,Projected,2026/27,580.0028784822496,"Crime Rate, per 10,000",1
"Edinburgh, City of",Crime Rate,Projected,2026/27,1185.366133516614,"Crime Rate, per 10,000",1
Eilean Siar,Crime Rate,Projected,2026/27,915.4287467759428,"Crime Rate, per 10,000",4
Falkirk,Crime Rate,Projected,2026/27,1042.8262851317602,"Crime Rate, per 10,000",3
Fife,Crime Rate,Projected,2026/27,1176.307306973296,"Crime Rate, per 10,000",3
Glasgow City,Crime Rate,Projected,2026/27,1448.7632392678831,"Crime Rate, per 10,000",4
Highland,Crime Rate,Projected,2026/27,1407.0335425319383,"Crime Rate, per 10,000",2
Inverclyde,Crime Rate,Projected,2026/27,1104.7904305407828,"Crime Rate, per 10,000",4
Midlothian,Crime Rate,Projected,2026/27,1111.7923274504174,"Crime Rate, per 10,000",2
Moray,Crime Rate,Projected,2026/27,1009.3220367918628,"Crime Rate, per 10,000",2
North Ayrshire,Crime Rate,Projected,2026/27,1373.2381544575728,"Crime Rate, per 10,000",4
North Lanarkshire,Crime Rate,Projected,2026/27,1219.4785165655396,"Crime Rate, per 10,000",4
Orkney Islands,Crime Rate,Projected,2026/27,842.840566685904,"Crime Rate, per 10,000",1
Perth and Kinross,Crime Rate,Projected,2026/27,1035.8435097524214,"Crime Rate, per 10,000",1
Renfrewshire,Crime Rate,Projected,2026/27,1037.663449737953,"Crime Rate, per 10,000",3
Scotland,Crime Rate,Projected,2026/27,1170.9612761243516,"Crime Rate, per 10,000",NA
Scottish Borders,Crime Rate,Projected,2026/27,1210.0995915548674,"Crime Rate, per 10,000",2
Shetland Islands,Crime Rate,Projected,2026/27,719.3649874115233,"Crime Rate, per 10,000",1
South Ayrshire,Crime Rate,Projected,2026/27,1301.0605300321265,"Crime Rate, per 10,000",3
South Lanarkshire,Crime Rate,Projected,2026/27,1020.289838978938,"Crime Rate, per 10,000",3
Stirling,Crime Rate,Projected,2026/27,969.7628736204214,"Crime Rate, per 10,000",2
West Dunbartonshire,Crime Rate,Projected,2026/27,1648.762192568047,"Crime Rate, per 10,000",4
West Lothian,Crime Rate,Projected,2026/27,1180.85953280102,"Crime Rate, per 10,000",3
Aberdeen City,Emergency Admissions,Raw data,2012/13,25661.264083870577,"Emergency Admissions, per 100,000",1
Aberdeenshire,Emergency Admissions,Raw data,2012/13,20241.417806307563,"Emergency Admissions, per 100,000",1
Angus,Emergency Admissions,Raw data,2012/13,20123.033731059822,"Emergency Admissions, per 100,000",2
Argyll and Bute,Emergency Admissions,Raw data,2012/13,22597.081375216425,"Emergency Admissions, per 100,000",2
Clackmannanshire,Emergency Admissions,Raw data,2012/13,21005.50964187328,"Emergency Admissions, per 100,000",3
Dumfries and Galloway,Emergency Admissions,Raw data,2012/13,21242.648343329645,"Emergency Admissions, per 100,000",3
Dundee City,Emergency Admissions,Raw data,2012/13,25778.11344754939,"Emergency Admissions, per 100,000",4
East Ayrshire,Emergency Admissions,Raw data,2012/13,30330.70866141732,"Emergency Admissions, per 100,000",4
East Dunbartonshire,Emergency Admissions,Raw data,2012/13,24339.289037781506,"Emergency Admissions, per 100,000",1
East Lothian,Emergency Admissions,Raw data,2012/13,23203.43993550121,"Emergency Admissions, per 100,000",2
East Renfrewshire,Emergency Admissions,Raw data,2012/13,24822.904368358915,"Emergency Admissions, per 100,000",1
"Edinburgh, City of",Emergency Admissions,Raw data,2012/13,24367.98149088652,"Emergency Admissions, per 100,000",1
Eilean Siar,Emergency Admissions,Raw data,2012/13,24684.15937803693,"Emergency Admissions, per 100,000",4
Falkirk,Emergency Admissions,Raw data,2012/13,24439.148034653652,"Emergency Admissions, per 100,000",3
Fife,Emergency Admissions,Raw data,2012/13,22744.327318206186,"Emergency Admissions, per 100,000",3
Glasgow City,Emergency Admissions,Raw data,2012/13,33969.29983346607,"Emergency Admissions, per 100,000",4
Highland,Emergency Admissions,Raw data,2012/13,21146.37233782673,"Emergency Admissions, per 100,000",2
Inverclyde,Emergency Admissions,Raw data,2012/13,28687.82442998883,"Emergency Admissions, per 100,000",4
Midlothian,Emergency Admissions,Raw data,2012/13,24804.7272974258,"Emergency Admissions, per 100,000",2
Moray,Emergency Admissions,Raw data,2012/13,17430.11772582715,"Emergency Admissions, per 100,000",2
North Ayrshire,Emergency Admissions,Raw data,2012/13,27489.02578479472,"Emergency Admissions, per 100,000",4
North Lanarkshire,Emergency Admissions,Raw data,2012/13,29854.88404106839,"Emergency Admissions, per 100,000",4
Orkney Islands,Emergency Admissions,Raw data,2012/13,20238.631247185953,"Emergency Admissions, per 100,000",1
Perth and Kinross,Emergency Admissions,Raw data,2012/13,21867.83742776899,"Emergency Admissions, per 100,000",1
Renfrewshire,Emergency Admissions,Raw data,2012/13,27785.58588004576,"Emergency Admissions, per 100,000",3
Scotland,Emergency Admissions,Raw data,2012/13,25444.788356988414,"Emergency Admissions, per 100,000",NA
Scottish Borders,Emergency Admissions,Raw data,2012/13,25061.051283077784,"Emergency Admissions, per 100,000",2
Shetland Islands,Emergency Admissions,Raw data,2012/13,23659.147869674187,"Emergency Admissions, per 100,000",1
South Ayrshire,Emergency Admissions,Raw data,2012/13,29013.348120568786,"Emergency Admissions, per 100,000",3
South Lanarkshire,Emergency Admissions,Raw data,2012/13,26891.565389576182,"Emergency Admissions, per 100,000",3
Stirling,Emergency Admissions,Raw data,2012/13,22145.052243392747,"Emergency Admissions, per 100,000",2
West Dunbartonshire,Emergency Admissions,Raw data,2012/13,29833.747872758217,"Emergency Admissions, per 100,000",4
West Lothian,Emergency Admissions,Raw data,2012/13,26823.071731967768,"Emergency Admissions, per 100,000",3
Aberdeen City,Emergency Admissions,Raw data,2013/14,25255.902017632092,"Emergency Admissions, per 100,000",1
Aberdeenshire,Emergency Admissions,Raw data,2013/14,19306.441469769114,"Emergency Admissions, per 100,000",1
Angus,Emergency Admissions,Raw data,2013/14,20117.77430597284,"Emergency Admissions, per 100,000",2
Argyll and Bute,Emergency Admissions,Raw data,2013/14,22078.925759551756,"Emergency Admissions, per 100,000",2
Clackmannanshire,Emergency Admissions,Raw data,2013/14,20697.70025552716,"Emergency Admissions, per 100,000",3
Dumfries and Galloway,Emergency Admissions,Raw data,2013/14,21729.20530746183,"Emergency Admissions, per 100,000",3
Dundee City,Emergency Admissions,Raw data,2013/14,25524.640414996466,"Emergency Admissions, per 100,000",4
East Ayrshire,Emergency Admissions,Raw data,2013/14,29007.198033707864,"Emergency Admissions, per 100,000",4
East Dunbartonshire,Emergency Admissions,Raw data,2013/14,24874.337725852467,"Emergency Admissions, per 100,000",1
East Lothian,Emergency Admissions,Raw data,2013/14,22642.59249595575,"Emergency Admissions, per 100,000",2
East Renfrewshire,Emergency Admissions,Raw data,2013/14,23070.281471248487,"Emergency Admissions, per 100,000",1
"Edinburgh, City of",Emergency Admissions,Raw data,2013/14,24408.91472868217,"Emergency Admissions, per 100,000",1
Eilean Siar,Emergency Admissions,Raw data,2013/14,22669.86410871303,"Emergency Admissions, per 100,000",4
Falkirk,Emergency Admissions,Raw data,2013/14,24360.58082111005,"Emergency Admissions, per 100,000",3
Fife,Emergency Admissions,Raw data,2013/14,22891.56626506024,"Emergency Admissions, per 100,000",3
Glasgow City,Emergency Admissions,Raw data,2013/14,34455.9585492228,"Emergency Admissions, per 100,000",4
Highland,Emergency Admissions,Raw data,2013/14,20938.43407952175,"Emergency Admissions, per 100,000",2
Inverclyde,Emergency Admissions,Raw data,2013/14,29454.26396593988,"Emergency Admissions, per 100,000",4
Midlothian,Emergency Admissions,Raw data,2013/14,25615.69866982747,"Emergency Admissions, per 100,000",2
Moray,Emergency Admissions,Raw data,2013/14,17539.86332574032,"Emergency Admissions, per 100,000",2
North Ayrshire,Emergency Admissions,Raw data,2013/14,27895.530967092975,"Emergency Admissions, per 100,000",4
North Lanarkshire,Emergency Admissions,Raw data,2013/14,28708.85033593472,"Emergency Admissions, per 100,000",4
Orkney Islands,Emergency Admissions,Raw data,2013/14,21280.809859154928,"Emergency Admissions, per 100,000",1
Perth and Kinross,Emergency Admissions,Raw data,2013/14,21505.782988244933,"Emergency Admissions, per 100,000",1
Renfrewshire,Emergency Admissions,Raw data,2013/14,29404.207483539423,"Emergency Admissions, per 100,000",3
Scotland,Emergency Admissions,Raw data,2013/14,25272.10051464783,"Emergency Admissions, per 100,000",NA
Scottish Borders,Emergency Admissions,Raw data,2013/14,25265.359882234447,"Emergency Admissions, per 100,000",2
Shetland Islands,Emergency Admissions,Raw data,2013/14,21683.24035896192,"Emergency Admissions, per 100,000",1
South Ayrshire,Emergency Admissions,Raw data,2013/14,28135.042007046344,"Emergency Admissions, per 100,000",3
South Lanarkshire,Emergency Admissions,Raw data,2013/14,26715.638552084252,"Emergency Admissions, per 100,000",3
Stirling,Emergency Admissions,Raw data,2013/14,22578.31325301205,"Emergency Admissions, per 100,000",2
West Dunbartonshire,Emergency Admissions,Raw data,2013/14,29260.140129845087,"Emergency Admissions, per 100,000",4
West Lothian,Emergency Admissions,Raw data,2013/14,25512.31075087934,"Emergency Admissions, per 100,000",3
Aberdeen City,Emergency Admissions,Raw data,2014/15,25842.467944058382,"Emergency Admissions, per 100,000",1
Aberdeenshire,Emergency Admissions,Raw data,2014/15,20253.6043077992,"Emergency Admissions, per 100,000",1
Angus,Emergency Admissions,Raw data,2014/15,20357.435517227925,"Emergency Admissions, per 100,000",2
Argyll and Bute,Emergency Admissions,Raw data,2014/15,22474.557105163964,"Emergency Admissions, per 100,000",2
Clackmannanshire,Emergency Admissions,Raw data,2014/15,22086.1531850897,"Emergency Admissions, per 100,000",3
Dumfries and Galloway,Emergency Admissions,Raw data,2014/15,22003.40791642225,"Emergency Admissions, per 100,000",3
Dundee City,Emergency Admissions,Raw data,2014/15,27100.01934610176,"Emergency Admissions, per 100,000",4
East Ayrshire,Emergency Admissions,Raw data,2014/15,29362.58242468646,"Emergency Admissions, per 100,000",4
East Dunbartonshire,Emergency Admissions,Raw data,2014/15,25408.899050298976,"Emergency Admissions, per 100,000",1
East Lothian,Emergency Admissions,Raw data,2014/15,22276.64676769223,"Emergency Admissions, per 100,000",2
East Renfrewshire,Emergency Admissions,Raw data,2014/15,23944.923318034256,"Emergency Admissions, per 100,000",1
"Edinburgh, City of",Emergency Admissions,Raw data,2014/15,24913.34488734835,"Emergency Admissions, per 100,000",1
Eilean Siar,Emergency Admissions,Raw data,2014/15,21705.305741403456,"Emergency Admissions, per 100,000",4
Falkirk,Emergency Admissions,Raw data,2014/15,25218.794835007175,"Emergency Admissions, per 100,000",3
Fife,Emergency Admissions,Raw data,2014/15,23720.975993703265,"Emergency Admissions, per 100,000",3
Glasgow City,Emergency Admissions,Raw data,2014/15,33198.33191121153,"Emergency Admissions, per 100,000",4
Highland,Emergency Admissions,Raw data,2014/15,21183.06688621631,"Emergency Admissions, per 100,000",2
Inverclyde,Emergency Admissions,Raw data,2014/15,30985.380672109357,"Emergency Admissions, per 100,000",4
Midlothian,Emergency Admissions,Raw data,2014/15,25578.430747657592,"Emergency Admissions, per 100,000",2
Moray,Emergency Admissions,Raw data,2014/15,17625.937268982998,"Emergency Admissions, per 100,000",2
North Ayrshire,Emergency Admissions,Raw data,2014/15,28890.36870881817,"Emergency Admissions, per 100,000",4
North Lanarkshire,Emergency Admissions,Raw data,2014/15,30053.74574969837,"Emergency Admissions, per 100,000",4
Orkney Islands,Emergency Admissions,Raw data,2014/15,20584.470989761092,"Emergency Admissions, per 100,000",1
Perth and Kinross,Emergency Admissions,Raw data,2014/15,20808.48447586843,"Emergency Admissions, per 100,000",1
Renfrewshire,Emergency Admissions,Raw data,2014/15,30541.17647058823,"Emergency Admissions, per 100,000",3
Scotland,Emergency Admissions,Raw data,2014/15,25615.82044422811,"Emergency Admissions, per 100,000",NA
Scottish Borders,Emergency Admissions,Raw data,2014/15,25399.879281726273,"Emergency Admissions, per 100,000",2
Shetland Islands,Emergency Admissions,Raw data,2014/15,21575.984990619138,"Emergency Admissions, per 100,000",1
South Ayrshire,Emergency Admissions,Raw data,2014/15,28739.20290953175,"Emergency Admissions, per 100,000",3
South Lanarkshire,Emergency Admissions,Raw data,2014/15,26764.217517642173,"Emergency Admissions, per 100,000",3
Stirling,Emergency Admissions,Raw data,2014/15,22017.154687962146,"Emergency Admissions, per 100,000",2
West Dunbartonshire,Emergency Admissions,Raw data,2014/15,30037.902716361335,"Emergency Admissions, per 100,000",4
West Lothian,Emergency Admissions,Raw data,2014/15,25648.894476077792,"Emergency Admissions, per 100,000",3
Aberdeen City,Emergency Admissions,Raw data,2015/16,25437.201907790142,"Emergency Admissions, per 100,000",1
Aberdeenshire,Emergency Admissions,Raw data,2015/16,19406.664399863992,"Emergency Admissions, per 100,000",1
Angus,Emergency Admissions,Raw data,2015/16,20402.133456122177,"Emergency Admissions, per 100,000",2
Argyll and Bute,Emergency Admissions,Raw data,2015/16,21115.20350599096,"Emergency Admissions, per 100,000",2
Clackmannanshire,Emergency Admissions,Raw data,2015/16,20538.12590899647,"Emergency Admissions, per 100,000",3
Dumfries and Galloway,Emergency Admissions,Raw data,2015/16,21506.7664209484,"Emergency Admissions, per 100,000",3
Dundee City,Emergency Admissions,Raw data,2015/16,26526.599845797995,"Emergency Admissions, per 100,000",4
East Ayrshire,Emergency Admissions,Raw data,2015/16,28790.068871694584,"Emergency Admissions, per 100,000",4
East Dunbartonshire,Emergency Admissions,Raw data,2015/16,25232.478043740313,"Emergency Admissions, per 100,000",1
East Lothian,Emergency Admissions,Raw data,2015/16,21490.856544920025,"Emergency Admissions, per 100,000",2
East Renfrewshire,Emergency Admissions,Raw data,2015/16,23676.148796498903,"Emergency Admissions, per 100,000",1
"Edinburgh, City of",Emergency Admissions,Raw data,2015/16,24196.884968035552,"Emergency Admissions, per 100,000",1
Eilean Siar,Emergency Admissions,Raw data,2015/16,23942.366646229308,"Emergency Admissions, per 100,000",4
Falkirk,Emergency Admissions,Raw data,2015/16,23995.92396078569,"Emergency Admissions, per 100,000",3
Fife,Emergency Admissions,Raw data,2015/16,23641.585771689748,"Emergency Admissions, per 100,000",3
Glasgow City,Emergency Admissions,Raw data,2015/16,35355.05631512377,"Emergency Admissions, per 100,000",4
Highland,Emergency Admissions,Raw data,2015/16,20767.34693877551,"Emergency Admissions, per 100,000",2
Inverclyde,Emergency Admissions,Raw data,2015/16,28642.652374423535,"Emergency Admissions, per 100,000",4
Midlothian,Emergency Admissions,Raw data,2015/16,24917.80906891632,"Emergency Admissions, per 100,000",2
Moray,Emergency Admissions,Raw data,2015/16,17465.664679968904,"Emergency Admissions, per 100,000",2
North Ayrshire,Emergency Admissions,Raw data,2015/16,28883.730598669623,"Emergency Admissions, per 100,000",4
North Lanarkshire,Emergency Admissions,Raw data,2015/16,30237.48787410628,"Emergency Admissions, per 100,000",4
Orkney Islands,Emergency Admissions,Raw data,2015/16,19970.662196144174,"Emergency Admissions, per 100,000",1
Perth and Kinross,Emergency Admissions,Raw data,2015/16,21822.06577007552,"Emergency Admissions, per 100,000",1
Renfrewshire,Emergency Admissions,Raw data,2015/16,30124.31964374072,"Emergency Admissions, per 100,000",3
Scotland,Emergency Admissions,Raw data,2015/16,25430.777044184862,"Emergency Admissions, per 100,000",NA
Scottish Borders,Emergency Admissions,Raw data,2015/16,26023.131672597865,"Emergency Admissions, per 100,000",2
Shetland Islands,Emergency Admissions,Raw data,2015/16,21508.82825040129,"Emergency Admissions, per 100,000",1
South Ayrshire,Emergency Admissions,Raw data,2015/16,29550.377175293153,"Emergency Admissions, per 100,000",3
South Lanarkshire,Emergency Admissions,Raw data,2015/16,26816.91869683073,"Emergency Admissions, per 100,000",3
Stirling,Emergency Admissions,Raw data,2015/16,21681.545014294883,"Emergency Admissions, per 100,000",2
West Dunbartonshire,Emergency Admissions,Raw data,2015/16,26339.48108783995,"Emergency Admissions, per 100,000",4
West Lothian,Emergency Admissions,Raw data,2015/16,24665.536763910422,"Emergency Admissions, per 100,000",3
Aberdeen City,Emergency Admissions,Raw data,2016/17,25117.64538117103,"Emergency Admissions, per 100,000",1
Aberdeenshire,Emergency Admissions,Raw data,2016/17,18749.481026322344,"Emergency Admissions, per 100,000",1
Angus,Emergency Admissions,Raw data,2016/17,21059.392473930784,"Emergency Admissions, per 100,000",2
Argyll and Bute,Emergency Admissions,Raw data,2016/17,21170.94292689668,"Emergency Admissions, per 100,000",2
Clackmannanshire,Emergency Admissions,Raw data,2016/17,20907.98045602606,"Emergency Admissions, per 100,000",3
Dumfries and Galloway,Emergency Admissions,Raw data,2016/17,22678.87621576224,"Emergency Admissions, per 100,000",3
Dundee City,Emergency Admissions,Raw data,2016/17,27400.989150021087,"Emergency Admissions, per 100,000",4
East Ayrshire,Emergency Admissions,Raw data,2016/17,30667.948503594715,"Emergency Admissions, per 100,000",4
East Dunbartonshire,Emergency Admissions,Raw data,2016/17,24260.854874134144,"Emergency Admissions, per 100,000",1
East Lothian,Emergency Admissions,Raw data,2016/17,20542.14522094608,"Emergency Admissions, per 100,000",2
East Renfrewshire,Emergency Admissions,Raw data,2016/17,24886.077306599476,"Emergency Admissions, per 100,000",1
"Edinburgh, City of",Emergency Admissions,Raw data,2016/17,23536.683192404296,"Emergency Admissions, per 100,000",1
Eilean Siar,Emergency Admissions,Raw data,2016/17,24301.760777170613,"Emergency Admissions, per 100,000",4
Falkirk,Emergency Admissions,Raw data,2016/17,24940.552090154048,"Emergency Admissions, per 100,000",3
Fife,Emergency Admissions,Raw data,2016/17,23930.4758415761,"Emergency Admissions, per 100,000",3
Glasgow City,Emergency Admissions,Raw data,2016/17,35401.6354016354,"Emergency Admissions, per 100,000",4
Highland,Emergency Admissions,Raw data,2016/17,20294.612120726924,"Emergency Admissions, per 100,000",2
Inverclyde,Emergency Admissions,Raw data,2016/17,28382.092469309227,"Emergency Admissions, per 100,000",4
Midlothian,Emergency Admissions,Raw data,2016/17,23918.436497852,"Emergency Admissions, per 100,000",2
Moray,Emergency Admissions,Raw data,2016/17,17791.817394405665,"Emergency Admissions, per 100,000",2
North Ayrshire,Emergency Admissions,Raw data,2016/17,28212.834261124965,"Emergency Admissions, per 100,000",4
North Lanarkshire,Emergency Admissions,Raw data,2016/17,30704.66523521374,"Emergency Admissions, per 100,000",4
Orkney Islands,Emergency Admissions,Raw data,2016/17,18213.268213268213,"Emergency Admissions, per 100,000",1
Perth and Kinross,Emergency Admissions,Raw data,2016/17,21718.588513214232,"Emergency Admissions, per 100,000",1
Renfrewshire,Emergency Admissions,Raw data,2016/17,29475.439660400243,"Emergency Admissions, per 100,000",3
Scotland,Emergency Admissions,Raw data,2016/17,25450.871159537182,"Emergency Admissions, per 100,000",NA
Scottish Borders,Emergency Admissions,Raw data,2016/17,23170.775990413593,"Emergency Admissions, per 100,000",2
Shetland Islands,Emergency Admissions,Raw data,2016/17,21929.231462700023,"Emergency Admissions, per 100,000",1
South Ayrshire,Emergency Admissions,Raw data,2016/17,30372.30328200228,"Emergency Admissions, per 100,000",3
South Lanarkshire,Emergency Admissions,Raw data,2016/17,27974.13648698449,"Emergency Admissions, per 100,000",3
Stirling,Emergency Admissions,Raw data,2016/17,20336.25982670569,"Emergency Admissions, per 100,000",2
West Dunbartonshire,Emergency Admissions,Raw data,2016/17,27450.860326985487,"Emergency Admissions, per 100,000",4
West Lothian,Emergency Admissions,Raw data,2016/17,25271.948908695347,"Emergency Admissions, per 100,000",3
Aberdeen City,Emergency Admissions,Raw data,2017/18,25422.059651097356,"Emergency Admissions, per 100,000",1
Aberdeenshire,Emergency Admissions,Raw data,2017/18,18673.04922821038,"Emergency Admissions, per 100,000",1
Angus,Emergency Admissions,Raw data,2017/18,21097.251269793847,"Emergency Admissions, per 100,000",2
Argyll and Bute,Emergency Admissions,Raw data,2017/18,22253.981216823195,"Emergency Admissions, per 100,000",2
Clackmannanshire,Emergency Admissions,Raw data,2017/18,20989.50524737631,"Emergency Admissions, per 100,000",3
Dumfries and Galloway,Emergency Admissions,Raw data,2017/18,23187.010138298156,"Emergency Admissions, per 100,000",3
Dundee City,Emergency Admissions,Raw data,2017/18,27649.6283240095,"Emergency Admissions, per 100,000",4
East Ayrshire,Emergency Admissions,Raw data,2017/18,30926.98255188952,"Emergency Admissions, per 100,000",4
East Dunbartonshire,Emergency Admissions,Raw data,2017/18,22751.476828355106,"Emergency Admissions, per 100,000",1
East Lothian,Emergency Admissions,Raw data,2017/18,21678.08871121264,"Emergency Admissions, per 100,000",2
East Renfrewshire,Emergency Admissions,Raw data,2017/18,23227.4993440042,"Emergency Admissions, per 100,000",1
"Edinburgh, City of",Emergency Admissions,Raw data,2017/18,24044.28904428905,"Emergency Admissions, per 100,000",1
Eilean Siar,Emergency Admissions,Raw data,2017/18,27971.296157871133,"Emergency Admissions, per 100,000",4
Falkirk,Emergency Admissions,Raw data,2017/18,24968.499914864635,"Emergency Admissions, per 100,000",3
Fife,Emergency Admissions,Raw data,2017/18,25477.322971796075,"Emergency Admissions, per 100,000",3
Glasgow City,Emergency Admissions,Raw data,2017/18,33512.16409222386,"Emergency Admissions, per 100,000",4
Highland,Emergency Admissions,Raw data,2017/18,21973.53437782228,"Emergency Admissions, per 100,000",2
Inverclyde,Emergency Admissions,Raw data,2017/18,29319.30842703422,"Emergency Admissions, per 100,000",4
Midlothian,Emergency Admissions,Raw data,2017/18,24033.4936753964,"Emergency Admissions, per 100,000",2
Moray,Emergency Admissions,Raw data,2017/18,18438.254223652453,"Emergency Admissions, per 100,000",2
North Ayrshire,Emergency Admissions,Raw data,2017/18,29272.62967187815,"Emergency Admissions, per 100,000",4
North Lanarkshire,Emergency Admissions,Raw data,2017/18,31160.321659454443,"Emergency Admissions, per 100,000",4
Orkney Islands,Emergency Admissions,Raw data,2017/18,18678.906405907004,"Emergency Admissions, per 100,000",1
Perth and Kinross,Emergency Admissions,Raw data,2017/18,20966.898954703833,"Emergency Admissions, per 100,000",1
Renfrewshire,Emergency Admissions,Raw data,2017/18,27143.799472295515,"Emergency Admissions, per 100,000",3
Scotland,Emergency Admissions,Raw data,2017/18,25593.093744087782,"Emergency Admissions, per 100,000",NA
Scottish Borders,Emergency Admissions,Raw data,2017/18,22044.466614408895,"Emergency Admissions, per 100,000",2
Shetland Islands,Emergency Admissions,Raw data,2017/18,21510.855117412495,"Emergency Admissions, per 100,000",1
South Ayrshire,Emergency Admissions,Raw data,2017/18,31786.526179049542,"Emergency Admissions, per 100,000",3
South Lanarkshire,Emergency Admissions,Raw data,2017/18,28421.017943352388,"Emergency Admissions, per 100,000",3
Stirling,Emergency Admissions,Raw data,2017/18,21261.12926856756,"Emergency Admissions, per 100,000",2
West Dunbartonshire,Emergency Admissions,Raw data,2017/18,28058.510638297874,"Emergency Admissions, per 100,000",4
West Lothian,Emergency Admissions,Raw data,2017/18,24834.59682977257,"Emergency Admissions, per 100,000",3
Aberdeen City,Emergency Admissions,Raw data,2018/19,25194.826960140777,"Emergency Admissions, per 100,000",1
Aberdeenshire,Emergency Admissions,Raw data,2018/19,18981.959787014224,"Emergency Admissions, per 100,000",1
Angus,Emergency Admissions,Raw data,2018/19,20720.687628563035,"Emergency Admissions, per 100,000",2
Argyll and Bute,Emergency Admissions,Raw data,2018/19,22442.54168544389,"Emergency Admissions, per 100,000",2
Clackmannanshire,Emergency Admissions,Raw data,2018/19,22175.238469859378,"Emergency Admissions, per 100,000",3
Dumfries and Galloway,Emergency Admissions,Raw data,2018/19,22744.465310656757,"Emergency Admissions, per 100,000",3
Dundee City,Emergency Admissions,Raw data,2018/19,26444.105303319346,"Emergency Admissions, per 100,000",4
East Ayrshire,Emergency Admissions,Raw data,2018/19,31323.385518590996,"Emergency Admissions, per 100,000",4
East Dunbartonshire,Emergency Admissions,Raw data,2018/19,23014.414635142308,"Emergency Admissions, per 100,000",1
East Lothian,Emergency Admissions,Raw data,2018/19,21219.06722178042,"Emergency Admissions, per 100,000",2
East Renfrewshire,Emergency Admissions,Raw data,2018/19,21700.69785474283,"Emergency Admissions, per 100,000",1
"Edinburgh, City of",Emergency Admissions,Raw data,2018/19,23115.9123489658,"Emergency Admissions, per 100,000",1
Eilean Siar,Emergency Admissions,Raw data,2018/19,27534.51090990055,"Emergency Admissions, per 100,000",4
Falkirk,Emergency Admissions,Raw data,2018/19,24820.337161662977,"Emergency Admissions, per 100,000",3
Fife,Emergency Admissions,Raw data,2018/19,25206.994153903128,"Emergency Admissions, per 100,000",3
Glasgow City,Emergency Admissions,Raw data,2018/19,33079.275577005785,"Emergency Admissions, per 100,000",4
Highland,Emergency Admissions,Raw data,2018/19,22812.89726106553,"Emergency Admissions, per 100,000",2
Inverclyde,Emergency Admissions,Raw data,2018/19,28130.801940468347,"Emergency Admissions, per 100,000",4
Midlothian,Emergency Admissions,Raw data,2018/19,22591.903210795717,"Emergency Admissions, per 100,000",2
Moray,Emergency Admissions,Raw data,2018/19,18118.346125278535,"Emergency Admissions, per 100,000",2
North Ayrshire,Emergency Admissions,Raw data,2018/19,28964.4656589764,"Emergency Admissions, per 100,000",4
North Lanarkshire,Emergency Admissions,Raw data,2018/19,30781.87449175563,"Emergency Admissions, per 100,000",4
Orkney Islands,Emergency Admissions,Raw data,2018/19,20279.992222438264,"Emergency Admissions, per 100,000",1
Perth and Kinross,Emergency Admissions,Raw data,2018/19,20789.286223108706,"Emergency Admissions, per 100,000",1
Renfrewshire,Emergency Admissions,Raw data,2018/19,26172.233233736653,"Emergency Admissions, per 100,000",3
Scotland,Emergency Admissions,Raw data,2018/19,25338.709787174474,"Emergency Admissions, per 100,000",NA
Scottish Borders,Emergency Admissions,Raw data,2018/19,22400.616980999792,"Emergency Admissions, per 100,000",2
Shetland Islands,Emergency Admissions,Raw data,2018/19,20453.060335438902,"Emergency Admissions, per 100,000",1
South Ayrshire,Emergency Admissions,Raw data,2018/19,30901.19589977221,"Emergency Admissions, per 100,000",3
South Lanarkshire,Emergency Admissions,Raw data,2018/19,28729.56789124454,"Emergency Admissions, per 100,000",3
Stirling,Emergency Admissions,Raw data,2018/19,20747.16477651768,"Emergency Admissions, per 100,000",2
West Dunbartonshire,Emergency Admissions,Raw data,2018/19,28392.471829297538,"Emergency Admissions, per 100,000",4
West Lothian,Emergency Admissions,Raw data,2018/19,25487.809002062833,"Emergency Admissions, per 100,000",3
Aberdeen City,Emergency Admissions,Raw data,2019/20,25164.50976091248,"Emergency Admissions, per 100,000",1
Aberdeenshire,Emergency Admissions,Raw data,2019/20,19088.798607080673,"Emergency Admissions, per 100,000",1
Angus,Emergency Admissions,Raw data,2019/20,20832.882639264462,"Emergency Admissions, per 100,000",2
Argyll and Bute,Emergency Admissions,Raw data,2019/20,22220.247089147633,"Emergency Admissions, per 100,000",2
Clackmannanshire,Emergency Admissions,Raw data,2019/20,25651.6302779648,"Emergency Admissions, per 100,000",3
Dumfries and Galloway,Emergency Admissions,Raw data,2019/20,23707.1318998466,"Emergency Admissions, per 100,000",3
Dundee City,Emergency Admissions,Raw data,2019/20,26470.476696120444,"Emergency Admissions, per 100,000",4
East Ayrshire,Emergency Admissions,Raw data,2019/20,30197.542760780532,"Emergency Admissions, per 100,000",4
East Dunbartonshire,Emergency Admissions,Raw data,2019/20,23023.339605268426,"Emergency Admissions, per 100,000",1
East Lothian,Emergency Admissions,Raw data,2019/20,22125.625853436504,"Emergency Admissions, per 100,000",2
East Renfrewshire,Emergency Admissions,Raw data,2019/20,22500,"Emergency Admissions, per 100,000",1
"Edinburgh, City of",Emergency Admissions,Raw data,2019/20,24807.392114406564,"Emergency Admissions, per 100,000",1
Eilean Siar,Emergency Admissions,Raw data,2019/20,29602.35640648012,"Emergency Admissions, per 100,000",4
Falkirk,Emergency Admissions,Raw data,2019/20,28691.67550371156,"Emergency Admissions, per 100,000",3
Fife,Emergency Admissions,Raw data,2019/20,25305.364815223456,"Emergency Admissions, per 100,000",3
Glasgow City,Emergency Admissions,Raw data,2019/20,32624.917351468783,"Emergency Admissions, per 100,000",4
Highland,Emergency Admissions,Raw data,2019/20,22095.2165384035,"Emergency Admissions, per 100,000",2
Inverclyde,Emergency Admissions,Raw data,2019/20,28981.908478183756,"Emergency Admissions, per 100,000",4
Midlothian,Emergency Admissions,Raw data,2019/20,25760.76446163472,"Emergency Admissions, per 100,000",2
Moray,Emergency Admissions,Raw data,2019/20,18165.39738332357,"Emergency Admissions, per 100,000",2
North Ayrshire,Emergency Admissions,Raw data,2019/20,28473.53651373752,"Emergency Admissions, per 100,000",4
North Lanarkshire,Emergency Admissions,Raw data,2019/20,31404.15845620711,"Emergency Admissions, per 100,000",4
Orkney Islands,Emergency Admissions,Raw data,2019/20,17941.34560092007,"Emergency Admissions, per 100,000",1
Perth and Kinross,Emergency Admissions,Raw data,2019/20,22016.67972685548,"Emergency Admissions, per 100,000",1
Renfrewshire,Emergency Admissions,Raw data,2019/20,27571.32512671977,"Emergency Admissions, per 100,000",3
Scotland,Emergency Admissions,Raw data,2019/20,25791.430603351582,"Emergency Admissions, per 100,000",NA
Scottish Borders,Emergency Admissions,Raw data,2019/20,22459.140227990654,"Emergency Admissions, per 100,000",2
Shetland Islands,Emergency Admissions,Raw data,2019/20,18730.15873015873,"Emergency Admissions, per 100,000",1
South Ayrshire,Emergency Admissions,Raw data,2019/20,30503.80294466541,"Emergency Admissions, per 100,000",3
South Lanarkshire,Emergency Admissions,Raw data,2019/20,28057.667683649757,"Emergency Admissions, per 100,000",3
Stirling,Emergency Admissions,Raw data,2019/20,23459.560030644632,"Emergency Admissions, per 100,000",2
West Dunbartonshire,Emergency Admissions,Raw data,2019/20,28085.53133995183,"Emergency Admissions, per 100,000",4
West Lothian,Emergency Admissions,Raw data,2019/20,26960.930509991056,"Emergency Admissions, per 100,000",3
Aberdeen City,Emergency Admissions,Raw data,2020/21,21612.71145219694,"Emergency Admissions, per 100,000",1
Aberdeenshire,Emergency Admissions,Raw data,2020/21,15849.113713323624,"Emergency Admissions, per 100,000",1
Angus,Emergency Admissions,Raw data,2020/21,16695.857311362906,"Emergency Admissions, per 100,000",2
Argyll and Bute,Emergency Admissions,Raw data,2020/21,18706.524610372457,"Emergency Admissions, per 100,000",2
Clackmannanshire,Emergency Admissions,Raw data,2020/21,20545.609548167093,"Emergency Admissions, per 100,000",3
Dumfries and Galloway,Emergency Admissions,Raw data,2020/21,20450.51755580099,"Emergency Admissions, per 100,000",3
Dundee City,Emergency Admissions,Raw data,2020/21,24262.03451407811,"Emergency Admissions, per 100,000",4
East Ayrshire,Emergency Admissions,Raw data,2020/21,25249.23541327402,"Emergency Admissions, per 100,000",4
East Dunbartonshire,Emergency Admissions,Raw data,2020/21,19427.24152893377,"Emergency Admissions, per 100,000",1
East Lothian,Emergency Admissions,Raw data,2020/21,19641.267580559015,"Emergency Admissions, per 100,000",2
East Renfrewshire,Emergency Admissions,Raw data,2020/21,18648.28547255263,"Emergency Admissions, per 100,000",1
"Edinburgh, City of",Emergency Admissions,Raw data,2020/21,22068.431374998436,"Emergency Admissions, per 100,000",1
Eilean Siar,Emergency Admissions,Raw data,2020/21,22397.430281792964,"Emergency Admissions, per 100,000",4
Falkirk,Emergency Admissions,Raw data,2020/21,23123.765635286378,"Emergency Admissions, per 100,000",3
Fife,Emergency Admissions,Raw data,2020/21,20469.57122213839,"Emergency Admissions, per 100,000",3
Glasgow City,Emergency Admissions,Raw data,2020/21,26944.001500797294,"Emergency Admissions, per 100,000",4
Highland,Emergency Admissions,Raw data,2020/21,19053.265400648448,"Emergency Admissions, per 100,000",2
Inverclyde,Emergency Admissions,Raw data,2020/21,22738.501352782027,"Emergency Admissions, per 100,000",4
Midlothian,Emergency Admissions,Raw data,2020/21,22721.906796334813,"Emergency Admissions, per 100,000",2
Moray,Emergency Admissions,Raw data,2020/21,16971.70581736081,"Emergency Admissions, per 100,000",2
North Ayrshire,Emergency Admissions,Raw data,2020/21,23423.743025768377,"Emergency Admissions, per 100,000",4
North Lanarkshire,Emergency Admissions,Raw data,2020/21,26263.439507539544,"Emergency Admissions, per 100,000",4
Orkney Islands,Emergency Admissions,Raw data,2020/21,18550.5069470522,"Emergency Admissions, per 100,000",1
Perth and Kinross,Emergency Admissions,Raw data,2020/21,19766.89590410694,"Emergency Admissions, per 100,000",1
Renfrewshire,Emergency Admissions,Raw data,2020/21,21496.55586360648,"Emergency Admissions, per 100,000",3
Scotland,Emergency Admissions,Raw data,2020/21,21693.973414562424,"Emergency Admissions, per 100,000",NA
Scottish Borders,Emergency Admissions,Raw data,2020/21,18423.79782616011,"Emergency Admissions, per 100,000",2
Shetland Islands,Emergency Admissions,Raw data,2020/21,17735.615590843474,"Emergency Admissions, per 100,000",1
South Ayrshire,Emergency Admissions,Raw data,2020/21,24975.758415292978,"Emergency Admissions, per 100,000",3
South Lanarkshire,Emergency Admissions,Raw data,2020/21,23173.08590466108,"Emergency Admissions, per 100,000",3
Stirling,Emergency Admissions,Raw data,2020/21,19855.08813669298,"Emergency Admissions, per 100,000",2
West Dunbartonshire,Emergency Admissions,Raw data,2020/21,23917.96897693603,"Emergency Admissions, per 100,000",4
West Lothian,Emergency Admissions,Raw data,2020/21,23388.46757322176,"Emergency Admissions, per 100,000",3
Aberdeen City,Emergency Admissions,Raw data,2021/22,23186.909206450076,"Emergency Admissions, per 100,000",1
Aberdeenshire,Emergency Admissions,Raw data,2021/22,17460.40485235552,"Emergency Admissions, per 100,000",1
Angus,Emergency Admissions,Raw data,2021/22,19114.85106682628,"Emergency Admissions, per 100,000",2
Argyll and Bute,Emergency Admissions,Raw data,2021/22,20499.56933677864,"Emergency Admissions, per 100,000",2
Clackmannanshire,Emergency Admissions,Raw data,2021/22,22828.830513228007,"Emergency Admissions, per 100,000",3
Dumfries and Galloway,Emergency Admissions,Raw data,2021/22,21585.433889536947,"Emergency Admissions, per 100,000",3
Dundee City,Emergency Admissions,Raw data,2021/22,25374.02977239492,"Emergency Admissions, per 100,000",4
East Ayrshire,Emergency Admissions,Raw data,2021/22,27610.50859402529,"Emergency Admissions, per 100,000",4
East Dunbartonshire,Emergency Admissions,Raw data,2021/22,20702.23084384093,"Emergency Admissions, per 100,000",1
East Lothian,Emergency Admissions,Raw data,2021/22,20422.32277526395,"Emergency Admissions, per 100,000",2
East Renfrewshire,Emergency Admissions,Raw data,2021/22,20280.228837389703,"Emergency Admissions, per 100,000",1
"Edinburgh, City of",Emergency Admissions,Raw data,2021/22,22077.84209878064,"Emergency Admissions, per 100,000",1
Eilean Siar,Emergency Admissions,Raw data,2021/22,24881.07250973043,"Emergency Admissions, per 100,000",4
Falkirk,Emergency Admissions,Raw data,2021/22,25450.004864917457,"Emergency Admissions, per 100,000",3
Fife,Emergency Admissions,Raw data,2021/22,23288.481629262275,"Emergency Admissions, per 100,000",3
Glasgow City,Emergency Admissions,Raw data,2021/22,29248.67798336053,"Emergency Admissions, per 100,000",4
Highland,Emergency Admissions,Raw data,2021/22,19851.143586678983,"Emergency Admissions, per 100,000",2
Inverclyde,Emergency Admissions,Raw data,2021/22,24449.96246463013,"Emergency Admissions, per 100,000",4
Midlothian,Emergency Admissions,Raw data,2021/22,22771.456975588204,"Emergency Admissions, per 100,000",2
Moray,Emergency Admissions,Raw data,2021/22,18188.650883126644,"Emergency Admissions, per 100,000",2
North Ayrshire,Emergency Admissions,Raw data,2021/22,24738.797675378704,"Emergency Admissions, per 100,000",4
North Lanarkshire,Emergency Admissions,Raw data,2021/22,29298.61444486749,"Emergency Admissions, per 100,000",4
Orkney Islands,Emergency Admissions,Raw data,2021/22,19422.86348501665,"Emergency Admissions, per 100,000",1
Perth and Kinross,Emergency Admissions,Raw data,2021/22,20630.39582993973,"Emergency Admissions, per 100,000",1
Renfrewshire,Emergency Admissions,Raw data,2021/22,22811.663614593606,"Emergency Admissions, per 100,000",3
Scotland,Emergency Admissions,Raw data,2021/22,23319.53574144381,"Emergency Admissions, per 100,000",NA
Scottish Borders,Emergency Admissions,Raw data,2021/22,18509.12444825087,"Emergency Admissions, per 100,000",2
Shetland Islands,Emergency Admissions,Raw data,2021/22,18194.640338504934,"Emergency Admissions, per 100,000",1
South Ayrshire,Emergency Admissions,Raw data,2021/22,26935.54440918552,"Emergency Admissions, per 100,000",3
South Lanarkshire,Emergency Admissions,Raw data,2021/22,25459.44208963903,"Emergency Admissions, per 100,000",3
Stirling,Emergency Admissions,Raw data,2021/22,21713.37069655725,"Emergency Admissions, per 100,000",2
West Dunbartonshire,Emergency Admissions,Raw data,2021/22,25639.415391641927,"Emergency Admissions, per 100,000",4
West Lothian,Emergency Admissions,Raw data,2021/22,25518.27998333814,"Emergency Admissions, per 100,000",3
Aberdeen City,Emergency Admissions,Raw data,2022/23,22435.547230677177,"Emergency Admissions, per 100,000",1
Aberdeenshire,Emergency Admissions,Raw data,2022/23,17400,"Emergency Admissions, per 100,000",1
Angus,Emergency Admissions,Raw data,2022/23,20105.52624271036,"Emergency Admissions, per 100,000",2
Argyll and Bute,Emergency Admissions,Raw data,2022/23,20241.332426920464,"Emergency Admissions, per 100,000",2
Clackmannanshire,Emergency Admissions,Raw data,2022/23,23980.48421246433,"Emergency Admissions, per 100,000",3
Dumfries and Galloway,Emergency Admissions,Raw data,2022/23,21743.174619136204,"Emergency Admissions, per 100,000",3
Dundee City,Emergency Admissions,Raw data,2022/23,26316.962627238277,"Emergency Admissions, per 100,000",4
East Ayrshire,Emergency Admissions,Raw data,2022/23,26313.964241676946,"Emergency Admissions, per 100,000",4
East Dunbartonshire,Emergency Admissions,Raw data,2022/23,21849.977337966466,"Emergency Admissions, per 100,000",1
East Lothian,Emergency Admissions,Raw data,2022/23,18516.347804244982,"Emergency Admissions, per 100,000",2
East Renfrewshire,Emergency Admissions,Raw data,2022/23,19253.717208068945,"Emergency Admissions, per 100,000",1
"Edinburgh, City of",Emergency Admissions,Raw data,2022/23,19584.11639890876,"Emergency Admissions, per 100,000",1
Eilean Siar,Emergency Admissions,Raw data,2022/23,27189.46765884373,"Emergency Admissions, per 100,000",4
Falkirk,Emergency Admissions,Raw data,2022/23,25891.338532139536,"Emergency Admissions, per 100,000",3
Fife,Emergency Admissions,Raw data,2022/23,24369.518224960862,"Emergency Admissions, per 100,000",3
Glasgow City,Emergency Admissions,Raw data,2022/23,29145.136951849647,"Emergency Admissions, per 100,000",4
Highland,Emergency Admissions,Raw data,2022/23,19797.71359378895,"Emergency Admissions, per 100,000",2
Inverclyde,Emergency Admissions,Raw data,2022/23,23652.8644356211,"Emergency Admissions, per 100,000",4
Midlothian,Emergency Admissions,Raw data,2022/23,19874.26155763915,"Emergency Admissions, per 100,000",2
Moray,Emergency Admissions,Raw data,2022/23,17701.41629904806,"Emergency Admissions, per 100,000",2
North Ayrshire,Emergency Admissions,Raw data,2022/23,24904.94893951296,"Emergency Admissions, per 100,000",4
North Lanarkshire,Emergency Admissions,Raw data,2022/23,30145.35736401265,"Emergency Admissions, per 100,000",4
Orkney Islands,Emergency Admissions,Raw data,2022/23,18336.65519115782,"Emergency Admissions, per 100,000",1
Perth and Kinross,Emergency Admissions,Raw data,2022/23,23496.084876666933,"Emergency Admissions, per 100,000",1
Renfrewshire,Emergency Admissions,Raw data,2022/23,22917.588495575223,"Emergency Admissions, per 100,000",3
Scotland,Emergency Admissions,Raw data,2022/23,23244.44460644322,"Emergency Admissions, per 100,000",NA
Scottish Borders,Emergency Admissions,Raw data,2022/23,20100.990483589045,"Emergency Admissions, per 100,000",2
Shetland Islands,Emergency Admissions,Raw data,2022/23,18609.73187686197,"Emergency Admissions, per 100,000",1
South Ayrshire,Emergency Admissions,Raw data,2022/23,24904.949362403688,"Emergency Admissions, per 100,000",3
South Lanarkshire,Emergency Admissions,Raw data,2022/23,25257.97936165107,"Emergency Admissions, per 100,000",3
Stirling,Emergency Admissions,Raw data,2022/23,22087.340375216772,"Emergency Admissions, per 100,000",2
West Dunbartonshire,Emergency Admissions,Raw data,2022/23,26598.910663147846,"Emergency Admissions, per 100,000",4
West Lothian,Emergency Admissions,Raw data,2022/23,24762.653253693807,"Emergency Admissions, per 100,000",3
Aberdeen City,Emergency Admissions,Raw data,2023/24,22610.871396839175,"Emergency Admissions, per 100,000",1
Aberdeenshire,Emergency Admissions,Raw data,2023/24,17631.65246542813,"Emergency Admissions, per 100,000",1
Angus,Emergency Admissions,Raw data,2023/24,22055.14642918308,"Emergency Admissions, per 100,000",2
Argyll and Bute,Emergency Admissions,Raw data,2023/24,21458.725182863116,"Emergency Admissions, per 100,000",2
Clackmannanshire,Emergency Admissions,Raw data,2023/24,23535.861123800823,"Emergency Admissions, per 100,000",3
Dumfries and Galloway,Emergency Admissions,Raw data,2023/24,22318.79019641926,"Emergency Admissions, per 100,000",3
Dundee City,Emergency Admissions,Raw data,2023/24,28530.938270696064,"Emergency Admissions, per 100,000",4
East Ayrshire,Emergency Admissions,Raw data,2023/24,27283.07038834951,"Emergency Admissions, per 100,000",4
East Dunbartonshire,Emergency Admissions,Raw data,2023/24,21514.27081004546,"Emergency Admissions, per 100,000",1
East Lothian,Emergency Admissions,Raw data,2023/24,19136.76121965176,"Emergency Admissions, per 100,000",2
East Renfrewshire,Emergency Admissions,Raw data,2023/24,19761.39634202953,"Emergency Admissions, per 100,000",1
"Edinburgh, City of",Emergency Admissions,Raw data,2023/24,21257.585168904392,"Emergency Admissions, per 100,000",1
Eilean Siar,Emergency Admissions,Raw data,2023/24,24953.867991483323,"Emergency Admissions, per 100,000",4
Falkirk,Emergency Admissions,Raw data,2023/24,25951.951381635175,"Emergency Admissions, per 100,000",3
Fife,Emergency Admissions,Raw data,2023/24,25597.05688234863,"Emergency Admissions, per 100,000",3
Glasgow City,Emergency Admissions,Raw data,2023/24,29372.751798561152,"Emergency Admissions, per 100,000",4
Highland,Emergency Admissions,Raw data,2023/24,19736.77311100624,"Emergency Admissions, per 100,000",2
Inverclyde,Emergency Admissions,Raw data,2023/24,23898.91292166312,"Emergency Admissions, per 100,000",4
Midlothian,Emergency Admissions,Raw data,2023/24,21533.87620416201,"Emergency Admissions, per 100,000",2
Moray,Emergency Admissions,Raw data,2023/24,17607.141230587054,"Emergency Admissions, per 100,000",2
North Ayrshire,Emergency Admissions,Raw data,2023/24,25658.485251787428,"Emergency Admissions, per 100,000",4
North Lanarkshire,Emergency Admissions,Raw data,2023/24,30802.922041592738,"Emergency Admissions, per 100,000",4
Orkney Islands,Emergency Admissions,Raw data,2023/24,17143.36789417233,"Emergency Admissions, per 100,000",1
Perth and Kinross,Emergency Admissions,Raw data,2023/24,24715.447154471545,"Emergency Admissions, per 100,000",1
Renfrewshire,Emergency Admissions,Raw data,2023/24,23729.409537204836,"Emergency Admissions, per 100,000",3
Scotland,Emergency Admissions,Raw data,2023/24,23918.695619074915,"Emergency Admissions, per 100,000",NA
Scottish Borders,Emergency Admissions,Raw data,2023/24,21586.323048079063,"Emergency Admissions, per 100,000",2
Shetland Islands,Emergency Admissions,Raw data,2023/24,17926.565874730022,"Emergency Admissions, per 100,000",1
South Ayrshire,Emergency Admissions,Raw data,2023/24,25199.325106692693,"Emergency Admissions, per 100,000",3
South Lanarkshire,Emergency Admissions,Raw data,2023/24,25483.187715117816,"Emergency Admissions, per 100,000",3
Stirling,Emergency Admissions,Raw data,2023/24,22040.90064036356,"Emergency Admissions, per 100,000",2
West Dunbartonshire,Emergency Admissions,Raw data,2023/24,27034.611786716556,"Emergency Admissions, per 100,000",4
West Lothian,Emergency Admissions,Raw data,2023/24,26012.21720845996,"Emergency Admissions, per 100,000",3
Aberdeen City,Emergency Admissions,Projected,2024/25,18484.7421957208,"Emergency Admissions, per 100,000",1
Aberdeenshire,Emergency Admissions,Projected,2024/25,15148.467596222685,"Emergency Admissions, per 100,000",1
Angus,Emergency Admissions,Projected,2024/25,23009.08784920902,"Emergency Admissions, per 100,000",2
Argyll and Bute,Emergency Admissions,Projected,2024/25,20238.486842105263,"Emergency Admissions, per 100,000",2
Clackmannanshire,Emergency Admissions,Projected,2024/25,25226.518345743247,"Emergency Admissions, per 100,000",3
Dumfries and Galloway,Emergency Admissions,Projected,2024/25,22534.28011753183,"Emergency Admissions, per 100,000",3
Dundee City,Emergency Admissions,Projected,2024/25,29464.253195906327,"Emergency Admissions, per 100,000",4
East Ayrshire,Emergency Admissions,Projected,2024/25,26760.40620466466,"Emergency Admissions, per 100,000",4
East Dunbartonshire,Emergency Admissions,Projected,2024/25,20785.328861017937,"Emergency Admissions, per 100,000",1
East Lothian,Emergency Admissions,Projected,2024/25,18251.979154234792,"Emergency Admissions, per 100,000",2
East Renfrewshire,Emergency Admissions,Projected,2024/25,19770.56493831657,"Emergency Admissions, per 100,000",1
"Edinburgh, City of",Emergency Admissions,Projected,2024/25,19392.59467962715,"Emergency Admissions, per 100,000",1
Eilean Siar,Emergency Admissions,Projected,2024/25,23367.504563965736,"Emergency Admissions, per 100,000",4
Falkirk,Emergency Admissions,Projected,2024/25,26723.68051437311,"Emergency Admissions, per 100,000",3
Fife,Emergency Admissions,Projected,2024/25,25427.62685065402,"Emergency Admissions, per 100,000",3
Glasgow City,Emergency Admissions,Projected,2024/25,28846.30177027131,"Emergency Admissions, per 100,000",4
Highland,Emergency Admissions,Projected,2024/25,20574.940930726298,"Emergency Admissions, per 100,000",2
Inverclyde,Emergency Admissions,Projected,2024/25,24146.851607221488,"Emergency Admissions, per 100,000",4
Midlothian,Emergency Admissions,Projected,2024/25,19705.65453137103,"Emergency Admissions, per 100,000",2
Moray,Emergency Admissions,Projected,2024/25,11129.479045661694,"Emergency Admissions, per 100,000",2
North Ayrshire,Emergency Admissions,Projected,2024/25,25544.6144523557,"Emergency Admissions, per 100,000",4
North Lanarkshire,Emergency Admissions,Projected,2024/25,29862.5310642046,"Emergency Admissions, per 100,000",4
Orkney Islands,Emergency Admissions,Projected,2024/25,18109.820485744454,"Emergency Admissions, per 100,000",1
Perth and Kinross,Emergency Admissions,Projected,2024/25,24472.410953263337,"Emergency Admissions, per 100,000",1
Renfrewshire,Emergency Admissions,Projected,2024/25,22821.51084279927,"Emergency Admissions, per 100,000",3
Scotland,Emergency Admissions,Projected,2024/25,23168.19390346271,"Emergency Admissions, per 100,000",NA
Scottish Borders,Emergency Admissions,Projected,2024/25,21103.34934198216,"Emergency Admissions, per 100,000",2
Shetland Islands,Emergency Admissions,Projected,2024/25,13977.250819356084,"Emergency Admissions, per 100,000",1
South Ayrshire,Emergency Admissions,Projected,2024/25,23815.10798397342,"Emergency Admissions, per 100,000",3
South Lanarkshire,Emergency Admissions,Projected,2024/25,25718.47128269206,"Emergency Admissions, per 100,000",3
Stirling,Emergency Admissions,Projected,2024/25,23646.06402254882,"Emergency Admissions, per 100,000",2
West Dunbartonshire,Emergency Admissions,Projected,2024/25,27245.201405785345,"Emergency Admissions, per 100,000",4
West Lothian,Emergency Admissions,Projected,2024/25,23774.194513417297,"Emergency Admissions, per 100,000",3
Aberdeen City,Emergency Admissions,Projected,2025/26,18023.47461014718,"Emergency Admissions, per 100,000",1
Aberdeenshire,Emergency Admissions,Projected,2025/26,14865.320491664746,"Emergency Admissions, per 100,000",1
Angus,Emergency Admissions,Projected,2025/26,23137.42024284485,"Emergency Admissions, per 100,000",2
Argyll and Bute,Emergency Admissions,Projected,2025/26,19983.082015890097,"Emergency Admissions, per 100,000",2
Clackmannanshire,Emergency Admissions,Projected,2025/26,25700.035295485817,"Emergency Admissions, per 100,000",3
Dumfries and Galloway,Emergency Admissions,Projected,2025/26,22603.481308009304,"Emergency Admissions, per 100,000",3
Dundee City,Emergency Admissions,Projected,2025/26,29443.950701554226,"Emergency Admissions, per 100,000",4
East Ayrshire,Emergency Admissions,Projected,2025/26,26665.37975995736,"Emergency Admissions, per 100,000",4
East Dunbartonshire,Emergency Admissions,Projected,2025/26,20598.6091962728,"Emergency Admissions, per 100,000",1
East Lothian,Emergency Admissions,Projected,2025/26,17917.15112266468,"Emergency Admissions, per 100,000",2
East Renfrewshire,Emergency Admissions,Projected,2025/26,19599.21795855998,"Emergency Admissions, per 100,000",1
"Edinburgh, City of",Emergency Admissions,Projected,2025/26,19030.747002722568,"Emergency Admissions, per 100,000",1
Eilean Siar,Emergency Admissions,Projected,2025/26,23285.87530629196,"Emergency Admissions, per 100,000",4
Falkirk,Emergency Admissions,Projected,2025/26,27108.163052923905,"Emergency Admissions, per 100,000",3
Fife,Emergency Admissions,Projected,2025/26,25597.719108071386,"Emergency Admissions, per 100,000",3
Glasgow City,Emergency Admissions,Projected,2025/26,28166.215007145467,"Emergency Admissions, per 100,000",4
Highland,Emergency Admissions,Projected,2025/26,20466.350466052903,"Emergency Admissions, per 100,000",2
Inverclyde,Emergency Admissions,Projected,2025/26,23667.487209486393,"Emergency Admissions, per 100,000",4
Midlothian,Emergency Admissions,Projected,2025/26,19506.190173955205,"Emergency Admissions, per 100,000",2
Moray,Emergency Admissions,Projected,2025/26,10783.687573986324,"Emergency Admissions, per 100,000",2
North Ayrshire,Emergency Admissions,Projected,2025/26,25513.180485544744,"Emergency Admissions, per 100,000",4
North Lanarkshire,Emergency Admissions,Projected,2025/26,29906.045225709095,"Emergency Admissions, per 100,000",4
Orkney Islands,Emergency Admissions,Projected,2025/26,17897.277043466675,"Emergency Admissions, per 100,000",1
Perth and Kinross,Emergency Admissions,Projected,2025/26,24674.127597774812,"Emergency Admissions, per 100,000",1
Renfrewshire,Emergency Admissions,Projected,2025/26,22493.35436232051,"Emergency Admissions, per 100,000",3
Scotland,Emergency Admissions,Projected,2025/26,22989.588802105136,"Emergency Admissions, per 100,000",NA
Scottish Borders,Emergency Admissions,Projected,2025/26,20913.309774419416,"Emergency Admissions, per 100,000",2
Shetland Islands,Emergency Admissions,Projected,2025/26,13652.229169893935,"Emergency Admissions, per 100,000",1
South Ayrshire,Emergency Admissions,Projected,2025/26,23617.800337724308,"Emergency Admissions, per 100,000",3
South Lanarkshire,Emergency Admissions,Projected,2025/26,25644.157917684435,"Emergency Admissions, per 100,000",3
Stirling,Emergency Admissions,Projected,2025/26,23728.753684784337,"Emergency Admissions, per 100,000",2
West Dunbartonshire,Emergency Admissions,Projected,2025/26,27026.23768383241,"Emergency Admissions, per 100,000",4
West Lothian,Emergency Admissions,Projected,2025/26,23612.32363498694,"Emergency Admissions, per 100,000",3
Aberdeen City,Emergency Admissions,Projected,2026/27,17620.060794137575,"Emergency Admissions, per 100,000",1
Aberdeenshire,Emergency Admissions,Projected,2026/27,14595.578379527306,"Emergency Admissions, per 100,000",1
Angus,Emergency Admissions,Projected,2026/27,23286.506705036267,"Emergency Admissions, per 100,000",2
Argyll and Bute,Emergency Admissions,Projected,2026/27,19691.10034682732,"Emergency Admissions, per 100,000",2
Clackmannanshire,Emergency Admissions,Projected,2026/27,26199.89429253958,"Emergency Admissions, per 100,000",3
Dumfries and Galloway,Emergency Admissions,Projected,2026/27,22680.386142370266,"Emergency Admissions, per 100,000",3
Dundee City,Emergency Admissions,Projected,2026/27,29368.531856258305,"Emergency Admissions, per 100,000",4
East Ayrshire,Emergency Admissions,Projected,2026/27,26555.926932374936,"Emergency Admissions, per 100,000",4
East Dunbartonshire,Emergency Admissions,Projected,2026/27,20380.268280386797,"Emergency Admissions, per 100,000",1
East Lothian,Emergency Admissions,Projected,2026/27,17584.17535684099,"Emergency Admissions, per 100,000",2
East Renfrewshire,Emergency Admissions,Projected,2026/27,19464.164678292706,"Emergency Admissions, per 100,000",1
"Edinburgh, City of",Emergency Admissions,Projected,2026/27,18663.885753020197,"Emergency Admissions, per 100,000",1
Eilean Siar,Emergency Admissions,Projected,2026/27,23289.182644791224,"Emergency Admissions, per 100,000",4
Falkirk,Emergency Admissions,Projected,2026/27,27432.665636039317,"Emergency Admissions, per 100,000",3
Fife,Emergency Admissions,Projected,2026/27,25830.13863747052,"Emergency Admissions, per 100,000",3
Glasgow City,Emergency Admissions,Projected,2026/27,27462.36750328647,"Emergency Admissions, per 100,000",4
Highland,Emergency Admissions,Projected,2026/27,20324.496598679012,"Emergency Admissions, per 100,000",2
Inverclyde,Emergency Admissions,Projected,2026/27,23250.208137893347,"Emergency Admissions, per 100,000",4
Midlothian,Emergency Admissions,Projected,2026/27,19287.642556144412,"Emergency Admissions, per 100,000",2
Moray,Emergency Admissions,Projected,2026/27,10400.621863577911,"Emergency Admissions, per 100,000",2
North Ayrshire,Emergency Admissions,Projected,2026/27,25473.15291234559,"Emergency Admissions, per 100,000",4
North Lanarkshire,Emergency Admissions,Projected,2026/27,29951.817230549383,"Emergency Admissions, per 100,000",4
Orkney Islands,Emergency Admissions,Projected,2026/27,17747.080895228555,"Emergency Admissions, per 100,000",1
Perth and Kinross,Emergency Admissions,Projected,2026/27,24733.46191170354,"Emergency Admissions, per 100,000",1
Renfrewshire,Emergency Admissions,Projected,2026/27,22087.217279620774,"Emergency Admissions, per 100,000",3
Scotland,Emergency Admissions,Projected,2026/27,22806.693801572135,"Emergency Admissions, per 100,000",NA
Scottish Borders,Emergency Admissions,Projected,2026/27,20770.159759750873,"Emergency Admissions, per 100,000",2
Shetland Islands,Emergency Admissions,Projected,2026/27,13296.239405064443,"Emergency Admissions, per 100,000",1
South Ayrshire,Emergency Admissions,Projected,2026/27,23356.204461840203,"Emergency Admissions, per 100,000",3
South Lanarkshire,Emergency Admissions,Projected,2026/27,25652.150103470456,"Emergency Admissions, per 100,000",3
Stirling,Emergency Admissions,Projected,2026/27,23840.70950062432,"Emergency Admissions, per 100,000",2
West Dunbartonshire,Emergency Admissions,Projected,2026/27,26810.70042066588,"Emergency Admissions, per 100,000",4
West Lothian,Emergency Admissions,Projected,2026/27,23467.50416860456,"Emergency Admissions, per 100,000",3
Aberdeen City,Early Mortality,Raw data,2012/13,439.7,"Early Mortality, per 100,000",1
Aberdeenshire,Early Mortality,Raw data,2012/13,345.1,"Early Mortality, per 100,000",1
Angus,Early Mortality,Raw data,2012/13,362,"Early Mortality, per 100,000",2
Argyll and Bute,Early Mortality,Raw data,2012/13,427.8,"Early Mortality, per 100,000",2
Clackmannanshire,Early Mortality,Raw data,2012/13,487.3,"Early Mortality, per 100,000",3
Dumfries and Galloway,Early Mortality,Raw data,2012/13,392.5,"Early Mortality, per 100,000",3
Dundee City,Early Mortality,Raw data,2012/13,547,"Early Mortality, per 100,000",4
East Ayrshire,Early Mortality,Raw data,2012/13,455.2,"Early Mortality, per 100,000",4
East Dunbartonshire,Early Mortality,Raw data,2012/13,324.8,"Early Mortality, per 100,000",1
East Lothian,Early Mortality,Raw data,2012/13,377,"Early Mortality, per 100,000",2
East Renfrewshire,Early Mortality,Raw data,2012/13,309,"Early Mortality, per 100,000",1
"Edinburgh, City of",Early Mortality,Raw data,2012/13,411.5,"Early Mortality, per 100,000",1
Eilean Siar,Early Mortality,Raw data,2012/13,453,"Early Mortality, per 100,000",4
Falkirk,Early Mortality,Raw data,2012/13,433.3,"Early Mortality, per 100,000",3
Fife,Early Mortality,Raw data,2012/13,413.3,"Early Mortality, per 100,000",3
Glasgow City,Early Mortality,Raw data,2012/13,649,"Early Mortality, per 100,000",4
Highland,Early Mortality,Raw data,2012/13,380.3,"Early Mortality, per 100,000",2
Inverclyde,Early Mortality,Raw data,2012/13,519,"Early Mortality, per 100,000",4
Midlothian,Early Mortality,Raw data,2012/13,404.2,"Early Mortality, per 100,000",2
Moray,Early Mortality,Raw data,2012/13,398.2,"Early Mortality, per 100,000",2
North Ayrshire,Early Mortality,Raw data,2012/13,460.5,"Early Mortality, per 100,000",4
North Lanarkshire,Early Mortality,Raw data,2012/13,539.4,"Early Mortality, per 100,000",4
Orkney Islands,Early Mortality,Raw data,2012/13,341.8,"Early Mortality, per 100,000",1
Perth and Kinross,Early Mortality,Raw data,2012/13,349.4,"Early Mortality, per 100,000",1
Renfrewshire,Early Mortality,Raw data,2012/13,477.8,"Early Mortality, per 100,000",3
Scotland,Early Mortality,Raw data,2012/13,444.9,"Early Mortality, per 100,000",NA
Scottish Borders,Early Mortality,Raw data,2012/13,355.4,"Early Mortality, per 100,000",2
Shetland Islands,Early Mortality,Raw data,2012/13,352.7,"Early Mortality, per 100,000",1
South Ayrshire,Early Mortality,Raw data,2012/13,386.7,"Early Mortality, per 100,000",3
South Lanarkshire,Early Mortality,Raw data,2012/13,472.5,"Early Mortality, per 100,000",3
Stirling,Early Mortality,Raw data,2012/13,391.4,"Early Mortality, per 100,000",2
West Dunbartonshire,Early Mortality,Raw data,2012/13,593.8,"Early Mortality, per 100,000",4
West Lothian,Early Mortality,Raw data,2012/13,447.4,"Early Mortality, per 100,000",3
Aberdeen City,Early Mortality,Raw data,2013/14,436,"Early Mortality, per 100,000",1
Aberdeenshire,Early Mortality,Raw data,2013/14,335.1,"Early Mortality, per 100,000",1
Angus,Early Mortality,Raw data,2013/14,362.2,"Early Mortality, per 100,000",2
Argyll and Bute,Early Mortality,Raw data,2013/14,355.9,"Early Mortality, per 100,000",2
Clackmannanshire,Early Mortality,Raw data,2013/14,483.6,"Early Mortality, per 100,000",3
Dumfries and Galloway,Early Mortality,Raw data,2013/14,393.7,"Early Mortality, per 100,000",3
Dundee City,Early Mortality,Raw data,2013/14,496.6,"Early Mortality, per 100,000",4
East Ayrshire,Early Mortality,Raw data,2013/14,515.4,"Early Mortality, per 100,000",4
East Dunbartonshire,Early Mortality,Raw data,2013/14,321.6,"Early Mortality, per 100,000",1
East Lothian,Early Mortality,Raw data,2013/14,362.3,"Early Mortality, per 100,000",2
East Renfrewshire,Early Mortality,Raw data,2013/14,348.6,"Early Mortality, per 100,000",1
"Edinburgh, City of",Early Mortality,Raw data,2013/14,412.1,"Early Mortality, per 100,000",1
Eilean Siar,Early Mortality,Raw data,2013/14,383.7,"Early Mortality, per 100,000",4
Falkirk,Early Mortality,Raw data,2013/14,433.9,"Early Mortality, per 100,000",3
Fife,Early Mortality,Raw data,2013/14,412.3,"Early Mortality, per 100,000",3
Glasgow City,Early Mortality,Raw data,2013/14,634.7,"Early Mortality, per 100,000",4
Highland,Early Mortality,Raw data,2013/14,383.6,"Early Mortality, per 100,000",2
Inverclyde,Early Mortality,Raw data,2013/14,491,"Early Mortality, per 100,000",4
Midlothian,Early Mortality,Raw data,2013/14,424.9,"Early Mortality, per 100,000",2
Moray,Early Mortality,Raw data,2013/14,382.1,"Early Mortality, per 100,000",2
North Ayrshire,Early Mortality,Raw data,2013/14,446.5,"Early Mortality, per 100,000",4
North Lanarkshire,Early Mortality,Raw data,2013/14,519.4,"Early Mortality, per 100,000",4
Orkney Islands,Early Mortality,Raw data,2013/14,347.1,"Early Mortality, per 100,000",1
Perth and Kinross,Early Mortality,Raw data,2013/14,346.8,"Early Mortality, per 100,000",1
Renfrewshire,Early Mortality,Raw data,2013/14,476.7,"Early Mortality, per 100,000",3
Scotland,Early Mortality,Raw data,2013/14,436.6,"Early Mortality, per 100,000",NA
Scottish Borders,Early Mortality,Raw data,2013/14,321.2,"Early Mortality, per 100,000",2
Shetland Islands,Early Mortality,Raw data,2013/14,359.8,"Early Mortality, per 100,000",1
South Ayrshire,Early Mortality,Raw data,2013/14,424.1,"Early Mortality, per 100,000",3
South Lanarkshire,Early Mortality,Raw data,2013/14,449.6,"Early Mortality, per 100,000",3
Stirling,Early Mortality,Raw data,2013/14,380.2,"Early Mortality, per 100,000",2
West Dunbartonshire,Early Mortality,Raw data,2013/14,539.7,"Early Mortality, per 100,000",4
West Lothian,Early Mortality,Raw data,2013/14,438.8,"Early Mortality, per 100,000",3
Aberdeen City,Early Mortality,Raw data,2014/15,473.4,"Early Mortality, per 100,000",1
Aberdeenshire,Early Mortality,Raw data,2014/15,339.1,"Early Mortality, per 100,000",1
Angus,Early Mortality,Raw data,2014/15,367.3,"Early Mortality, per 100,000",2
Argyll and Bute,Early Mortality,Raw data,2014/15,350.3,"Early Mortality, per 100,000",2
Clackmannanshire,Early Mortality,Raw data,2014/15,415.2,"Early Mortality, per 100,000",3
Dumfries and Galloway,Early Mortality,Raw data,2014/15,379.1,"Early Mortality, per 100,000",3
Dundee City,Early Mortality,Raw data,2014/15,497.5,"Early Mortality, per 100,000",4
East Ayrshire,Early Mortality,Raw data,2014/15,484.1,"Early Mortality, per 100,000",4
East Dunbartonshire,Early Mortality,Raw data,2014/15,293.7,"Early Mortality, per 100,000",1
East Lothian,Early Mortality,Raw data,2014/15,375.7,"Early Mortality, per 100,000",2
East Renfrewshire,Early Mortality,Raw data,2014/15,359.8,"Early Mortality, per 100,000",1
"Edinburgh, City of",Early Mortality,Raw data,2014/15,375.9,"Early Mortality, per 100,000",1
Eilean Siar,Early Mortality,Raw data,2014/15,421.2,"Early Mortality, per 100,000",4
Falkirk,Early Mortality,Raw data,2014/15,416.4,"Early Mortality, per 100,000",3
Fife,Early Mortality,Raw data,2014/15,385,"Early Mortality, per 100,000",3
Glasgow City,Early Mortality,Raw data,2014/15,611.1,"Early Mortality, per 100,000",4
Highland,Early Mortality,Raw data,2014/15,372.9,"Early Mortality, per 100,000",2
Inverclyde,Early Mortality,Raw data,2014/15,513.6,"Early Mortality, per 100,000",4
Midlothian,Early Mortality,Raw data,2014/15,407.1,"Early Mortality, per 100,000",2
Moray,Early Mortality,Raw data,2014/15,348.9,"Early Mortality, per 100,000",2
North Ayrshire,Early Mortality,Raw data,2014/15,457,"Early Mortality, per 100,000",4
North Lanarkshire,Early Mortality,Raw data,2014/15,487.1,"Early Mortality, per 100,000",4
Orkney Islands,Early Mortality,Raw data,2014/15,338.1,"Early Mortality, per 100,000",1
Perth and Kinross,Early Mortality,Raw data,2014/15,318.6,"Early Mortality, per 100,000",1
Renfrewshire,Early Mortality,Raw data,2014/15,444.4,"Early Mortality, per 100,000",3
Scotland,Early Mortality,Raw data,2014/15,421.8,"Early Mortality, per 100,000",NA
Scottish Borders,Early Mortality,Raw data,2014/15,319.3,"Early Mortality, per 100,000",2
Shetland Islands,Early Mortality,Raw data,2014/15,441.4,"Early Mortality, per 100,000",1
South Ayrshire,Early Mortality,Raw data,2014/15,389.8,"Early Mortality, per 100,000",3
South Lanarkshire,Early Mortality,Raw data,2014/15,428,"Early Mortality, per 100,000",3
Stirling,Early Mortality,Raw data,2014/15,364.4,"Early Mortality, per 100,000",2
West Dunbartonshire,Early Mortality,Raw data,2014/15,553.1,"Early Mortality, per 100,000",4
West Lothian,Early Mortality,Raw data,2014/15,411.5,"Early Mortality, per 100,000",3
Aberdeen City,Early Mortality,Raw data,2015/16,463.2,"Early Mortality, per 100,000",1
Aberdeenshire,Early Mortality,Raw data,2015/16,345.9,"Early Mortality, per 100,000",1
Angus,Early Mortality,Raw data,2015/16,389.5,"Early Mortality, per 100,000",2
Argyll and Bute,Early Mortality,Raw data,2015/16,387.3,"Early Mortality, per 100,000",2
Clackmannanshire,Early Mortality,Raw data,2015/16,479.4,"Early Mortality, per 100,000",3
Dumfries and Galloway,Early Mortality,Raw data,2015/16,375.6,"Early Mortality, per 100,000",3
Dundee City,Early Mortality,Raw data,2015/16,541.9,"Early Mortality, per 100,000",4
East Ayrshire,Early Mortality,Raw data,2015/16,457.1,"Early Mortality, per 100,000",4
East Dunbartonshire,Early Mortality,Raw data,2015/16,303.9,"Early Mortality, per 100,000",1
East Lothian,Early Mortality,Raw data,2015/16,316.9,"Early Mortality, per 100,000",2
East Renfrewshire,Early Mortality,Raw data,2015/16,292.7,"Early Mortality, per 100,000",1
"Edinburgh, City of",Early Mortality,Raw data,2015/16,405.3,"Early Mortality, per 100,000",1
Eilean Siar,Early Mortality,Raw data,2015/16,440.9,"Early Mortality, per 100,000",4
Falkirk,Early Mortality,Raw data,2015/16,440.2,"Early Mortality, per 100,000",3
Fife,Early Mortality,Raw data,2015/16,421.2,"Early Mortality, per 100,000",3
Glasgow City,Early Mortality,Raw data,2015/16,632.7,"Early Mortality, per 100,000",4
Highland,Early Mortality,Raw data,2015/16,390.5,"Early Mortality, per 100,000",2
Inverclyde,Early Mortality,Raw data,2015/16,487.5,"Early Mortality, per 100,000",4
Midlothian,Early Mortality,Raw data,2015/16,392,"Early Mortality, per 100,000",2
Moray,Early Mortality,Raw data,2015/16,399.8,"Early Mortality, per 100,000",2
North Ayrshire,Early Mortality,Raw data,2015/16,480.9,"Early Mortality, per 100,000",4
North Lanarkshire,Early Mortality,Raw data,2015/16,539.3,"Early Mortality, per 100,000",4
Orkney Islands,Early Mortality,Raw data,2015/16,381.2,"Early Mortality, per 100,000",1
Perth and Kinross,Early Mortality,Raw data,2015/16,352,"Early Mortality, per 100,000",1
Renfrewshire,Early Mortality,Raw data,2015/16,456.9,"Early Mortality, per 100,000",3
Scotland,Early Mortality,Raw data,2015/16,438.7,"Early Mortality, per 100,000",NA
Scottish Borders,Early Mortality,Raw data,2015/16,387.8,"Early Mortality, per 100,000",2
Shetland Islands,Early Mortality,Raw data,2015/16,403,"Early Mortality, per 100,000",1
South Ayrshire,Early Mortality,Raw data,2015/16,421.5,"Early Mortality, per 100,000",3
South Lanarkshire,Early Mortality,Raw data,2015/16,434.5,"Early Mortality, per 100,000",3
Stirling,Early Mortality,Raw data,2015/16,392.5,"Early Mortality, per 100,000",2
West Dunbartonshire,Early Mortality,Raw data,2015/16,563.8,"Early Mortality, per 100,000",4
West Lothian,Early Mortality,Raw data,2015/16,401.7,"Early Mortality, per 100,000",3
Aberdeen City,Early Mortality,Raw data,2016/17,458.8,"Early Mortality, per 100,000",1
Aberdeenshire,Early Mortality,Raw data,2016/17,327.9,"Early Mortality, per 100,000",1
Angus,Early Mortality,Raw data,2016/17,402.3,"Early Mortality, per 100,000",2
Argyll and Bute,Early Mortality,Raw data,2016/17,411.2,"Early Mortality, per 100,000",2
Clackmannanshire,Early Mortality,Raw data,2016/17,453.7,"Early Mortality, per 100,000",3
Dumfries and Galloway,Early Mortality,Raw data,2016/17,388.4,"Early Mortality, per 100,000",3
Dundee City,Early Mortality,Raw data,2016/17,566.6,"Early Mortality, per 100,000",4
East Ayrshire,Early Mortality,Raw data,2016/17,488.6,"Early Mortality, per 100,000",4
East Dunbartonshire,Early Mortality,Raw data,2016/17,340.1,"Early Mortality, per 100,000",1
East Lothian,Early Mortality,Raw data,2016/17,370.4,"Early Mortality, per 100,000",2
East Renfrewshire,Early Mortality,Raw data,2016/17,291.2,"Early Mortality, per 100,000",1
"Edinburgh, City of",Early Mortality,Raw data,2016/17,398.3,"Early Mortality, per 100,000",1
Eilean Siar,Early Mortality,Raw data,2016/17,463.7,"Early Mortality, per 100,000",4
Falkirk,Early Mortality,Raw data,2016/17,466,"Early Mortality, per 100,000",3
Fife,Early Mortality,Raw data,2016/17,430.7,"Early Mortality, per 100,000",3
Glasgow City,Early Mortality,Raw data,2016/17,615.2,"Early Mortality, per 100,000",4
Highland,Early Mortality,Raw data,2016/17,375,"Early Mortality, per 100,000",2
Inverclyde,Early Mortality,Raw data,2016/17,494,"Early Mortality, per 100,000",4
Midlothian,Early Mortality,Raw data,2016/17,395.8,"Early Mortality, per 100,000",2
Moray,Early Mortality,Raw data,2016/17,360.1,"Early Mortality, per 100,000",2
North Ayrshire,Early Mortality,Raw data,2016/17,486.2,"Early Mortality, per 100,000",4
North Lanarkshire,Early Mortality,Raw data,2016/17,520.2,"Early Mortality, per 100,000",4
Orkney Islands,Early Mortality,Raw data,2016/17,287.6,"Early Mortality, per 100,000",1
Perth and Kinross,Early Mortality,Raw data,2016/17,348.5,"Early Mortality, per 100,000",1
Renfrewshire,Early Mortality,Raw data,2016/17,483.1,"Early Mortality, per 100,000",3
Scotland,Early Mortality,Raw data,2016/17,437.7,"Early Mortality, per 100,000",NA
Scottish Borders,Early Mortality,Raw data,2016/17,337,"Early Mortality, per 100,000",2
Shetland Islands,Early Mortality,Raw data,2016/17,287.5,"Early Mortality, per 100,000",1
South Ayrshire,Early Mortality,Raw data,2016/17,451.3,"Early Mortality, per 100,000",3
South Lanarkshire,Early Mortality,Raw data,2016/17,455.9,"Early Mortality, per 100,000",3
Stirling,Early Mortality,Raw data,2016/17,350.6,"Early Mortality, per 100,000",2
West Dunbartonshire,Early Mortality,Raw data,2016/17,506.1,"Early Mortality, per 100,000",4
West Lothian,Early Mortality,Raw data,2016/17,411.1,"Early Mortality, per 100,000",3
Aberdeen City,Early Mortality,Raw data,2017/18,422.1,"Early Mortality, per 100,000",1
Aberdeenshire,Early Mortality,Raw data,2017/18,330.1,"Early Mortality, per 100,000",1
Angus,Early Mortality,Raw data,2017/18,382.2,"Early Mortality, per 100,000",2
Argyll and Bute,Early Mortality,Raw data,2017/18,373,"Early Mortality, per 100,000",2
Clackmannanshire,Early Mortality,Raw data,2017/18,406.8,"Early Mortality, per 100,000",3
Dumfries and Galloway,Early Mortality,Raw data,2017/18,381.6,"Early Mortality, per 100,000",3
Dundee City,Early Mortality,Raw data,2017/18,548.2,"Early Mortality, per 100,000",4
East Ayrshire,Early Mortality,Raw data,2017/18,444.1,"Early Mortality, per 100,000",4
East Dunbartonshire,Early Mortality,Raw data,2017/18,308.4,"Early Mortality, per 100,000",1
East Lothian,Early Mortality,Raw data,2017/18,368.1,"Early Mortality, per 100,000",2
East Renfrewshire,Early Mortality,Raw data,2017/18,294.8,"Early Mortality, per 100,000",1
"Edinburgh, City of",Early Mortality,Raw data,2017/18,380,"Early Mortality, per 100,000",1
Eilean Siar,Early Mortality,Raw data,2017/18,402.9,"Early Mortality, per 100,000",4
Falkirk,Early Mortality,Raw data,2017/18,428.6,"Early Mortality, per 100,000",3
Fife,Early Mortality,Raw data,2017/18,425.8,"Early Mortality, per 100,000",3
Glasgow City,Early Mortality,Raw data,2017/18,612.5,"Early Mortality, per 100,000",4
Highland,Early Mortality,Raw data,2017/18,371,"Early Mortality, per 100,000",2
Inverclyde,Early Mortality,Raw data,2017/18,552.2,"Early Mortality, per 100,000",4
Midlothian,Early Mortality,Raw data,2017/18,384.3,"Early Mortality, per 100,000",2
Moray,Early Mortality,Raw data,2017/18,373.1,"Early Mortality, per 100,000",2
North Ayrshire,Early Mortality,Raw data,2017/18,441.6,"Early Mortality, per 100,000",4
North Lanarkshire,Early Mortality,Raw data,2017/18,480.3,"Early Mortality, per 100,000",4
Orkney Islands,Early Mortality,Raw data,2017/18,436,"Early Mortality, per 100,000",1
Perth and Kinross,Early Mortality,Raw data,2017/18,363.9,"Early Mortality, per 100,000",1
Renfrewshire,Early Mortality,Raw data,2017/18,464.1,"Early Mortality, per 100,000",3
Scotland,Early Mortality,Raw data,2017/18,423.3,"Early Mortality, per 100,000",NA
Scottish Borders,Early Mortality,Raw data,2017/18,321.1,"Early Mortality, per 100,000",2
Shetland Islands,Early Mortality,Raw data,2017/18,321.6,"Early Mortality, per 100,000",1
South Ayrshire,Early Mortality,Raw data,2017/18,380.3,"Early Mortality, per 100,000",3
South Lanarkshire,Early Mortality,Raw data,2017/18,426.7,"Early Mortality, per 100,000",3
Stirling,Early Mortality,Raw data,2017/18,360.2,"Early Mortality, per 100,000",2
West Dunbartonshire,Early Mortality,Raw data,2017/18,507.4,"Early Mortality, per 100,000",4
West Lothian,Early Mortality,Raw data,2017/18,409.5,"Early Mortality, per 100,000",3
Aberdeen City,Early Mortality,Raw data,2018/19,464.8,"Early Mortality, per 100,000",1
Aberdeenshire,Early Mortality,Raw data,2018/19,338.4,"Early Mortality, per 100,000",1
Angus,Early Mortality,Raw data,2018/19,348.3,"Early Mortality, per 100,000",2
Argyll and Bute,Early Mortality,Raw data,2018/19,384.7,"Early Mortality, per 100,000",2
Clackmannanshire,Early Mortality,Raw data,2018/19,398.6,"Early Mortality, per 100,000",3
Dumfries and Galloway,Early Mortality,Raw data,2018/19,378.1,"Early Mortality, per 100,000",3
Dundee City,Early Mortality,Raw data,2018/19,533.4,"Early Mortality, per 100,000",4
East Ayrshire,Early Mortality,Raw data,2018/19,481.7,"Early Mortality, per 100,000",4
East Dunbartonshire,Early Mortality,Raw data,2018/19,270.3,"Early Mortality, per 100,000",1
East Lothian,Early Mortality,Raw data,2018/19,329.9,"Early Mortality, per 100,000",2
East Renfrewshire,Early Mortality,Raw data,2018/19,302.2,"Early Mortality, per 100,000",1
"Edinburgh, City of",Early Mortality,Raw data,2018/19,386.9,"Early Mortality, per 100,000",1
Eilean Siar,Early Mortality,Raw data,2018/19,383.1,"Early Mortality, per 100,000",4
Falkirk,Early Mortality,Raw data,2018/19,451.3,"Early Mortality, per 100,000",3
Fife,Early Mortality,Raw data,2018/19,409.8,"Early Mortality, per 100,000",3
Glasgow City,Early Mortality,Raw data,2018/19,623.1,"Early Mortality, per 100,000",4
Highland,Early Mortality,Raw data,2018/19,400.2,"Early Mortality, per 100,000",2
Inverclyde,Early Mortality,Raw data,2018/19,514.8,"Early Mortality, per 100,000",4
Midlothian,Early Mortality,Raw data,2018/19,403.2,"Early Mortality, per 100,000",2
Moray,Early Mortality,Raw data,2018/19,394.9,"Early Mortality, per 100,000",2
North Ayrshire,Early Mortality,Raw data,2018/19,451.8,"Early Mortality, per 100,000",4
North Lanarkshire,Early Mortality,Raw data,2018/19,515,"Early Mortality, per 100,000",4
Orkney Islands,Early Mortality,Raw data,2018/19,340.1,"Early Mortality, per 100,000",1
Perth and Kinross,Early Mortality,Raw data,2018/19,350.4,"Early Mortality, per 100,000",1
Renfrewshire,Early Mortality,Raw data,2018/19,455.3,"Early Mortality, per 100,000",3
Scotland,Early Mortality,Raw data,2018/19,430.2,"Early Mortality, per 100,000",NA
Scottish Borders,Early Mortality,Raw data,2018/19,383.7,"Early Mortality, per 100,000",2
Shetland Islands,Early Mortality,Raw data,2018/19,302.2,"Early Mortality, per 100,000",1
South Ayrshire,Early Mortality,Raw data,2018/19,420.1,"Early Mortality, per 100,000",3
South Lanarkshire,Early Mortality,Raw data,2018/19,417.3,"Early Mortality, per 100,000",3
Stirling,Early Mortality,Raw data,2018/19,355,"Early Mortality, per 100,000",2
West Dunbartonshire,Early Mortality,Raw data,2018/19,548.6,"Early Mortality, per 100,000",4
West Lothian,Early Mortality,Raw data,2018/19,434.9,"Early Mortality, per 100,000",3
Aberdeen City,Early Mortality,Raw data,2019/20,433.7,"Early Mortality, per 100,000",1
Aberdeenshire,Early Mortality,Raw data,2019/20,336,"Early Mortality, per 100,000",1
Angus,Early Mortality,Raw data,2019/20,372.7,"Early Mortality, per 100,000",2
Argyll and Bute,Early Mortality,Raw data,2019/20,391.5,"Early Mortality, per 100,000",2
Clackmannanshire,Early Mortality,Raw data,2019/20,488.1,"Early Mortality, per 100,000",3
Dumfries and Galloway,Early Mortality,Raw data,2019/20,389.9,"Early Mortality, per 100,000",3
Dundee City,Early Mortality,Raw data,2019/20,534.9,"Early Mortality, per 100,000",4
East Ayrshire,Early Mortality,Raw data,2019/20,491.5,"Early Mortality, per 100,000",4
East Dunbartonshire,Early Mortality,Raw data,2019/20,294.3,"Early Mortality, per 100,000",1
East Lothian,Early Mortality,Raw data,2019/20,309.2,"Early Mortality, per 100,000",2
East Renfrewshire,Early Mortality,Raw data,2019/20,288.5,"Early Mortality, per 100,000",1
"Edinburgh, City of",Early Mortality,Raw data,2019/20,360.9,"Early Mortality, per 100,000",1
Eilean Siar,Early Mortality,Raw data,2019/20,358.9,"Early Mortality, per 100,000",4
Falkirk,Early Mortality,Raw data,2019/20,437.6,"Early Mortality, per 100,000",3
Fife,Early Mortality,Raw data,2019/20,413.3,"Early Mortality, per 100,000",3
Glasgow City,Early Mortality,Raw data,2019/20,604.1,"Early Mortality, per 100,000",4
Highland,Early Mortality,Raw data,2019/20,388.1,"Early Mortality, per 100,000",2
Inverclyde,Early Mortality,Raw data,2019/20,533.4,"Early Mortality, per 100,000",4
Midlothian,Early Mortality,Raw data,2019/20,418.5,"Early Mortality, per 100,000",2
Moray,Early Mortality,Raw data,2019/20,359.9,"Early Mortality, per 100,000",2
North Ayrshire,Early Mortality,Raw data,2019/20,495,"Early Mortality, per 100,000",4
North Lanarkshire,Early Mortality,Raw data,2019/20,512.5,"Early Mortality, per 100,000",4
Orkney Islands,Early Mortality,Raw data,2019/20,324,"Early Mortality, per 100,000",1
Perth and Kinross,Early Mortality,Raw data,2019/20,333.3,"Early Mortality, per 100,000",1
Renfrewshire,Early Mortality,Raw data,2019/20,452.2,"Early Mortality, per 100,000",3
Scotland,Early Mortality,Raw data,2019/20,423.7,"Early Mortality, per 100,000",NA
Scottish Borders,Early Mortality,Raw data,2019/20,311.4,"Early Mortality, per 100,000",2
Shetland Islands,Early Mortality,Raw data,2019/20,331.2,"Early Mortality, per 100,000",1
South Ayrshire,Early Mortality,Raw data,2019/20,428.6,"Early Mortality, per 100,000",3
South Lanarkshire,Early Mortality,Raw data,2019/20,425.4,"Early Mortality, per 100,000",3
Stirling,Early Mortality,Raw data,2019/20,390.1,"Early Mortality, per 100,000",2
West Dunbartonshire,Early Mortality,Raw data,2019/20,500.6,"Early Mortality, per 100,000",4
West Lothian,Early Mortality,Raw data,2019/20,390.9,"Early Mortality, per 100,000",3
Aberdeen City,Early Mortality,Raw data,2020/21,431.6,"Early Mortality, per 100,000",1
Aberdeenshire,Early Mortality,Raw data,2020/21,344,"Early Mortality, per 100,000",1
Angus,Early Mortality,Raw data,2020/21,368.5,"Early Mortality, per 100,000",2
Argyll and Bute,Early Mortality,Raw data,2020/21,384.6,"Early Mortality, per 100,000",2
Clackmannanshire,Early Mortality,Raw data,2020/21,521.9,"Early Mortality, per 100,000",3
Dumfries and Galloway,Early Mortality,Raw data,2020/21,392.8,"Early Mortality, per 100,000",3
Dundee City,Early Mortality,Raw data,2020/21,594.5,"Early Mortality, per 100,000",4
East Ayrshire,Early Mortality,Raw data,2020/21,511.3,"Early Mortality, per 100,000",4
East Dunbartonshire,Early Mortality,Raw data,2020/21,299,"Early Mortality, per 100,000",1
East Lothian,Early Mortality,Raw data,2020/21,337.5,"Early Mortality, per 100,000",2
East Renfrewshire,Early Mortality,Raw data,2020/21,325.8,"Early Mortality, per 100,000",1
"Edinburgh, City of",Early Mortality,Raw data,2020/21,406.2,"Early Mortality, per 100,000",1
Eilean Siar,Early Mortality,Raw data,2020/21,411.4,"Early Mortality, per 100,000",4
Falkirk,Early Mortality,Raw data,2020/21,462.5,"Early Mortality, per 100,000",3
Fife,Early Mortality,Raw data,2020/21,421.5,"Early Mortality, per 100,000",3
Glasgow City,Early Mortality,Raw data,2020/21,672.3,"Early Mortality, per 100,000",4
Highland,Early Mortality,Raw data,2020/21,395.4,"Early Mortality, per 100,000",2
Inverclyde,Early Mortality,Raw data,2020/21,552.9,"Early Mortality, per 100,000",4
Midlothian,Early Mortality,Raw data,2020/21,389.3,"Early Mortality, per 100,000",2
Moray,Early Mortality,Raw data,2020/21,358.5,"Early Mortality, per 100,000",2
North Ayrshire,Early Mortality,Raw data,2020/21,509.7,"Early Mortality, per 100,000",4
North Lanarkshire,Early Mortality,Raw data,2020/21,577.7,"Early Mortality, per 100,000",4
Orkney Islands,Early Mortality,Raw data,2020/21,311.5,"Early Mortality, per 100,000",1
Perth and Kinross,Early Mortality,Raw data,2020/21,365.7,"Early Mortality, per 100,000",1
Renfrewshire,Early Mortality,Raw data,2020/21,492,"Early Mortality, per 100,000",3
Scotland,Early Mortality,Raw data,2020/21,454.7,"Early Mortality, per 100,000",NA
Scottish Borders,Early Mortality,Raw data,2020/21,361.3,"Early Mortality, per 100,000",2
Shetland Islands,Early Mortality,Raw data,2020/21,356.8,"Early Mortality, per 100,000",1
South Ayrshire,Early Mortality,Raw data,2020/21,435.5,"Early Mortality, per 100,000",3
South Lanarkshire,Early Mortality,Raw data,2020/21,486.8,"Early Mortality, per 100,000",3
Stirling,Early Mortality,Raw data,2020/21,418,"Early Mortality, per 100,000",2
West Dunbartonshire,Early Mortality,Raw data,2020/21,597.8,"Early Mortality, per 100,000",4
West Lothian,Early Mortality,Raw data,2020/21,438.6,"Early Mortality, per 100,000",3
Aberdeen City,Early Mortality,Raw data,2021/22,454.4,"Early Mortality, per 100,000",1
Aberdeenshire,Early Mortality,Raw data,2021/22,363.1,"Early Mortality, per 100,000",1
Angus,Early Mortality,Raw data,2021/22,416.6,"Early Mortality, per 100,000",2
Argyll and Bute,Early Mortality,Raw data,2021/22,372.5,"Early Mortality, per 100,000",2
Clackmannanshire,Early Mortality,Raw data,2021/22,490.5,"Early Mortality, per 100,000",3
Dumfries and Galloway,Early Mortality,Raw data,2021/22,452.2,"Early Mortality, per 100,000",3
Dundee City,Early Mortality,Raw data,2021/22,587.3,"Early Mortality, per 100,000",4
East Ayrshire,Early Mortality,Raw data,2021/22,555.8,"Early Mortality, per 100,000",4
East Dunbartonshire,Early Mortality,Raw data,2021/22,283.4,"Early Mortality, per 100,000",1
East Lothian,Early Mortality,Raw data,2021/22,369.9,"Early Mortality, per 100,000",2
East Renfrewshire,Early Mortality,Raw data,2021/22,323.7,"Early Mortality, per 100,000",1
"Edinburgh, City of",Early Mortality,Raw data,2021/22,409.5,"Early Mortality, per 100,000",1
Eilean Siar,Early Mortality,Raw data,2021/22,429.9,"Early Mortality, per 100,000",4
Falkirk,Early Mortality,Raw data,2021/22,490.5,"Early Mortality, per 100,000",3
Fife,Early Mortality,Raw data,2021/22,445.6,"Early Mortality, per 100,000",3
Glasgow City,Early Mortality,Raw data,2021/22,657.3,"Early Mortality, per 100,000",4
Highland,Early Mortality,Raw data,2021/22,405.3,"Early Mortality, per 100,000",2
Inverclyde,Early Mortality,Raw data,2021/22,488.4,"Early Mortality, per 100,000",4
Midlothian,Early Mortality,Raw data,2021/22,400,"Early Mortality, per 100,000",2
Moray,Early Mortality,Raw data,2021/22,403.3,"Early Mortality, per 100,000",2
North Ayrshire,Early Mortality,Raw data,2021/22,561,"Early Mortality, per 100,000",4
North Lanarkshire,Early Mortality,Raw data,2021/22,574.9,"Early Mortality, per 100,000",4
Orkney Islands,Early Mortality,Raw data,2021/22,295.2,"Early Mortality, per 100,000",1
Perth and Kinross,Early Mortality,Raw data,2021/22,358.4,"Early Mortality, per 100,000",1
Renfrewshire,Early Mortality,Raw data,2021/22,479.1,"Early Mortality, per 100,000",3
Scotland,Early Mortality,Raw data,2021/22,463.2,"Early Mortality, per 100,000",NA
Scottish Borders,Early Mortality,Raw data,2021/22,343.3,"Early Mortality, per 100,000",2
Shetland Islands,Early Mortality,Raw data,2021/22,365.4,"Early Mortality, per 100,000",1
South Ayrshire,Early Mortality,Raw data,2021/22,451.2,"Early Mortality, per 100,000",3
South Lanarkshire,Early Mortality,Raw data,2021/22,464.7,"Early Mortality, per 100,000",3
Stirling,Early Mortality,Raw data,2021/22,408.7,"Early Mortality, per 100,000",2
West Dunbartonshire,Early Mortality,Raw data,2021/22,615.4,"Early Mortality, per 100,000",4
West Lothian,Early Mortality,Raw data,2021/22,463.2,"Early Mortality, per 100,000",3
Aberdeen City,Early Mortality,Raw data,2022/23,441.5,"Early Mortality, per 100,000",1
Aberdeenshire,Early Mortality,Raw data,2022/23,335.1,"Early Mortality, per 100,000",1
Angus,Early Mortality,Raw data,2022/23,394,"Early Mortality, per 100,000",2
Argyll and Bute,Early Mortality,Raw data,2022/23,387.5,"Early Mortality, per 100,000",2
Clackmannanshire,Early Mortality,Raw data,2022/23,466,"Early Mortality, per 100,000",3
Dumfries and Galloway,Early Mortality,Raw data,2022/23,433.6,"Early Mortality, per 100,000",3
Dundee City,Early Mortality,Raw data,2022/23,541,"Early Mortality, per 100,000",4
East Ayrshire,Early Mortality,Raw data,2022/23,520.7,"Early Mortality, per 100,000",4
East Dunbartonshire,Early Mortality,Raw data,2022/23,299.6,"Early Mortality, per 100,000",1
East Lothian,Early Mortality,Raw data,2022/23,350.2,"Early Mortality, per 100,000",2
East Renfrewshire,Early Mortality,Raw data,2022/23,256.4,"Early Mortality, per 100,000",1
"Edinburgh, City of",Early Mortality,Raw data,2022/23,415,"Early Mortality, per 100,000",1
Eilean Siar,Early Mortality,Raw data,2022/23,476.8,"Early Mortality, per 100,000",4
Falkirk,Early Mortality,Raw data,2022/23,479.2,"Early Mortality, per 100,000",3
Fife,Early Mortality,Raw data,2022/23,435.6,"Early Mortality, per 100,000",3
Glasgow City,Early Mortality,Raw data,2022/23,606.6,"Early Mortality, per 100,000",4
Highland,Early Mortality,Raw data,2022/23,400.4,"Early Mortality, per 100,000",2
Inverclyde,Early Mortality,Raw data,2022/23,519.3,"Early Mortality, per 100,000",4
Midlothian,Early Mortality,Raw data,2022/23,423.1,"Early Mortality, per 100,000",2
Moray,Early Mortality,Raw data,2022/23,334,"Early Mortality, per 100,000",2
North Ayrshire,Early Mortality,Raw data,2022/23,524.3,"Early Mortality, per 100,000",4
North Lanarkshire,Early Mortality,Raw data,2022/23,506.6,"Early Mortality, per 100,000",4
Orkney Islands,Early Mortality,Raw data,2022/23,403.5,"Early Mortality, per 100,000",1
Perth and Kinross,Early Mortality,Raw data,2022/23,382.1,"Early Mortality, per 100,000",1
Renfrewshire,Early Mortality,Raw data,2022/23,449.6,"Early Mortality, per 100,000",3
Scotland,Early Mortality,Raw data,2022/23,449.20159000915527,"Early Mortality, per 100,000",NA
Scottish Borders,Early Mortality,Raw data,2022/23,356.5,"Early Mortality, per 100,000",2
Shetland Islands,Early Mortality,Raw data,2022/23,285.8,"Early Mortality, per 100,000",1
South Ayrshire,Early Mortality,Raw data,2022/23,425.5,"Early Mortality, per 100,000",3
South Lanarkshire,Early Mortality,Raw data,2022/23,451.6,"Early Mortality, per 100,000",3
Stirling,Early Mortality,Raw data,2022/23,373.9,"Early Mortality, per 100,000",2
West Dunbartonshire,Early Mortality,Raw data,2022/23,540.4,"Early Mortality, per 100,000",4
West Lothian,Early Mortality,Raw data,2022/23,440.9,"Early Mortality, per 100,000",3
Aberdeen City,Early Mortality,Raw data,2023/24,448,"Early Mortality, per 100,000",1
Aberdeenshire,Early Mortality,Raw data,2023/24,339.2,"Early Mortality, per 100,000",1
Angus,Early Mortality,Raw data,2023/24,381.6,"Early Mortality, per 100,000",2
Argyll and Bute,Early Mortality,Raw data,2023/24,410.3,"Early Mortality, per 100,000",2
Clackmannanshire,Early Mortality,Raw data,2023/24,442.4,"Early Mortality, per 100,000",3
Dumfries and Galloway,Early Mortality,Raw data,2023/24,401.4,"Early Mortality, per 100,000",3
Dundee City,Early Mortality,Raw data,2023/24,548.8,"Early Mortality, per 100,000",4
East Ayrshire,Early Mortality,Raw data,2023/24,491.2,"Early Mortality, per 100,000",4
East Dunbartonshire,Early Mortality,Raw data,2023/24,303.2,"Early Mortality, per 100,000",1
East Lothian,Early Mortality,Raw data,2023/24,363.2,"Early Mortality, per 100,000",2
East Renfrewshire,Early Mortality,Raw data,2023/24,274.5,"Early Mortality, per 100,000",1
"Edinburgh, City of",Early Mortality,Raw data,2023/24,417.4,"Early Mortality, per 100,000",1
Eilean Siar,Early Mortality,Raw data,2023/24,460.6,"Early Mortality, per 100,000",4
Falkirk,Early Mortality,Raw data,2023/24,446.5,"Early Mortality, per 100,000",3
Fife,Early Mortality,Raw data,2023/24,435.6,"Early Mortality, per 100,000",3
Glasgow City,Early Mortality,Raw data,2023/24,590.9,"Early Mortality, per 100,000",4
Highland,Early Mortality,Raw data,2023/24,388.6,"Early Mortality, per 100,000",2
Inverclyde,Early Mortality,Raw data,2023/24,531.9,"Early Mortality, per 100,000",4
Midlothian,Early Mortality,Raw data,2023/24,399.5,"Early Mortality, per 100,000",2
Moray,Early Mortality,Raw data,2023/24,383.5,"Early Mortality, per 100,000",2
North Ayrshire,Early Mortality,Raw data,2023/24,507,"Early Mortality, per 100,000",4
North Lanarkshire,Early Mortality,Raw data,2023/24,544.5,"Early Mortality, per 100,000",4
Orkney Islands,Early Mortality,Raw data,2023/24,355.7,"Early Mortality, per 100,000",1
Perth and Kinross,Early Mortality,Raw data,2023/24,344,"Early Mortality, per 100,000",1
Renfrewshire,Early Mortality,Raw data,2023/24,464.6,"Early Mortality, per 100,000",3
Scotland,Early Mortality,Raw data,2023/24,448.2780275117243,"Early Mortality, per 100,000",NA
Scottish Borders,Early Mortality,Raw data,2023/24,370.6,"Early Mortality, per 100,000",2
Shetland Islands,Early Mortality,Raw data,2023/24,327.2,"Early Mortality, per 100,000",1
South Ayrshire,Early Mortality,Raw data,2023/24,457.6,"Early Mortality, per 100,000",3
South Lanarkshire,Early Mortality,Raw data,2023/24,469.3,"Early Mortality, per 100,000",3
Stirling,Early Mortality,Raw data,2023/24,352.2,"Early Mortality, per 100,000",2
West Dunbartonshire,Early Mortality,Raw data,2023/24,487.3,"Early Mortality, per 100,000",4
West Lothian,Early Mortality,Raw data,2023/24,429.1,"Early Mortality, per 100,000",3
Aberdeen City,Early Mortality,Projected,2024/25,436.0341858568047,"Early Mortality, per 100,000",1
Aberdeenshire,Early Mortality,Projected,2024/25,331.08045106170823,"Early Mortality, per 100,000",1
Angus,Early Mortality,Projected,2024/25,394.2054984761432,"Early Mortality, per 100,000",2
Argyll and Bute,Early Mortality,Projected,2024/25,382.4380470376555,"Early Mortality, per 100,000",2
Clackmannanshire,Early Mortality,Projected,2024/25,469.55993682719344,"Early Mortality, per 100,000",3
Dumfries and Galloway,Early Mortality,Projected,2024/25,437.1261383487926,"Early Mortality, per 100,000",3
Dundee City,Early Mortality,Projected,2024/25,541.4965869198734,"Early Mortality, per 100,000",4
East Ayrshire,Early Mortality,Projected,2024/25,521.5298976177986,"Early Mortality, per 100,000",4
East Dunbartonshire,Early Mortality,Projected,2024/25,289.6480197712418,"Early Mortality, per 100,000",1
East Lothian,Early Mortality,Projected,2024/25,339.14904446012713,"Early Mortality, per 100,000",2
East Renfrewshire,Early Mortality,Projected,2024/25,249.830734858554,"Early Mortality, per 100,000",1
"Edinburgh, City of",Early Mortality,Projected,2024/25,408.0670310486192,"Early Mortality, per 100,000",1
Eilean Siar,Early Mortality,Projected,2024/25,475.1431445943806,"Early Mortality, per 100,000",4
Falkirk,Early Mortality,Projected,2024/25,480.20871168266393,"Early Mortality, per 100,000",3
Fife,Early Mortality,Projected,2024/25,435.23428881112653,"Early Mortality, per 100,000",3
Glasgow City,Early Mortality,Projected,2024/25,595.8766548259902,"Early Mortality, per 100,000",4
Highland,Early Mortality,Projected,2024/25,396.7823586349283,"Early Mortality, per 100,000",2
Inverclyde,Early Mortality,Projected,2024/25,516.8192342962578,"Early Mortality, per 100,000",4
Midlothian,Early Mortality,Projected,2024/25,418.1826288029486,"Early Mortality, per 100,000",2
Moray,Early Mortality,Projected,2024/25,329.6839243441407,"Early Mortality, per 100,000",2
North Ayrshire,Early Mortality,Projected,2024/25,529.660433540082,"Early Mortality, per 100,000",4
North Lanarkshire,Early Mortality,Projected,2024/25,503.69568724670984,"Early Mortality, per 100,000",4
Orkney Islands,Early Mortality,Projected,2024/25,392.7650865844395,"Early Mortality, per 100,000",1
Perth and Kinross,Early Mortality,Projected,2024/25,379.9869797745856,"Early Mortality, per 100,000",1
Renfrewshire,Early Mortality,Projected,2024/25,437.4874329938216,"Early Mortality, per 100,000",3
Scotland,Early Mortality,Projected,2024/25,444.96071724933313,"Early Mortality, per 100,000",NA
Scottish Borders,Early Mortality,Projected,2024/25,351.8566940673347,"Early Mortality, per 100,000",2
Shetland Islands,Early Mortality,Projected,2024/25,276.67189822432476,"Early Mortality, per 100,000",1
South Ayrshire,Early Mortality,Projected,2024/25,427.20211971004113,"Early Mortality, per 100,000",3
South Lanarkshire,Early Mortality,Projected,2024/25,446.5555766014799,"Early Mortality, per 100,000",3
Stirling,Early Mortality,Projected,2024/25,372.77896654818255,"Early Mortality, per 100,000",2
West Dunbartonshire,Early Mortality,Projected,2024/25,535.7430019509517,"Early Mortality, per 100,000",4
West Lothian,Early Mortality,Projected,2024/25,435.47854532237585,"Early Mortality, per 100,000",3
Aberdeen City,Early Mortality,Projected,2025/26,433.2216065574567,"Early Mortality, per 100,000",1
Aberdeenshire,Early Mortality,Projected,2025/26,329.56183755502695,"Early Mortality, per 100,000",1
Angus,Early Mortality,Projected,2025/26,395.1160615323607,"Early Mortality, per 100,000",2
Argyll and Bute,Early Mortality,Projected,2025/26,381.6011022058664,"Early Mortality, per 100,000",2
Clackmannanshire,Early Mortality,Projected,2025/26,472.6060743037292,"Early Mortality, per 100,000",3
Dumfries and Galloway,Early Mortality,Projected,2025/26,440.5799061160461,"Early Mortality, per 100,000",3
Dundee City,Early Mortality,Projected,2025/26,541.9629780426078,"Early Mortality, per 100,000",4
East Ayrshire,Early Mortality,Projected,2025/26,523.1415476270803,"Early Mortality, per 100,000",4
East Dunbartonshire,Early Mortality,Projected,2025/26,284.6233130337145,"Early Mortality, per 100,000",1
East Lothian,Early Mortality,Projected,2025/26,333.13860975788043,"Early Mortality, per 100,000",2
East Renfrewshire,Early Mortality,Projected,2025/26,246.22476032189195,"Early Mortality, per 100,000",1
"Edinburgh, City of",Early Mortality,Projected,2025/26,403.56247159373993,"Early Mortality, per 100,000",1
Eilean Siar,Early Mortality,Projected,2025/26,477.7802616881213,"Early Mortality, per 100,000",4
Falkirk,Early Mortality,Projected,2025/26,480.92399536783904,"Early Mortality, per 100,000",3
Fife,Early Mortality,Projected,2025/26,435.67906804413303,"Early Mortality, per 100,000",3
Glasgow City,Early Mortality,Projected,2025/26,589.8278546153032,"Early Mortality, per 100,000",4
Highland,Early Mortality,Projected,2025/26,395.84931689961905,"Early Mortality, per 100,000",2
Inverclyde,Early Mortality,Projected,2025/26,518.018137932744,"Early Mortality, per 100,000",4
Midlothian,Early Mortality,Projected,2025/26,414.1412572404461,"Early Mortality, per 100,000",2
Moray,Early Mortality,Projected,2025/26,328.66263429970996,"Early Mortality, per 100,000",2
North Ayrshire,Early Mortality,Projected,2025/26,533.901925799782,"Early Mortality, per 100,000",4
North Lanarkshire,Early Mortality,Projected,2025/26,502.8217026274987,"Early Mortality, per 100,000",4
Orkney Islands,Early Mortality,Projected,2025/26,388.4852184757921,"Early Mortality, per 100,000",1
Perth and Kinross,Early Mortality,Projected,2025/26,379.72321876518754,"Early Mortality, per 100,000",1
Renfrewshire,Early Mortality,Projected,2025/26,431.3043384835162,"Early Mortality, per 100,000",3
Scotland,Early Mortality,Projected,2025/26,442.9251265156957,"Early Mortality, per 100,000",NA
Scottish Borders,Early Mortality,Projected,2025/26,350.1183104555865,"Early Mortality, per 100,000",2
Shetland Islands,Early Mortality,Projected,2025/26,273.3731511544245,"Early Mortality, per 100,000",1
South Ayrshire,Early Mortality,Projected,2025/26,429.1821881791467,"Early Mortality, per 100,000",3
South Lanarkshire,Early Mortality,Projected,2025/26,444.2547053091758,"Early Mortality, per 100,000",3
Stirling,Early Mortality,Projected,2025/26,371.2447681483788,"Early Mortality, per 100,000",2
West Dunbartonshire,Early Mortality,Projected,2025/26,534.4291328042902,"Early Mortality, per 100,000",4
West Lothian,Early Mortality,Projected,2025/26,432.2673529737669,"Early Mortality, per 100,000",3
Aberdeen City,Early Mortality,Projected,2026/27,430.1765194354256,"Early Mortality, per 100,000",1
Aberdeenshire,Early Mortality,Projected,2026/27,327.2671424276348,"Early Mortality, per 100,000",1
Angus,Early Mortality,Projected,2026/27,393.8042935245391,"Early Mortality, per 100,000",2
Argyll and Bute,Early Mortality,Projected,2026/27,376.55936889866246,"Early Mortality, per 100,000",2
Clackmannanshire,Early Mortality,Projected,2026/27,472.82589390654493,"Early Mortality, per 100,000",3
Dumfries and Galloway,Early Mortality,Projected,2026/27,440.5669755653093,"Early Mortality, per 100,000",3
Dundee City,Early Mortality,Projected,2026/27,541.8560367115492,"Early Mortality, per 100,000",4
East Ayrshire,Early Mortality,Projected,2026/27,522.1465108250435,"Early Mortality, per 100,000",4
East Dunbartonshire,Early Mortality,Projected,2026/27,279.8505993253865,"Early Mortality, per 100,000",1
East Lothian,Early Mortality,Projected,2026/27,328.72338130086393,"Early Mortality, per 100,000",2
East Renfrewshire,Early Mortality,Projected,2026/27,243.53286599549944,"Early Mortality, per 100,000",1
"Edinburgh, City of",Early Mortality,Projected,2026/27,401.40097516255827,"Early Mortality, per 100,000",1
Eilean Siar,Early Mortality,Projected,2026/27,473.3239922132874,"Early Mortality, per 100,000",4
Falkirk,Early Mortality,Projected,2026/27,481.4947186124945,"Early Mortality, per 100,000",3
Fife,Early Mortality,Projected,2026/27,434.5277626769944,"Early Mortality, per 100,000",3
Glasgow City,Early Mortality,Projected,2026/27,585.5939328208674,"Early Mortality, per 100,000",4
Highland,Early Mortality,Projected,2026/27,393.0388800024104,"Early Mortality, per 100,000",2
Inverclyde,Early Mortality,Projected,2026/27,515.0227561698836,"Early Mortality, per 100,000",4
Midlothian,Early Mortality,Projected,2026/27,412.9715089951601,"Early Mortality, per 100,000",2
Moray,Early Mortality,Projected,2026/27,326.1993569953848,"Early Mortality, per 100,000",2
North Ayrshire,Early Mortality,Projected,2026/27,534.3182670511895,"Early Mortality, per 100,000",4
North Lanarkshire,Early Mortality,Projected,2026/27,500.5737586434988,"Early Mortality, per 100,000",4
Orkney Islands,Early Mortality,Projected,2026/27,382.3473739997398,"Early Mortality, per 100,000",1
Perth and Kinross,Early Mortality,Projected,2026/27,378.1456387602751,"Early Mortality, per 100,000",1
Renfrewshire,Early Mortality,Projected,2026/27,425.5661622666574,"Early Mortality, per 100,000",3
Scotland,Early Mortality,Projected,2026/27,440.5255554123533,"Early Mortality, per 100,000",NA
Scottish Borders,Early Mortality,Projected,2026/27,346.80007018873073,"Early Mortality, per 100,000",2
Shetland Islands,Early Mortality,Projected,2026/27,268.46546002444757,"Early Mortality, per 100,000",1
South Ayrshire,Early Mortality,Projected,2026/27,428.34492120224263,"Early Mortality, per 100,000",3
South Lanarkshire,Early Mortality,Projected,2026/27,441.6487382826897,"Early Mortality, per 100,000",3
Stirling,Early Mortality,Projected,2026/27,371.6973245751941,"Early Mortality, per 100,000",2
West Dunbartonshire,Early Mortality,Projected,2026/27,531.4995847408694,"Early Mortality, per 100,000",4
West Lothian,Early Mortality,Projected,2026/27,430.1588780390471,"Early Mortality, per 100,000",3
Aberdeen City,Depopulation,Raw data,2012/13,100,Depopulation Index,1
Aberdeenshire,Depopulation,Raw data,2012/13,100,Depopulation Index,1
Angus,Depopulation,Raw data,2012/13,100,Depopulation Index,2
Argyll and Bute,Depopulation,Raw data,2012/13,100,Depopulation Index,2
Clackmannanshire,Depopulation,Raw data,2012/13,100,Depopulation Index,3
Dumfries and Galloway,Depopulation,Raw data,2012/13,100,Depopulation Index,3
Dundee City,Depopulation,Raw data,2012/13,100,Depopulation Index,4
East Ayrshire,Depopulation,Raw data,2012/13,100,Depopulation Index,4
East Dunbartonshire,Depopulation,Raw data,2012/13,100,Depopulation Index,1
East Lothian,Depopulation,Raw data,2012/13,100,Depopulation Index,2
East Renfrewshire,Depopulation,Raw data,2012/13,100,Depopulation Index,1
"Edinburgh, City of",Depopulation,Raw data,2012/13,100,Depopulation Index,1
Eilean Siar,Depopulation,Raw data,2012/13,100,Depopulation Index,4
Falkirk,Depopulation,Raw data,2012/13,100,Depopulation Index,3
Fife,Depopulation,Raw data,2012/13,100,Depopulation Index,3
Glasgow City,Depopulation,Raw data,2012/13,100,Depopulation Index,4
Highland,Depopulation,Raw data,2012/13,100,Depopulation Index,2
Inverclyde,Depopulation,Raw data,2012/13,100,Depopulation Index,4
Midlothian,Depopulation,Raw data,2012/13,100,Depopulation Index,2
Moray,Depopulation,Raw data,2012/13,100,Depopulation Index,2
North Ayrshire,Depopulation,Raw data,2012/13,100,Depopulation Index,4
North Lanarkshire,Depopulation,Raw data,2012/13,100,Depopulation Index,4
Orkney Islands,Depopulation,Raw data,2012/13,100,Depopulation Index,1
Perth and Kinross,Depopulation,Raw data,2012/13,100,Depopulation Index,1
Renfrewshire,Depopulation,Raw data,2012/13,100,Depopulation Index,3
Scotland,Depopulation,Raw data,2012/13,100,Depopulation Index,NA
Scottish Borders,Depopulation,Raw data,2012/13,100,Depopulation Index,2
Shetland Islands,Depopulation,Raw data,2012/13,100,Depopulation Index,1
South Ayrshire,Depopulation,Raw data,2012/13,100,Depopulation Index,3
South Lanarkshire,Depopulation,Raw data,2012/13,100,Depopulation Index,3
Stirling,Depopulation,Raw data,2012/13,100,Depopulation Index,2
West Dunbartonshire,Depopulation,Raw data,2012/13,100,Depopulation Index,4
West Lothian,Depopulation,Raw data,2012/13,100,Depopulation Index,3
Aberdeen City,Depopulation,Raw data,2013/14,99.4507528091551,Depopulation Index,1
Aberdeenshire,Depopulation,Raw data,2013/14,99.00546927403128,Depopulation Index,1
Angus,Depopulation,Raw data,2013/14,99.8996674693269,Depopulation Index,2
Argyll and Bute,Depopulation,Raw data,2013/14,100.1817493373722,Depopulation Index,2
Clackmannanshire,Depopulation,Raw data,2013/14,100.07135906584494,Depopulation Index,3
Dumfries and Galloway,Depopulation,Raw data,2013/14,100.42880312826324,Depopulation Index,3
Dundee City,Depopulation,Raw data,2013/14,99.9615827890895,Depopulation Index,4
East Ayrshire,Depopulation,Raw data,2013/14,100.22633071553228,Depopulation Index,4
East Dunbartonshire,Depopulation,Raw data,2013/14,99.3915252642474,Depopulation Index,1
East Lothian,Depopulation,Raw data,2013/14,99.03223697116329,Depopulation Index,2
East Renfrewshire,Depopulation,Raw data,2013/14,99.37154896832315,Depopulation Index,1
"Edinburgh, City of",Depopulation,Raw data,2013/14,99.4713449646643,Depopulation Index,1
Eilean Siar,Depopulation,Raw data,2013/14,100.60916179337232,Depopulation Index,4
Falkirk,Depopulation,Raw data,2013/14,99.7833060695545,Depopulation Index,3
Fife,Depopulation,Raw data,2013/14,99.90351795385244,Depopulation Index,3
Glasgow City,Depopulation,Raw data,2013/14,100.01799532121647,Depopulation Index,4
Highland,Depopulation,Raw data,2013/14,99.93564625461202,Depopulation Index,2
Inverclyde,Depopulation,Raw data,2013/14,100.27225476445838,Depopulation Index,4
Midlothian,Depopulation,Raw data,2013/14,98.67368831675444,Depopulation Index,2
Moray,Depopulation,Raw data,2013/14,99.75072112816495,Depopulation Index,2
North Ayrshire,Depopulation,Raw data,2013/14,100.34271547323902,Depopulation Index,4
North Lanarkshire,Depopulation,Raw data,2013/14,99.9290241810672,Depopulation Index,4
Orkney Islands,Depopulation,Raw data,2013/14,99.860529986053,Depopulation Index,1
Perth and Kinross,Depopulation,Raw data,2013/14,99.78509704564988,Depopulation Index,1
Renfrewshire,Depopulation,Raw data,2013/14,99.88371871366208,Depopulation Index,3
Scotland,Depopulation,Raw data,2013/14,99.79759368341898,Depopulation Index,NA
Scottish Borders,Depopulation,Raw data,2013/14,99.7405852862306,Depopulation Index,2
Shetland Islands,Depopulation,Raw data,2013/14,99.87091222030982,Depopulation Index,1
South Ayrshire,Depopulation,Raw data,2013/14,100.15973968347878,Depopulation Index,3
South Lanarkshire,Depopulation,Raw data,2013/14,99.69811161425842,Depopulation Index,3
Stirling,Depopulation,Raw data,2013/14,100.05905584468312,Depopulation Index,2
West Dunbartonshire,Depopulation,Raw data,2013/14,100.24042018050008,Depopulation Index,4
West Lothian,Depopulation,Raw data,2013/14,99.85761746559088,Depopulation Index,3
Aberdeen City,Depopulation,Raw data,2014/15,99.0635737564702,Depopulation Index,1
Aberdeenshire,Depopulation,Raw data,2014/15,98.05557329926542,Depopulation Index,1
Angus,Depopulation,Raw data,2014/15,99.6853456906662,Depopulation Index,2
Argyll and Bute,Depopulation,Raw data,2014/15,99.92069186902827,Depopulation Index,2
Clackmannanshire,Depopulation,Raw data,2014/15,99.93521637729982,Depopulation Index,3
Dumfries and Galloway,Depopulation,Raw data,2014/15,100.84104852203014,Depopulation Index,3
Dundee City,Depopulation,Raw data,2014/15,100.01808890697778,Depopulation Index,4
East Ayrshire,Depopulation,Raw data,2014/15,100.4976348672518,Depopulation Index,4
East Dunbartonshire,Depopulation,Raw data,2014/15,98.9446404596122,Depopulation Index,1
East Lothian,Depopulation,Raw data,2014/15,98.06397306397308,Depopulation Index,2
East Renfrewshire,Depopulation,Raw data,2014/15,98.6405596422905,Depopulation Index,1
"Edinburgh, City of",Depopulation,Raw data,2014/15,98.7733004385965,Depopulation Index,1
Eilean Siar,Depopulation,Raw data,2014/15,101.35002454590082,Depopulation Index,4
Falkirk,Depopulation,Raw data,2014/15,99.5084849897248,Depopulation Index,3
Fife,Depopulation,Raw data,2014/15,99.80722190395647,Depopulation Index,3
Glasgow City,Depopulation,Raw data,2014/15,99.87757898401787,Depopulation Index,4
Highland,Depopulation,Raw data,2014/15,99.78580914166584,Depopulation Index,2
Inverclyde,Depopulation,Raw data,2014/15,100.53767888162794,Depopulation Index,4
Midlothian,Depopulation,Raw data,2014/15,97.24731844219754,Depopulation Index,2
Moray,Depopulation,Raw data,2014/15,99.02078619909504,Depopulation Index,2
North Ayrshire,Depopulation,Raw data,2014/15,100.6877881027292,Depopulation Index,4
North Lanarkshire,Depopulation,Raw data,2014/15,99.85323089046491,Depopulation Index,4
Orkney Islands,Depopulation,Raw data,2014/15,99.8295894655306,Depopulation Index,1
Perth and Kinross,Depopulation,Raw data,2014/15,99.50822260822486,Depopulation Index,1
Renfrewshire,Depopulation,Raw data,2014/15,99.64249039668354,Depopulation Index,3
Scotland,Depopulation,Raw data,2014/15,99.52816038797091,Depopulation Index,NA
Scottish Borders,Depopulation,Raw data,2014/15,99.47094561204617,Depopulation Index,2
Shetland Islands,Depopulation,Raw data,2014/15,99.62798683645728,Depopulation Index,1
South Ayrshire,Depopulation,Raw data,2014/15,100.35269709543569,Depopulation Index,3
South Lanarkshire,Depopulation,Raw data,2014/15,99.35203593255284,Depopulation Index,3
Stirling,Depopulation,Raw data,2014/15,99.89313877220134,Depopulation Index,2
West Dunbartonshire,Depopulation,Raw data,2014/15,100.41498388232245,Depopulation Index,4
West Lothian,Depopulation,Raw data,2014/15,99.56464130229035,Depopulation Index,3
Aberdeen City,Depopulation,Raw data,2015/16,99.05188811395035,Depopulation Index,1
Aberdeenshire,Depopulation,Raw data,2015/16,97.39116090801812,Depopulation Index,1
Angus,Depopulation,Raw data,2015/16,99.61126196941544,Depopulation Index,2
Argyll and Bute,Depopulation,Raw data,2015/16,100.00755972180222,Depopulation Index,2
Clackmannanshire,Depopulation,Raw data,2015/16,99.8511230500356,Depopulation Index,3
Dumfries and Galloway,Depopulation,Raw data,2015/16,101.19095589881351,Depopulation Index,3
Dundee City,Depopulation,Raw data,2015/16,100.09730488108436,Depopulation Index,4
East Ayrshire,Depopulation,Raw data,2015/16,100.68483769346666,Depopulation Index,4
East Dunbartonshire,Depopulation,Raw data,2015/16,98.37332753857136,Depopulation Index,1
East Lothian,Depopulation,Raw data,2015/16,97.03978983789324,Depopulation Index,2
East Renfrewshire,Depopulation,Raw data,2015/16,97.85019316068106,Depopulation Index,1
"Edinburgh, City of",Depopulation,Raw data,2015/16,97.83663799833012,Depopulation Index,1
Eilean Siar,Depopulation,Raw data,2015/16,102.1650377335148,Depopulation Index,4
Falkirk,Depopulation,Raw data,2015/16,99.12208504801096,Depopulation Index,3
Fife,Depopulation,Raw data,2015/16,99.58264908953991,Depopulation Index,3
Glasgow City,Depopulation,Raw data,2015/16,99.3670002067166,Depopulation Index,4
Highland,Depopulation,Raw data,2015/16,99.57537154989384,Depopulation Index,2
Inverclyde,Depopulation,Raw data,2015/16,100.85470085470084,Depopulation Index,4
Midlothian,Depopulation,Raw data,2015/16,95.65496899107548,Depopulation Index,2
Moray,Depopulation,Raw data,2015/16,98.6163920574567,Depopulation Index,2
North Ayrshire,Depopulation,Raw data,2015/16,100.97346214993271,Depopulation Index,4
North Lanarkshire,Depopulation,Raw data,2015/16,99.68434095110726,Depopulation Index,4
Orkney Islands,Depopulation,Raw data,2015/16,99.6443482294727,Depopulation Index,1
Perth and Kinross,Depopulation,Raw data,2015/16,99.02570434392186,Depopulation Index,1
Renfrewshire,Depopulation,Raw data,2015/16,99.10536967335592,Depopulation Index,3
Scotland,Depopulation,Raw data,2015/16,99.17117094677064,Depopulation Index,NA
Scottish Borders,Depopulation,Raw data,2015/16,99.15963951432958,Depopulation Index,2
Shetland Islands,Depopulation,Raw data,2015/16,99.57099957099958,Depopulation Index,1
South Ayrshire,Depopulation,Raw data,2015/16,100.50759914509617,Depopulation Index,3
South Lanarkshire,Depopulation,Raw data,2015/16,99.02288667791956,Depopulation Index,3
Stirling,Depopulation,Raw data,2015/16,99.4096076274294,Depopulation Index,2
West Dunbartonshire,Depopulation,Raw data,2015/16,100.3072026056703,Depopulation Index,4
West Lothian,Depopulation,Raw data,2015/16,98.9875418721066,Depopulation Index,3
Aberdeen City,Depopulation,Raw data,2016/17,99.38601293071562,Depopulation Index,1
Aberdeenshire,Depopulation,Raw data,2016/17,97.2049138804458,Depopulation Index,1
Angus,Depopulation,Raw data,2016/17,99.7481180410453,Depopulation Index,2
Argyll and Bute,Depopulation,Raw data,2016/17,100.13625009461812,Depopulation Index,2
Clackmannanshire,Depopulation,Raw data,2016/17,99.6833602584814,Depopulation Index,3
Dumfries and Galloway,Depopulation,Raw data,2016/17,101.5683983462161,Depopulation Index,3
Dundee City,Depopulation,Raw data,2016/17,99.9932183466329,Depopulation Index,4
East Ayrshire,Depopulation,Raw data,2016/17,100.88658322353974,Depopulation Index,4
East Dunbartonshire,Depopulation,Raw data,2016/17,97.91132396106906,Depopulation Index,1
East Lothian,Depopulation,Raw data,2016/17,96.06114423442853,Depopulation Index,2
East Renfrewshire,Depopulation,Raw data,2016/17,97.04828467023805,Depopulation Index,1
"Edinburgh, City of",Depopulation,Raw data,2016/17,96.78935740140084,Depopulation Index,1
Eilean Siar,Depopulation,Raw data,2016/17,102.80094609734844,Depopulation Index,4
Falkirk,Depopulation,Raw data,2016/17,98.70547441420618,Depopulation Index,3
Fife,Depopulation,Raw data,2016/17,99.3105382687453,Depopulation Index,3
Glasgow City,Depopulation,Raw data,2016/17,98.68881749427086,Depopulation Index,4
Highland,Depopulation,Raw data,2016/17,99.34886762677888,Depopulation Index,2
Inverclyde,Depopulation,Raw data,2016/17,101.15688722430296,Depopulation Index,4
Midlothian,Depopulation,Raw data,2016/17,94.18751861781352,Depopulation Index,2
Moray,Depopulation,Raw data,2016/17,98.45694200351495,Depopulation Index,2
North Ayrshire,Depopulation,Raw data,2016/17,101.19126406353408,Depopulation Index,4
North Lanarkshire,Depopulation,Raw data,2016/17,99.50039261876718,Depopulation Index,4
Orkney Islands,Depopulation,Raw data,2016/17,99.32182490752156,Depopulation Index,1
Perth and Kinross,Depopulation,Raw data,2016/17,98.6381932021467,Depopulation Index,1
Renfrewshire,Depopulation,Raw data,2016/17,98.49062987537827,Depopulation Index,3
Scotland,Depopulation,Raw data,2016/17,98.8161201253374,Depopulation Index,NA
Scottish Borders,Depopulation,Raw data,2016/17,98.8245826835326,Depopulation Index,2
Shetland Islands,Depopulation,Raw data,2016/17,99.8852388466504,Depopulation Index,1
South Ayrshire,Depopulation,Raw data,2016/17,100.52251877801856,Depopulation Index,3
South Lanarkshire,Depopulation,Raw data,2016/17,98.64540251493504,Depopulation Index,3
Stirling,Depopulation,Raw data,2016/17,98.8225430154564,Depopulation Index,2
West Dunbartonshire,Depopulation,Raw data,2016/17,100.24412798224525,Depopulation Index,4
West Lothian,Depopulation,Raw data,2016/17,98.43366955480283,Depopulation Index,3
Aberdeen City,Depopulation,Raw data,2017/18,100.05361930294907,Depopulation Index,1
Aberdeenshire,Depopulation,Raw data,2017/18,97.3392854878188,Depopulation Index,1
Angus,Depopulation,Raw data,2017/18,100.11778901401976,Depopulation Index,2
Argyll and Bute,Depopulation,Raw data,2017/18,100.23488407334445,Depopulation Index,2
Clackmannanshire,Depopulation,Raw data,2017/18,99.67691910054278,Depopulation Index,3
Dumfries and Galloway,Depopulation,Raw data,2017/18,101.98316900931796,Depopulation Index,3
Dundee City,Depopulation,Raw data,2017/18,99.88258140270062,Depopulation Index,4
East Ayrshire,Depopulation,Raw data,2017/18,101.11694957220284,Depopulation Index,4
East Dunbartonshire,Depopulation,Raw data,2017/18,97.55264130033248,Depopulation Index,1
East Lothian,Depopulation,Raw data,2017/18,95.17375730534783,Depopulation Index,2
East Renfrewshire,Depopulation,Raw data,2017/18,96.36792785175793,Depopulation Index,1
"Edinburgh, City of",Depopulation,Raw data,2017/18,95.87956680237356,Depopulation Index,1
Eilean Siar,Depopulation,Raw data,2017/18,103.3671298034798,Depopulation Index,4
Falkirk,Depopulation,Raw data,2017/18,98.4448030852424,Depopulation Index,3
Fife,Depopulation,Raw data,2017/18,99.1096663506253,Depopulation Index,3
Glasgow City,Depopulation,Raw data,2017/18,97.954507903288,Depopulation Index,4
Highland,Depopulation,Raw data,2017/18,99.28393833913476,Depopulation Index,2
Inverclyde,Depopulation,Raw data,2017/18,101.57111816814307,Depopulation Index,4
Midlothian,Depopulation,Raw data,2017/18,92.78823227321082,Depopulation Index,2
Moray,Depopulation,Raw data,2017/18,98.69978858350952,Depopulation Index,2
North Ayrshire,Depopulation,Raw data,2017/18,101.46484134981688,Depopulation Index,4
North Lanarkshire,Depopulation,Raw data,2017/18,99.34534834720058,Depopulation Index,4
Orkney Islands,Depopulation,Raw data,2017/18,98.8950276243094,Depopulation Index,1
Perth and Kinross,Depopulation,Raw data,2017/18,98.44667127904124,Depopulation Index,1
Renfrewshire,Depopulation,Raw data,2017/18,97.81586021505376,Depopulation Index,3
Scotland,Depopulation,Raw data,2017/18,98.55561262694086,Depopulation Index,NA
Scottish Borders,Depopulation,Raw data,2017/18,98.46060885077976,Depopulation Index,2
Shetland Islands,Depopulation,Raw data,2017/18,100.41822901644072,Depopulation Index,1
South Ayrshire,Depopulation,Raw data,2017/18,100.60316139767052,Depopulation Index,3
South Lanarkshire,Depopulation,Raw data,2017/18,98.32091105929382,Depopulation Index,3
Stirling,Depopulation,Raw data,2017/18,98.45287815507535,Depopulation Index,2
West Dunbartonshire,Depopulation,Raw data,2017/18,100.3443424170616,Depopulation Index,4
West Lothian,Depopulation,Raw data,2017/18,98.03556118835502,Depopulation Index,3
Aberdeen City,Depopulation,Raw data,2018/19,100.4395801560958,Depopulation Index,1
Aberdeenshire,Depopulation,Raw data,2018/19,97.54092110614071,Depopulation Index,1
Angus,Depopulation,Raw data,2018/19,100.38310865307064,Depopulation Index,2
Argyll and Bute,Depopulation,Raw data,2018/19,100.56252375522614,Depopulation Index,2
Clackmannanshire,Depopulation,Raw data,2018/19,99.5739736638265,Depopulation Index,3
Dumfries and Galloway,Depopulation,Raw data,2018/19,102.34106140191996,Depopulation Index,3
Dundee City,Depopulation,Raw data,2018/19,99.62837000833352,Depopulation Index,4
East Ayrshire,Depopulation,Raw data,2018/19,101.31205380523168,Depopulation Index,4
East Dunbartonshire,Depopulation,Raw data,2018/19,97.24131582177488,Depopulation Index,1
East Lothian,Depopulation,Raw data,2018/19,94.18532338308458,Depopulation Index,2
East Renfrewshire,Depopulation,Raw data,2018/19,95.84457447181248,Depopulation Index,1
"Edinburgh, City of",Depopulation,Raw data,2018/19,95.0794582720382,Depopulation Index,1
Eilean Siar,Depopulation,Raw data,2018/19,103.83503080598516,Depopulation Index,4
Falkirk,Depopulation,Raw data,2018/19,98.25739508807165,Depopulation Index,3
Fife,Depopulation,Raw data,2018/19,98.94616327708064,Depopulation Index,3
Glasgow City,Depopulation,Raw data,2018/19,97.29700159192984,Depopulation Index,4
Highland,Depopulation,Raw data,2018/19,99.29240256326462,Depopulation Index,2
Inverclyde,Depopulation,Raw data,2018/19,101.96736440286926,Depopulation Index,4
Midlothian,Depopulation,Raw data,2018/19,91.45305325572146,Depopulation Index,2
Moray,Depopulation,Raw data,2018/19,99.02778759810506,Depopulation Index,2
North Ayrshire,Depopulation,Raw data,2018/19,101.8001134318053,Depopulation Index,4
North Lanarkshire,Depopulation,Raw data,2018/19,99.16264783276432,Depopulation Index,4
Orkney Islands,Depopulation,Raw data,2018/19,98.5471784676556,Depopulation Index,1
Perth and Kinross,Depopulation,Raw data,2018/19,98.31721125128158,Depopulation Index,1
Renfrewshire,Depopulation,Raw data,2018/19,97.1412680756396,Depopulation Index,3
Scotland,Depopulation,Raw data,2018/19,98.31528650624128,Depopulation Index,NA
Scottish Borders,Depopulation,Raw data,2018/19,98.17811442015262,Depopulation Index,2
Shetland Islands,Depopulation,Raw data,2018/19,100.86918730986528,Depopulation Index,1
South Ayrshire,Depopulation,Raw data,2018/19,100.65998751374974,Depopulation Index,3
South Lanarkshire,Depopulation,Raw data,2018/19,97.90103238111033,Depopulation Index,3
Stirling,Depopulation,Raw data,2018/19,98.2672998151303,Depopulation Index,2
West Dunbartonshire,Depopulation,Raw data,2018/19,100.59762435040832,Depopulation Index,4
West Lothian,Depopulation,Raw data,2018/19,97.78223932481922,Depopulation Index,3
Aberdeen City,Depopulation,Raw data,2019/20,100.6170990354083,Depopulation Index,1
Aberdeenshire,Depopulation,Raw data,2019/20,97.717261222723,Depopulation Index,1
Angus,Depopulation,Raw data,2019/20,100.6934612384062,Depopulation Index,2
Argyll and Bute,Depopulation,Raw data,2019/20,100.91925086775755,Depopulation Index,2
Clackmannanshire,Depopulation,Raw data,2019/20,99.71557853910797,Depopulation Index,3
Dumfries and Galloway,Depopulation,Raw data,2019/20,102.7318181818182,Depopulation Index,3
Dundee City,Depopulation,Raw data,2019/20,99.554375225063,Depopulation Index,4
East Ayrshire,Depopulation,Raw data,2019/20,101.52753991492185,Depopulation Index,4
East Dunbartonshire,Depopulation,Raw data,2019/20,97.11019857808286,Depopulation Index,1
East Lothian,Depopulation,Raw data,2019/20,93.18853064238247,Depopulation Index,2
East Renfrewshire,Depopulation,Raw data,2019/20,95.49993017734953,Depopulation Index,1
"Edinburgh, City of",Depopulation,Raw data,2019/20,94.49102817095316,Depopulation Index,1
Eilean Siar,Depopulation,Raw data,2019/20,104.63760770400404,Depopulation Index,4
Falkirk,Depopulation,Raw data,2019/20,98.29235115622058,Depopulation Index,3
Fife,Depopulation,Raw data,2019/20,98.81788389513108,Depopulation Index,3
Glasgow City,Depopulation,Raw data,2019/20,96.8118750442266,Depopulation Index,4
Highland,Depopulation,Raw data,2019/20,99.41529619302338,Depopulation Index,2
Inverclyde,Depopulation,Raw data,2019/20,102.49188345912216,Depopulation Index,4
Midlothian,Depopulation,Raw data,2019/20,90.40385989992852,Depopulation Index,2
Moray,Depopulation,Raw data,2019/20,99.30161656267724,Depopulation Index,2
North Ayrshire,Depopulation,Raw data,2019/20,102.23625557206536,Depopulation Index,4
North Lanarkshire,Depopulation,Raw data,2019/20,99.0531561461794,Depopulation Index,4
Orkney Islands,Depopulation,Raw data,2019/20,98.18680481487124,Depopulation Index,1
Perth and Kinross,Depopulation,Raw data,2019/20,98.33912965935436,Depopulation Index,1
Renfrewshire,Depopulation,Raw data,2019/20,96.57193409266836,Depopulation Index,3
Scotland,Depopulation,Raw data,2019/20,98.17467851902994,Depopulation Index,NA
Scottish Borders,Depopulation,Raw data,2019/20,98.05994956442,Depopulation Index,2
Shetland Islands,Depopulation,Raw data,2019/20,101.20639534883722,Depopulation Index,1
South Ayrshire,Depopulation,Raw data,2019/20,100.9390651085142,Depopulation Index,3
South Lanarkshire,Depopulation,Raw data,2019/20,97.57435510697424,Depopulation Index,3
Stirling,Depopulation,Raw data,2019/20,98.13567911960614,Depopulation Index,2
West Dunbartonshire,Depopulation,Raw data,2019/20,101.00629868435765,Depopulation Index,4
West Lothian,Depopulation,Raw data,2019/20,97.62797431233528,Depopulation Index,3
Aberdeen City,Depopulation,Raw data,2020/21,100.84972226392432,Depopulation Index,1
Aberdeenshire,Depopulation,Raw data,2020/21,97.60666369937051,Depopulation Index,1
Angus,Depopulation,Raw data,2020/21,100.87417141864704,Depopulation Index,2
Argyll and Bute,Depopulation,Raw data,2020/21,100.77318605979812,Depopulation Index,2
Clackmannanshire,Depopulation,Raw data,2020/21,99.67047877495638,Depopulation Index,3
Dumfries and Galloway,Depopulation,Raw data,2020/21,102.89083128471276,Depopulation Index,3
Dundee City,Depopulation,Raw data,2020/21,99.75193938300558,Depopulation Index,4
East Ayrshire,Depopulation,Raw data,2020/21,101.6033172080166,Depopulation Index,4
East Dunbartonshire,Depopulation,Raw data,2020/21,96.97943444730078,Depopulation Index,1
East Lothian,Depopulation,Raw data,2020/21,91.96902990739336,Depopulation Index,2
East Renfrewshire,Depopulation,Raw data,2020/21,95.1048221673678,Depopulation Index,1
"Edinburgh, City of",Depopulation,Raw data,2020/21,94.33147240347928,Depopulation Index,1
Eilean Siar,Depopulation,Raw data,2020/21,105.0769818043008,Depopulation Index,4
Falkirk,Depopulation,Raw data,2020/21,98.3479207672013,Depopulation Index,3
Fife,Depopulation,Raw data,2020/21,98.66420962739898,Depopulation Index,3
Glasgow City,Depopulation,Raw data,2020/21,96.630409979463,Depopulation Index,4
Highland,Depopulation,Raw data,2020/21,99.22472915217176,Depopulation Index,2
Inverclyde,Depopulation,Raw data,2020/21,102.89971637810608,Depopulation Index,4
Midlothian,Depopulation,Raw data,2020/21,89.29012672526387,Depopulation Index,2
Moray,Depopulation,Raw data,2020/21,99.23829093743358,Depopulation Index,2
North Ayrshire,Depopulation,Raw data,2020/21,102.5460777982016,Depopulation Index,4
North Lanarkshire,Depopulation,Raw data,2020/21,98.94970082091228,Depopulation Index,4
Orkney Islands,Depopulation,Raw data,2020/21,97.88850068357893,Depopulation Index,1
Perth and Kinross,Depopulation,Raw data,2020/21,98.02880128005688,Depopulation Index,1
Renfrewshire,Depopulation,Raw data,2020/21,96.04971312301798,Depopulation Index,3
Scotland,Depopulation,Raw data,2020/21,98.02904117346532,Depopulation Index,NA
Scottish Borders,Depopulation,Raw data,2020/21,97.80489896247178,Depopulation Index,2
Shetland Islands,Depopulation,Raw data,2020/21,101.29473377945884,Depopulation Index,1
South Ayrshire,Depopulation,Raw data,2020/21,101.05957497612226,Depopulation Index,3
South Lanarkshire,Depopulation,Raw data,2020/21,97.1468243764464,Depopulation Index,3
Stirling,Depopulation,Raw data,2020/21,98.27798723897912,Depopulation Index,2
West Dunbartonshire,Depopulation,Raw data,2020/21,101.42969422508328,Depopulation Index,4
West Lothian,Depopulation,Raw data,2020/21,97.32990396536093,Depopulation Index,3
Aberdeen City,Depopulation,Raw data,2021/22,100.62463488069024,Depopulation Index,1
Aberdeenshire,Depopulation,Raw data,2021/22,97.3701570547789,Depopulation Index,1
Angus,Depopulation,Raw data,2021/22,101.122976031571,Depopulation Index,2
Argyll and Bute,Depopulation,Raw data,2021/22,100.56634611729824,Depopulation Index,2
Clackmannanshire,Depopulation,Raw data,2021/22,99.63828962666322,Depopulation Index,3
Dumfries and Galloway,Depopulation,Raw data,2021/22,103.1443957648777,Depopulation Index,3
Dundee City,Depopulation,Raw data,2021/22,99.75193938300558,Depopulation Index,4
East Ayrshire,Depopulation,Raw data,2021/22,101.738312065768,Depopulation Index,4
East Dunbartonshire,Depopulation,Raw data,2021/22,96.94976442513617,Depopulation Index,1
East Lothian,Depopulation,Raw data,2021/22,90.87908790879088,Depopulation Index,2
East Renfrewshire,Depopulation,Raw data,2021/22,94.54602011543912,Depopulation Index,1
"Edinburgh, City of",Depopulation,Raw data,2021/22,93.99190051061998,Depopulation Index,1
Eilean Siar,Depopulation,Raw data,2021/22,105.37195355365574,Depopulation Index,4
Falkirk,Depopulation,Raw data,2021/22,98.58531158827113,Depopulation Index,3
Fife,Depopulation,Raw data,2021/22,98.6030508291859,Depopulation Index,3
Glasgow City,Depopulation,Raw data,2021/22,96.15553044597146,Depopulation Index,4
Highland,Depopulation,Raw data,2021/22,99.05454442365482,Depopulation Index,2
Inverclyde,Depopulation,Raw data,2021/22,103.26691873061728,Depopulation Index,4
Midlothian,Depopulation,Raw data,2021/22,88.16660857441619,Depopulation Index,2
Moray,Depopulation,Raw data,2021/22,99.19260597046636,Depopulation Index,2
North Ayrshire,Depopulation,Raw data,2021/22,102.8296012155329,Depopulation Index,4
North Lanarkshire,Depopulation,Raw data,2021/22,99.01542308481233,Depopulation Index,4
Orkney Islands,Depopulation,Raw data,2021/22,97.65115926655554,Depopulation Index,1
Perth and Kinross,Depopulation,Raw data,2021/22,97.73125069236734,Depopulation Index,1
Renfrewshire,Depopulation,Raw data,2021/22,95.49654631941534,Depopulation Index,3
Scotland,Depopulation,Raw data,2021/22,97.82851737186104,Depopulation Index,NA
Scottish Borders,Depopulation,Raw data,2021/22,97.69878658101356,Depopulation Index,2
Shetland Islands,Depopulation,Raw data,2021/22,101.14758861127252,Depopulation Index,1
South Ayrshire,Depopulation,Raw data,2021/22,101.19246861924688,Depopulation Index,3
South Lanarkshire,Depopulation,Raw data,2021/22,96.7170812128163,Depopulation Index,3
Stirling,Depopulation,Raw data,2021/22,98.13567911960614,Depopulation Index,2
West Dunbartonshire,Depopulation,Raw data,2021/22,101.93327566103736,Depopulation Index,4
West Lothian,Depopulation,Raw data,2021/22,96.96388740391174,Depopulation Index,3
Aberdeen City,Depopulation,Raw data,2022/23,99.63217845277649,Depopulation Index,1
Aberdeenshire,Depopulation,Raw data,2022/23,96.98137524955143,Depopulation Index,1
Angus,Depopulation,Raw data,2022/23,101.13764982441884,Depopulation Index,2
Argyll and Bute,Depopulation,Raw data,2022/23,100.2690718914617,Depopulation Index,2
Clackmannanshire,Depopulation,Raw data,2022/23,99.26002187761404,Depopulation Index,3
Dumfries and Galloway,Depopulation,Raw data,2022/23,103.2032694810384,Depopulation Index,3
Dundee City,Depopulation,Raw data,2022/23,99.333048887292,Depopulation Index,4
East Ayrshire,Depopulation,Raw data,2022/23,101.59489192326828,Depopulation Index,4
East Dunbartonshire,Depopulation,Raw data,2022/23,96.7987292665791,Depopulation Index,1
East Lothian,Depopulation,Raw data,2022/23,89.71890643049673,Depopulation Index,2
East Renfrewshire,Depopulation,Raw data,2022/23,93.61418158173916,Depopulation Index,1
"Edinburgh, City of",Depopulation,Raw data,2022/23,93.19211943695484,Depopulation Index,1
Eilean Siar,Depopulation,Raw data,2022/23,105.42576279841695,Depopulation Index,4
Falkirk,Depopulation,Raw data,2022/23,98.60186837409468,Depopulation Index,3
Fife,Depopulation,Raw data,2022/23,98.36005341028238,Depopulation Index,3
Glasgow City,Depopulation,Raw data,2022/23,94.89550375354143,Depopulation Index,4
Highland,Depopulation,Raw data,2022/23,98.6894321343332,Depopulation Index,2
Inverclyde,Depopulation,Raw data,2022/23,103.1967735088092,Depopulation Index,4
Midlothian,Depopulation,Raw data,2022/23,86.89752310282044,Depopulation Index,2
Moray,Depopulation,Raw data,2022/23,98.8635160413652,Depopulation Index,2
North Ayrshire,Depopulation,Raw data,2022/23,102.91932588751496,Depopulation Index,4
North Lanarkshire,Depopulation,Raw data,2022/23,98.88695957546432,Depopulation Index,4
Orkney Islands,Depopulation,Raw data,2022/23,97.56245268735806,Depopulation Index,1
Perth and Kinross,Depopulation,Raw data,2022/23,96.98775312767968,Depopulation Index,1
Renfrewshire,Depopulation,Raw data,2022/23,94.57269199530728,Depopulation Index,3
Scotland,Depopulation,Raw data,2022/23,97.27341025280812,Depopulation Index,NA
Scottish Borders,Depopulation,Raw data,2022/23,97.5539527325598,Depopulation Index,2
Shetland Islands,Depopulation,Raw data,2022/23,100.82536924413554,Depopulation Index,1
South Ayrshire,Depopulation,Raw data,2022/23,101.04751104213918,Depopulation Index,3
South Lanarkshire,Depopulation,Raw data,2022/23,95.98483770655068,Depopulation Index,3
Stirling,Depopulation,Raw data,2022/23,97.64786398674448,Depopulation Index,2
West Dunbartonshire,Depopulation,Raw data,2022/23,101.97162960454529,Depopulation Index,4
West Lothian,Depopulation,Raw data,2022/23,96.18725427448112,Depopulation Index,3
Aberdeen City,Depopulation,Raw data,2023/24,98.0113512015057,Depopulation Index,1
Aberdeenshire,Depopulation,Raw data,2023/24,96.73447267594273,Depopulation Index,1
Angus,Depopulation,Raw data,2023/24,101.18169676557692,Depopulation Index,2
Argyll and Bute,Depopulation,Raw data,2023/24,100.38319990894256,Depopulation Index,2
Clackmannanshire,Depopulation,Raw data,2023/24,98.96073903002308,Depopulation Index,3
Dumfries and Galloway,Depopulation,Raw data,2023/24,103.3141342110075,Depopulation Index,3
Dundee City,Depopulation,Raw data,2023/24,98.6793378842636,Depopulation Index,4
East Ayrshire,Depopulation,Raw data,2023/24,101.3260186359376,Depopulation Index,4
East Dunbartonshire,Depopulation,Raw data,2023/24,96.5068826897308,Depopulation Index,1
East Lothian,Depopulation,Raw data,2023/24,88.71251171508904,Depopulation Index,2
East Renfrewshire,Depopulation,Raw data,2023/24,92.49366018596788,Depopulation Index,1
"Edinburgh, City of",Depopulation,Raw data,2023/24,91.81365897783807,Depopulation Index,1
Eilean Siar,Depopulation,Raw data,2023/24,105.62803786134565,Depopulation Index,4
Falkirk,Depopulation,Raw data,2023/24,98.36645793629188,Depopulation Index,3
Fife,Depopulation,Raw data,2023/24,98.02799039002564,Depopulation Index,3
Glasgow City,Depopulation,Raw data,2023/24,93.02675900161098,Depopulation Index,4
Highland,Depopulation,Raw data,2023/24,98.49052880820835,Depopulation Index,2
Inverclyde,Depopulation,Raw data,2023/24,103,Depopulation Index,4
Midlothian,Depopulation,Raw data,2023/24,85.66445407748577,Depopulation Index,2
Moray,Depopulation,Raw data,2023/24,98.60250633624332,Depopulation Index,2
North Ayrshire,Depopulation,Raw data,2023/24,102.89367429340513,Depopulation Index,4
North Lanarkshire,Depopulation,Raw data,2023/24,98.58594699732556,Depopulation Index,4
Orkney Islands,Depopulation,Raw data,2023/24,97.54768392370572,Depopulation Index,1
Perth and Kinross,Depopulation,Raw data,2023/24,96.21769004253464,Depopulation Index,1
Renfrewshire,Depopulation,Raw data,2023/24,93.45771055541684,Depopulation Index,3
Scotland,Depopulation,Raw data,2023/24,96.515884270875,Depopulation Index,NA
Scottish Borders,Depopulation,Raw data,2023/24,97.57898939203832,Depopulation Index,2
Shetland Islands,Depopulation,Raw data,2023/24,100.46169383927284,Depopulation Index,1
South Ayrshire,Depopulation,Raw data,2023/24,100.8428639504408,Depopulation Index,3
South Lanarkshire,Depopulation,Raw data,2023/24,95.1599415646567,Depopulation Index,3
Stirling,Depopulation,Raw data,2023/24,96.72113600685029,Depopulation Index,2
West Dunbartonshire,Depopulation,Raw data,2023/24,101.75721848834154,Depopulation Index,4
West Lothian,Depopulation,Raw data,2023/24,95.21568343500532,Depopulation Index,3
Aberdeen City,Depopulation,Projected,2024/25,96.65639298006626,Depopulation Index,1
Aberdeenshire,Depopulation,Projected,2024/25,96.47640471898742,Depopulation Index,1
Angus,Depopulation,Projected,2024/25,101.10365073985156,Depopulation Index,2
Argyll and Bute,Depopulation,Projected,2024/25,100.46745162877104,Depopulation Index,2
Clackmannanshire,Depopulation,Projected,2024/25,98.7105446152095,Depopulation Index,3
Dumfries and Galloway,Depopulation,Projected,2024/25,103.3290612878149,Depopulation Index,3
Dundee City,Depopulation,Projected,2024/25,98.1289905323109,Depopulation Index,4
East Ayrshire,Depopulation,Projected,2024/25,101.02750109092926,Depopulation Index,4
East Dunbartonshire,Depopulation,Projected,2024/25,96.04651395657282,Depopulation Index,1
East Lothian,Depopulation,Projected,2024/25,87.609959994641,Depopulation Index,2
East Renfrewshire,Depopulation,Projected,2024/25,91.37238795082482,Depopulation Index,1
"Edinburgh, City of",Depopulation,Projected,2024/25,90.48685984012936,Depopulation Index,1
Eilean Siar,Depopulation,Projected,2024/25,105.84076417957466,Depopulation Index,4
Falkirk,Depopulation,Projected,2024/25,98.03211799591809,Depopulation Index,3
Fife,Depopulation,Projected,2024/25,97.6170958502878,Depopulation Index,3
Glasgow City,Depopulation,Projected,2024/25,91.22492081141628,Depopulation Index,4
Highland,Depopulation,Projected,2024/25,98.1575329315562,Depopulation Index,2
Inverclyde,Depopulation,Projected,2024/25,102.9303161194144,Depopulation Index,4
Midlothian,Depopulation,Projected,2024/25,84.4298440174829,Depopulation Index,2
Moray,Depopulation,Projected,2024/25,98.3595046258683,Depopulation Index,2
North Ayrshire,Depopulation,Projected,2024/25,102.84937972707796,Depopulation Index,4
North Lanarkshire,Depopulation,Projected,2024/25,98.21465228811896,Depopulation Index,4
Orkney Islands,Depopulation,Projected,2024/25,97.5212518185916,Depopulation Index,1
Perth and Kinross,Depopulation,Projected,2024/25,95.23177509832476,Depopulation Index,1
Renfrewshire,Depopulation,Projected,2024/25,92.34859824408548,Depopulation Index,3
Scotland,Depopulation,Projected,2024/25,95.73738660535744,Depopulation Index,NA
Scottish Borders,Depopulation,Projected,2024/25,97.45903061814916,Depopulation Index,2
Shetland Islands,Depopulation,Projected,2024/25,100.17116701087726,Depopulation Index,1
South Ayrshire,Depopulation,Projected,2024/25,100.60003084501317,Depopulation Index,3
South Lanarkshire,Depopulation,Projected,2024/25,94.3271130877462,Depopulation Index,3
Stirling,Depopulation,Projected,2024/25,95.94434192036417,Depopulation Index,2
West Dunbartonshire,Depopulation,Projected,2024/25,101.59107877942984,Depopulation Index,4
West Lothian,Depopulation,Projected,2024/25,94.22954561185118,Depopulation Index,3
Aberdeen City,Depopulation,Projected,2025/26,95.87930951766334,Depopulation Index,1
Aberdeenshire,Depopulation,Projected,2025/26,96.23630443442958,Depopulation Index,1
Angus,Depopulation,Projected,2025/26,101.0790903321173,Depopulation Index,2
Argyll and Bute,Depopulation,Projected,2025/26,100.5610368430332,Depopulation Index,2
Clackmannanshire,Depopulation,Projected,2025/26,98.61262215514304,Depopulation Index,3
Dumfries and Galloway,Depopulation,Projected,2025/26,103.41166334584108,Depopulation Index,3
Dundee City,Depopulation,Projected,2025/26,97.80483754549056,Depopulation Index,4
East Ayrshire,Depopulation,Projected,2025/26,100.85504023360944,Depopulation Index,4
East Dunbartonshire,Depopulation,Projected,2025/26,95.56054178924768,Depopulation Index,1
East Lothian,Depopulation,Projected,2025/26,86.49714161235671,Depopulation Index,2
East Renfrewshire,Depopulation,Projected,2025/26,90.48315996812678,Depopulation Index,1
"Edinburgh, City of",Depopulation,Projected,2025/26,89.41583763199533,Depopulation Index,1
Eilean Siar,Depopulation,Projected,2025/26,106.05460089111368,Depopulation Index,4
Falkirk,Depopulation,Projected,2025/26,97.80698168219529,Depopulation Index,3
Fife,Depopulation,Projected,2025/26,97.31269538845515,Depopulation Index,3
Glasgow City,Depopulation,Projected,2025/26,89.8726548487643,Depopulation Index,4
Highland,Depopulation,Projected,2025/26,97.82814791263604,Depopulation Index,2
Inverclyde,Depopulation,Projected,2025/26,103.21987447823318,Depopulation Index,4
Midlothian,Depopulation,Projected,2025/26,83.17835619277841,Depopulation Index,2
Moray,Depopulation,Projected,2025/26,98.2929459899896,Depopulation Index,2
North Ayrshire,Depopulation,Projected,2025/26,102.94429665992214,Depopulation Index,4
North Lanarkshire,Depopulation,Projected,2025/26,98.00350328068812,Depopulation Index,4
Orkney Islands,Depopulation,Projected,2025/26,97.4830973900718,Depopulation Index,1
Perth and Kinross,Depopulation,Projected,2025/26,94.37012958002556,Depopulation Index,1
Renfrewshire,Depopulation,Projected,2025/26,91.41910303187534,Depopulation Index,3
Scotland,Depopulation,Projected,2025/26,95.14471304451872,Depopulation Index,NA
Scottish Borders,Depopulation,Projected,2025/26,97.2863044724504,Depopulation Index,2
Shetland Islands,Depopulation,Projected,2025/26,99.9697744306068,Depopulation Index,1
South Ayrshire,Depopulation,Projected,2025/26,100.4409965768247,Depopulation Index,3
South Lanarkshire,Depopulation,Projected,2025/26,93.6503917560256,Depopulation Index,3
Stirling,Depopulation,Projected,2025/26,95.39980720920089,Depopulation Index,2
West Dunbartonshire,Depopulation,Projected,2025/26,101.83373323677849,Depopulation Index,4
West Lothian,Depopulation,Projected,2025/26,93.5141587311786,Depopulation Index,3
Aberdeen City,Depopulation,Projected,2026/27,95.34188750437733,Depopulation Index,1
Aberdeenshire,Depopulation,Projected,2026/27,96.01003815711208,Depopulation Index,1
Angus,Depopulation,Projected,2026/27,101.0117786074527,Depopulation Index,2
Argyll and Bute,Depopulation,Projected,2026/27,100.58694992170798,Depopulation Index,2
Clackmannanshire,Depopulation,Projected,2026/27,98.58734253911967,Depopulation Index,3
Dumfries and Galloway,Depopulation,Projected,2026/27,103.55518588063944,Depopulation Index,3
Dundee City,Depopulation,Projected,2026/27,97.33598874046812,Depopulation Index,4
East Ayrshire,Depopulation,Projected,2026/27,100.870128254921,Depopulation Index,4
East Dunbartonshire,Depopulation,Projected,2026/27,95.1176507468587,Depopulation Index,1
East Lothian,Depopulation,Projected,2026/27,85.41693395463105,Depopulation Index,2
East Renfrewshire,Depopulation,Projected,2026/27,89.65751545505934,Depopulation Index,1
"Edinburgh, City of",Depopulation,Projected,2026/27,88.50515458076075,Depopulation Index,1
Eilean Siar,Depopulation,Projected,2026/27,106.35441833073509,Depopulation Index,4
Falkirk,Depopulation,Projected,2026/27,97.79014351097042,Depopulation Index,3
Fife,Depopulation,Projected,2026/27,97.05784117049862,Depopulation Index,3
Glasgow City,Depopulation,Projected,2026/27,88.8210453540685,Depopulation Index,4
Highland,Depopulation,Projected,2026/27,97.5471031806224,Depopulation Index,2
Inverclyde,Depopulation,Projected,2026/27,103.74117792801825,Depopulation Index,4
Midlothian,Depopulation,Projected,2026/27,81.98179547613015,Depopulation Index,2
Moray,Depopulation,Projected,2026/27,98.34675701054724,Depopulation Index,2
North Ayrshire,Depopulation,Projected,2026/27,103.21993361231748,Depopulation Index,4
North Lanarkshire,Depopulation,Projected,2026/27,97.95204549374752,Depopulation Index,4
Orkney Islands,Depopulation,Projected,2026/27,97.47723012770612,Depopulation Index,1
Perth and Kinross,Depopulation,Projected,2026/27,93.63720639784223,Depopulation Index,1
Renfrewshire,Depopulation,Projected,2026/27,90.56936168747644,Depopulation Index,3
Scotland,Depopulation,Projected,2026/27,94.67468645800272,Depopulation Index,NA
Scottish Borders,Depopulation,Projected,2026/27,97.11185877609988,Depopulation Index,2
Shetland Islands,Depopulation,Projected,2026/27,99.91809711118027,Depopulation Index,1
South Ayrshire,Depopulation,Projected,2026/27,100.39254385515024,Depopulation Index,3
South Lanarkshire,Depopulation,Projected,2026/27,93.0763450078166,Depopulation Index,3
Stirling,Depopulation,Projected,2026/27,95.00015169795108,Depopulation Index,2
West Dunbartonshire,Depopulation,Projected,2026/27,102.31133699245407,Depopulation Index,4
West Lothian,Depopulation,Projected,2026/27,93.01698932702932,Depopulation Index,3
