"vulnerability_rank","IGZ","CPP","Indicator","BaseYear","Change","ChangeAv","InterZone_Name","group","label","CommunityValue_BaseYear","CommunityValue_RecentYear","CPPAverage_BaseYear","CPPAverage_RecentYear"
1,"S02001274","Aberdeen City","Attainment","2013/14",4.38,1.65,"Heathryfold and Middlefield","Attainment Heathryfold and Middlefield"," ","4.34","4.53",5.36,5.45
1,"S02001274","Aberdeen City","Child Poverty","2014/15",20.25,-22.81,"Heathryfold and Middlefield","Child Poverty Heathryfold and Middlefield"," ","23.75","18.94",10.52,12.92
1,"S02001274","Aberdeen City","Crime Rate","2012/13",16,22,"Heathryfold and Middlefield","Crime Rate Heathryfold and Middlefield"," ","2369.67","1988.98",1739,1364
1,"S02001274","Aberdeen City","Depopulation","2012/13",-11.73,0.58,"Heathryfold and Middlefield","Depopulation Heathryfold and Middlefield"," ","100","111.73",100,99.42
1,"S02001274","Aberdeen City","Early Mortality","2012/13",-27,11,"Heathryfold and Middlefield","Early Mortality Heathryfold and Middlefield"," ","584","743.28",497,444
1,"S02001274","Aberdeen City","Emergency Admissions","2012/13",22,12,"Heathryfold and Middlefield","Emergency Admissions Heathryfold and Middlefield"," ","34320.56","26649",26118,22899
1,"S02001274","Aberdeen City","Out of Work Benefits","2013/14",-61.44,-55.54,"Heathryfold and Middlefield","Out of Work Benefits Heathryfold and Middlefield"," ","16.83","27.17",7.62,11.85
1,"S02001274","Aberdeen City","Participation Rate","2016/17",2.06,2.45,"Heathryfold and Middlefield","Participation Rate Heathryfold and Middlefield"," ","82.81","84.52",87.9,90.05
1,"S02001343","Aberdeenshire","Attainment","2013/14",-7.47,1.29,"Fraserburgh Harbour and Broadsea","Attainment Fraserburgh Harbour and Broadsea"," ","4.55","4.21",5.44,5.51
1,"S02001343","Aberdeenshire","Child Poverty","2014/15",10.21,-14.72,"Fraserburgh Harbour and Broadsea","Child Poverty Fraserburgh Harbour and Broadsea"," ","27.42","24.62",8.91,10.22
1,"S02001343","Aberdeenshire","Crime Rate","2012/13",15,5,"Fraserburgh Harbour and Broadsea","Crime Rate Fraserburgh Harbour and Broadsea"," ","4026.62","3432.86",822,780
1,"S02001343","Aberdeenshire","Depopulation","2012/13",-11.23,0.8,"Fraserburgh Harbour and Broadsea","Depopulation Fraserburgh Harbour and Broadsea"," ","100","111.23",100,99.2
1,"S02001343","Aberdeenshire","Early Mortality","2012/13",9,6,"Fraserburgh Harbour and Broadsea","Early Mortality Fraserburgh Harbour and Broadsea"," ","798","723.45",373,352
1,"S02001343","Aberdeenshire","Emergency Admissions","2012/13",10,11,"Fraserburgh Harbour and Broadsea","Emergency Admissions Fraserburgh Harbour and Broadsea"," ","28729.28","25750.62",19800,17649
1,"S02001343","Aberdeenshire","Out of Work Benefits","2013/14",-61.21,-66.14,"Fraserburgh Harbour and Broadsea","Out of Work Benefits Fraserburgh Harbour and Broadsea"," ","16.86","27.18",5.79,9.62
1,"S02001343","Aberdeenshire","Participation Rate","2016/17",5.69,-0.91,"Fraserburgh Harbour and Broadsea","Participation Rate Fraserburgh Harbour and Broadsea"," ","81.52","86.16",93.24,92.39
1,"S02001353","Angus","Attainment","2013/14",-1.21,-3.54,"Arbroath Harbour","Attainment Arbroath Harbour"," ","4.96","4.9",5.5,5.31
1,"S02001353","Angus","Child Poverty","2014/15",-57.91,-17.9,"Arbroath Harbour","Child Poverty Arbroath Harbour"," ","23.26","36.73",14.16,16.7
1,"S02001353","Angus","Crime Rate","2012/13",-25,-36,"Arbroath Harbour","Crime Rate Arbroath Harbour"," ","2401.69","3007.26",719,978
1,"S02001353","Angus","Depopulation","2012/13",-6.22,-1.81,"Arbroath Harbour","Depopulation Arbroath Harbour"," ","100","106.22",100,101.81
1,"S02001353","Angus","Early Mortality","2012/13",-11,4,"Arbroath Harbour","Early Mortality Arbroath Harbour"," ","617","687.74",401,383
1,"S02001353","Angus","Emergency Admissions","2012/13",-20,-12,"Arbroath Harbour","Emergency Admissions Arbroath Harbour"," ","24923.39","29914.46",19852,22158
1,"S02001353","Angus","Out of Work Benefits","2013/14",-44.12,-60.21,"Arbroath Harbour","Out of Work Benefits Arbroath Harbour"," ","18.54","26.72",9.17,14.69
1,"S02001353","Angus","Participation Rate","2016/17",9.71,0.09,"Arbroath Harbour","Participation Rate Arbroath Harbour"," ","77.65","85.19",91.56,91.64
1,"S02001386","Argyll and Bute","Attainment","2013/14",-3.31,-1,"Dunoon","Attainment Dunoon"," ","5.43","5.25",5.61,5.55
1,"S02001386","Argyll and Bute","Child Poverty","2014/15",-8.91,-4.22,"Dunoon","Child Poverty Dunoon"," ","18.51","20.16",14.67,15.28
1,"S02001386","Argyll and Bute","Crime Rate","2012/13",33,34,"Dunoon","Crime Rate Dunoon"," ","2922.21","1954.48",1719,1137
1,"S02001386","Argyll and Bute","Depopulation","2012/13",-7.88,-1.13,"Dunoon","Depopulation Dunoon"," ","100","107.88",100,101.13
1,"S02001386","Argyll and Bute","Early Mortality","2012/13",14,12,"Dunoon","Early Mortality Dunoon"," ","585","505.12",435,384
1,"S02001386","Argyll and Bute","Emergency Admissions","2012/13",18,4,"Dunoon","Emergency Admissions Dunoon"," ","30464.89","24927.54",22307,21504
1,"S02001386","Argyll and Bute","Out of Work Benefits","2013/14",-24.89,-31.96,"Dunoon","Out of Work Benefits Dunoon"," ","20.13","25.14",9.99,13.18
1,"S02001386","Argyll and Bute","Participation Rate","2016/17",-2,0.31,"Dunoon","Participation Rate Dunoon"," ","93.36","91.49",94.48,94.78
1,"S02001402","Clackmannanshire","Attainment","2013/14",8.3,-0.48,"Alloa South and East","Attainment Alloa South and East"," ","4.46","4.83",5.4,5.37
1,"S02001402","Clackmannanshire","Child Poverty","2014/15",5.05,-11.86,"Alloa South and East","Child Poverty Alloa South and East"," ","38.59","36.64",17.87,19.99
1,"S02001402","Clackmannanshire","Crime Rate","2012/13",5,2,"Alloa South and East","Crime Rate Alloa South and East"," ","3832.57","3627.16",1163,1134
1,"S02001402","Clackmannanshire","Depopulation","2012/13",-1.41,1.18,"Alloa South and East","Depopulation Alloa South and East"," ","100","101.41",100,98.82
1,"S02001402","Clackmannanshire","Early Mortality","2012/13",-14,-2,"Alloa South and East","Early Mortality Alloa South and East"," ","624","712.59",458,466
1,"S02001402","Clackmannanshire","Emergency Admissions","2012/13",-10,-11,"Alloa South and East","Emergency Admissions Alloa South and East"," ","22923.08","25308.37",20978,23368
1,"S02001402","Clackmannanshire","Out of Work Benefits","2013/14",-15.26,-22.7,"Alloa South and East","Out of Work Benefits Alloa South and East"," ","32.17","37.08",14.22,17.45
1,"S02001402","Clackmannanshire","Participation Rate","2016/17",13.85,1.73,"Alloa South and East","Participation Rate Alloa South and East"," ","74.01","84.26",89.83,91.39
1,"S02001423","Dumfries and Galloway","Attainment","2013/14",2.85,-0.99,"Lochside and Lincluden","Attainment Lochside and Lincluden"," ","4.91","5.05",5.56,5.5
1,"S02001423","Dumfries and Galloway","Child Poverty","2014/15",4.16,-10.03,"Lochside and Lincluden","Child Poverty Lochside and Lincluden"," ","30.32","29.06",17.05,18.76
1,"S02001423","Dumfries and Galloway","Crime Rate","2012/13",-80,-52,"Lochside and Lincluden","Crime Rate Lochside and Lincluden"," ","1219.84","2194.75",912,1388
1,"S02001423","Dumfries and Galloway","Depopulation","2012/13",-13.47,-3.76,"Lochside and Lincluden","Depopulation Lochside and Lincluden"," ","100","113.47",100,103.76
1,"S02001423","Dumfries and Galloway","Early Mortality","2012/13",-32,0,"Lochside and Lincluden","Early Mortality Lochside and Lincluden"," ","597","787.35",406,405
1,"S02001423","Dumfries and Galloway","Emergency Admissions","2012/13",-16,-5,"Lochside and Lincluden","Emergency Admissions Lochside and Lincluden"," ","31317.49","36307.25",21449,22523
1,"S02001423","Dumfries and Galloway","Out of Work Benefits","2013/14",-34.78,-45.02,"Lochside and Lincluden","Out of Work Benefits Lochside and Lincluden"," ","24.5","33.02",10.97,15.91
1,"S02001423","Dumfries and Galloway","Participation Rate","2016/17",9.29,2.94,"Lochside and Lincluden","Participation Rate Lochside and Lincluden"," ","81.66","89.25",91.49,94.18
1,"S02001457","Dundee City","Attainment","2013/14",-0.42,-3.27,"Douglas East","Attainment Douglas East"," ","4.73","4.71",5.35,5.18
1,"S02001457","Dundee City","Child Poverty","2014/15",-40.39,-3.39,"Douglas East","Child Poverty Douglas East"," ","23.3","32.71",17.72,18.32
1,"S02001457","Dundee City","Crime Rate","2012/13",-70,NA,"Douglas East","Crime Rate Douglas East"," ","1363.37","2314.29",17.72,1634
1,"S02001457","Dundee City","Depopulation","2012/13",-11.78,0.21,"Douglas East","Depopulation Douglas East"," ","100","111.78",100,99.79
1,"S02001457","Dundee City","Early Mortality","2012/13",-16,8,"Douglas East","Early Mortality Douglas East"," ","682","792.55",596,548
1,"S02001457","Dundee City","Emergency Admissions","2012/13",13,-12,"Douglas East","Emergency Admissions Douglas East"," ","34375","29870.46",26055,29095
1,"S02001457","Dundee City","Out of Work Benefits","2013/14",-31.29,-20.57,"Douglas East","Out of Work Benefits Douglas East"," ","26.05","34.2",16.09,19.4
1,"S02001457","Dundee City","Participation Rate","2016/17",9.56,2.2,"Douglas East","Participation Rate Douglas East"," ","78.12","85.59",87.56,89.48
1,"S02001501","East Ayrshire","Attainment","2013/14",3.09,0.02,"Altonhill South, Longpark and Hillhead","Attainment Altonhill South, Longpark and Hillhead"," ","4.85","5",5.39,5.39
1,"S02001501","East Ayrshire","Child Poverty","2014/15",10.44,-7.61,"Altonhill South, Longpark and Hillhead","Child Poverty Altonhill South, Longpark and Hillhead"," ","24.05","21.54",19.52,21
1,"S02001501","East Ayrshire","Crime Rate","2012/13",53,40,"Altonhill South, Longpark and Hillhead","Crime Rate Altonhill South, Longpark and Hillhead"," ","4175.34","1979.42",2132,1274
1,"S02001501","East Ayrshire","Depopulation","2012/13",5.13,-2.49,"Altonhill South, Longpark and Hillhead","Depopulation Altonhill South, Longpark and Hillhead"," ","100","94.87",100,102.49
1,"S02001501","East Ayrshire","Early Mortality","2012/13",26,-3,"Altonhill South, Longpark and Hillhead","Early Mortality Altonhill South, Longpark and Hillhead"," ","961","711.05",511,525
1,"S02001501","East Ayrshire","Emergency Admissions","2012/13",-9,9,"Altonhill South, Longpark and Hillhead","Emergency Admissions Altonhill South, Longpark and Hillhead"," ","31250","34021.86",30637,27775
1,"S02001501","East Ayrshire","Out of Work Benefits","2013/14",-11.92,-27.35,"Altonhill South, Longpark and Hillhead","Out of Work Benefits Altonhill South, Longpark and Hillhead"," ","28.18","31.54",15.87,20.2
1,"S02001501","East Ayrshire","Participation Rate","2016/17",11.41,3.5,"Altonhill South, Longpark and Hillhead","Participation Rate Altonhill South, Longpark and Hillhead"," ","79.7","88.79",89.02,92.14
1,"S02001528","East Dunbartonshire","Attainment","2013/14",4.22,1.92,"Hillhead","Attainment Hillhead"," ","5.21","5.43",6,6.11
1,"S02001528","East Dunbartonshire","Child Poverty","2014/15",18.04,4.38,"Hillhead","Child Poverty Hillhead"," ","23.22","19.03",8.54,8.17
1,"S02001528","East Dunbartonshire","Crime Rate","2012/13",NA,NA,"Hillhead","Crime Rate Hillhead"," ","8.32","1122.57",8.54,538
1,"S02001528","East Dunbartonshire","Depopulation","2012/13",1.36,2.13,"Hillhead","Depopulation Hillhead"," ","100","98.64",100,97.87
1,"S02001528","East Dunbartonshire","Early Mortality","2012/13",2,16,"Hillhead","Early Mortality Hillhead"," ","641","628.87",344,289
1,"S02001528","East Dunbartonshire","Emergency Admissions","2012/13",10,13,"Hillhead","Emergency Admissions Hillhead"," ","36020.58","32590.04",24567,21360
1,"S02001528","East Dunbartonshire","Out of Work Benefits","2013/14",-25.66,-28.18,"Hillhead","Out of Work Benefits Hillhead"," ","23.5","29.53",7.46,9.57
1,"S02001528","East Dunbartonshire","Participation Rate","2016/17",8.2,0.57,"Hillhead","Participation Rate Hillhead"," ","88.12","95.35",95.52,96.07
1,"S02001539","East Lothian","Attainment","2013/14",1.01,-1.16,"Musselburgh Levenhall","Attainment Musselburgh Levenhall"," ","4.96","5.01",5.54,5.47
1,"S02001539","East Lothian","Child Poverty","2014/15",47.74,18.45,"Musselburgh Levenhall","Child Poverty Musselburgh Levenhall"," ","29.01","15.16",13.94,11.37
1,"S02001539","East Lothian","Crime Rate","2012/13",10,-66,"Musselburgh Levenhall","Crime Rate Musselburgh Levenhall"," ","1041.67","932.66",846,1406
1,"S02001539","East Lothian","Depopulation","2012/13",7.96,8.66,"Musselburgh Levenhall","Depopulation Musselburgh Levenhall"," ","100","92.04",100,91.34
1,"S02001539","East Lothian","Early Mortality","2012/13",14,17,"Musselburgh Levenhall","Early Mortality Musselburgh Levenhall"," ","557","477.33",414,345
1,"S02001539","East Lothian","Emergency Admissions","2012/13",14,16,"Musselburgh Levenhall","Emergency Admissions Musselburgh Levenhall"," ","24014.34","20669.95",23511,19759
1,"S02001539","East Lothian","Out of Work Benefits","2013/14",-1.67,-23.77,"Musselburgh Levenhall","Out of Work Benefits Musselburgh Levenhall"," ","17.32","17.61",9.59,11.87
1,"S02001539","East Lothian","Participation Rate","2016/17",27.82,5.06,"Musselburgh Levenhall","Participation Rate Musselburgh Levenhall"," ","74.51","95.24",90.27,94.84
1,"S02001560","East Renfrewshire","Attainment","2013/14",1.3,1.33,"Auchenback","Attainment Auchenback"," ","5.38","5.45",6.08,6.16
1,"S02001560","East Renfrewshire","Child Poverty","2014/15",-6.67,11.67,"Auchenback","Child Poverty Auchenback"," ","21.44","22.87",9.03,7.98
1,"S02001560","East Renfrewshire","Crime Rate","2012/13",36,50,"Auchenback","Crime Rate Auchenback"," ","1397.48","895.39",1174,587
1,"S02001560","East Renfrewshire","Depopulation","2012/13",0.91,5.38,"Auchenback","Depopulation Auchenback"," ","100","99.09",100,94.62
1,"S02001560","East Renfrewshire","Early Mortality","2012/13",-41,14,"Auchenback","Early Mortality Auchenback"," ","585","826.1",347,298
1,"S02001560","East Renfrewshire","Emergency Admissions","2012/13",17,19,"Auchenback","Emergency Admissions Auchenback"," ","34469.7","28520.89",24725,19931
1,"S02001560","East Renfrewshire","Out of Work Benefits","2013/14",-17.06,-19.56,"Auchenback","Out of Work Benefits Auchenback"," ","19.81","23.19",7.21,8.62
1,"S02001560","East Renfrewshire","Participation Rate","2016/17",5.37,0.65,"Auchenback","Participation Rate Auchenback"," ","88.07","92.8",96.12,96.74
1,"S02001627","Edinburgh, City of","Attainment","2013/14",17.87,2.16,"Craigmillar","Attainment Craigmillar"," ","4.42","5.21",5.56,5.68
1,"S02001627","Edinburgh, City of","Child Poverty","2014/15",31.09,-14.23,"Craigmillar","Child Poverty Craigmillar"," ","27.82","19.17",10.69,12.21
1,"S02001627","Edinburgh, City of","Crime Rate","2012/13",34,7,"Craigmillar","Crime Rate Craigmillar"," ","3228.58","2115.28",1262,1170
1,"S02001627","Edinburgh, City of","Depopulation","2012/13",58.86,5.6,"Craigmillar","Depopulation Craigmillar"," ","100","41.14",100,94.4
1,"S02001627","Edinburgh, City of","Early Mortality","2012/13",38,15,"Craigmillar","Early Mortality Craigmillar"," ","1669","1031.15",470,400
1,"S02001627","Edinburgh, City of","Emergency Admissions","2012/13",20,12,"Craigmillar","Emergency Admissions Craigmillar"," ","39510.49","31685.69",25325,22315
1,"S02001627","Edinburgh, City of","Out of Work Benefits","2013/14",26.68,-6.32,"Craigmillar","Out of Work Benefits Craigmillar"," ","24.29","17.81",9.87,10.49
1,"S02001627","Edinburgh, City of","Participation Rate","2016/17",8.18,3.21,"Craigmillar","Participation Rate Craigmillar"," ","83.54","90.37",90.28,93.18
1,"S02001693","Eilean Siar","Attainment","2013/14",-14.24,-4.42,"Stornoway West","Attainment Stornoway West"," ","5.76","4.94",5.7,5.45
1,"S02001693","Eilean Siar","Child Poverty","2014/15",-7.83,-20.77,"Stornoway West","Child Poverty Stornoway West"," ","16.61","17.91",11.42,13.79
1,"S02001693","Eilean Siar","Crime Rate","2012/13",-652,-483,"Stornoway West","Crime Rate Stornoway West"," ","374.28","2814.39",132,772
1,"S02001693","Eilean Siar","Depopulation","2012/13",-15.01,-5.7,"Stornoway West","Depopulation Stornoway West"," ","100","115.01",100,105.7
1,"S02001693","Eilean Siar","Early Mortality","2012/13",-14,11,"Stornoway West","Early Mortality Stornoway West"," ","603","686.23",478,424
1,"S02001693","Eilean Siar","Emergency Admissions","2012/13",-5,-4,"Stornoway West","Emergency Admissions Stornoway West"," ","28278.04","29587.69",24465,25346
1,"S02001693","Eilean Siar","Out of Work Benefits","2013/14",-35.87,-14.11,"Stornoway West","Out of Work Benefits Stornoway West"," ","13.13","17.84",9.65,11.01
1,"S02001693","Eilean Siar","Participation Rate","2016/17",-2.63,1.58,"Stornoway West","Participation Rate Stornoway West"," ","96.43","93.89",95.87,97.39
1,"S02001711","Falkirk","Attainment","2013/14",-2.02,0.45,"Falkirk - Bainsford and Langlees","Attainment Falkirk - Bainsford and Langlees"," ","4.95","4.85",5.47,5.5
1,"S02001711","Falkirk","Child Poverty","2014/15",-3.24,-5.3,"Falkirk - Bainsford and Langlees","Child Poverty Falkirk - Bainsford and Langlees"," ","32.38","33.43",17.19,18.1
1,"S02001711","Falkirk","Crime Rate","2012/13",34,18,"Falkirk - Bainsford and Langlees","Crime Rate Falkirk - Bainsford and Langlees"," ","2270.49","1497.93",1412,1151
1,"S02001711","Falkirk","Depopulation","2012/13",-7.25,-0.29,"Falkirk - Bainsford and Langlees","Depopulation Falkirk - Bainsford and Langlees"," ","100","107.25",100,100.29
1,"S02001711","Falkirk","Early Mortality","2012/13",-2,-2,"Falkirk - Bainsford and Langlees","Early Mortality Falkirk - Bainsford and Langlees"," ","769","787.4",461,470
1,"S02001711","Falkirk","Emergency Admissions","2012/13",-3,-9,"Falkirk - Bainsford and Langlees","Emergency Admissions Falkirk - Bainsford and Langlees"," ","36382.11","37336.28",24210,26352
1,"S02001711","Falkirk","Out of Work Benefits","2013/14",-25.64,-23.86,"Falkirk - Bainsford and Langlees","Out of Work Benefits Falkirk - Bainsford and Langlees"," ","27.65","34.74",12.58,15.59
1,"S02001711","Falkirk","Participation Rate","2016/17",0.22,1.52,"Falkirk - Bainsford and Langlees","Participation Rate Falkirk - Bainsford and Langlees"," ","81.87","82.05",89.79,91.16
1,"S02001815","Fife","Attainment","2013/14",-2.21,-0.09,"Methil West","Attainment Methil West"," ","4.52","4.42",5.41,5.41
1,"S02001815","Fife","Child Poverty","2014/15",1.24,-0.89,"Methil West","Child Poverty Methil West"," ","39.46","38.97",17.59,17.75
1,"S02001815","Fife","Crime Rate","2012/13",12,-29,"Methil West","Crime Rate Methil West"," ","3457.27","3046.35",923,1192
1,"S02001815","Fife","Depopulation","2012/13",-4.9,0.57,"Methil West","Depopulation Methil West"," ","100","104.9",100,99.43
1,"S02001815","Fife","Early Mortality","2012/13",-52,3,"Methil West","Early Mortality Methil West"," ","693","1056.76",446,431
1,"S02001815","Fife","Emergency Admissions","2012/13",-56,-13,"Methil West","Emergency Admissions Methil West"," ","27992.28","43735.47",22948,25995
1,"S02001815","Fife","Out of Work Benefits","2013/14",-38.98,-29.09,"Methil West","Out of Work Benefits Methil West"," ","32.58","45.28",12.64,16.32
1,"S02001815","Fife","Participation Rate","2016/17",2.04,2.91,"Methil West","Participation Rate Methil West"," ","76.79","78.36",88.84,91.43
1,"S02001907","Glasgow City","Attainment","2013/14",5.64,3.45,"North Barlanark and Easterhouse South","Attainment North Barlanark and Easterhouse South"," ","4.61","4.87",5.25,5.43
1,"S02001907","Glasgow City","Child Poverty","2014/15",8.11,-13.77,"North Barlanark and Easterhouse South","Child Poverty North Barlanark and Easterhouse South"," ","28.97","26.62",22.4,25.49
1,"S02001907","Glasgow City","Crime Rate","2012/13",65,61,"North Barlanark and Easterhouse South","Crime Rate North Barlanark and Easterhouse South"," ","4375.56","1513.31",3820,1480
1,"S02001907","Glasgow City","Depopulation","2012/13",0.13,3.89,"North Barlanark and Easterhouse South","Depopulation North Barlanark and Easterhouse South"," ","100","99.87",100,96.11
1,"S02001907","Glasgow City","Early Mortality","2012/13",9,11,"North Barlanark and Easterhouse South","Early Mortality North Barlanark and Easterhouse South"," ","1121","1024.58",703,624
1,"S02001907","Glasgow City","Emergency Admissions","2012/13",14,13,"North Barlanark and Easterhouse South","Emergency Admissions North Barlanark and Easterhouse South"," ","50349.65","43055.4",34269,29806
1,"S02001907","Glasgow City","Out of Work Benefits","2013/14",-7.59,-8.37,"North Barlanark and Easterhouse South","Out of Work Benefits North Barlanark and Easterhouse South"," ","38.71","41.65",19.83,21.49
1,"S02001907","Glasgow City","Participation Rate","2016/17",3.19,3.96,"North Barlanark and Easterhouse South","Participation Rate North Barlanark and Easterhouse South"," ","83.27","85.93",87.37,90.83
1,"S02002002","Highland","Attainment","2013/14",5.06,-1.07,"Inverness Merkinch","Attainment Inverness Merkinch"," ","4.35","4.57",5.5,5.44
1,"S02002002","Highland","Child Poverty","2014/15",-4.12,-6.03,"Inverness Merkinch","Child Poverty Inverness Merkinch"," ","33.46","34.84",14.65,15.54
1,"S02002002","Highland","Crime Rate","2012/13",-79,-297,"Inverness Merkinch","Crime Rate Inverness Merkinch"," ","1846.22","3297.72",331,1313
1,"S02002002","Highland","Depopulation","2012/13",-0.42,-0.15,"Inverness Merkinch","Depopulation Inverness Merkinch"," ","100","100.42",100,100.15
1,"S02002002","Highland","Early Mortality","2012/13",3,8,"Inverness Merkinch","Early Mortality Inverness Merkinch"," ","921","889.26",432,399
1,"S02002002","Highland","Emergency Admissions","2012/13",-8,6,"Inverness Merkinch","Emergency Admissions Inverness Merkinch"," ","33521.13","36358.8",21523,20234
1,"S02002002","Highland","Out of Work Benefits","2013/14",-13.53,-38.54,"Inverness Merkinch","Out of Work Benefits Inverness Merkinch"," ","29.26","33.22",9.2,12.74
1,"S02002002","Highland","Participation Rate","2016/17",2.53,-0.5,"Inverness Merkinch","Participation Rate Inverness Merkinch"," ","82.61","84.7",93.38,92.91
1,"S02002046","Inverclyde","Attainment","2013/14",1.74,-0.35,"Greenock Town Centre and East Central","Attainment Greenock Town Centre and East Central"," ","5.18","5.27",5.62,5.6
1,"S02002046","Inverclyde","Child Poverty","2014/15",28.51,-7.07,"Greenock Town Centre and East Central","Child Poverty Greenock Town Centre and East Central"," ","26.45","18.91",14.19,15.2
1,"S02002046","Inverclyde","Crime Rate","2012/13",45,43,"Greenock Town Centre and East Central","Crime Rate Greenock Town Centre and East Central"," ","8424.53","4645.14",1940,1100
1,"S02002046","Inverclyde","Depopulation","2012/13",3.43,-3.88,"Greenock Town Centre and East Central","Depopulation Greenock Town Centre and East Central"," ","100","96.57",100,103.88
1,"S02002046","Inverclyde","Early Mortality","2012/13",2,9,"Greenock Town Centre and East Central","Early Mortality Greenock Town Centre and East Central"," ","847","829.85",551,503
1,"S02002046","Inverclyde","Emergency Admissions","2012/13",14,15,"Greenock Town Centre and East Central","Emergency Admissions Greenock Town Centre and East Central"," ","39014.54","33716.34",27954,23879
1,"S02002046","Inverclyde","Out of Work Benefits","2013/14",-11.2,-22.02,"Greenock Town Centre and East Central","Out of Work Benefits Greenock Town Centre and East Central"," ","32.04","35.63",16.29,19.88
1,"S02002046","Inverclyde","Participation Rate","2016/17",5.26,1.96,"Greenock Town Centre and East Central","Participation Rate Greenock Town Centre and East Central"," ","84.38","88.82",91.35,93.13
1,"S02002066","Midlothian","Attainment","2013/14",1,0.02,"Dalkeith","Attainment Dalkeith"," ","5.02","5.07",5.42,5.42
1,"S02002066","Midlothian","Child Poverty","2014/15",-17.63,-2.24,"Dalkeith","Child Poverty Dalkeith"," ","23.31","27.42",14.54,14.87
1,"S02002066","Midlothian","Crime Rate","2012/13",33,4,"Dalkeith","Crime Rate Dalkeith"," ","4406.69","2949.25",1273,1227
1,"S02002066","Midlothian","Depopulation","2012/13",3.4,10.58,"Dalkeith","Depopulation Dalkeith"," ","100","96.6",100,89.42
1,"S02002066","Midlothian","Early Mortality","2012/13",-9,-2,"Dalkeith","Early Mortality Dalkeith"," ","648","707.59",420,427
1,"S02002066","Midlothian","Emergency Admissions","2012/13",5,15,"Dalkeith","Emergency Admissions Dalkeith"," ","24677.72","23442.7",25046,21361
1,"S02002066","Midlothian","Out of Work Benefits","2013/14",-17.48,-21.49,"Dalkeith","Out of Work Benefits Dalkeith"," ","25.69","30.18",11.91,14.47
1,"S02002066","Midlothian","Participation Rate","2016/17",19.23,6.91,"Dalkeith","Participation Rate Dalkeith"," ","75.78","90.35",88.26,94.36
1,"S02002084","Moray","Attainment","2013/14",-8.35,-1.47,"Elgin Cathedral to Ashgrove and Pinefield","Attainment Elgin Cathedral to Ashgrove and Pinefield"," ","5.39","4.94",5.52,5.44
1,"S02002084","Moray","Child Poverty","2014/15",-50.21,-19.08,"Elgin Cathedral to Ashgrove and Pinefield","Child Poverty Elgin Cathedral to Ashgrove and Pinefield"," ","18.68","28.06",13.57,16.16
1,"S02002084","Moray","Crime Rate","2012/13",-18,-2,"Elgin Cathedral to Ashgrove and Pinefield","Crime Rate Elgin Cathedral to Ashgrove and Pinefield"," ","2008.63","2371.61",1012,1037
1,"S02002084","Moray","Depopulation","2012/13",-11.5,-0.2,"Elgin Cathedral to Ashgrove and Pinefield","Depopulation Elgin Cathedral to Ashgrove and Pinefield"," ","100","111.5",100,100.2
1,"S02002084","Moray","Early Mortality","2012/13",-5,8,"Elgin Cathedral to Ashgrove and Pinefield","Early Mortality Elgin Cathedral to Ashgrove and Pinefield"," ","550","575.54",400,370
1,"S02002084","Moray","Emergency Admissions","2012/13",-7,-1,"Elgin Cathedral to Ashgrove and Pinefield","Emergency Admissions Elgin Cathedral to Ashgrove and Pinefield"," ","21118.01","22644.26",17487,17581
1,"S02002084","Moray","Out of Work Benefits","2013/14",-51.44,-50.5,"Elgin Cathedral to Ashgrove and Pinefield","Out of Work Benefits Elgin Cathedral to Ashgrove and Pinefield"," ","13.92","21.08",7.84,11.79
1,"S02002084","Moray","Participation Rate","2016/17",7.49,4.25,"Elgin Cathedral to Ashgrove and Pinefield","Participation Rate Elgin Cathedral to Ashgrove and Pinefield"," ","85.71","92.13",90.89,94.75
1,"S02002109","North Ayrshire","Attainment","2013/14",-6.13,0.38,"Irvine Fullarton","Attainment Irvine Fullarton"," ","5.22","4.9",5.41,5.43
1,"S02002109","North Ayrshire","Child Poverty","2014/15",-12,-0.47,"Irvine Fullarton","Child Poverty Irvine Fullarton"," ","30.34","33.98",20.35,20.45
1,"S02002109","North Ayrshire","Crime Rate","2012/13",8,35,"Irvine Fullarton","Crime Rate Irvine Fullarton"," ","6091.84","5627.64",2154,1404
1,"S02002109","North Ayrshire","Depopulation","2012/13",-26.42,-2.83,"Irvine Fullarton","Depopulation Irvine Fullarton"," ","100","126.42",100,102.83
1,"S02002109","North Ayrshire","Early Mortality","2012/13",-2,-2,"Irvine Fullarton","Early Mortality Irvine Fullarton"," ","792","809.69",516,526
1,"S02002109","North Ayrshire","Emergency Admissions","2012/13",10,3,"Irvine Fullarton","Emergency Admissions Irvine Fullarton"," ","39593.11","35498.79",27805,26840
1,"S02002109","North Ayrshire","Out of Work Benefits","2013/14",-20.98,-29.74,"Irvine Fullarton","Out of Work Benefits Irvine Fullarton"," ","33.98","41.11",17.21,22.33
1,"S02002109","North Ayrshire","Participation Rate","2016/17",-3.85,2.01,"Irvine Fullarton","Participation Rate Irvine Fullarton"," ","81.31","78.18",89.96,91.77
1,"S02002139","North Lanarkshire","Attainment","2013/14",0,-1.24,"Craigneuk Wishaw","Attainment Craigneuk Wishaw"," ","4.45","4.45",5.39,5.33
1,"S02002139","North Lanarkshire","Child Poverty","2014/15",16.6,-1.6,"Craigneuk Wishaw","Child Poverty Craigneuk Wishaw"," ","33.37","27.83",18.9,19.2
1,"S02002139","North Lanarkshire","Crime Rate","2012/13",36,40,"Craigneuk Wishaw","Crime Rate Craigneuk Wishaw"," ","4645.25","2980.97",2190,1319
1,"S02002139","North Lanarkshire","Depopulation","2012/13",7.1,-0.89,"Craigneuk Wishaw","Depopulation Craigneuk Wishaw"," ","100","92.9",100,100.89
1,"S02002139","North Lanarkshire","Early Mortality","2012/13",-23,2,"Craigneuk Wishaw","Early Mortality Craigneuk Wishaw"," ","887","1094.69",555,543
1,"S02002139","North Lanarkshire","Emergency Admissions","2012/13",15,-6,"Craigneuk Wishaw","Emergency Admissions Craigneuk Wishaw"," ","39966.83","33932.72",29416,31054
1,"S02002139","North Lanarkshire","Out of Work Benefits","2013/14",-10.52,-20.26,"Craigneuk Wishaw","Out of Work Benefits Craigneuk Wishaw"," ","31.57","34.89",15.31,18.41
1,"S02002139","North Lanarkshire","Participation Rate","2016/17",3.95,1.93,"Craigneuk Wishaw","Participation Rate Craigneuk Wishaw"," ","79.25","82.38",89.21,90.93
1,"S02002217","Orkney Islands","Attainment","2013/14",1.3,-0.12,"East Kirkwall","Attainment East Kirkwall"," ","5.38","5.45",5.62,5.61
1,"S02002217","Orkney Islands","Child Poverty","2014/15",-15.94,1.7,"East Kirkwall","Child Poverty East Kirkwall"," ","14.81","17.17",12.83,12.62
1,"S02002217","Orkney Islands","Crime Rate","2012/13",-130,-353,"East Kirkwall","Crime Rate East Kirkwall"," ","444.31","1022.57",171,775
1,"S02002217","Orkney Islands","Depopulation","2012/13",-6.1,0.66,"East Kirkwall","Depopulation East Kirkwall"," ","100","106.1",100,99.33
1,"S02002217","Orkney Islands","Early Mortality","2012/13",9,6,"East Kirkwall","Early Mortality East Kirkwall"," ","408","371.17",369,346
1,"S02002217","Orkney Islands","Emergency Admissions","2012/13",22,14,"East Kirkwall","Emergency Admissions East Kirkwall"," ","27397.26","21296.3",20828,17877
1,"S02002217","Orkney Islands","Out of Work Benefits","2013/14",-66.31,-61.85,"East Kirkwall","Out of Work Benefits East Kirkwall"," ","7.48","12.44",6.46,10.45
1,"S02002217","Orkney Islands","Participation Rate","2016/17",-6.79,-0.74,"East Kirkwall","Participation Rate East Kirkwall"," ","94.06","87.67",94.36,93.66
1,"S02002237","Perth and Kinross","Attainment","2013/14",0,-0.16,"Muirton","Attainment Muirton"," ","5.05","5.05",5.6,5.59
1,"S02002237","Perth and Kinross","Child Poverty","2014/15",-31.94,-3.36,"Muirton","Child Poverty Muirton"," ","16.31","21.52",13.52,13.98
1,"S02002237","Perth and Kinross","Crime Rate","2012/13",3,-39,"Muirton","Crime Rate Muirton"," ","1257.04","1222.2",745,1039
1,"S02002237","Perth and Kinross","Depopulation","2012/13",13,3.22,"Muirton","Depopulation Muirton"," ","100","87",100,96.78
1,"S02002237","Perth and Kinross","Early Mortality","2012/13",-23,3,"Muirton","Early Mortality Muirton"," ","528","650.61",369,356
1,"S02002237","Perth and Kinross","Emergency Admissions","2012/13",-47,-14,"Muirton","Emergency Admissions Muirton"," ","27294.69","40157.08",22242,25364
1,"S02002237","Perth and Kinross","Out of Work Benefits","2013/14",-55.9,-42.49,"Muirton","Out of Work Benefits Muirton"," ","12.72","19.83",8.24,11.74
1,"S02002237","Perth and Kinross","Participation Rate","2016/17",-9.6,0.07,"Muirton","Participation Rate Muirton"," ","90.58","81.88",92.3,92.37
1,"S02002263","Renfrewshire","Attainment","2013/14",10.37,1.08,"Paisley Ferguslie","Attainment Paisley Ferguslie"," ","4.63","5.11",5.52,5.58
1,"S02002263","Renfrewshire","Child Poverty","2014/15",-18.25,-16.57,"Paisley Ferguslie","Child Poverty Paisley Ferguslie"," ","24.44","28.9",12.87,15.01
1,"S02002263","Renfrewshire","Crime Rate","2012/13",66,51,"Paisley Ferguslie","Crime Rate Paisley Ferguslie"," ","4446.38","1528.77",1976,965
1,"S02002263","Renfrewshire","Depopulation","2012/13",-0.46,3.07,"Paisley Ferguslie","Depopulation Paisley Ferguslie"," ","100","100.46",100,96.93
1,"S02002263","Renfrewshire","Early Mortality","2012/13",24,13,"Paisley Ferguslie","Early Mortality Paisley Ferguslie"," ","1080","817.93",532,465
1,"S02002263","Renfrewshire","Emergency Admissions","2012/13",35,14,"Paisley Ferguslie","Emergency Admissions Paisley Ferguslie"," ","44444.44","28700.28",28094,24249
1,"S02002263","Renfrewshire","Out of Work Benefits","2013/14",4.47,-11.04,"Paisley Ferguslie","Out of Work Benefits Paisley Ferguslie"," ","34.24","32.71",13.74,15.26
1,"S02002263","Renfrewshire","Participation Rate","2016/17",2.15,1.93,"Paisley Ferguslie","Participation Rate Paisley Ferguslie"," ","83.33","85.12",91.1,92.86
1,"S02002300","Scottish Borders","Attainment","2013/14",10.64,-1.26,"Langlee","Attainment Langlee"," ","4.7","5.2",5.54,5.47
1,"S02002300","Scottish Borders","Child Poverty","2014/15",-17.24,-9.92,"Langlee","Child Poverty Langlee"," ","27.79","32.58",15.03,16.52
1,"S02002300","Scottish Borders","Crime Rate","2012/13",-75,-37,"Langlee","Crime Rate Langlee"," ","1107.38","1933.05",764,1047
1,"S02002300","Scottish Borders","Depopulation","2012/13",-14.81,1.33,"Langlee","Depopulation Langlee"," ","100","114.81",100,98.67
1,"S02002300","Scottish Borders","Early Mortality","2012/13",11,5,"Langlee","Early Mortality Langlee"," ","616","546.99",380,360
1,"S02002300","Scottish Borders","Emergency Admissions","2012/13",27,13,"Langlee","Emergency Admissions Langlee"," ","29047.62","21070.4",25376,21982
1,"S02002300","Scottish Borders","Out of Work Benefits","2013/14",-43.78,-43.38,"Langlee","Out of Work Benefits Langlee"," ","22.34","32.12",9.82,14.08
1,"S02002300","Scottish Borders","Participation Rate","2016/17",4.36,3,"Langlee","Participation Rate Langlee"," ","83.18","86.81",91.34,94.08
1,"S02002324","Shetland Islands","Attainment","2013/14",1.29,0.98,"Lerwick North","Attainment Lerwick North"," ","5.42","5.49",5.56,5.61
1,"S02002324","Shetland Islands","Child Poverty","2014/15",-24.71,-24.4,"Lerwick North","Child Poverty Lerwick North"," ","10.24","12.77",7.15,8.89
1,"S02002324","Shetland Islands","Crime Rate","2012/13",-247,-245,"Lerwick North","Crime Rate Lerwick North"," ","428.26","1485.07",162,559
1,"S02002324","Shetland Islands","Depopulation","2012/13",-7.68,-0.19,"Lerwick North","Depopulation Lerwick North"," ","100","107.68",100,100.19
1,"S02002324","Shetland Islands","Early Mortality","2012/13",-11,22,"Lerwick North","Early Mortality Lerwick North"," ","465","515.69",413,322
1,"S02002324","Shetland Islands","Emergency Admissions","2012/13",19,25,"Lerwick North","Emergency Admissions Lerwick North"," ","29466.12","23913.61",23493,17578
1,"S02002324","Shetland Islands","Out of Work Benefits","2013/14",-48.16,-55.08,"Lerwick North","Out of Work Benefits Lerwick North"," ","8.41","12.46",5.8,9
1,"S02002324","Shetland Islands","Participation Rate","2016/17",0.91,0.1,"Lerwick North","Participation Rate Lerwick North"," ","97.3","98.19",97.32,97.42
1,"S02002343","South Ayrshire","Attainment","2013/14",0.84,0.33,"Lochside, Braehead and Whitletts","Attainment Lochside, Braehead and Whitletts"," ","4.74","4.78",5.56,5.58
1,"S02002343","South Ayrshire","Child Poverty","2014/15",7.08,-5.28,"Lochside, Braehead and Whitletts","Child Poverty Lochside, Braehead and Whitletts"," ","31.23","29.02",16.55,17.42
1,"S02002343","South Ayrshire","Crime Rate","2012/13",36,35,"Lochside, Braehead and Whitletts","Crime Rate Lochside, Braehead and Whitletts"," ","3605.24","2294.31",1948,1258
1,"S02002343","South Ayrshire","Depopulation","2012/13",-1.57,-1.76,"Lochside, Braehead and Whitletts","Depopulation Lochside, Braehead and Whitletts"," ","100","101.57",100,101.76
1,"S02002343","South Ayrshire","Early Mortality","2012/13",-19,0,"Lochside, Braehead and Whitletts","Early Mortality Lochside, Braehead and Whitletts"," ","641","760.67",451,452
1,"S02002343","South Ayrshire","Emergency Admissions","2012/13",-2,11,"Lochside, Braehead and Whitletts","Emergency Admissions Lochside, Braehead and Whitletts"," ","34761.12","35492.71",29687,26368
1,"S02002343","South Ayrshire","Out of Work Benefits","2013/14",-29.11,-28.95,"Lochside, Braehead and Whitletts","Out of Work Benefits Lochside, Braehead and Whitletts"," ","29.51","38.1",13.53,17.45
1,"S02002343","South Ayrshire","Participation Rate","2016/17",11.56,4.92,"Lochside, Braehead and Whitletts","Participation Rate Lochside, Braehead and Whitletts"," ","78.54","87.62",90.79,95.26
1,"S02002386","South Lanarkshire","Attainment","2013/14",3.91,2.32,"Fairhill","Attainment Fairhill"," ","4.86","5.05",5.45,5.57
1,"S02002386","South Lanarkshire","Child Poverty","2014/15",1.08,2.49,"Fairhill","Child Poverty Fairhill"," ","30.44","30.11",15.61,15.22
1,"S02002386","South Lanarkshire","Crime Rate","2012/13",10,45,"Fairhill","Crime Rate Fairhill"," ","2672.81","2396.26",2123,1163
1,"S02002386","South Lanarkshire","Depopulation","2012/13",-0.98,2.39,"Fairhill","Depopulation Fairhill"," ","100","100.98",100,97.61
1,"S02002386","South Lanarkshire","Early Mortality","2012/13",14,6,"Fairhill","Early Mortality Fairhill"," ","717","615.14",489,462
1,"S02002386","South Lanarkshire","Emergency Admissions","2012/13",-19,4,"Fairhill","Emergency Admissions Fairhill"," ","30860.53","36794.15",26799,25600
1,"S02002386","South Lanarkshire","Out of Work Benefits","2013/14",-16.71,-19.31,"Fairhill","Out of Work Benefits Fairhill"," ","26.09","30.45",13.46,16.05
1,"S02002386","South Lanarkshire","Participation Rate","2016/17",12.67,2.98,"Fairhill","Participation Rate Fairhill"," ","78.03","87.92",90.3,92.99
1,"S02002450","Stirling","Attainment","2013/14",5.38,0.99,"Raploch","Attainment Raploch"," ","4.46","4.7",5.59,5.65
1,"S02002450","Stirling","Child Poverty","2014/15",26.34,0.01,"Raploch","Child Poverty Raploch"," ","36.25","26.7",13.86,13.86
1,"S02002450","Stirling","Crime Rate","2012/13",42,26,"Raploch","Crime Rate Raploch"," ","3310.81","1909.78",1450,1072
1,"S02002450","Stirling","Depopulation","2012/13",29.74,3.24,"Raploch","Depopulation Raploch"," ","100","70.26",100,96.76
1,"S02002450","Stirling","Early Mortality","2012/13",-5,3,"Raploch","Early Mortality Raploch"," ","881","929.02",418,405
1,"S02002450","Stirling","Emergency Admissions","2012/13",21,-5,"Raploch","Emergency Admissions Raploch"," ","35920.18","28204.05",22971,24197
1,"S02002450","Stirling","Out of Work Benefits","2013/14",15.41,-15.99,"Raploch","Out of Work Benefits Raploch"," ","31.01","26.23",10.36,12.02
1,"S02002450","Stirling","Participation Rate","2016/17",3.05,2.76,"Raploch","Participation Rate Raploch"," ","78.91","81.32",91.01,93.52
1,"S02002461","West Dunbartonshire","Attainment","2013/14",-2.11,-2.19,"Singer & Clydebank South","Attainment Singer & Clydebank South"," ","5.22","5.11",5.43,5.32
1,"S02002461","West Dunbartonshire","Child Poverty","2014/15",-0.96,3.28,"Singer & Clydebank South","Child Poverty Singer & Clydebank South"," ","23.02","23.24",18.37,17.77
1,"S02002461","West Dunbartonshire","Crime Rate","2012/13",89,52,"Singer & Clydebank South","Crime Rate Singer & Clydebank South"," ","5833.33","653.72",2358,1129
1,"S02002461","West Dunbartonshire","Depopulation","2012/13",6.27,-2.61,"Singer & Clydebank South","Depopulation Singer & Clydebank South"," ","100","93.73",100,102.61
1,"S02002461","West Dunbartonshire","Early Mortality","2012/13",8,9,"Singer & Clydebank South","Early Mortality Singer & Clydebank South"," ","990","907.79",598,544
1,"S02002461","West Dunbartonshire","Emergency Admissions","2012/13",3,7,"Singer & Clydebank South","Emergency Admissions Singer & Clydebank South"," ","40108.4","38722.54",29715,27575
1,"S02002461","West Dunbartonshire","Out of Work Benefits","2013/14",-20.75,-20.16,"Singer & Clydebank South","Out of Work Benefits Singer & Clydebank South"," ","24.1","29.1",17.74,21.32
1,"S02002461","West Dunbartonshire","Participation Rate","2016/17",10.25,2.58,"Singer & Clydebank South","Participation Rate Singer & Clydebank South"," ","82.32","90.76",88.64,90.93
1,"S02002487","West Lothian","Attainment","2013/14",0.59,0.15,"Craigshill","Attainment Craigshill"," ","5.05","5.08",5.5,5.51
1,"S02002487","West Lothian","Child Poverty","2014/15",-42.3,-9.89,"Craigshill","Child Poverty Craigshill"," ","20.78","29.57",14.99,16.47
1,"S02002487","West Lothian","Crime Rate","2012/13",-22,-11,"Craigshill","Crime Rate Craigshill"," ","1249.04","1520.15",1071,1190
1,"S02002487","West Lothian","Depopulation","2012/13",-13.25,3.33,"Craigshill","Depopulation Craigshill"," ","100","113.25",100,96.67
1,"S02002487","West Lothian","Early Mortality","2012/13",-7,9,"Craigshill","Early Mortality Craigshill"," ","618","662.19",477,435
1,"S02002487","West Lothian","Emergency Admissions","2012/13",20,1,"Craigshill","Emergency Admissions Craigshill"," ","41893.64","33371.78",26444,26157
1,"S02002487","West Lothian","Out of Work Benefits","2013/14",-36.22,-26.47,"Craigshill","Out of Work Benefits Craigshill"," ","19.77","26.93",12.16,15.38
1,"S02002487","West Lothian","Participation Rate","2016/17",8.62,4.09,"Craigshill","Participation Rate Craigshill"," ","82.82","89.96",89.74,93.41
2,"S02001267","Aberdeen City","Attainment","2013/14",6.4,1.65,"Woodside","Attainment Woodside"," ","4.84","5.15",5.36,5.45
2,"S02001267","Aberdeen City","Child Poverty","2014/15",-12.82,-22.81,"Woodside","Child Poverty Woodside"," ","22.86","25.79",10.52,12.92
2,"S02001267","Aberdeen City","Crime Rate","2012/13",35,22,"Woodside","Crime Rate Woodside"," ","3097.96","2000.08",1739,1364
2,"S02001267","Aberdeen City","Depopulation","2012/13",-4.63,0.58,"Woodside","Depopulation Woodside"," ","100","104.63",100,99.42
2,"S02001267","Aberdeen City","Early Mortality","2012/13",7,11,"Woodside","Early Mortality Woodside"," ","961","895.38",497,444
2,"S02001267","Aberdeen City","Emergency Admissions","2012/13",7,12,"Woodside","Emergency Admissions Woodside"," ","30661.32","28596.91",26118,22899
2,"S02001267","Aberdeen City","Out of Work Benefits","2013/14",-21.14,-55.54,"Woodside","Out of Work Benefits Woodside"," ","20.29","24.58",7.62,11.85
2,"S02001267","Aberdeen City","Participation Rate","2016/17",0.53,2.45,"Woodside","Participation Rate Woodside"," ","83.21","83.65",87.9,90.05
2,"S02001336","Aberdeenshire","Attainment","2013/14",13.03,1.29,"Peterhead Harbour","Attainment Peterhead Harbour"," ","4.45","5.03",5.44,5.51
2,"S02001336","Aberdeenshire","Child Poverty","2014/15",2.4,-14.72,"Peterhead Harbour","Child Poverty Peterhead Harbour"," ","25.04","24.44",8.91,10.22
2,"S02001336","Aberdeenshire","Crime Rate","2012/13",33,5,"Peterhead Harbour","Crime Rate Peterhead Harbour"," ","3646.45","2427.22",822,780
2,"S02001336","Aberdeenshire","Depopulation","2012/13",-1.15,0.8,"Peterhead Harbour","Depopulation Peterhead Harbour"," ","100","101.15",100,99.2
2,"S02001336","Aberdeenshire","Early Mortality","2012/13",-28,6,"Peterhead Harbour","Early Mortality Peterhead Harbour"," ","663","847.95",373,352
2,"S02001336","Aberdeenshire","Emergency Admissions","2012/13",39,11,"Peterhead Harbour","Emergency Admissions Peterhead Harbour"," ","26612.9","16281.83",19800,17649
2,"S02001336","Aberdeenshire","Out of Work Benefits","2013/14",-43.59,-66.14,"Peterhead Harbour","Out of Work Benefits Peterhead Harbour"," ","16.22","23.29",5.79,9.62
2,"S02001336","Aberdeenshire","Participation Rate","2016/17",0.42,-0.91,"Peterhead Harbour","Participation Rate Peterhead Harbour"," ","82.8","83.15",93.24,92.39
2,"S02001365","Angus","Attainment","2013/14",-4.06,-3.54,"Forfar Central","Attainment Forfar Central"," ","5.17","4.96",5.5,5.31
2,"S02001365","Angus","Child Poverty","2014/15",-11.58,-17.9,"Forfar Central","Child Poverty Forfar Central"," ","22.03","24.58",14.16,16.7
2,"S02001365","Angus","Crime Rate","2012/13",-1,-36,"Forfar Central","Crime Rate Forfar Central"," ","1900.07","1912.17",719,978
2,"S02001365","Angus","Depopulation","2012/13",-9.4,-1.81,"Forfar Central","Depopulation Forfar Central"," ","100","109.4",100,101.81
2,"S02001365","Angus","Early Mortality","2012/13",-9,4,"Forfar Central","Early Mortality Forfar Central"," ","510","555.63",401,383
2,"S02001365","Angus","Emergency Admissions","2012/13",25,-12,"Forfar Central","Emergency Admissions Forfar Central"," ","29778.25","22215.99",19852,22158
2,"S02001365","Angus","Out of Work Benefits","2013/14",-66.58,-60.21,"Forfar Central","Out of Work Benefits Forfar Central"," ","15.74","26.22",9.17,14.69
2,"S02001365","Angus","Participation Rate","2016/17",-2.32,0.09,"Forfar Central","Participation Rate Forfar Central"," ","88.2","86.15",91.56,91.64
2,"S02001380","Argyll and Bute","Attainment","2013/14",-2.43,-1,"Campbeltown","Attainment Campbeltown"," ","5.34","5.21",5.61,5.55
2,"S02001380","Argyll and Bute","Child Poverty","2014/15",-8.21,-4.22,"Campbeltown","Child Poverty Campbeltown"," ","14.98","16.21",14.67,15.28
2,"S02001380","Argyll and Bute","Crime Rate","2012/13",44,34,"Campbeltown","Crime Rate Campbeltown"," ","2904.26","1618.04",1719,1137
2,"S02001380","Argyll and Bute","Depopulation","2012/13",-12.01,-1.13,"Campbeltown","Depopulation Campbeltown"," ","100","112.01",100,101.13
2,"S02001380","Argyll and Bute","Early Mortality","2012/13",15,12,"Campbeltown","Early Mortality Campbeltown"," ","606","512.32",435,384
2,"S02001380","Argyll and Bute","Emergency Admissions","2012/13",21,4,"Campbeltown","Emergency Admissions Campbeltown"," ","32596.23","25615.58",22307,21504
2,"S02001380","Argyll and Bute","Out of Work Benefits","2013/14",-31.83,-31.96,"Campbeltown","Out of Work Benefits Campbeltown"," ","15.33","20.21",9.99,13.18
2,"S02001380","Argyll and Bute","Participation Rate","2016/17",-2.29,0.31,"Campbeltown","Participation Rate Campbeltown"," ","94.76","92.59",94.48,94.78
2,"S02001394","Clackmannanshire","Attainment","2013/14",3.45,-0.48,"Tullibody North and Glenochil","Attainment Tullibody North and Glenochil"," ","4.93","5.1",5.4,5.37
2,"S02001394","Clackmannanshire","Child Poverty","2014/15",-12.49,-11.86,"Tullibody North and Glenochil","Child Poverty Tullibody North and Glenochil"," ","18.74","21.08",17.87,19.99
2,"S02001394","Clackmannanshire","Crime Rate","2012/13",-6,2,"Tullibody North and Glenochil","Crime Rate Tullibody North and Glenochil"," ","1038.16","1101.02",1163,1134
2,"S02001394","Clackmannanshire","Depopulation","2012/13",1.69,1.18,"Tullibody North and Glenochil","Depopulation Tullibody North and Glenochil"," ","100","98.31",100,98.82
2,"S02001394","Clackmannanshire","Early Mortality","2012/13",8,-2,"Tullibody North and Glenochil","Early Mortality Tullibody North and Glenochil"," ","517","474.09",458,466
2,"S02001394","Clackmannanshire","Emergency Admissions","2012/13",-18,-11,"Tullibody North and Glenochil","Emergency Admissions Tullibody North and Glenochil"," ","22007.72","26019.49",20978,23368
2,"S02001394","Clackmannanshire","Out of Work Benefits","2013/14",-29.15,-22.7,"Tullibody North and Glenochil","Out of Work Benefits Tullibody North and Glenochil"," ","12.04","15.55",14.22,17.45
2,"S02001394","Clackmannanshire","Participation Rate","2016/17",-4.02,1.73,"Tullibody North and Glenochil","Participation Rate Tullibody North and Glenochil"," ","91.44","87.76",89.83,91.39
2,"S02001406","Dumfries and Galloway","Attainment","2013/14",3.23,-0.99,"Stranraer East","Attainment Stranraer East"," ","5.27","5.44",5.56,5.5
2,"S02001406","Dumfries and Galloway","Child Poverty","2014/15",-50.17,-10.03,"Stranraer East","Child Poverty Stranraer East"," ","23.1","34.69",17.05,18.76
2,"S02001406","Dumfries and Galloway","Crime Rate","2012/13",-27,-52,"Stranraer East","Crime Rate Stranraer East"," ","3883.83","4933.88",912,1388
2,"S02001406","Dumfries and Galloway","Depopulation","2012/13",-16.24,-3.76,"Stranraer East","Depopulation Stranraer East"," ","100","116.24",100,103.76
2,"S02001406","Dumfries and Galloway","Early Mortality","2012/13",-9,0,"Stranraer East","Early Mortality Stranraer East"," ","599","650.54",406,405
2,"S02001406","Dumfries and Galloway","Emergency Admissions","2012/13",15,-5,"Stranraer East","Emergency Admissions Stranraer East"," ","24780.32","20966.33",21449,22523
2,"S02001406","Dumfries and Galloway","Out of Work Benefits","2013/14",-45.85,-45.02,"Stranraer East","Out of Work Benefits Stranraer East"," ","18.32","26.72",10.97,15.91
2,"S02001406","Dumfries and Galloway","Participation Rate","2016/17",7.36,2.94,"Stranraer East","Participation Rate Stranraer East"," ","84.55","90.77",91.49,94.18
2,"S02001464","Dundee City","Attainment","2013/14",-6.3,-3.27,"Linlathen and Midcraigie","Attainment Linlathen and Midcraigie"," ","4.76","4.46",5.35,5.18
2,"S02001464","Dundee City","Child Poverty","2014/15",-9.75,-3.39,"Linlathen and Midcraigie","Child Poverty Linlathen and Midcraigie"," ","20.72","22.74",17.72,18.32
2,"S02001464","Dundee City","Crime Rate","2012/13",-61,NA,"Linlathen and Midcraigie","Crime Rate Linlathen and Midcraigie"," ","1848.44","2984.5",17.72,1634
2,"S02001464","Dundee City","Depopulation","2012/13",0.49,0.21,"Linlathen and Midcraigie","Depopulation Linlathen and Midcraigie"," ","100","99.51",100,99.79
2,"S02001464","Dundee City","Early Mortality","2012/13",5,8,"Linlathen and Midcraigie","Early Mortality Linlathen and Midcraigie"," ","862","814.9",596,548
2,"S02001464","Dundee City","Emergency Admissions","2012/13",-1,-12,"Linlathen and Midcraigie","Emergency Admissions Linlathen and Midcraigie"," ","29668.67","29933.47",26055,29095
2,"S02001464","Dundee City","Out of Work Benefits","2013/14",-21.13,-20.57,"Linlathen and Midcraigie","Out of Work Benefits Linlathen and Midcraigie"," ","28.4","34.4",16.09,19.4
2,"S02001464","Dundee City","Participation Rate","2016/17",-0.59,2.2,"Linlathen and Midcraigie","Participation Rate Linlathen and Midcraigie"," ","84.2","83.7",87.56,89.48
2,"S02001493","East Ayrshire","Attainment","2013/14",0.63,0.02,"Shortlees","Attainment Shortlees"," ","4.75","4.78",5.39,5.39
2,"S02001493","East Ayrshire","Child Poverty","2014/15",0.8,-7.61,"Shortlees","Child Poverty Shortlees"," ","31.16","30.91",19.52,21
2,"S02001493","East Ayrshire","Crime Rate","2012/13",26,40,"Shortlees","Crime Rate Shortlees"," ","1986.66","1469.33",2132,1274
2,"S02001493","East Ayrshire","Depopulation","2012/13",-3.24,-2.49,"Shortlees","Depopulation Shortlees"," ","100","103.24",100,102.49
2,"S02001493","East Ayrshire","Early Mortality","2012/13",-9,-3,"Shortlees","Early Mortality Shortlees"," ","633","687",511,525
2,"S02001493","East Ayrshire","Emergency Admissions","2012/13",7,9,"Shortlees","Emergency Admissions Shortlees"," ","37185.93","34681.97",30637,27775
2,"S02001493","East Ayrshire","Out of Work Benefits","2013/14",-32.93,-27.35,"Shortlees","Out of Work Benefits Shortlees"," ","27.33","36.33",15.87,20.2
2,"S02001493","East Ayrshire","Participation Rate","2016/17",10.6,3.5,"Shortlees","Participation Rate Shortlees"," ","79.41","87.83",89.02,92.14
2,"S02001531","East Dunbartonshire","Attainment","2013/14",-3,1.92,"Harestanes","Attainment Harestanes"," ","5.66","5.49",6,6.11
2,"S02001531","East Dunbartonshire","Child Poverty","2014/15",-49.29,4.38,"Harestanes","Child Poverty Harestanes"," ","15.52","23.17",8.54,8.17
2,"S02001531","East Dunbartonshire","Crime Rate","2012/13",19,NA,"Harestanes","Crime Rate Harestanes"," ","1217.6","981.87",8.54,538
2,"S02001531","East Dunbartonshire","Depopulation","2012/13",-10.13,2.13,"Harestanes","Depopulation Harestanes"," ","100","110.13",100,97.87
2,"S02001531","East Dunbartonshire","Early Mortality","2012/13",17,16,"Harestanes","Early Mortality Harestanes"," ","611","506.61",344,289
2,"S02001531","East Dunbartonshire","Emergency Admissions","2012/13",-5,13,"Harestanes","Emergency Admissions Harestanes"," ","27323.94","28652.34",24567,21360
2,"S02001531","East Dunbartonshire","Out of Work Benefits","2013/14",-57.53,-28.18,"Harestanes","Out of Work Benefits Harestanes"," ","15.8","24.89",7.46,9.57
2,"S02001531","East Dunbartonshire","Participation Rate","2016/17",2.85,0.57,"Harestanes","Participation Rate Harestanes"," ","91.11","93.71",95.52,96.07
2,"S02001541","East Lothian","Attainment","2013/14",1.37,-1.16,"Prestonpans South","Attainment Prestonpans South"," ","5.1","5.17",5.54,5.47
2,"S02001541","East Lothian","Child Poverty","2014/15",14.35,18.45,"Prestonpans South","Child Poverty Prestonpans South"," ","17.07","14.62",13.94,11.37
2,"S02001541","East Lothian","Crime Rate","2012/13",-101,-66,"Prestonpans South","Crime Rate Prestonpans South"," ","994.07","2000.07",846,1406
2,"S02001541","East Lothian","Depopulation","2012/13",0.44,8.66,"Prestonpans South","Depopulation Prestonpans South"," ","100","99.56",100,91.34
2,"S02001541","East Lothian","Early Mortality","2012/13",10,17,"Prestonpans South","Early Mortality Prestonpans South"," ","407","366.76",414,345
2,"S02001541","East Lothian","Emergency Admissions","2012/13",20,16,"Prestonpans South","Emergency Admissions Prestonpans South"," ","29674.8","23805.45",23511,19759
2,"S02001541","East Lothian","Out of Work Benefits","2013/14",-25.38,-23.77,"Prestonpans South","Out of Work Benefits Prestonpans South"," ","11.78","14.77",9.59,11.87
2,"S02001541","East Lothian","Participation Rate","2016/17",12.06,5.06,"Prestonpans South","Participation Rate Prestonpans South"," ","83.78","93.88",90.27,94.84
2,"S02001558","East Renfrewshire","Attainment","2013/14",-0.93,1.33,"Dunterlie, East Arthurlie and Dovecothall","Attainment Dunterlie, East Arthurlie and Dovecothall"," ","5.4","5.35",6.08,6.16
2,"S02001558","East Renfrewshire","Child Poverty","2014/15",9.1,11.67,"Dunterlie, East Arthurlie and Dovecothall","Child Poverty Dunterlie, East Arthurlie and Dovecothall"," ","22.3","20.27",9.03,7.98
2,"S02001558","East Renfrewshire","Crime Rate","2012/13",39,50,"Dunterlie, East Arthurlie and Dovecothall","Crime Rate Dunterlie, East Arthurlie and Dovecothall"," ","3794.8","2314.57",1174,587
2,"S02001558","East Renfrewshire","Depopulation","2012/13",-0.28,5.38,"Dunterlie, East Arthurlie and Dovecothall","Depopulation Dunterlie, East Arthurlie and Dovecothall"," ","100","100.28",100,94.62
2,"S02001558","East Renfrewshire","Early Mortality","2012/13",23,14,"Dunterlie, East Arthurlie and Dovecothall","Early Mortality Dunterlie, East Arthurlie and Dovecothall"," ","799","614.9",347,298
2,"S02001558","East Renfrewshire","Emergency Admissions","2012/13",31,19,"Dunterlie, East Arthurlie and Dovecothall","Emergency Admissions Dunterlie, East Arthurlie and Dovecothall"," ","36026.2","24811.62",24725,19931
2,"S02001558","East Renfrewshire","Out of Work Benefits","2013/14",-29.37,-19.56,"Dunterlie, East Arthurlie and Dovecothall","Out of Work Benefits Dunterlie, East Arthurlie and Dovecothall"," ","21.21","27.44",7.21,8.62
2,"S02001558","East Renfrewshire","Participation Rate","2016/17",8.26,0.65,"Dunterlie, East Arthurlie and Dovecothall","Participation Rate Dunterlie, East Arthurlie and Dovecothall"," ","88.46","95.77",96.12,96.74
2,"S02001584","Edinburgh, City of","Attainment","2013/14",-4.49,2.16,"Murrayburn and Wester Hailes North","Attainment Murrayburn and Wester Hailes North"," ","4.9","4.68",5.56,5.68
2,"S02001584","Edinburgh, City of","Child Poverty","2014/15",-34.39,-14.23,"Murrayburn and Wester Hailes North","Child Poverty Murrayburn and Wester Hailes North"," ","22.65","30.44",10.69,12.21
2,"S02001584","Edinburgh, City of","Crime Rate","2012/13",-4,7,"Murrayburn and Wester Hailes North","Crime Rate Murrayburn and Wester Hailes North"," ","2987.99","3106.73",1262,1170
2,"S02001584","Edinburgh, City of","Depopulation","2012/13",-5.48,5.6,"Murrayburn and Wester Hailes North","Depopulation Murrayburn and Wester Hailes North"," ","100","105.48",100,94.4
2,"S02001584","Edinburgh, City of","Early Mortality","2012/13",-2,15,"Murrayburn and Wester Hailes North","Early Mortality Murrayburn and Wester Hailes North"," ","837","852.76",470,400
2,"S02001584","Edinburgh, City of","Emergency Admissions","2012/13",11,12,"Murrayburn and Wester Hailes North","Emergency Admissions Murrayburn and Wester Hailes North"," ","34868.42","31124.24",25325,22315
2,"S02001584","Edinburgh, City of","Out of Work Benefits","2013/14",-24.17,-6.32,"Murrayburn and Wester Hailes North","Out of Work Benefits Murrayburn and Wester Hailes North"," ","32.77","40.69",9.87,10.49
2,"S02001584","Edinburgh, City of","Participation Rate","2016/17",14.1,3.21,"Murrayburn and Wester Hailes North","Participation Rate Murrayburn and Wester Hailes North"," ","75.46","86.1",90.28,93.18
2,"S02001694","Eilean Siar","Attainment","2013/14",-8.74,-4.42,"Stornoway East","Attainment Stornoway East"," ","5.72","5.22",5.7,5.45
2,"S02001694","Eilean Siar","Child Poverty","2014/15",-105.51,-20.77,"Stornoway East","Child Poverty Stornoway East"," ","9.98","20.51",11.42,13.79
2,"S02001694","Eilean Siar","Crime Rate","2012/13",-230,-483,"Stornoway East","Crime Rate Stornoway East"," ","364.35","1200.93",132,772
2,"S02001694","Eilean Siar","Depopulation","2012/13",-16.57,-5.7,"Stornoway East","Depopulation Stornoway East"," ","100","116.57",100,105.7
2,"S02001694","Eilean Siar","Early Mortality","2012/13",24,11,"Stornoway East","Early Mortality Stornoway East"," ","690","524.91",478,424
2,"S02001694","Eilean Siar","Emergency Admissions","2012/13",-7,-4,"Stornoway East","Emergency Admissions Stornoway East"," ","27912.93","29884.93",24465,25346
2,"S02001694","Eilean Siar","Out of Work Benefits","2013/14",-27.92,-14.11,"Stornoway East","Out of Work Benefits Stornoway East"," ","11.21","14.34",9.65,11.01
2,"S02001694","Eilean Siar","Participation Rate","2016/17",-0.08,1.58,"Stornoway East","Participation Rate Stornoway East"," ","98.1","98.02",95.87,97.39
2,"S02001718","Falkirk","Attainment","2013/14",2.59,0.45,"Falkirk - Camelon West","Attainment Falkirk - Camelon West"," ","5.01","5.14",5.47,5.5
2,"S02001718","Falkirk","Child Poverty","2014/15",4.43,-5.3,"Falkirk - Camelon West","Child Poverty Falkirk - Camelon West"," ","29.78","28.46",17.19,18.1
2,"S02001718","Falkirk","Crime Rate","2012/13",34,18,"Falkirk - Camelon West","Crime Rate Falkirk - Camelon West"," ","1570.74","1033.3",1412,1151
2,"S02001718","Falkirk","Depopulation","2012/13",-7.8,-0.29,"Falkirk - Camelon West","Depopulation Falkirk - Camelon West"," ","100","107.8",100,100.29
2,"S02001718","Falkirk","Early Mortality","2012/13",-34,-2,"Falkirk - Camelon West","Early Mortality Falkirk - Camelon West"," ","578","773.4",461,470
2,"S02001718","Falkirk","Emergency Admissions","2012/13",-26,-9,"Falkirk - Camelon West","Emergency Admissions Falkirk - Camelon West"," ","28498.73","35923.78",24210,26352
2,"S02001718","Falkirk","Out of Work Benefits","2013/14",-21.93,-23.86,"Falkirk - Camelon West","Out of Work Benefits Falkirk - Camelon West"," ","21.02","25.63",12.58,15.59
2,"S02001718","Falkirk","Participation Rate","2016/17",-5.04,1.52,"Falkirk - Camelon West","Participation Rate Falkirk - Camelon West"," ","87.5","83.09",89.79,91.16
2,"S02001800","Fife","Attainment","2013/14",3.38,-0.09,"Glenrothes Macedonia and Tanshall","Attainment Glenrothes Macedonia and Tanshall"," ","4.73","4.89",5.41,5.41
2,"S02001800","Fife","Child Poverty","2014/15",12.21,-0.89,"Glenrothes Macedonia and Tanshall","Child Poverty Glenrothes Macedonia and Tanshall"," ","30.06","26.39",17.59,17.75
2,"S02001800","Fife","Crime Rate","2012/13",20,-29,"Glenrothes Macedonia and Tanshall","Crime Rate Glenrothes Macedonia and Tanshall"," ","1771.77","1410.79",923,1192
2,"S02001800","Fife","Depopulation","2012/13",1.89,0.57,"Glenrothes Macedonia and Tanshall","Depopulation Glenrothes Macedonia and Tanshall"," ","100","98.11",100,99.43
2,"S02001800","Fife","Early Mortality","2012/13",-7,3,"Glenrothes Macedonia and Tanshall","Early Mortality Glenrothes Macedonia and Tanshall"," ","648","691.57",446,431
2,"S02001800","Fife","Emergency Admissions","2012/13",-41,-13,"Glenrothes Macedonia and Tanshall","Emergency Admissions Glenrothes Macedonia and Tanshall"," ","20727.85","29229.73",22948,25995
2,"S02001800","Fife","Out of Work Benefits","2013/14",-19.43,-29.09,"Glenrothes Macedonia and Tanshall","Out of Work Benefits Glenrothes Macedonia and Tanshall"," ","25.68","30.67",12.64,16.32
2,"S02001800","Fife","Participation Rate","2016/17",3.22,2.91,"Glenrothes Macedonia and Tanshall","Participation Rate Glenrothes Macedonia and Tanshall"," ","84.77","87.5",88.84,91.43
2,"S02001976","Glasgow City","Attainment","2013/14",13.83,3.45,"Drumry East","Attainment Drumry East"," ","4.41","5.02",5.25,5.43
2,"S02001976","Glasgow City","Child Poverty","2014/15",15.87,-13.77,"Drumry East","Child Poverty Drumry East"," ","30.31","25.5",22.4,25.49
2,"S02001976","Glasgow City","Crime Rate","2012/13",63,61,"Drumry East","Crime Rate Drumry East"," ","5139.41","1880.13",3820,1480
2,"S02001976","Glasgow City","Depopulation","2012/13",4.4,3.89,"Drumry East","Depopulation Drumry East"," ","100","95.6",100,96.11
2,"S02001976","Glasgow City","Early Mortality","2012/13",-11,11,"Drumry East","Early Mortality Drumry East"," ","851","944.3",703,624
2,"S02001976","Glasgow City","Emergency Admissions","2012/13",26,13,"Drumry East","Emergency Admissions Drumry East"," ","56750","41979.55",34269,29806
2,"S02001976","Glasgow City","Out of Work Benefits","2013/14",-13.38,-8.37,"Drumry East","Out of Work Benefits Drumry East"," ","36.41","41.28",19.83,21.49
2,"S02001976","Glasgow City","Participation Rate","2016/17",-2.79,3.96,"Drumry East","Participation Rate Drumry East"," ","86.34","83.93",87.37,90.83
2,"S02002000","Highland","Attainment","2013/14",-1.43,-1.07,"Inverness Ballifeary and Dalneigh","Attainment Inverness Ballifeary and Dalneigh"," ","4.88","4.81",5.5,5.44
2,"S02002000","Highland","Child Poverty","2014/15",-7.01,-6.03,"Inverness Ballifeary and Dalneigh","Child Poverty Inverness Ballifeary and Dalneigh"," ","22.83","24.43",14.65,15.54
2,"S02002000","Highland","Crime Rate","2012/13",-78,-297,"Inverness Ballifeary and Dalneigh","Crime Rate Inverness Ballifeary and Dalneigh"," ","892.56","1592.67",331,1313
2,"S02002000","Highland","Depopulation","2012/13",-12.84,-0.15,"Inverness Ballifeary and Dalneigh","Depopulation Inverness Ballifeary and Dalneigh"," ","100","112.84",100,100.15
2,"S02002000","Highland","Early Mortality","2012/13",23,8,"Inverness Ballifeary and Dalneigh","Early Mortality Inverness Ballifeary and Dalneigh"," ","717","553.5",432,399
2,"S02002000","Highland","Emergency Admissions","2012/13",9,6,"Inverness Ballifeary and Dalneigh","Emergency Admissions Inverness Ballifeary and Dalneigh"," ","27578.72","24976.66",21523,20234
2,"S02002000","Highland","Out of Work Benefits","2013/14",-65.99,-38.54,"Inverness Ballifeary and Dalneigh","Out of Work Benefits Inverness Ballifeary and Dalneigh"," ","13.85","22.99",9.2,12.74
2,"S02002000","Highland","Participation Rate","2016/17",6.75,-0.5,"Inverness Ballifeary and Dalneigh","Participation Rate Inverness Ballifeary and Dalneigh"," ","82.87","88.46",93.38,92.91
2,"S02002049","Inverclyde","Attainment","2013/14",2.33,-0.35,"Port Glasgow Mid, East and Central","Attainment Port Glasgow Mid, East and Central"," ","5.15","5.27",5.62,5.6
2,"S02002049","Inverclyde","Child Poverty","2014/15",-1.07,-7.07,"Port Glasgow Mid, East and Central","Child Poverty Port Glasgow Mid, East and Central"," ","23.41","23.66",14.19,15.2
2,"S02002049","Inverclyde","Crime Rate","2012/13",36,43,"Port Glasgow Mid, East and Central","Crime Rate Port Glasgow Mid, East and Central"," ","1913.6","1224.34",1940,1100
2,"S02002049","Inverclyde","Depopulation","2012/13",-8.56,-3.88,"Port Glasgow Mid, East and Central","Depopulation Port Glasgow Mid, East and Central"," ","100","108.56",100,103.88
2,"S02002049","Inverclyde","Early Mortality","2012/13",18,9,"Port Glasgow Mid, East and Central","Early Mortality Port Glasgow Mid, East and Central"," ","713","584.08",551,503
2,"S02002049","Inverclyde","Emergency Admissions","2012/13",10,15,"Port Glasgow Mid, East and Central","Emergency Admissions Port Glasgow Mid, East and Central"," ","29955.95","26915.49",27954,23879
2,"S02002049","Inverclyde","Out of Work Benefits","2013/14",-22.82,-22.02,"Port Glasgow Mid, East and Central","Out of Work Benefits Port Glasgow Mid, East and Central"," ","25.86","31.76",16.29,19.88
2,"S02002049","Inverclyde","Participation Rate","2016/17",6.7,1.96,"Port Glasgow Mid, East and Central","Participation Rate Port Glasgow Mid, East and Central"," ","86.85","92.67",91.35,93.13
2,"S02002071","Midlothian","Attainment","2013/14",4.73,0.02,"North Gorebridge","Attainment North Gorebridge"," ","4.86","5.09",5.42,5.42
2,"S02002071","Midlothian","Child Poverty","2014/15",27.74,-2.24,"North Gorebridge","Child Poverty North Gorebridge"," ","23.83","17.22",14.54,14.87
2,"S02002071","Midlothian","Crime Rate","2012/13",38,4,"North Gorebridge","Crime Rate North Gorebridge"," ","1302.84","806",1273,1227
2,"S02002071","Midlothian","Depopulation","2012/13",28.88,10.58,"North Gorebridge","Depopulation North Gorebridge"," ","100","71.12",100,89.42
2,"S02002071","Midlothian","Early Mortality","2012/13",19,-2,"North Gorebridge","Early Mortality North Gorebridge"," ","589","475.03",420,427
2,"S02002071","Midlothian","Emergency Admissions","2012/13",24,15,"North Gorebridge","Emergency Admissions North Gorebridge"," ","35326.09","26705.24",25046,21361
2,"S02002071","Midlothian","Out of Work Benefits","2013/14",1.83,-21.49,"North Gorebridge","Out of Work Benefits North Gorebridge"," ","17.53","17.21",11.91,14.47
2,"S02002071","Midlothian","Participation Rate","2016/17",12.23,6.91,"North Gorebridge","Participation Rate North Gorebridge"," ","81.1","91.02",88.26,94.36
2,"S02002078","Moray","Attainment","2013/14",4.67,-1.47,"Buckie Central East","Attainment Buckie Central East"," ","5.35","5.6",5.52,5.44
2,"S02002078","Moray","Child Poverty","2014/15",-23.96,-19.08,"Buckie Central East","Child Poverty Buckie Central East"," ","16.53","20.49",13.57,16.16
2,"S02002078","Moray","Crime Rate","2012/13",-3,-2,"Buckie Central East","Crime Rate Buckie Central East"," ","1378.82","1421.82",1012,1037
2,"S02002078","Moray","Depopulation","2012/13",-3.02,-0.2,"Buckie Central East","Depopulation Buckie Central East"," ","100","103.02",100,100.2
2,"S02002078","Moray","Early Mortality","2012/13",21,8,"Buckie Central East","Early Mortality Buckie Central East"," ","475","374.04",400,370
2,"S02002078","Moray","Emergency Admissions","2012/13",12,-1,"Buckie Central East","Emergency Admissions Buckie Central East"," ","18896.55","16641.69",17487,17581
2,"S02002078","Moray","Out of Work Benefits","2013/14",-41.3,-50.5,"Buckie Central East","Out of Work Benefits Buckie Central East"," ","12.76","18.03",7.84,11.79
2,"S02002078","Moray","Participation Rate","2016/17",7.71,4.25,"Buckie Central East","Participation Rate Buckie Central East"," ","88.59","95.42",90.89,94.75
2,"S02002111","North Ayrshire","Attainment","2013/14",0.58,0.38,"Saltcoats Central","Attainment Saltcoats Central"," ","5.14","5.17",5.41,5.43
2,"S02002111","North Ayrshire","Child Poverty","2014/15",-21.07,-0.47,"Saltcoats Central","Child Poverty Saltcoats Central"," ","23.97","29.02",20.35,20.45
2,"S02002111","North Ayrshire","Crime Rate","2012/13",22,35,"Saltcoats Central","Crime Rate Saltcoats Central"," ","5586.46","4331.39",2154,1404
2,"S02002111","North Ayrshire","Depopulation","2012/13",-9.87,-2.83,"Saltcoats Central","Depopulation Saltcoats Central"," ","100","109.87",100,102.83
2,"S02002111","North Ayrshire","Early Mortality","2012/13",-19,-2,"Saltcoats Central","Early Mortality Saltcoats Central"," ","738","878.27",516,526
2,"S02002111","North Ayrshire","Emergency Admissions","2012/13",20,3,"Saltcoats Central","Emergency Admissions Saltcoats Central"," ","40625","32512.57",27805,26840
2,"S02002111","North Ayrshire","Out of Work Benefits","2013/14",-39.57,-29.74,"Saltcoats Central","Out of Work Benefits Saltcoats Central"," ","31.06","43.35",17.21,22.33
2,"S02002111","North Ayrshire","Participation Rate","2016/17",0.59,2.01,"Saltcoats Central","Participation Rate Saltcoats Central"," ","84.21","84.71",89.96,91.77
2,"S02002188","North Lanarkshire","Attainment","2013/14",-5.26,-1.24,"Airdrie North","Attainment Airdrie North"," ","4.94","4.68",5.39,5.33
2,"S02002188","North Lanarkshire","Child Poverty","2014/15",-38.15,-1.6,"Airdrie North","Child Poverty Airdrie North"," ","27.13","37.48",18.9,19.2
2,"S02002188","North Lanarkshire","Crime Rate","2012/13",41,40,"Airdrie North","Crime Rate Airdrie North"," ","3231.02","1893",2190,1319
2,"S02002188","North Lanarkshire","Depopulation","2012/13",-21.67,-0.89,"Airdrie North","Depopulation Airdrie North"," ","100","121.67",100,100.89
2,"S02002188","North Lanarkshire","Early Mortality","2012/13",-14,2,"Airdrie North","Early Mortality Airdrie North"," ","764","868.29",555,543
2,"S02002188","North Lanarkshire","Emergency Admissions","2012/13",-27,-6,"Airdrie North","Emergency Admissions Airdrie North"," ","33589.46","42732.76",29416,31054
2,"S02002188","North Lanarkshire","Out of Work Benefits","2013/14",-26.82,-20.26,"Airdrie North","Out of Work Benefits Airdrie North"," ","25.84","32.77",15.31,18.41
2,"S02002188","North Lanarkshire","Participation Rate","2016/17",-1.29,1.93,"Airdrie North","Participation Rate Airdrie North"," ","80.88","79.84",89.21,90.93
2,"S02002216","Orkney Islands","Attainment","2013/14",-1.59,-0.12,"West Kirkwall","Attainment West Kirkwall"," ","5.65","5.56",5.62,5.61
2,"S02002216","Orkney Islands","Child Poverty","2014/15",-33.92,1.7,"West Kirkwall","Child Poverty West Kirkwall"," ","7.99","10.7",12.83,12.62
2,"S02002216","Orkney Islands","Crime Rate","2012/13",-320,-353,"West Kirkwall","Crime Rate West Kirkwall"," ","373.64","1569.58",171,775
2,"S02002216","Orkney Islands","Depopulation","2012/13",-11.09,0.66,"West Kirkwall","Depopulation West Kirkwall"," ","100","111.09",100,99.33
2,"S02002216","Orkney Islands","Early Mortality","2012/13",-6,6,"West Kirkwall","Early Mortality West Kirkwall"," ","515","546.09",369,346
2,"S02002216","Orkney Islands","Emergency Admissions","2012/13",-1,14,"West Kirkwall","Emergency Admissions West Kirkwall"," ","27706.19","27992.24",20828,17877
2,"S02002216","Orkney Islands","Out of Work Benefits","2013/14",-76.24,-61.85,"West Kirkwall","Out of Work Benefits West Kirkwall"," ","8.29","14.61",6.46,10.45
2,"S02002216","Orkney Islands","Participation Rate","2016/17",2.1,-0.74,"West Kirkwall","Participation Rate West Kirkwall"," ","91.61","93.53",94.36,93.66
2,"S02002239","Perth and Kinross","Attainment","2013/14",3.23,-0.16,"Central and South Inch","Attainment Central and South Inch"," ","5.27","5.44",5.6,5.59
2,"S02002239","Perth and Kinross","Child Poverty","2014/15",-32.96,-3.36,"Central and South Inch","Child Poverty Central and South Inch"," ","29.52","39.25",13.52,13.98
2,"S02002239","Perth and Kinross","Crime Rate","2012/13",-18,-39,"Central and South Inch","Crime Rate Central and South Inch"," ","3387.38","3992.22",745,1039
2,"S02002239","Perth and Kinross","Depopulation","2012/13",1.05,3.22,"Central and South Inch","Depopulation Central and South Inch"," ","100","98.95",100,96.78
2,"S02002239","Perth and Kinross","Early Mortality","2012/13",-6,3,"Central and South Inch","Early Mortality Central and South Inch"," ","596","632.88",369,356
2,"S02002239","Perth and Kinross","Emergency Admissions","2012/13",-3,-14,"Central and South Inch","Emergency Admissions Central and South Inch"," ","31259.48","32332.91",22242,25364
2,"S02002239","Perth and Kinross","Out of Work Benefits","2013/14",-11.58,-42.49,"Central and South Inch","Out of Work Benefits Central and South Inch"," ","19.94","22.25",8.24,11.74
2,"S02002239","Perth and Kinross","Participation Rate","2016/17",-2.64,0.07,"Central and South Inch","Participation Rate Central and South Inch"," ","85","82.76",92.3,92.37
2,"S02002264","Renfrewshire","Attainment","2013/14",-2.4,1.08,"Paisley North West","Attainment Paisley North West"," ","5.42","5.29",5.52,5.58
2,"S02002264","Renfrewshire","Child Poverty","2014/15",21.67,-16.57,"Paisley North West","Child Poverty Paisley North West"," ","24.74","19.38",12.87,15.01
2,"S02002264","Renfrewshire","Crime Rate","2012/13",46,51,"Paisley North West","Crime Rate Paisley North West"," ","4570.41","2446.1",1976,965
2,"S02002264","Renfrewshire","Depopulation","2012/13",14.28,3.07,"Paisley North West","Depopulation Paisley North West"," ","100","85.72",100,96.93
2,"S02002264","Renfrewshire","Early Mortality","2012/13",8,13,"Paisley North West","Early Mortality Paisley North West"," ","990","908.08",532,465
2,"S02002264","Renfrewshire","Emergency Admissions","2012/13",22,14,"Paisley North West","Emergency Admissions Paisley North West"," ","37957.61","29439.16",28094,24249
2,"S02002264","Renfrewshire","Out of Work Benefits","2013/14",-0.07,-11.04,"Paisley North West","Out of Work Benefits Paisley North West"," ","27.87","27.89",13.74,15.26
2,"S02002264","Renfrewshire","Participation Rate","2016/17",-0.14,1.93,"Paisley North West","Participation Rate Paisley North West"," ","85.57","85.45",91.1,92.86
2,"S02002316","Scottish Borders","Attainment","2013/14",-3.38,-1.26,"Burnfoot","Attainment Burnfoot"," ","4.74","4.58",5.54,5.47
2,"S02002316","Scottish Borders","Child Poverty","2014/15",-24.82,-9.92,"Burnfoot","Child Poverty Burnfoot"," ","28.81","35.96",15.03,16.52
2,"S02002316","Scottish Borders","Crime Rate","2012/13",-26,-37,"Burnfoot","Crime Rate Burnfoot"," ","1329.42","1669.63",764,1047
2,"S02002316","Scottish Borders","Depopulation","2012/13",-10.35,1.33,"Burnfoot","Depopulation Burnfoot"," ","100","110.35",100,98.67
2,"S02002316","Scottish Borders","Early Mortality","2012/13",-32,5,"Burnfoot","Early Mortality Burnfoot"," ","467","616.91",380,360
2,"S02002316","Scottish Borders","Emergency Admissions","2012/13",6,13,"Burnfoot","Emergency Admissions Burnfoot"," ","28535.98","26793.35",25376,21982
2,"S02002316","Scottish Borders","Out of Work Benefits","2013/14",-62.33,-43.38,"Burnfoot","Out of Work Benefits Burnfoot"," ","21.29","34.56",9.82,14.08
2,"S02002316","Scottish Borders","Participation Rate","2016/17",2.47,3,"Burnfoot","Participation Rate Burnfoot"," ","83.73","85.8",91.34,94.08
2,"S02002327","Shetland Islands","Attainment","2013/14",3.9,0.98,"North Mainland","Attainment North Mainland"," ","5.39","5.6",5.56,5.61
2,"S02002327","Shetland Islands","Child Poverty","2014/15",-28.25,-24.4,"North Mainland","Child Poverty North Mainland"," ","7.47","9.58",7.15,8.89
2,"S02002327","Shetland Islands","Crime Rate","2012/13",-257,-245,"North Mainland","Crime Rate North Mainland"," ","106.44","379.67",162,559
2,"S02002327","Shetland Islands","Depopulation","2012/13",0.37,-0.19,"North Mainland","Depopulation North Mainland"," ","100","99.63",100,100.19
2,"S02002327","Shetland Islands","Early Mortality","2012/13",41,22,"North Mainland","Early Mortality North Mainland"," ","435","258.51",413,322
2,"S02002327","Shetland Islands","Emergency Admissions","2012/13",41,25,"North Mainland","Emergency Admissions North Mainland"," ","32249.32","18950.01",23493,17578
2,"S02002327","Shetland Islands","Out of Work Benefits","2013/14",-75.63,-55.08,"North Mainland","Out of Work Benefits North Mainland"," ","5.91","10.38",5.8,9
2,"S02002327","Shetland Islands","Participation Rate","2016/17",1.45,0.1,"North Mainland","Participation Rate North Mainland"," ","96.43","97.83",97.32,97.42
2,"S02002340","South Ayrshire","Attainment","2013/14",-0.4,0.33,"Ayr North Harbour, Wallacetown and Newton South","Attainment Ayr North Harbour, Wallacetown and Newton South"," ","4.99","4.97",5.56,5.58
2,"S02002340","South Ayrshire","Child Poverty","2014/15",2.74,-5.28,"Ayr North Harbour, Wallacetown and Newton South","Child Poverty Ayr North Harbour, Wallacetown and Newton South"," ","38.01","36.97",16.55,17.42
2,"S02002340","South Ayrshire","Crime Rate","2012/13",27,35,"Ayr North Harbour, Wallacetown and Newton South","Crime Rate Ayr North Harbour, Wallacetown and Newton South"," ","5025.44","3672.89",1948,1258
2,"S02002340","South Ayrshire","Depopulation","2012/13",-6.06,-1.76,"Ayr North Harbour, Wallacetown and Newton South","Depopulation Ayr North Harbour, Wallacetown and Newton South"," ","100","106.06",100,101.76
2,"S02002340","South Ayrshire","Early Mortality","2012/13",-35,0,"Ayr North Harbour, Wallacetown and Newton South","Early Mortality Ayr North Harbour, Wallacetown and Newton South"," ","740","1002.27",451,452
2,"S02002340","South Ayrshire","Emergency Admissions","2012/13",-10,11,"Ayr North Harbour, Wallacetown and Newton South","Emergency Admissions Ayr North Harbour, Wallacetown and Newton South"," ","30085.26","33205.86",29687,26368
2,"S02002340","South Ayrshire","Out of Work Benefits","2013/14",-31.05,-28.95,"Ayr North Harbour, Wallacetown and Newton South","Out of Work Benefits Ayr North Harbour, Wallacetown and Newton South"," ","30.34","39.76",13.53,17.45
2,"S02002340","South Ayrshire","Participation Rate","2016/17",21.41,4.92,"Ayr North Harbour, Wallacetown and Newton South","Participation Rate Ayr North Harbour, Wallacetown and Newton South"," ","71.01","86.21",90.79,95.26
2,"S02002398","South Lanarkshire","Attainment","2013/14",4.5,2.32,"Whitehill","Attainment Whitehill"," ","4.67","4.88",5.45,5.57
2,"S02002398","South Lanarkshire","Child Poverty","2014/15",-9.12,2.49,"Whitehill","Child Poverty Whitehill"," ","20.61","22.49",15.61,15.22
2,"S02002398","South Lanarkshire","Crime Rate","2012/13",42,45,"Whitehill","Crime Rate Whitehill"," ","5349.1","3097.67",2123,1163
2,"S02002398","South Lanarkshire","Depopulation","2012/13",-4.54,2.39,"Whitehill","Depopulation Whitehill"," ","100","104.54",100,97.61
2,"S02002398","South Lanarkshire","Early Mortality","2012/13",-8,6,"Whitehill","Early Mortality Whitehill"," ","619","667.51",489,462
2,"S02002398","South Lanarkshire","Emergency Admissions","2012/13",-35,4,"Whitehill","Emergency Admissions Whitehill"," ","28795.81","38811.65",26799,25600
2,"S02002398","South Lanarkshire","Out of Work Benefits","2013/14",-28.52,-19.31,"Whitehill","Out of Work Benefits Whitehill"," ","20.83","26.77",13.46,16.05
2,"S02002398","South Lanarkshire","Participation Rate","2016/17",20.24,2.98,"Whitehill","Participation Rate Whitehill"," ","73.01","87.79",90.3,92.99
2,"S02002449","Stirling","Attainment","2013/14",-2.01,0.99,"City Centre","Attainment City Centre"," ","4.97","4.87",5.59,5.65
2,"S02002449","Stirling","Child Poverty","2014/15",19.78,0.01,"City Centre","Child Poverty City Centre"," ","25.08","20.12",13.86,13.86
2,"S02002449","Stirling","Crime Rate","2012/13",39,26,"City Centre","Crime Rate City Centre"," ","3388.2","2081.35",1450,1072
2,"S02002449","Stirling","Depopulation","2012/13",7.47,3.24,"City Centre","Depopulation City Centre"," ","100","92.53",100,96.76
2,"S02002449","Stirling","Early Mortality","2012/13",-22,3,"City Centre","Early Mortality City Centre"," ","507","617.63",418,405
2,"S02002449","Stirling","Emergency Admissions","2012/13",-113,-5,"City Centre","Emergency Admissions City Centre"," ","23529.41","50108.27",22971,24197
2,"S02002449","Stirling","Out of Work Benefits","2013/14",11.33,-15.99,"City Centre","Out of Work Benefits City Centre"," ","9.97","8.84",10.36,12.02
2,"S02002449","Stirling","Participation Rate","2016/17",14.16,2.76,"City Centre","Participation Rate City Centre"," ","71.67","81.82",91.01,93.52
2,"S02002460","West Dunbartonshire","Attainment","2013/14",-2.77,-2.19,"Whitecrook","Attainment Whitecrook"," ","5.05","4.91",5.43,5.32
2,"S02002460","West Dunbartonshire","Child Poverty","2014/15",15.72,3.28,"Whitecrook","Child Poverty Whitecrook"," ","25.63","21.6",18.37,17.77
2,"S02002460","West Dunbartonshire","Crime Rate","2012/13",76,52,"Whitecrook","Crime Rate Whitecrook"," ","2488.78","586.73",2358,1129
2,"S02002460","West Dunbartonshire","Depopulation","2012/13",-9.82,-2.61,"Whitecrook","Depopulation Whitecrook"," ","100","109.82",100,102.61
2,"S02002460","West Dunbartonshire","Early Mortality","2012/13",33,9,"Whitecrook","Early Mortality Whitecrook"," ","789","526.26",598,544
2,"S02002460","West Dunbartonshire","Emergency Admissions","2012/13",5,7,"Whitecrook","Emergency Admissions Whitecrook"," ","26666.67","25317.96",29715,27575
2,"S02002460","West Dunbartonshire","Out of Work Benefits","2013/14",-12.49,-20.16,"Whitecrook","Out of Work Benefits Whitecrook"," ","24.42","27.47",17.74,21.32
2,"S02002460","West Dunbartonshire","Participation Rate","2016/17",0.78,2.58,"Whitecrook","Participation Rate Whitecrook"," ","89.3","90",88.64,90.93
2,"S02002498","West Lothian","Attainment","2013/14",5.7,0.15,"Whitburn Central","Attainment Whitburn Central"," ","4.91","5.19",5.5,5.51
2,"S02002498","West Lothian","Child Poverty","2014/15",-34.17,-9.89,"Whitburn Central","Child Poverty Whitburn Central"," ","25.08","33.65",14.99,16.47
2,"S02002498","West Lothian","Crime Rate","2012/13",7,-11,"Whitburn Central","Crime Rate Whitburn Central"," ","2158.11","2004.84",1071,1190
2,"S02002498","West Lothian","Depopulation","2012/13",-3.75,3.33,"Whitburn Central","Depopulation Whitburn Central"," ","100","103.75",100,96.67
2,"S02002498","West Lothian","Early Mortality","2012/13",-15,9,"Whitburn Central","Early Mortality Whitburn Central"," ","577","664.97",477,435
2,"S02002498","West Lothian","Emergency Admissions","2012/13",-3,1,"Whitburn Central","Emergency Admissions Whitburn Central"," ","28835.69","29765.59",26444,26157
2,"S02002498","West Lothian","Out of Work Benefits","2013/14",-17.86,-26.47,"Whitburn Central","Out of Work Benefits Whitburn Central"," ","24.07","28.37",12.16,15.38
2,"S02002498","West Lothian","Participation Rate","2016/17",6.97,4.09,"Whitburn Central","Participation Rate Whitburn Central"," ","84.91","90.83",89.74,93.41
3,"S02001258","Aberdeen City","Attainment","2013/14",2.85,1.65,"Torry East","Attainment Torry East","Attainment","4.56","4.69",5.36,5.45
3,"S02001258","Aberdeen City","Child Poverty","2014/15",-7.44,-22.81,"Torry East","Child Poverty Torry East","Child Poverty","25","26.86",10.52,12.92
3,"S02001258","Aberdeen City","Crime Rate","2012/13",19,22,"Torry East","Crime Rate Torry East","Crime Rate","1586.89","1284.23",1739,1364
3,"S02001258","Aberdeen City","Depopulation","2012/13",-12.68,0.58,"Torry East","Depopulation Torry East","Depopulation","100","112.68",100,99.42
3,"S02001258","Aberdeen City","Early Mortality","2012/13",-8,11,"Torry East","Early Mortality Torry East","Early Mortality","689","745.82",497,444
3,"S02001258","Aberdeen City","Emergency Admissions","2012/13",20,12,"Torry East","Emergency Admissions Torry East","Emergency Admissions","33504.27","26941.18",26118,22899
3,"S02001258","Aberdeen City","Out of Work Benefits","2013/14",-34.57,-55.54,"Torry East","Out of Work Benefits Torry East","Out of Work Benefits","18.4","24.76",7.62,11.85
3,"S02001258","Aberdeen City","Participation Rate","2016/17",-0.04,2.45,"Torry East","Participation Rate Torry East","Participation Rate","81.89","81.86",87.9,90.05
3,"S02001335","Aberdeenshire","Attainment","2013/14",3.87,1.29,"Peterhead Bay","Attainment Peterhead Bay","Attainment","4.65","4.83",5.44,5.51
3,"S02001335","Aberdeenshire","Child Poverty","2014/15",-5.23,-14.72,"Peterhead Bay","Child Poverty Peterhead Bay","Child Poverty","18.18","19.13",8.91,10.22
3,"S02001335","Aberdeenshire","Crime Rate","2012/13",-30,5,"Peterhead Bay","Crime Rate Peterhead Bay","Crime Rate","1703.47","2220.99",822,780
3,"S02001335","Aberdeenshire","Depopulation","2012/13",-8.9,0.8,"Peterhead Bay","Depopulation Peterhead Bay","Depopulation","100","108.9",100,99.2
3,"S02001335","Aberdeenshire","Early Mortality","2012/13",11,6,"Peterhead Bay","Early Mortality Peterhead Bay","Early Mortality","576","514.91",373,352
3,"S02001335","Aberdeenshire","Emergency Admissions","2012/13",-11,11,"Peterhead Bay","Emergency Admissions Peterhead Bay","Emergency Admissions","18654.43","20696.24",19800,17649
3,"S02001335","Aberdeenshire","Out of Work Benefits","2013/14",-48.06,-66.14,"Peterhead Bay","Out of Work Benefits Peterhead Bay","Out of Work Benefits","13.63","20.18",5.79,9.62
3,"S02001335","Aberdeenshire","Participation Rate","2016/17",-5.72,-0.91,"Peterhead Bay","Participation Rate Peterhead Bay","Participation Rate","88.17","83.13",93.24,92.39
3,"S02001355","Angus","Attainment","2013/14",-9.42,-3.54,"Arbroath Warddykes","Attainment Arbroath Warddykes","Attainment","4.99","4.52",5.5,5.31
3,"S02001355","Angus","Child Poverty","2014/15",-35.72,-17.9,"Arbroath Warddykes","Child Poverty Arbroath Warddykes","Child Poverty","25.45","34.54",14.16,16.7
3,"S02001355","Angus","Crime Rate","2012/13",-19,-36,"Arbroath Warddykes","Crime Rate Arbroath Warddykes","Crime Rate","1208.01","1436.28",719,978
3,"S02001355","Angus","Depopulation","2012/13",-9.85,-1.81,"Arbroath Warddykes","Depopulation Arbroath Warddykes","Depopulation","100","109.85",100,101.81
3,"S02001355","Angus","Early Mortality","2012/13",-5,4,"Arbroath Warddykes","Early Mortality Arbroath Warddykes","Early Mortality","503","530.55",401,383
3,"S02001355","Angus","Emergency Admissions","2012/13",-23,-12,"Arbroath Warddykes","Emergency Admissions Arbroath Warddykes","Emergency Admissions","17222.96","21258.95",19852,22158
3,"S02001355","Angus","Out of Work Benefits","2013/14",-59.5,-60.21,"Arbroath Warddykes","Out of Work Benefits Arbroath Warddykes","Out of Work Benefits","17.85","28.47",9.17,14.69
3,"S02001355","Angus","Participation Rate","2016/17",-0.96,0.09,"Arbroath Warddykes","Participation Rate Arbroath Warddykes","Participation Rate","88.73","87.88",91.56,91.64
3,"S02001382","Argyll and Bute","Attainment","2013/14",-1.14,-1,"Rothesay Town","Attainment Rothesay Town","Attainment","5.28","5.22",5.61,5.55
3,"S02001382","Argyll and Bute","Child Poverty","2014/15",-11.33,-4.22,"Rothesay Town","Child Poverty Rothesay Town","Child Poverty","21.88","24.36",14.67,15.28
3,"S02001382","Argyll and Bute","Crime Rate","2012/13",25,34,"Rothesay Town","Crime Rate Rothesay Town","Crime Rate","2949.71","2213.79",1719,1137
3,"S02001382","Argyll and Bute","Depopulation","2012/13",-11.01,-1.13,"Rothesay Town","Depopulation Rothesay Town","Depopulation","100","111.01",100,101.13
3,"S02001382","Argyll and Bute","Early Mortality","2012/13",-8,12,"Rothesay Town","Early Mortality Rothesay Town","Early Mortality","592","640.82",435,384
3,"S02001382","Argyll and Bute","Emergency Admissions","2012/13",16,4,"Rothesay Town","Emergency Admissions Rothesay Town","Emergency Admissions","26735.75","22434.98",22307,21504
3,"S02001382","Argyll and Bute","Out of Work Benefits","2013/14",-53.97,-31.96,"Rothesay Town","Out of Work Benefits Rothesay Town","Out of Work Benefits","21.79","33.55",9.99,13.18
3,"S02001382","Argyll and Bute","Participation Rate","2016/17",-1.56,0.31,"Rothesay Town","Participation Rate Rothesay Town","Participation Rate","88.89","87.5",94.48,94.78
3,"S02001401","Clackmannanshire","Attainment","2013/14",-5.51,-0.48,"Sauchie","Attainment Sauchie","Attainment","5.26","4.97",5.4,5.37
3,"S02001401","Clackmannanshire","Child Poverty","2014/15",-57.81,-11.86,"Sauchie","Child Poverty Sauchie","Child Poverty","20.55","32.43",17.87,19.99
3,"S02001401","Clackmannanshire","Crime Rate","2012/13",3,2,"Sauchie","Crime Rate Sauchie","Crime Rate","1298.86","1256.54",1163,1134
3,"S02001401","Clackmannanshire","Depopulation","2012/13",-5.81,1.18,"Sauchie","Depopulation Sauchie","Depopulation","100","105.81",100,98.82
3,"S02001401","Clackmannanshire","Early Mortality","2012/13",-24,-2,"Sauchie","Early Mortality Sauchie","Early Mortality","552","683.77",458,466
3,"S02001401","Clackmannanshire","Emergency Admissions","2012/13",-24,-11,"Sauchie","Emergency Admissions Sauchie","Emergency Admissions","21581.2","26744.02",20978,23368
3,"S02001401","Clackmannanshire","Out of Work Benefits","2013/14",-34.27,-22.7,"Sauchie","Out of Work Benefits Sauchie","Out of Work Benefits","18.56","24.92",14.22,17.45
3,"S02001401","Clackmannanshire","Participation Rate","2016/17",5.33,1.73,"Sauchie","Participation Rate Sauchie","Participation Rate","84.21","88.7",89.83,91.39
3,"S02001405","Dumfries and Galloway","Attainment","2013/14",-2.53,-0.99,"Stranraer West","Attainment Stranraer West","Attainment","5.14","5.01",5.56,5.5
3,"S02001405","Dumfries and Galloway","Child Poverty","2014/15",5.5,-10.03,"Stranraer West","Child Poverty Stranraer West","Child Poverty","31.48","29.75",17.05,18.76
3,"S02001405","Dumfries and Galloway","Crime Rate","2012/13",-89,-52,"Stranraer West","Crime Rate Stranraer West","Crime Rate","1188.98","2242.92",912,1388
3,"S02001405","Dumfries and Galloway","Depopulation","2012/13",-4.71,-3.76,"Stranraer West","Depopulation Stranraer West","Depopulation","100","104.71",100,103.76
3,"S02001405","Dumfries and Galloway","Early Mortality","2012/13",-19,0,"Stranraer West","Early Mortality Stranraer West","Early Mortality","462","550.64",406,405
3,"S02001405","Dumfries and Galloway","Emergency Admissions","2012/13",8,-5,"Stranraer West","Emergency Admissions Stranraer West","Emergency Admissions","24449.59","22515.3",21449,22523
3,"S02001405","Dumfries and Galloway","Out of Work Benefits","2013/14",-52.19,-45.02,"Stranraer West","Out of Work Benefits Stranraer West","Out of Work Benefits","20.96","31.9",10.97,15.91
3,"S02001405","Dumfries and Galloway","Participation Rate","2016/17",8.33,2.94,"Stranraer West","Participation Rate Stranraer West","Participation Rate","82.11","88.95",91.49,94.18
3,"S02001450","Dundee City","Attainment","2013/14",-6.86,-3.27,"Hilltown","Attainment Hilltown","Attainment","5.1","4.75",5.35,5.18
3,"S02001450","Dundee City","Child Poverty","2014/15",-3.68,-3.39,"Hilltown","Child Poverty Hilltown","Child Poverty","28.01","29.04",17.72,18.32
3,"S02001450","Dundee City","Crime Rate","2012/13",-48,NA,"Hilltown","Crime Rate Hilltown","Crime Rate","1534.02","2263.49",17.72,1634
3,"S02001450","Dundee City","Depopulation","2012/13",1.2,0.21,"Hilltown","Depopulation Hilltown","Depopulation","100","98.8",100,99.79
3,"S02001450","Dundee City","Early Mortality","2012/13",-2,8,"Hilltown","Early Mortality Hilltown","Early Mortality","851","869.25",596,548
3,"S02001450","Dundee City","Emergency Admissions","2012/13",-11,-12,"Hilltown","Emergency Admissions Hilltown","Emergency Admissions","32309.58","35763.95",26055,29095
3,"S02001450","Dundee City","Out of Work Benefits","2013/14",-27.39,-20.57,"Hilltown","Out of Work Benefits Hilltown","Out of Work Benefits","24.64","31.39",16.09,19.4
3,"S02001450","Dundee City","Participation Rate","2016/17",10.91,2.2,"Hilltown","Participation Rate Hilltown","Participation Rate","78.03","86.54",87.56,89.48
3,"S02001476","East Ayrshire","Attainment","2013/14",12.5,0.02,"Doon Valley South","Attainment Doon Valley South","Attainment","4.56","5.13",5.39,5.39
3,"S02001476","East Ayrshire","Child Poverty","2014/15",-0.6,-7.61,"Doon Valley South","Child Poverty Doon Valley South","Child Poverty","29.8","29.98",19.52,21
3,"S02001476","East Ayrshire","Crime Rate","2012/13",28,40,"Doon Valley South","Crime Rate Doon Valley South","Crime Rate","1674.76","1201.9",2132,1274
3,"S02001476","East Ayrshire","Depopulation","2012/13",-10.31,-2.49,"Doon Valley South","Depopulation Doon Valley South","Depopulation","100","110.31",100,102.49
3,"S02001476","East Ayrshire","Early Mortality","2012/13",-17,-3,"Doon Valley South","Early Mortality Doon Valley South","Early Mortality","621","724.89",511,525
3,"S02001476","East Ayrshire","Emergency Admissions","2012/13",33,9,"Doon Valley South","Emergency Admissions Doon Valley South","Emergency Admissions","42113.32","28389.93",30637,27775
3,"S02001476","East Ayrshire","Out of Work Benefits","2013/14",-36.86,-27.35,"Doon Valley South","Out of Work Benefits Doon Valley South","Out of Work Benefits","24.04","32.9",15.87,20.2
3,"S02001476","East Ayrshire","Participation Rate","2016/17",-4.19,3.5,"Doon Valley South","Participation Rate Doon Valley South","Participation Rate","92.67","88.79",89.02,92.14
3,"S02001521","East Dunbartonshire","Attainment","2013/14",5.96,1.92,"Auchinairn","Attainment Auchinairn","Attainment","5.7","6.04",6,6.11
3,"S02001521","East Dunbartonshire","Child Poverty","2014/15",2.66,4.38,"Auchinairn","Child Poverty Auchinairn","Child Poverty","16.56","16.12",8.54,8.17
3,"S02001521","East Dunbartonshire","Crime Rate","2012/13",64,NA,"Auchinairn","Crime Rate Auchinairn","Crime Rate","1723.1","612.49",8.54,538
3,"S02001521","East Dunbartonshire","Depopulation","2012/13",12.34,2.13,"Auchinairn","Depopulation Auchinairn","Depopulation","100","87.66",100,97.87
3,"S02001521","East Dunbartonshire","Early Mortality","2012/13",36,16,"Auchinairn","Early Mortality Auchinairn","Early Mortality","652","414.62",344,289
3,"S02001521","East Dunbartonshire","Emergency Admissions","2012/13",13,13,"Auchinairn","Emergency Admissions Auchinairn","Emergency Admissions","32584.27","28360.35",24567,21360
3,"S02001521","East Dunbartonshire","Out of Work Benefits","2013/14",-5.76,-28.18,"Auchinairn","Out of Work Benefits Auchinairn","Out of Work Benefits","15.1","15.97",7.46,9.57
3,"S02001521","East Dunbartonshire","Participation Rate","2016/17",0.27,0.57,"Auchinairn","Participation Rate Auchinairn","Participation Rate","93.29","93.54",95.52,96.07
3,"S02001537","East Lothian","Attainment","2013/14",1.91,-1.16,"Musselburgh North","Attainment Musselburgh North","Attainment","5.24","5.34",5.54,5.47
3,"S02001537","East Lothian","Child Poverty","2014/15",4.44,18.45,"Musselburgh North","Child Poverty Musselburgh North","Child Poverty","12.84","12.27",13.94,11.37
3,"S02001537","East Lothian","Crime Rate","2012/13",43,-66,"Musselburgh North","Crime Rate Musselburgh North","Crime Rate","1763.63","1012.19",846,1406
3,"S02001537","East Lothian","Depopulation","2012/13",-7.27,8.66,"Musselburgh North","Depopulation Musselburgh North","Depopulation","100","107.27",100,91.34
3,"S02001537","East Lothian","Early Mortality","2012/13",26,17,"Musselburgh North","Early Mortality Musselburgh North","Early Mortality","505","371.79",414,345
3,"S02001537","East Lothian","Emergency Admissions","2012/13",12,16,"Musselburgh North","Emergency Admissions Musselburgh North","Emergency Admissions","29059.83","25612.16",23511,19759
3,"S02001537","East Lothian","Out of Work Benefits","2013/14",-22.43,-23.77,"Musselburgh North","Out of Work Benefits Musselburgh North","Out of Work Benefits","12.66","15.5",9.59,11.87
3,"S02001537","East Lothian","Participation Rate","2016/17",7.91,5.06,"Musselburgh North","Participation Rate Musselburgh North","Participation Rate","84.33","91",90.27,94.84
3,"S02001556","East Renfrewshire","Attainment","2013/14",-0.69,1.33,"West Neilston and Uplawmoor","Attainment West Neilston and Uplawmoor","Attainment","5.83","5.79",6.08,6.16
3,"S02001556","East Renfrewshire","Child Poverty","2014/15",9.62,11.67,"West Neilston and Uplawmoor","Child Poverty West Neilston and Uplawmoor","Child Poverty","10.81","9.77",9.03,7.98
3,"S02001556","East Renfrewshire","Crime Rate","2012/13",36,50,"West Neilston and Uplawmoor","Crime Rate West Neilston and Uplawmoor","Crime Rate","824.47","531.64",1174,587
3,"S02001556","East Renfrewshire","Depopulation","2012/13",5.46,5.38,"West Neilston and Uplawmoor","Depopulation West Neilston and Uplawmoor","Depopulation","100","94.54",100,94.62
3,"S02001556","East Renfrewshire","Early Mortality","2012/13",24,14,"West Neilston and Uplawmoor","Early Mortality West Neilston and Uplawmoor","Early Mortality","459","348.55",347,298
3,"S02001556","East Renfrewshire","Emergency Admissions","2012/13",16,19,"West Neilston and Uplawmoor","Emergency Admissions West Neilston and Uplawmoor","Emergency Admissions","22643.34","18970.87",24725,19931
3,"S02001556","East Renfrewshire","Out of Work Benefits","2013/14",-12.29,-19.56,"West Neilston and Uplawmoor","Out of Work Benefits West Neilston and Uplawmoor","Out of Work Benefits","10.5","11.79",7.21,8.62
3,"S02001556","East Renfrewshire","Participation Rate","2016/17",-0.16,0.65,"West Neilston and Uplawmoor","Participation Rate West Neilston and Uplawmoor","Participation Rate","94.61","94.46",96.12,96.74
3,"S02001586","Edinburgh, City of","Attainment","2013/14",6.26,2.16,"Broomhouse and Bankhead","Attainment Broomhouse and Bankhead","Attainment","4.79","5.09",5.56,5.68
3,"S02001586","Edinburgh, City of","Child Poverty","2014/15",4.71,-14.23,"Broomhouse and Bankhead","Child Poverty Broomhouse and Bankhead","Child Poverty","22.28","21.23",10.69,12.21
3,"S02001586","Edinburgh, City of","Crime Rate","2012/13",36,7,"Broomhouse and Bankhead","Crime Rate Broomhouse and Bankhead","Crime Rate","2999.11","1914.41",1262,1170
3,"S02001586","Edinburgh, City of","Depopulation","2012/13",15.8,5.6,"Broomhouse and Bankhead","Depopulation Broomhouse and Bankhead","Depopulation","100","84.2",100,94.4
3,"S02001586","Edinburgh, City of","Early Mortality","2012/13",-3,15,"Broomhouse and Bankhead","Early Mortality Broomhouse and Bankhead","Early Mortality","700","722.42",470,400
3,"S02001586","Edinburgh, City of","Emergency Admissions","2012/13",29,12,"Broomhouse and Bankhead","Emergency Admissions Broomhouse and Bankhead","Emergency Admissions","43418.01","30965.47",25325,22315
3,"S02001586","Edinburgh, City of","Out of Work Benefits","2013/14",-16.85,-6.32,"Broomhouse and Bankhead","Out of Work Benefits Broomhouse and Bankhead","Out of Work Benefits","17.33","20.25",9.87,10.49
3,"S02001586","Edinburgh, City of","Participation Rate","2016/17",13.63,3.21,"Broomhouse and Bankhead","Participation Rate Broomhouse and Bankhead","Participation Rate","80.79","91.8",90.28,93.18
3,"S02001691","Eilean Siar","Attainment","2013/14",-5.77,-4.42,"Northwest Lewis","Attainment Northwest Lewis","Attainment","5.55","5.23",5.7,5.45
3,"S02001691","Eilean Siar","Child Poverty","2014/15",13.76,-20.77,"Northwest Lewis","Child Poverty Northwest Lewis","Child Poverty","12.5","10.78",11.42,13.79
3,"S02001691","Eilean Siar","Crime Rate","2012/13",-240,-483,"Northwest Lewis","Crime Rate Northwest Lewis","Crime Rate","129.6","440.28",132,772
3,"S02001691","Eilean Siar","Depopulation","2012/13",-5.54,-5.7,"Northwest Lewis","Depopulation Northwest Lewis","Depopulation","100","105.54",100,105.7
3,"S02001691","Eilean Siar","Early Mortality","2012/13",-8,11,"Northwest Lewis","Early Mortality Northwest Lewis","Early Mortality","379","410.85",478,424
3,"S02001691","Eilean Siar","Emergency Admissions","2012/13",13,-4,"Northwest Lewis","Emergency Admissions Northwest Lewis","Emergency Admissions","25874.13","22629.84",24465,25346
3,"S02001691","Eilean Siar","Out of Work Benefits","2013/14",-4.78,-14.11,"Northwest Lewis","Out of Work Benefits Northwest Lewis","Out of Work Benefits","10.45","10.95",9.65,11.01
3,"S02001691","Eilean Siar","Participation Rate","2016/17",0.04,1.58,"Northwest Lewis","Participation Rate Northwest Lewis","Participation Rate","97.16","97.2",95.87,97.39
3,"S02001717","Falkirk","Attainment","2013/14",-0.95,0.45,"Falkirk - Camelon East","Attainment Falkirk - Camelon East","Attainment","5.28","5.23",5.47,5.5
3,"S02001717","Falkirk","Child Poverty","2014/15",4.52,-5.3,"Falkirk - Camelon East","Child Poverty Falkirk - Camelon East","Child Poverty","22.99","21.95",17.19,18.1
3,"S02001717","Falkirk","Crime Rate","2012/13",3,18,"Falkirk - Camelon East","Crime Rate Falkirk - Camelon East","Crime Rate","2730.46","2651.14",1412,1151
3,"S02001717","Falkirk","Depopulation","2012/13",-7.92,-0.29,"Falkirk - Camelon East","Depopulation Falkirk - Camelon East","Depopulation","100","107.92",100,100.29
3,"S02001717","Falkirk","Early Mortality","2012/13",-47,-2,"Falkirk - Camelon East","Early Mortality Falkirk - Camelon East","Early Mortality","585","857.88",461,470
3,"S02001717","Falkirk","Emergency Admissions","2012/13",-33,-9,"Falkirk - Camelon East","Emergency Admissions Falkirk - Camelon East","Emergency Admissions","26916.8","35703.93",24210,26352
3,"S02001717","Falkirk","Out of Work Benefits","2013/14",-24.49,-23.86,"Falkirk - Camelon East","Out of Work Benefits Falkirk - Camelon East","Out of Work Benefits","24.21","30.14",12.58,15.59
3,"S02001717","Falkirk","Participation Rate","2016/17",5.14,1.52,"Falkirk - Camelon East","Participation Rate Falkirk - Camelon East","Participation Rate","79.44","83.52",89.79,91.16
3,"S02001816","Fife","Attainment","2013/14",1.08,-0.09,"Methil East","Attainment Methil East","Attainment","4.62","4.67",5.41,5.41
3,"S02001816","Fife","Child Poverty","2014/15",19.61,-0.89,"Methil East","Child Poverty Methil East","Child Poverty","34.47","27.71",17.59,17.75
3,"S02001816","Fife","Crime Rate","2012/13",21,-29,"Methil East","Crime Rate Methil East","Crime Rate","2904.9","2307.37",923,1192
3,"S02001816","Fife","Depopulation","2012/13",0.64,0.57,"Methil East","Depopulation Methil East","Depopulation","100","99.36",100,99.43
3,"S02001816","Fife","Early Mortality","2012/13",1,3,"Methil East","Early Mortality Methil East","Early Mortality","744","734.97",446,431
3,"S02001816","Fife","Emergency Admissions","2012/13",-13,-13,"Methil East","Emergency Admissions Methil East","Emergency Admissions","30000","33784.43",22948,25995
3,"S02001816","Fife","Out of Work Benefits","2013/14",-38.53,-29.09,"Methil East","Out of Work Benefits Methil East","Out of Work Benefits","26.6","36.85",12.64,16.32
3,"S02001816","Fife","Participation Rate","2016/17",-1.61,2.91,"Methil East","Participation Rate Methil East","Participation Rate","83.05","81.71",88.84,91.43
3,"S02001975","Glasgow City","Attainment","2013/14",7.68,3.45,"Drumchapel North","Attainment Drumchapel North","Attainment","4.56","4.91",5.25,5.43
3,"S02001975","Glasgow City","Child Poverty","2014/15",-2.25,-13.77,"Drumchapel North","Child Poverty Drumchapel North","Child Poverty","31.53","32.24",22.4,25.49
3,"S02001975","Glasgow City","Crime Rate","2012/13",46,61,"Drumchapel North","Crime Rate Drumchapel North","Crime Rate","2418.87","1295.23",3820,1480
3,"S02001975","Glasgow City","Depopulation","2012/13",-1.48,3.89,"Drumchapel North","Depopulation Drumchapel North","Depopulation","100","101.48",100,96.11
3,"S02001975","Glasgow City","Early Mortality","2012/13",23,11,"Drumchapel North","Early Mortality Drumchapel North","Early Mortality","1067","818.93",703,624
3,"S02001975","Glasgow City","Emergency Admissions","2012/13",38,13,"Drumchapel North","Emergency Admissions Drumchapel North","Emergency Admissions","53103.45","32966.62",34269,29806
3,"S02001975","Glasgow City","Out of Work Benefits","2013/14",-8.31,-8.37,"Drumchapel North","Out of Work Benefits Drumchapel North","Out of Work Benefits","35.86","38.84",19.83,21.49
3,"S02001975","Glasgow City","Participation Rate","2016/17",-2.48,3.96,"Drumchapel North","Participation Rate Drumchapel North","Participation Rate","77.27","75.35",87.37,90.83
3,"S02001998","Highland","Attainment","2013/14",1.69,-1.07,"Inverness Central, Raigmore and Longman","Attainment Inverness Central, Raigmore and Longman","Attainment","5.32","5.41",5.5,5.44
3,"S02001998","Highland","Child Poverty","2014/15",-19.74,-6.03,"Inverness Central, Raigmore and Longman","Child Poverty Inverness Central, Raigmore and Longman","Child Poverty","17.58","21.05",14.65,15.54
3,"S02001998","Highland","Crime Rate","2012/13",-780,-297,"Inverness Central, Raigmore and Longman","Crime Rate Inverness Central, Raigmore and Longman","Crime Rate","1080.81","9513.34",331,1313
3,"S02001998","Highland","Depopulation","2012/13",-3.68,-0.15,"Inverness Central, Raigmore and Longman","Depopulation Inverness Central, Raigmore and Longman","Depopulation","100","103.68",100,100.15
3,"S02001998","Highland","Early Mortality","2012/13",23,8,"Inverness Central, Raigmore and Longman","Early Mortality Inverness Central, Raigmore and Longman","Early Mortality","937","722.96",432,399
3,"S02001998","Highland","Emergency Admissions","2012/13",12,6,"Inverness Central, Raigmore and Longman","Emergency Admissions Inverness Central, Raigmore and Longman","Emergency Admissions","22682.93","19967.19",21523,20234
3,"S02001998","Highland","Out of Work Benefits","2013/14",-22.85,-38.54,"Inverness Central, Raigmore and Longman","Out of Work Benefits Inverness Central, Raigmore and Longman","Out of Work Benefits","14.4","17.69",9.2,12.74
3,"S02001998","Highland","Participation Rate","2016/17",-3.57,-0.5,"Inverness Central, Raigmore and Longman","Participation Rate Inverness Central, Raigmore and Longman","Participation Rate","84.57","81.55",93.38,92.91
3,"S02002045","Inverclyde","Attainment","2013/14",4.76,-0.35,"Greenock Upper Central","Attainment Greenock Upper Central","Attainment","5.25","5.5",5.62,5.6
3,"S02002045","Inverclyde","Child Poverty","2014/15",-32.01,-7.07,"Greenock Upper Central","Child Poverty Greenock Upper Central","Child Poverty","18.4","24.29",14.19,15.2
3,"S02002045","Inverclyde","Crime Rate","2012/13",54,43,"Greenock Upper Central","Crime Rate Greenock Upper Central","Crime Rate","3412.06","1554.01",1940,1100
3,"S02002045","Inverclyde","Depopulation","2012/13",-7.37,-3.88,"Greenock Upper Central","Depopulation Greenock Upper Central","Depopulation","100","107.37",100,103.88
3,"S02002045","Inverclyde","Early Mortality","2012/13",-5,9,"Greenock Upper Central","Early Mortality Greenock Upper Central","Early Mortality","740","774.36",551,503
3,"S02002045","Inverclyde","Emergency Admissions","2012/13",28,15,"Greenock Upper Central","Emergency Admissions Greenock Upper Central","Emergency Admissions","30102.04","21723",27954,23879
3,"S02002045","Inverclyde","Out of Work Benefits","2013/14",-15.86,-22.02,"Greenock Upper Central","Out of Work Benefits Greenock Upper Central","Out of Work Benefits","30.52","35.36",16.29,19.88
3,"S02002045","Inverclyde","Participation Rate","2016/17",3.89,1.96,"Greenock Upper Central","Participation Rate Greenock Upper Central","Participation Rate","86.36","89.72",91.35,93.13
3,"S02002068","Midlothian","Attainment","2013/14",-1,0.02,"Easthouses","Attainment Easthouses","Attainment","5.02","4.97",5.42,5.42
3,"S02002068","Midlothian","Child Poverty","2014/15",-25.44,-2.24,"Easthouses","Child Poverty Easthouses","Child Poverty","20.48","25.69",14.54,14.87
3,"S02002068","Midlothian","Crime Rate","2012/13",31,4,"Easthouses","Crime Rate Easthouses","Crime Rate","1580.04","1091.92",1273,1227
3,"S02002068","Midlothian","Depopulation","2012/13",2.98,10.58,"Easthouses","Depopulation Easthouses","Depopulation","100","97.02",100,89.42
3,"S02002068","Midlothian","Early Mortality","2012/13",2,-2,"Easthouses","Early Mortality Easthouses","Early Mortality","515","506.9",420,427
3,"S02002068","Midlothian","Emergency Admissions","2012/13",10,15,"Easthouses","Emergency Admissions Easthouses","Emergency Admissions","27912.09","24984.47",25046,21361
3,"S02002068","Midlothian","Out of Work Benefits","2013/14",-19.4,-21.49,"Easthouses","Out of Work Benefits Easthouses","Out of Work Benefits","16.86","20.13",11.91,14.47
3,"S02002068","Midlothian","Participation Rate","2016/17",25.02,6.91,"Easthouses","Participation Rate Easthouses","Participation Rate","75.66","94.59",88.26,94.36
3,"S02002088","Moray","Attainment","2013/14",-2.01,-1.47,"Elgin Bishopmill East and Ladyhill","Attainment Elgin Bishopmill East and Ladyhill","Attainment","5.46","5.35",5.52,5.44
3,"S02002088","Moray","Child Poverty","2014/15",-50.81,-19.08,"Elgin Bishopmill East and Ladyhill","Child Poverty Elgin Bishopmill East and Ladyhill","Child Poverty","13.62","20.54",13.57,16.16
3,"S02002088","Moray","Crime Rate","2012/13",0,-2,"Elgin Bishopmill East and Ladyhill","Crime Rate Elgin Bishopmill East and Ladyhill","Crime Rate","2601.41","2599.25",1012,1037
3,"S02002088","Moray","Depopulation","2012/13",-3.81,-0.2,"Elgin Bishopmill East and Ladyhill","Depopulation Elgin Bishopmill East and Ladyhill","Depopulation","100","103.81",100,100.2
3,"S02002088","Moray","Early Mortality","2012/13",7,8,"Elgin Bishopmill East and Ladyhill","Early Mortality Elgin Bishopmill East and Ladyhill","Early Mortality","443","412.35",400,370
3,"S02002088","Moray","Emergency Admissions","2012/13",-2,-1,"Elgin Bishopmill East and Ladyhill","Emergency Admissions Elgin Bishopmill East and Ladyhill","Emergency Admissions","18894.83","19259.87",17487,17581
3,"S02002088","Moray","Out of Work Benefits","2013/14",-33.58,-50.5,"Elgin Bishopmill East and Ladyhill","Out of Work Benefits Elgin Bishopmill East and Ladyhill","Out of Work Benefits","9.41","12.57",7.84,11.79
3,"S02002088","Moray","Participation Rate","2016/17",4.91,4.25,"Elgin Bishopmill East and Ladyhill","Participation Rate Elgin Bishopmill East and Ladyhill","Participation Rate","89.47","93.86",90.89,94.75
3,"S02002106","North Ayrshire","Attainment","2013/14",2.04,0.38,"Irvine Castlepark South","Attainment Irvine Castlepark South","Attainment","4.9","5",5.41,5.43
3,"S02002106","North Ayrshire","Child Poverty","2014/15",2.78,-0.47,"Irvine Castlepark South","Child Poverty Irvine Castlepark South","Child Poverty","28.06","27.28",20.35,20.45
3,"S02002106","North Ayrshire","Crime Rate","2012/13",31,35,"Irvine Castlepark South","Crime Rate Irvine Castlepark South","Crime Rate","1669.89","1145.52",2154,1404
3,"S02002106","North Ayrshire","Depopulation","2012/13",5.54,-2.83,"Irvine Castlepark South","Depopulation Irvine Castlepark South","Depopulation","100","94.46",100,102.83
3,"S02002106","North Ayrshire","Early Mortality","2012/13",0,-2,"Irvine Castlepark South","Early Mortality Irvine Castlepark South","Early Mortality","727","727.02",516,526
3,"S02002106","North Ayrshire","Emergency Admissions","2012/13",-22,3,"Irvine Castlepark South","Emergency Admissions Irvine Castlepark South","Emergency Admissions","25450.9","31097.36",27805,26840
3,"S02002106","North Ayrshire","Out of Work Benefits","2013/14",-12.02,-29.74,"Irvine Castlepark South","Out of Work Benefits Irvine Castlepark South","Out of Work Benefits","26.38","29.55",17.21,22.33
3,"S02002106","North Ayrshire","Participation Rate","2016/17",7.16,2.01,"Irvine Castlepark South","Participation Rate Irvine Castlepark South","Participation Rate","84.52","90.57",89.96,91.77
3,"S02002176","North Lanarkshire","Attainment","2013/14",-2.77,-1.24,"Cliftonville","Attainment Cliftonville","Attainment","5.41","5.26",5.39,5.33
3,"S02002176","North Lanarkshire","Child Poverty","2014/15",-73.66,-1.6,"Cliftonville","Child Poverty Cliftonville","Child Poverty","21.26","36.92",18.9,19.2
3,"S02002176","North Lanarkshire","Crime Rate","2012/13",-24,40,"Cliftonville","Crime Rate Cliftonville","Crime Rate","7983.5","9918.67",2190,1319
3,"S02002176","North Lanarkshire","Depopulation","2012/13",-48.6,-0.89,"Cliftonville","Depopulation Cliftonville","Depopulation","100","148.6",100,100.89
3,"S02002176","North Lanarkshire","Early Mortality","2012/13",-36,2,"Cliftonville","Early Mortality Cliftonville","Early Mortality","563","767.77",555,543
3,"S02002176","North Lanarkshire","Emergency Admissions","2012/13",-53,-6,"Cliftonville","Emergency Admissions Cliftonville","Emergency Admissions","25641.03","39147.43",29416,31054
3,"S02002176","North Lanarkshire","Out of Work Benefits","2013/14",-10.58,-20.26,"Cliftonville","Out of Work Benefits Cliftonville","Out of Work Benefits","23.73","26.24",15.31,18.41
3,"S02002176","North Lanarkshire","Participation Rate","2016/17",6.43,1.93,"Cliftonville","Participation Rate Cliftonville","Participation Rate","86.73","92.31",89.21,90.93
3,"S02002213","Orkney Islands","Attainment","2013/14",-0.7,-0.12,"Stromness, Sandwick and Stenness","Attainment Stromness, Sandwick and Stenness","Attainment","5.72","5.68",5.62,5.61
3,"S02002213","Orkney Islands","Child Poverty","2014/15",27.79,1.7,"Stromness, Sandwick and Stenness","Child Poverty Stromness, Sandwick and Stenness","Child Poverty","13.35","9.64",12.83,12.62
3,"S02002213","Orkney Islands","Crime Rate","2012/13",-454,-353,"Stromness, Sandwick and Stenness","Crime Rate Stromness, Sandwick and Stenness","Crime Rate","86.69","480.06",171,775
3,"S02002213","Orkney Islands","Depopulation","2012/13",-1.51,0.66,"Stromness, Sandwick and Stenness","Depopulation Stromness, Sandwick and Stenness","Depopulation","100","101.51",100,99.33
3,"S02002213","Orkney Islands","Early Mortality","2012/13",11,6,"Stromness, Sandwick and Stenness","Early Mortality Stromness, Sandwick and Stenness","Early Mortality","318","282.58",369,346
3,"S02002213","Orkney Islands","Emergency Admissions","2012/13",24,14,"Stromness, Sandwick and Stenness","Emergency Admissions Stromness, Sandwick and Stenness","Emergency Admissions","19262.3","14689.32",20828,17877
3,"S02002213","Orkney Islands","Out of Work Benefits","2013/14",-61.54,-61.85,"Stromness, Sandwick and Stenness","Out of Work Benefits Stromness, Sandwick and Stenness","Out of Work Benefits","5.72","9.24",6.46,10.45
3,"S02002213","Orkney Islands","Participation Rate","2016/17",0.55,-0.74,"Stromness, Sandwick and Stenness","Participation Rate Stromness, Sandwick and Stenness","Participation Rate","96.21","96.74",94.36,93.66
3,"S02002235","Perth and Kinross","Attainment","2013/14",1.96,-0.16,"Hillyland, Tulloch and Inveralmond","Attainment Hillyland, Tulloch and Inveralmond","Attainment","5.1","5.2",5.6,5.59
3,"S02002235","Perth and Kinross","Child Poverty","2014/15",-1.42,-3.36,"Hillyland, Tulloch and Inveralmond","Child Poverty Hillyland, Tulloch and Inveralmond","Child Poverty","23.2","23.53",13.52,13.98
3,"S02002235","Perth and Kinross","Crime Rate","2012/13",-31,-39,"Hillyland, Tulloch and Inveralmond","Crime Rate Hillyland, Tulloch and Inveralmond","Crime Rate","1269.76","1665.5",745,1039
3,"S02002235","Perth and Kinross","Depopulation","2012/13",-2.72,3.22,"Hillyland, Tulloch and Inveralmond","Depopulation Hillyland, Tulloch and Inveralmond","Depopulation","100","102.72",100,96.78
3,"S02002235","Perth and Kinross","Early Mortality","2012/13",1,3,"Hillyland, Tulloch and Inveralmond","Early Mortality Hillyland, Tulloch and Inveralmond","Early Mortality","566","560.05",369,356
3,"S02002235","Perth and Kinross","Emergency Admissions","2012/13",-9,-14,"Hillyland, Tulloch and Inveralmond","Emergency Admissions Hillyland, Tulloch and Inveralmond","Emergency Admissions","25869.26","28322.4",22242,25364
3,"S02002235","Perth and Kinross","Out of Work Benefits","2013/14",-39.81,-42.49,"Hillyland, Tulloch and Inveralmond","Out of Work Benefits Hillyland, Tulloch and Inveralmond","Out of Work Benefits","15.85","22.16",8.24,11.74
3,"S02002235","Perth and Kinross","Participation Rate","2016/17",-1.33,0.07,"Hillyland, Tulloch and Inveralmond","Participation Rate Hillyland, Tulloch and Inveralmond","Participation Rate","86.26","85.11",92.3,92.37
3,"S02002259","Renfrewshire","Attainment","2013/14",10.64,1.08,"Johnstone North West","Attainment Johnstone North West","Attainment","4.7","5.2",5.52,5.58
3,"S02002259","Renfrewshire","Child Poverty","2014/15",-43.99,-16.57,"Johnstone North West","Child Poverty Johnstone North West","Child Poverty","16.98","24.45",12.87,15.01
3,"S02002259","Renfrewshire","Crime Rate","2012/13",47,51,"Johnstone North West","Crime Rate Johnstone North West","Crime Rate","2273.92","1194.99",1976,965
3,"S02002259","Renfrewshire","Depopulation","2012/13",0.24,3.07,"Johnstone North West","Depopulation Johnstone North West","Depopulation","100","99.76",100,96.93
3,"S02002259","Renfrewshire","Early Mortality","2012/13",18,13,"Johnstone North West","Early Mortality Johnstone North West","Early Mortality","814","666.21",532,465
3,"S02002259","Renfrewshire","Emergency Admissions","2012/13",2,14,"Johnstone North West","Emergency Admissions Johnstone North West","Emergency Admissions","29566.56","29104.45",28094,24249
3,"S02002259","Renfrewshire","Out of Work Benefits","2013/14",-14.64,-11.04,"Johnstone North West","Out of Work Benefits Johnstone North West","Out of Work Benefits","24.18","27.72",13.74,15.26
3,"S02002259","Renfrewshire","Participation Rate","2016/17",4.4,1.93,"Johnstone North West","Participation Rate Johnstone North West","Participation Rate","81.82","85.42",91.1,92.86
3,"S02002298","Scottish Borders","Attainment","2013/14",-0.59,-1.26,"Galashiels West","Attainment Galashiels West","Attainment","5.07","5.04",5.54,5.47
3,"S02002298","Scottish Borders","Child Poverty","2014/15",-6.87,-9.92,"Galashiels West","Child Poverty Galashiels West","Child Poverty","23.57","25.19",15.03,16.52
3,"S02002298","Scottish Borders","Crime Rate","2012/13",-38,-37,"Galashiels West","Crime Rate Galashiels West","Crime Rate","1132.7","1565.12",764,1047
3,"S02002298","Scottish Borders","Depopulation","2012/13",-2.01,1.33,"Galashiels West","Depopulation Galashiels West","Depopulation","100","102.01",100,98.67
3,"S02002298","Scottish Borders","Early Mortality","2012/13",5,5,"Galashiels West","Early Mortality Galashiels West","Early Mortality","510","483.75",380,360
3,"S02002298","Scottish Borders","Emergency Admissions","2012/13",28,13,"Galashiels West","Emergency Admissions Galashiels West","Emergency Admissions","42335.77","30340.5",25376,21982
3,"S02002298","Scottish Borders","Out of Work Benefits","2013/14",-38.4,-43.38,"Galashiels West","Out of Work Benefits Galashiels West","Out of Work Benefits","12.63","17.48",9.82,14.08
3,"S02002298","Scottish Borders","Participation Rate","2016/17",7.1,3,"Galashiels West","Participation Rate Galashiels West","Participation Rate","87.14","93.33",91.34,94.08
3,"S02002323","Shetland Islands","Attainment","2013/14",2.16,0.98,"Lerwick South","Attainment Lerwick South","Attainment","5.55","5.67",5.56,5.61
3,"S02002323","Shetland Islands","Child Poverty","2014/15",-1.38,-24.4,"Lerwick South","Child Poverty Lerwick South","Child Poverty","7.99","8.1",7.15,8.89
3,"S02002323","Shetland Islands","Crime Rate","2012/13",-49,-245,"Lerwick South","Crime Rate Lerwick South","Crime Rate","442.84","661.63",162,559
3,"S02002323","Shetland Islands","Depopulation","2012/13",-1.62,-0.19,"Lerwick South","Depopulation Lerwick South","Depopulation","100","101.62",100,100.19
3,"S02002323","Shetland Islands","Early Mortality","2012/13",36,22,"Lerwick South","Early Mortality Lerwick South","Early Mortality","464","294.99",413,322
3,"S02002323","Shetland Islands","Emergency Admissions","2012/13",28,25,"Lerwick South","Emergency Admissions Lerwick South","Emergency Admissions","25256.67","18118.2",23493,17578
3,"S02002323","Shetland Islands","Out of Work Benefits","2013/14",-50,-55.08,"Lerwick South","Out of Work Benefits Lerwick South","Out of Work Benefits","6.84","10.26",5.8,9
3,"S02002323","Shetland Islands","Participation Rate","2016/17",-4.46,0.1,"Lerwick South","Participation Rate Lerwick South","Participation Rate","99.46","95.02",97.32,97.42
3,"S02002341","South Ayrshire","Attainment","2013/14",-1.07,0.33,"Craigie","Attainment Craigie","Attainment","5.59","5.53",5.56,5.58
3,"S02002341","South Ayrshire","Child Poverty","2014/15",-16.88,-5.28,"Craigie","Child Poverty Craigie","Child Poverty","17.59","20.56",16.55,17.42
3,"S02002341","South Ayrshire","Crime Rate","2012/13",29,35,"Craigie","Crime Rate Craigie","Crime Rate","1294.78","921.93",1948,1258
3,"S02002341","South Ayrshire","Depopulation","2012/13",-17.02,-1.76,"Craigie","Depopulation Craigie","Depopulation","100","117.02",100,101.76
3,"S02002341","South Ayrshire","Early Mortality","2012/13",27,0,"Craigie","Early Mortality Craigie","Early Mortality","732","533.37",451,452
3,"S02002341","South Ayrshire","Emergency Admissions","2012/13",31,11,"Craigie","Emergency Admissions Craigie","Emergency Admissions","35804.42","24742.24",29687,26368
3,"S02002341","South Ayrshire","Out of Work Benefits","2013/14",-10.84,-28.95,"Craigie","Out of Work Benefits Craigie","Out of Work Benefits","16.7","18.51",13.53,17.45
3,"S02002341","South Ayrshire","Participation Rate","2016/17",4.23,4.92,"Craigie","Participation Rate Craigie","Participation Rate","88.66","92.41",90.79,95.26
3,"S02002410","South Lanarkshire","Attainment","2013/14",2.03,2.32,"Burnhill and Bankhead North","Attainment Burnhill and Bankhead North","Attainment","4.93","5.03",5.45,5.57
3,"S02002410","South Lanarkshire","Child Poverty","2014/15",26.03,2.49,"Burnhill and Bankhead North","Child Poverty Burnhill and Bankhead North","Child Poverty","29.04","21.48",15.61,15.22
3,"S02002410","South Lanarkshire","Crime Rate","2012/13",42,45,"Burnhill and Bankhead North","Crime Rate Burnhill and Bankhead North","Crime Rate","1961.33","1136.85",2123,1163
3,"S02002410","South Lanarkshire","Depopulation","2012/13",-0.66,2.39,"Burnhill and Bankhead North","Depopulation Burnhill and Bankhead North","Depopulation","100","100.66",100,97.61
3,"S02002410","South Lanarkshire","Early Mortality","2012/13",0,6,"Burnhill and Bankhead North","Early Mortality Burnhill and Bankhead North","Early Mortality","620","622.63",489,462
3,"S02002410","South Lanarkshire","Emergency Admissions","2012/13",25,4,"Burnhill and Bankhead North","Emergency Admissions Burnhill and Bankhead North","Emergency Admissions","30835.73","23084.71",26799,25600
3,"S02002410","South Lanarkshire","Out of Work Benefits","2013/14",-22,-19.31,"Burnhill and Bankhead North","Out of Work Benefits Burnhill and Bankhead North","Out of Work Benefits","21.55","26.29",13.46,16.05
3,"S02002410","South Lanarkshire","Participation Rate","2016/17",6.49,2.98,"Burnhill and Bankhead North","Participation Rate Burnhill and Bankhead North","Participation Rate","80","85.19",90.3,92.99
3,"S02002441","Stirling","Attainment","2013/14",0.99,0.99,"Cowie","Attainment Cowie","Attainment","5.06","5.11",5.59,5.65
3,"S02002441","Stirling","Child Poverty","2014/15",-4.63,0.01,"Cowie","Child Poverty Cowie","Child Poverty","25.91","27.11",13.86,13.86
3,"S02002441","Stirling","Crime Rate","2012/13",5,26,"Cowie","Crime Rate Cowie","Crime Rate","876.57","832.89",1450,1072
3,"S02002441","Stirling","Depopulation","2012/13",2.07,3.24,"Cowie","Depopulation Cowie","Depopulation","100","97.93",100,96.76
3,"S02002441","Stirling","Early Mortality","2012/13",2,3,"Cowie","Early Mortality Cowie","Early Mortality","583","573.67",418,405
3,"S02002441","Stirling","Emergency Admissions","2012/13",-36,-5,"Cowie","Emergency Admissions Cowie","Emergency Admissions","22352.94","30450.78",22971,24197
3,"S02002441","Stirling","Out of Work Benefits","2013/14",-19.78,-15.99,"Cowie","Out of Work Benefits Cowie","Out of Work Benefits","15.22","18.23",10.36,12.02
3,"S02002441","Stirling","Participation Rate","2016/17",3.73,2.76,"Cowie","Participation Rate Cowie","Participation Rate","88.27","91.56",91.01,93.52
3,"S02002465","West Dunbartonshire","Attainment","2013/14",2.37,-2.19,"Clydebank East","Attainment Clydebank East","Attainment","5.06","5.18",5.43,5.32
3,"S02002465","West Dunbartonshire","Child Poverty","2014/15",-9.07,3.28,"Clydebank East","Child Poverty Clydebank East","Child Poverty","25.46","27.77",18.37,17.77
3,"S02002465","West Dunbartonshire","Crime Rate","2012/13",67,52,"Clydebank East","Crime Rate Clydebank East","Crime Rate","1873.42","620.07",2358,1129
3,"S02002465","West Dunbartonshire","Depopulation","2012/13",-4.17,-2.61,"Clydebank East","Depopulation Clydebank East","Depopulation","100","104.17",100,102.61
3,"S02002465","West Dunbartonshire","Early Mortality","2012/13",25,9,"Clydebank East","Early Mortality Clydebank East","Early Mortality","702","527.54",598,544
3,"S02002465","West Dunbartonshire","Emergency Admissions","2012/13",6,7,"Clydebank East","Emergency Admissions Clydebank East","Emergency Admissions","34639.5","32448.8",29715,27575
3,"S02002465","West Dunbartonshire","Out of Work Benefits","2013/14",-20.82,-20.16,"Clydebank East","Out of Work Benefits Clydebank East","Out of Work Benefits","21.66","26.17",17.74,21.32
3,"S02002465","West Dunbartonshire","Participation Rate","2016/17",6.38,2.58,"Clydebank East","Participation Rate Clydebank East","Participation Rate","85.52","90.98",88.64,90.93
3,"S02002483","West Lothian","Attainment","2013/14",2.55,0.15,"Dedridge East","Attainment Dedridge East","Attainment","5.1","5.23",5.5,5.51
3,"S02002483","West Lothian","Child Poverty","2014/15",-9.04,-9.89,"Dedridge East","Child Poverty Dedridge East","Child Poverty","22.78","24.84",14.99,16.47
3,"S02002483","West Lothian","Crime Rate","2012/13",-3,-11,"Dedridge East","Crime Rate Dedridge East","Crime Rate","3101.53","3191.85",1071,1190
3,"S02002483","West Lothian","Depopulation","2012/13",2.84,3.33,"Dedridge East","Depopulation Dedridge East","Depopulation","100","97.16",100,96.67
3,"S02002483","West Lothian","Early Mortality","2012/13",1,9,"Dedridge East","Early Mortality Dedridge East","Early Mortality","592","584.29",477,435
3,"S02002483","West Lothian","Emergency Admissions","2012/13",4,1,"Dedridge East","Emergency Admissions Dedridge East","Emergency Admissions","36546.76","35080.79",26444,26157
3,"S02002483","West Lothian","Out of Work Benefits","2013/14",-32.23,-26.47,"Dedridge East","Out of Work Benefits Dedridge East","Out of Work Benefits","16.69","22.07",12.16,15.38
3,"S02002483","West Lothian","Participation Rate","2016/17",5.51,4.09,"Dedridge East","Participation Rate Dedridge East","Participation Rate","85.17","89.86",89.74,93.41
4,"S02001264","Aberdeen City","Attainment","2013/14",12.05,1.65,"Seaton","Attainment Seaton"," ","4.73","5.3",5.36,5.45
4,"S02001264","Aberdeen City","Child Poverty","2014/15",-42.78,-22.81,"Seaton","Child Poverty Seaton"," ","17.25","24.63",10.52,12.92
4,"S02001264","Aberdeen City","Crime Rate","2012/13",31,22,"Seaton","Crime Rate Seaton"," ","1819.66","1262.67",1739,1364
4,"S02001264","Aberdeen City","Depopulation","2012/13",4.75,0.58,"Seaton","Depopulation Seaton"," ","100","95.25",100,99.42
4,"S02001264","Aberdeen City","Early Mortality","2012/13",-13,11,"Seaton","Early Mortality Seaton"," ","662","745.3",497,444
4,"S02001264","Aberdeen City","Emergency Admissions","2012/13",20,12,"Seaton","Emergency Admissions Seaton"," ","34501.85","27465.72",26118,22899
4,"S02001264","Aberdeen City","Out of Work Benefits","2013/14",-24.57,-55.54,"Seaton","Out of Work Benefits Seaton"," ","11.11","13.84",7.62,11.85
4,"S02001264","Aberdeen City","Participation Rate","2016/17",27.78,2.45,"Seaton","Participation Rate Seaton"," ","66.67","85.19",87.9,90.05
4,"S02001341","Aberdeenshire","Attainment","2013/14",-1.51,1.29,"Fraserburgh Lochpots","Attainment Fraserburgh Lochpots"," ","4.64","4.57",5.44,5.51
4,"S02001341","Aberdeenshire","Child Poverty","2014/15",1.16,-14.72,"Fraserburgh Lochpots","Child Poverty Fraserburgh Lochpots"," ","18.07","17.86",8.91,10.22
4,"S02001341","Aberdeenshire","Crime Rate","2012/13",-21,5,"Fraserburgh Lochpots","Crime Rate Fraserburgh Lochpots"," ","1102.86","1335.44",822,780
4,"S02001341","Aberdeenshire","Depopulation","2012/13",-10.11,0.8,"Fraserburgh Lochpots","Depopulation Fraserburgh Lochpots"," ","100","110.11",100,99.2
4,"S02001341","Aberdeenshire","Early Mortality","2012/13",-19,6,"Fraserburgh Lochpots","Early Mortality Fraserburgh Lochpots"," ","583","693.65",373,352
4,"S02001341","Aberdeenshire","Emergency Admissions","2012/13",3,11,"Fraserburgh Lochpots","Emergency Admissions Fraserburgh Lochpots"," ","16720.26","16298.76",19800,17649
4,"S02001341","Aberdeenshire","Out of Work Benefits","2013/14",-52.65,-66.14,"Fraserburgh Lochpots","Out of Work Benefits Fraserburgh Lochpots"," ","14.72","22.47",5.79,9.62
4,"S02001341","Aberdeenshire","Participation Rate","2016/17",1.33,-0.91,"Fraserburgh Lochpots","Participation Rate Fraserburgh Lochpots"," ","85.86","87",93.24,92.39
4,"S02001361","Angus","Attainment","2013/14",-7.44,-3.54,"Brechin East","Attainment Brechin East"," ","5.11","4.73",5.5,5.31
4,"S02001361","Angus","Child Poverty","2014/15",-48.12,-17.9,"Brechin East","Child Poverty Brechin East"," ","20.45","30.29",14.16,16.7
4,"S02001361","Angus","Crime Rate","2012/13",-5,-36,"Brechin East","Crime Rate Brechin East"," ","1203.21","1262.85",719,978
4,"S02001361","Angus","Depopulation","2012/13",-6.68,-1.81,"Brechin East","Depopulation Brechin East"," ","100","106.68",100,101.81
4,"S02001361","Angus","Early Mortality","2012/13",3,4,"Brechin East","Early Mortality Brechin East"," ","607","590.19",401,383
4,"S02001361","Angus","Emergency Admissions","2012/13",-28,-12,"Brechin East","Emergency Admissions Brechin East"," ","23227.75","29717.91",19852,22158
4,"S02001361","Angus","Out of Work Benefits","2013/14",-71.94,-60.21,"Brechin East","Out of Work Benefits Brechin East"," ","15.36","26.41",9.17,14.69
4,"S02001361","Angus","Participation Rate","2016/17",-2.52,0.09,"Brechin East","Participation Rate Brechin East"," ","91.12","88.82",91.56,91.64
4,"S02001390","Argyll and Bute","Attainment","2013/14",4.1,-1,"Helensburgh Centre","Attainment Helensburgh Centre"," ","5.61","5.84",5.61,5.55
4,"S02001390","Argyll and Bute","Child Poverty","2014/15",-17.24,-4.22,"Helensburgh Centre","Child Poverty Helensburgh Centre"," ","13.92","16.32",14.67,15.28
4,"S02001390","Argyll and Bute","Crime Rate","2012/13",58,34,"Helensburgh Centre","Crime Rate Helensburgh Centre"," ","5263.72","2197.5",1719,1137
4,"S02001390","Argyll and Bute","Depopulation","2012/13",-0.85,-1.13,"Helensburgh Centre","Depopulation Helensburgh Centre"," ","100","100.85",100,101.13
4,"S02001390","Argyll and Bute","Early Mortality","2012/13",-16,12,"Helensburgh Centre","Early Mortality Helensburgh Centre"," ","357","413.38",435,384
4,"S02001390","Argyll and Bute","Emergency Admissions","2012/13",-4,4,"Helensburgh Centre","Emergency Admissions Helensburgh Centre"," ","23642.94","24606.45",22307,21504
4,"S02001390","Argyll and Bute","Out of Work Benefits","2013/14",-5.53,-31.96,"Helensburgh Centre","Out of Work Benefits Helensburgh Centre"," ","13.39","14.13",9.99,13.18
4,"S02001390","Argyll and Bute","Participation Rate","2016/17",-0.67,0.31,"Helensburgh Centre","Participation Rate Helensburgh Centre"," ","91.09","90.48",94.48,94.78
4,"S02001403","Clackmannanshire","Attainment","2013/14",0,-0.48,"Alloa North","Attainment Alloa North"," ","5.32","5.32",5.4,5.37
4,"S02001403","Clackmannanshire","Child Poverty","2014/15",-24.21,-11.86,"Alloa North","Child Poverty Alloa North"," ","17.51","21.75",17.87,19.99
4,"S02001403","Clackmannanshire","Crime Rate","2012/13",26,2,"Alloa North","Crime Rate Alloa North"," ","912.82","679.41",1163,1134
4,"S02001403","Clackmannanshire","Depopulation","2012/13",3.57,1.18,"Alloa North","Depopulation Alloa North"," ","100","96.43",100,98.82
4,"S02001403","Clackmannanshire","Early Mortality","2012/13",2,-2,"Alloa North","Early Mortality Alloa North"," ","479","468.34",458,466
4,"S02001403","Clackmannanshire","Emergency Admissions","2012/13",11,-11,"Alloa North","Emergency Admissions Alloa North"," ","25967.41","23105.59",20978,23368
4,"S02001403","Clackmannanshire","Out of Work Benefits","2013/14",-15.24,-22.7,"Alloa North","Out of Work Benefits Alloa North"," ","14.17","16.33",14.22,17.45
4,"S02001403","Clackmannanshire","Participation Rate","2016/17",-2.83,1.73,"Alloa North","Participation Rate Alloa North"," ","91.85","89.25",89.83,91.39
4,"S02001430","Dumfries and Galloway","Attainment","2013/14",-4.07,-0.99,"Dumfries Central","Attainment Dumfries Central"," ","5.4","5.18",5.56,5.5
4,"S02001430","Dumfries and Galloway","Child Poverty","2014/15",-20.03,-10.03,"Dumfries Central","Child Poverty Dumfries Central"," ","21.62","25.95",17.05,18.76
4,"S02001430","Dumfries and Galloway","Crime Rate","2012/13",-1,-52,"Dumfries Central","Crime Rate Dumfries Central"," ","6141.95","6197.54",912,1388
4,"S02001430","Dumfries and Galloway","Depopulation","2012/13",7.28,-3.76,"Dumfries Central","Depopulation Dumfries Central"," ","100","92.72",100,103.76
4,"S02001430","Dumfries and Galloway","Early Mortality","2012/13",-19,0,"Dumfries Central","Early Mortality Dumfries Central"," ","582","694.01",406,405
4,"S02001430","Dumfries and Galloway","Emergency Admissions","2012/13",-12,-5,"Dumfries Central","Emergency Admissions Dumfries Central"," ","33962.26","37958.13",21449,22523
4,"S02001430","Dumfries and Galloway","Out of Work Benefits","2013/14",-11.26,-45.02,"Dumfries Central","Out of Work Benefits Dumfries Central"," ","22.92","25.5",10.97,15.91
4,"S02001430","Dumfries and Galloway","Participation Rate","2016/17",4.23,2.94,"Dumfries Central","Participation Rate Dumfries Central"," ","87","90.68",91.49,94.18
4,"S02001448","Dundee City","Attainment","2013/14",5.37,-3.27,"City Centre","Attainment City Centre"," ","5.03","5.3",5.35,5.18
4,"S02001448","Dundee City","Child Poverty","2014/15",-3.96,-3.39,"City Centre","Child Poverty City Centre"," ","27.8","28.9",17.72,18.32
4,"S02001448","Dundee City","Crime Rate","2012/13",-25,NA,"City Centre","Crime Rate City Centre"," ","3805.97","4770.19",17.72,1634
4,"S02001448","Dundee City","Depopulation","2012/13",4.89,0.21,"City Centre","Depopulation City Centre"," ","100","95.11",100,99.79
4,"S02001448","Dundee City","Early Mortality","2012/13",-10,8,"City Centre","Early Mortality City Centre"," ","814","892.33",596,548
4,"S02001448","Dundee City","Emergency Admissions","2012/13",0,-12,"City Centre","Emergency Admissions City Centre"," ","27002.97","27047.41",26055,29095
4,"S02001448","Dundee City","Out of Work Benefits","2013/14",3.07,-20.57,"City Centre","Out of Work Benefits City Centre"," ","14.96","14.5",16.09,19.4
4,"S02001448","Dundee City","Participation Rate","2016/17",15.82,2.2,"City Centre","Participation Rate City Centre"," ","69.66","80.68",87.56,89.48
4,"S02001485","East Ayrshire","Attainment","2013/14",2.21,0.02,"Auchinleck","Attainment Auchinleck"," ","4.98","5.09",5.39,5.39
4,"S02001485","East Ayrshire","Child Poverty","2014/15",8.68,-7.61,"Auchinleck","Child Poverty Auchinleck"," ","24.78","22.63",19.52,21
4,"S02001485","East Ayrshire","Crime Rate","2012/13",21,40,"Auchinleck","Crime Rate Auchinleck"," ","2545","2012.77",2132,1274
4,"S02001485","East Ayrshire","Depopulation","2012/13",-2.08,-2.49,"Auchinleck","Depopulation Auchinleck"," ","100","102.08",100,102.49
4,"S02001485","East Ayrshire","Early Mortality","2012/13",9,-3,"Auchinleck","Early Mortality Auchinleck"," ","615","557.65",511,525
4,"S02001485","East Ayrshire","Emergency Admissions","2012/13",33,9,"Auchinleck","Emergency Admissions Auchinleck"," ","42334.74","28499.53",30637,27775
4,"S02001485","East Ayrshire","Out of Work Benefits","2013/14",-27.74,-27.35,"Auchinleck","Out of Work Benefits Auchinleck"," ","20.87","26.66",15.87,20.2
4,"S02001485","East Ayrshire","Participation Rate","2016/17",4.44,3.5,"Auchinleck","Participation Rate Auchinleck"," ","85.79","89.6",89.02,92.14
4,"S02001507","East Dunbartonshire","Attainment","2013/14",6.81,1.92,"East Clober and Mains Estate","Attainment East Clober and Mains Estate"," ","5.73","6.12",6,6.11
4,"S02001507","East Dunbartonshire","Child Poverty","2014/15",31.27,4.38,"East Clober and Mains Estate","Child Poverty East Clober and Mains Estate"," ","16.47","11.32",8.54,8.17
4,"S02001507","East Dunbartonshire","Crime Rate","2012/13",70,NA,"East Clober and Mains Estate","Crime Rate East Clober and Mains Estate"," ","984.88","295.62",8.54,538
4,"S02001507","East Dunbartonshire","Depopulation","2012/13",2.17,2.13,"East Clober and Mains Estate","Depopulation East Clober and Mains Estate"," ","100","97.83",100,97.87
4,"S02001507","East Dunbartonshire","Early Mortality","2012/13",46,16,"East Clober and Mains Estate","Early Mortality East Clober and Mains Estate"," ","447","242.15",344,289
4,"S02001507","East Dunbartonshire","Emergency Admissions","2012/13",34,13,"East Clober and Mains Estate","Emergency Admissions East Clober and Mains Estate"," ","32998.32","21701.35",24567,21360
4,"S02001507","East Dunbartonshire","Out of Work Benefits","2013/14",-16.68,-28.18,"East Clober and Mains Estate","Out of Work Benefits East Clober and Mains Estate"," ","11.45","13.36",7.46,9.57
4,"S02001507","East Dunbartonshire","Participation Rate","2016/17",-1.08,0.57,"East Clober and Mains Estate","Participation Rate East Clober and Mains Estate"," ","94.77","93.75",95.52,96.07
4,"S02001540","East Lothian","Attainment","2013/14",0,-1.16,"Prestonpans North","Attainment Prestonpans North"," ","5.1","5.1",5.54,5.47
4,"S02001540","East Lothian","Child Poverty","2014/15",8.16,18.45,"Prestonpans North","Child Poverty Prestonpans North"," ","17.15","15.75",13.94,11.37
4,"S02001540","East Lothian","Crime Rate","2012/13",-43,-66,"Prestonpans North","Crime Rate Prestonpans North"," ","1385.4","1981.54",846,1406
4,"S02001540","East Lothian","Depopulation","2012/13",7.25,8.66,"Prestonpans North","Depopulation Prestonpans North"," ","100","92.75",100,91.34
4,"S02001540","East Lothian","Early Mortality","2012/13",19,17,"Prestonpans North","Early Mortality Prestonpans North"," ","543","441.08",414,345
4,"S02001540","East Lothian","Emergency Admissions","2012/13",15,16,"Prestonpans North","Emergency Admissions Prestonpans North"," ","26002.59","21982.61",23511,19759
4,"S02001540","East Lothian","Out of Work Benefits","2013/14",-12.05,-23.77,"Prestonpans North","Out of Work Benefits Prestonpans North"," ","15.19","17.02",9.59,11.87
4,"S02001540","East Lothian","Participation Rate","2016/17",14.48,5.06,"Prestonpans North","Participation Rate Prestonpans North"," ","81.42","93.21",90.27,94.84
4,"S02001559","East Renfrewshire","Attainment","2013/14",-3.4,1.33,"West Arthurlie and North Neilston","Attainment West Arthurlie and North Neilston"," ","5.88","5.68",6.08,6.16
4,"S02001559","East Renfrewshire","Child Poverty","2014/15",33.98,11.67,"West Arthurlie and North Neilston","Child Poverty West Arthurlie and North Neilston"," ","16.92","11.17",9.03,7.98
4,"S02001559","East Renfrewshire","Crime Rate","2012/13",52,50,"West Arthurlie and North Neilston","Crime Rate West Arthurlie and North Neilston"," ","1039.28","502.4",1174,587
4,"S02001559","East Renfrewshire","Depopulation","2012/13",15.73,5.38,"West Arthurlie and North Neilston","Depopulation West Arthurlie and North Neilston"," ","100","84.27",100,94.62
4,"S02001559","East Renfrewshire","Early Mortality","2012/13",25,14,"West Arthurlie and North Neilston","Early Mortality West Arthurlie and North Neilston"," ","477","359.82",347,298
4,"S02001559","East Renfrewshire","Emergency Admissions","2012/13",24,19,"West Arthurlie and North Neilston","Emergency Admissions West Arthurlie and North Neilston"," ","25907.99","19613.18",24725,19931
4,"S02001559","East Renfrewshire","Out of Work Benefits","2013/14",-19.17,-19.56,"West Arthurlie and North Neilston","Out of Work Benefits West Arthurlie and North Neilston"," ","11.53","13.74",7.21,8.62
4,"S02001559","East Renfrewshire","Participation Rate","2016/17",0.94,0.65,"West Arthurlie and North Neilston","Participation Rate West Arthurlie and North Neilston"," ","93.37","94.25",96.12,96.74
4,"S02001582","Edinburgh, City of","Attainment","2013/14",3.42,2.16,"Clovenstone and Wester Hailes","Attainment Clovenstone and Wester Hailes"," ","4.68","4.84",5.56,5.68
4,"S02001582","Edinburgh, City of","Child Poverty","2014/15",-0.53,-14.23,"Clovenstone and Wester Hailes","Child Poverty Clovenstone and Wester Hailes"," ","26.56","26.7",10.69,12.21
4,"S02001582","Edinburgh, City of","Crime Rate","2012/13",14,7,"Clovenstone and Wester Hailes","Crime Rate Clovenstone and Wester Hailes"," ","1517.86","1302.46",1262,1170
4,"S02001582","Edinburgh, City of","Depopulation","2012/13",3.09,5.6,"Clovenstone and Wester Hailes","Depopulation Clovenstone and Wester Hailes"," ","100","96.91",100,94.4
4,"S02001582","Edinburgh, City of","Early Mortality","2012/13",1,15,"Clovenstone and Wester Hailes","Early Mortality Clovenstone and Wester Hailes"," ","837","826.04",470,400
4,"S02001582","Edinburgh, City of","Emergency Admissions","2012/13",16,12,"Clovenstone and Wester Hailes","Emergency Admissions Clovenstone and Wester Hailes"," ","34158.42","28546.55",25325,22315
4,"S02001582","Edinburgh, City of","Out of Work Benefits","2013/14",-6.56,-6.32,"Clovenstone and Wester Hailes","Out of Work Benefits Clovenstone and Wester Hailes"," ","26.08","27.79",9.87,10.49
4,"S02001582","Edinburgh, City of","Participation Rate","2016/17",8.6,3.21,"Clovenstone and Wester Hailes","Participation Rate Clovenstone and Wester Hailes"," ","83.93","91.15",90.28,93.18
4,"S02001690","Eilean Siar","Attainment","2013/14",-1.08,-4.42,"South Lewis","Attainment South Lewis"," ","5.57","5.51",5.7,5.45
4,"S02001690","Eilean Siar","Child Poverty","2014/15",-101.92,-20.77,"South Lewis","Child Poverty South Lewis"," ","9.37","18.92",11.42,13.79
4,"S02001690","Eilean Siar","Crime Rate","2012/13",-3319,-483,"South Lewis","Crime Rate South Lewis"," ","13.08","447.21",132,772
4,"S02001690","Eilean Siar","Depopulation","2012/13",-1.39,-5.7,"South Lewis","Depopulation South Lewis"," ","100","101.39",100,105.7
4,"S02001690","Eilean Siar","Early Mortality","2012/13",2,11,"South Lewis","Early Mortality South Lewis"," ","379","372.67",478,424
4,"S02001690","Eilean Siar","Emergency Admissions","2012/13",-6,-4,"South Lewis","Emergency Admissions South Lewis"," ","19598.77","20725.99",24465,25346
4,"S02001690","Eilean Siar","Out of Work Benefits","2013/14",-6.97,-14.11,"South Lewis","Out of Work Benefits South Lewis"," ","10.19","10.9",9.65,11.01
4,"S02001690","Eilean Siar","Participation Rate","2016/17",1.05,1.58,"South Lewis","Participation Rate South Lewis"," ","95","96",95.87,97.39
4,"S02001733","Falkirk","Attainment","2013/14",2.15,0.45,"Grangemouth - Bowhouse","Attainment Grangemouth - Bowhouse"," ","5.11","5.22",5.47,5.5
4,"S02001733","Falkirk","Child Poverty","2014/15",17.79,-5.3,"Grangemouth - Bowhouse","Child Poverty Grangemouth - Bowhouse"," ","27.48","22.59",17.19,18.1
4,"S02001733","Falkirk","Crime Rate","2012/13",20,18,"Grangemouth - Bowhouse","Crime Rate Grangemouth - Bowhouse"," ","1983.14","1587.06",1412,1151
4,"S02001733","Falkirk","Depopulation","2012/13",-7.62,-0.29,"Grangemouth - Bowhouse","Depopulation Grangemouth - Bowhouse"," ","100","107.62",100,100.29
4,"S02001733","Falkirk","Early Mortality","2012/13",-21,-2,"Grangemouth - Bowhouse","Early Mortality Grangemouth - Bowhouse"," ","569","690.79",461,470
4,"S02001733","Falkirk","Emergency Admissions","2012/13",-13,-9,"Grangemouth - Bowhouse","Emergency Admissions Grangemouth - Bowhouse"," ","26897.47","30484.73",24210,26352
4,"S02001733","Falkirk","Out of Work Benefits","2013/14",-30.73,-23.86,"Grangemouth - Bowhouse","Out of Work Benefits Grangemouth - Bowhouse"," ","20.01","26.16",12.58,15.59
4,"S02001733","Falkirk","Participation Rate","2016/17",14.9,1.52,"Grangemouth - Bowhouse","Participation Rate Grangemouth - Bowhouse"," ","75.82","87.12",89.79,91.16
4,"S02001793","Fife","Attainment","2013/14",1.96,-0.09,"Kirkcaldy Hayfield and Smeaton","Attainment Kirkcaldy Hayfield and Smeaton"," ","4.6","4.69",5.41,5.41
4,"S02001793","Fife","Child Poverty","2014/15",-10.5,-0.89,"Kirkcaldy Hayfield and Smeaton","Child Poverty Kirkcaldy Hayfield and Smeaton"," ","26.66","29.46",17.59,17.75
4,"S02001793","Fife","Crime Rate","2012/13",-117,-29,"Kirkcaldy Hayfield and Smeaton","Crime Rate Kirkcaldy Hayfield and Smeaton"," ","1880.49","4077.26",923,1192
4,"S02001793","Fife","Depopulation","2012/13",-1.05,0.57,"Kirkcaldy Hayfield and Smeaton","Depopulation Kirkcaldy Hayfield and Smeaton"," ","100","101.05",100,99.43
4,"S02001793","Fife","Early Mortality","2012/13",-6,3,"Kirkcaldy Hayfield and Smeaton","Early Mortality Kirkcaldy Hayfield and Smeaton"," ","676","714.96",446,431
4,"S02001793","Fife","Emergency Admissions","2012/13",-9,-13,"Kirkcaldy Hayfield and Smeaton","Emergency Admissions Kirkcaldy Hayfield and Smeaton"," ","28089.89","30601.89",22948,25995
4,"S02001793","Fife","Out of Work Benefits","2013/14",-26.5,-29.09,"Kirkcaldy Hayfield and Smeaton","Out of Work Benefits Kirkcaldy Hayfield and Smeaton"," ","22.23","28.12",12.64,16.32
4,"S02001793","Fife","Participation Rate","2016/17",4.82,2.91,"Kirkcaldy Hayfield and Smeaton","Participation Rate Kirkcaldy Hayfield and Smeaton"," ","84.18","88.24",88.84,91.43
4,"S02001934","Glasgow City","Attainment","2013/14",10.28,3.45,"City Centre South","Attainment City Centre South"," ","3.89","4.29",5.25,5.43
4,"S02001934","Glasgow City","Child Poverty","2014/15",-156.75,-13.77,"City Centre South","Child Poverty City Centre South"," ","18.89","48.5",22.4,25.49
4,"S02001934","Glasgow City","Crime Rate","2012/13",64,61,"City Centre South","Crime Rate City Centre South"," ","57603.06","20541.78",3820,1480
4,"S02001934","Glasgow City","Depopulation","2012/13",32.84,3.89,"City Centre South","Depopulation City Centre South"," ","100","67.16",100,96.11
4,"S02001934","Glasgow City","Early Mortality","2012/13",13,11,"City Centre South","Early Mortality City Centre South"," ","767","667.69",703,624
4,"S02001934","Glasgow City","Emergency Admissions","2012/13",15,13,"City Centre South","Emergency Admissions City Centre South"," ","29078.01","24713.02",34269,29806
4,"S02001934","Glasgow City","Out of Work Benefits","2013/14",-75,-8.37,"City Centre South","Out of Work Benefits City Centre South"," ","9.6","16.8",19.83,21.49
4,"S02001934","Glasgow City","Participation Rate","2016/17",27.77,3.96,"City Centre South","Participation Rate City Centre South"," ","75","95.83",87.37,90.83
4,"S02002027","Highland","Attainment","2013/14",-3.36,-1.07,"Wick South","Attainment Wick South"," ","5.06","4.89",5.5,5.44
4,"S02002027","Highland","Child Poverty","2014/15",6.72,-6.03,"Wick South","Child Poverty Wick South"," ","24.39","22.75",14.65,15.54
4,"S02002027","Highland","Crime Rate","2012/13",-75,-297,"Wick South","Crime Rate Wick South"," ","1010.75","1773.61",331,1313
4,"S02002027","Highland","Depopulation","2012/13",-7.54,-0.15,"Wick South","Depopulation Wick South"," ","100","107.54",100,100.15
4,"S02002027","Highland","Early Mortality","2012/13",-13,8,"Wick South","Early Mortality Wick South"," ","504","571.47",432,399
4,"S02002027","Highland","Emergency Admissions","2012/13",27,6,"Wick South","Emergency Admissions Wick South"," ","28633.72","21023.17",21523,20234
4,"S02002027","Highland","Out of Work Benefits","2013/14",-24.32,-38.54,"Wick South","Out of Work Benefits Wick South"," ","17.35","21.57",9.2,12.74
4,"S02002027","Highland","Participation Rate","2016/17",-2.49,-0.5,"Wick South","Participation Rate Wick South"," ","89.12","86.9",93.38,92.91
4,"S02002050","Inverclyde","Attainment","2013/14",4.07,-0.35,"Port Glasgow Upper East","Attainment Port Glasgow Upper East"," ","5.16","5.37",5.62,5.6
4,"S02002050","Inverclyde","Child Poverty","2014/15",7.08,-7.07,"Port Glasgow Upper East","Child Poverty Port Glasgow Upper East"," ","22.03","20.47",14.19,15.2
4,"S02002050","Inverclyde","Crime Rate","2012/13",31,43,"Port Glasgow Upper East","Crime Rate Port Glasgow Upper East"," ","936.13","646.68",1940,1100
4,"S02002050","Inverclyde","Depopulation","2012/13",-6.06,-3.88,"Port Glasgow Upper East","Depopulation Port Glasgow Upper East"," ","100","106.06",100,103.88
4,"S02002050","Inverclyde","Early Mortality","2012/13",15,9,"Port Glasgow Upper East","Early Mortality Port Glasgow Upper East"," ","562","480.5",551,503
4,"S02002050","Inverclyde","Emergency Admissions","2012/13",22,15,"Port Glasgow Upper East","Emergency Admissions Port Glasgow Upper East"," ","27118.64","21236.37",27954,23879
4,"S02002050","Inverclyde","Out of Work Benefits","2013/14",-18.04,-22.02,"Port Glasgow Upper East","Out of Work Benefits Port Glasgow Upper East"," ","23.17","27.35",16.29,19.88
4,"S02002050","Inverclyde","Participation Rate","2016/17",0.71,1.96,"Port Glasgow Upper East","Participation Rate Port Glasgow Upper East"," ","89.67","90.31",91.35,93.13
4,"S02002069","Midlothian","Attainment","2013/14",-1.17,0.02,"Mayfield","Attainment Mayfield"," ","5.12","5.06",5.42,5.42
4,"S02002069","Midlothian","Child Poverty","2014/15",15.13,-2.24,"Mayfield","Child Poverty Mayfield"," ","23.93","20.31",14.54,14.87
4,"S02002069","Midlothian","Crime Rate","2012/13",9,4,"Mayfield","Crime Rate Mayfield"," ","1290.53","1176.49",1273,1227
4,"S02002069","Midlothian","Depopulation","2012/13",-1.77,10.58,"Mayfield","Depopulation Mayfield"," ","100","101.77",100,89.42
4,"S02002069","Midlothian","Early Mortality","2012/13",2,-2,"Mayfield","Early Mortality Mayfield"," ","524","514.79",420,427
4,"S02002069","Midlothian","Emergency Admissions","2012/13",8,15,"Mayfield","Emergency Admissions Mayfield"," ","24590.16","22617.86",25046,21361
4,"S02002069","Midlothian","Out of Work Benefits","2013/14",-23.21,-21.49,"Mayfield","Out of Work Benefits Mayfield"," ","17.92","22.08",11.91,14.47
4,"S02002069","Midlothian","Participation Rate","2016/17",4.89,6.91,"Mayfield","Participation Rate Mayfield"," ","88.29","92.61",88.26,94.36
4,"S02002095","Moray","Attainment","2013/14",-6.32,-1.47,"Forres South West and Mannachie","Attainment Forres South West and Mannachie"," ","5.38","5.04",5.52,5.44
4,"S02002095","Moray","Child Poverty","2014/15",6.82,-19.08,"Forres South West and Mannachie","Child Poverty Forres South West and Mannachie"," ","22.28","20.76",13.57,16.16
4,"S02002095","Moray","Crime Rate","2012/13",9,-2,"Forres South West and Mannachie","Crime Rate Forres South West and Mannachie"," ","973.66","884.42",1012,1037
4,"S02002095","Moray","Depopulation","2012/13",-8.08,-0.2,"Forres South West and Mannachie","Depopulation Forres South West and Mannachie"," ","100","108.08",100,100.2
4,"S02002095","Moray","Early Mortality","2012/13",-11,8,"Forres South West and Mannachie","Early Mortality Forres South West and Mannachie"," ","441","489.05",400,370
4,"S02002095","Moray","Emergency Admissions","2012/13",-16,-1,"Forres South West and Mannachie","Emergency Admissions Forres South West and Mannachie"," ","17576.32","20428",17487,17581
4,"S02002095","Moray","Out of Work Benefits","2013/14",-52.86,-50.5,"Forres South West and Mannachie","Out of Work Benefits Forres South West and Mannachie"," ","11.88","18.16",7.84,11.79
4,"S02002095","Moray","Participation Rate","2016/17",1.32,4.25,"Forres South West and Mannachie","Participation Rate Forres South West and Mannachie"," ","90.07","91.26",90.89,94.75
4,"S02002118","North Ayrshire","Attainment","2013/14",0.59,0.38,"Stevenston Hayocks","Attainment Stevenston Hayocks"," ","5.12","5.15",5.41,5.43
4,"S02002118","North Ayrshire","Child Poverty","2014/15",-32.83,-0.47,"Stevenston Hayocks","Child Poverty Stevenston Hayocks"," ","26.59","35.32",20.35,20.45
4,"S02002118","North Ayrshire","Crime Rate","2012/13",5,35,"Stevenston Hayocks","Crime Rate Stevenston Hayocks"," ","1895.21","1798.13",2154,1404
4,"S02002118","North Ayrshire","Depopulation","2012/13",-9.35,-2.83,"Stevenston Hayocks","Depopulation Stevenston Hayocks"," ","100","109.35",100,102.83
4,"S02002118","North Ayrshire","Early Mortality","2012/13",25,-2,"Stevenston Hayocks","Early Mortality Stevenston Hayocks"," ","682","513.91",516,526
4,"S02002118","North Ayrshire","Emergency Admissions","2012/13",1,3,"Stevenston Hayocks","Emergency Admissions Stevenston Hayocks"," ","30386.74","30085.88",27805,26840
4,"S02002118","North Ayrshire","Out of Work Benefits","2013/14",-21.79,-29.74,"Stevenston Hayocks","Out of Work Benefits Stevenston Hayocks"," ","25.01","30.46",17.21,22.33
4,"S02002118","North Ayrshire","Participation Rate","2016/17",-1.99,2.01,"Stevenston Hayocks","Participation Rate Stevenston Hayocks"," ","88.02","86.27",89.96,91.77
4,"S02002155","North Lanarkshire","Attainment","2013/14",1.35,-1.24,"Motherwell South","Attainment Motherwell South"," ","5.2","5.27",5.39,5.33
4,"S02002155","North Lanarkshire","Child Poverty","2014/15",16.6,-1.6,"Motherwell South","Child Poverty Motherwell South"," ","32.1","26.77",18.9,19.2
4,"S02002155","North Lanarkshire","Crime Rate","2012/13",55,40,"Motherwell South","Crime Rate Motherwell South"," ","12818.79","5800.92",2190,1319
4,"S02002155","North Lanarkshire","Depopulation","2012/13",-5.5,-0.89,"Motherwell South","Depopulation Motherwell South"," ","100","105.5",100,100.89
4,"S02002155","North Lanarkshire","Early Mortality","2012/13",-19,2,"Motherwell South","Early Mortality Motherwell South"," ","695","825.2",555,543
4,"S02002155","North Lanarkshire","Emergency Admissions","2012/13",-18,-6,"Motherwell South","Emergency Admissions Motherwell South"," ","35642.66","42206.67",29416,31054
4,"S02002155","North Lanarkshire","Out of Work Benefits","2013/14",-5.42,-20.26,"Motherwell South","Out of Work Benefits Motherwell South"," ","28.79","30.35",15.31,18.41
4,"S02002155","North Lanarkshire","Participation Rate","2016/17",10.85,1.93,"Motherwell South","Participation Rate Motherwell South"," ","79.84","88.5",89.21,90.93
4,"S02002218","Orkney Islands","Attainment","2013/14",1.58,-0.12,"Isles","Attainment Isles"," ","5.7","5.79",5.62,5.61
4,"S02002218","Orkney Islands","Child Poverty","2014/15",2.89,1.7,"Isles","Child Poverty Isles"," ","20.73","20.13",12.83,12.62
4,"S02002218","Orkney Islands","Crime Rate","2012/13",-2083,-353,"Isles","Crime Rate Isles"," ","20.29","443.02",171,775
4,"S02002218","Orkney Islands","Depopulation","2012/13",0.27,0.66,"Isles","Depopulation Isles"," ","100","99.73",100,99.33
4,"S02002218","Orkney Islands","Early Mortality","2012/13",-7,6,"Isles","Early Mortality Isles"," ","355","379.01",369,346
4,"S02002218","Orkney Islands","Emergency Admissions","2012/13",17,14,"Isles","Emergency Admissions Isles"," ","16404.08","13553.66",20828,17877
4,"S02002218","Orkney Islands","Out of Work Benefits","2013/14",-41.06,-61.85,"Isles","Out of Work Benefits Isles"," ","8.84","12.47",6.46,10.45
4,"S02002218","Orkney Islands","Participation Rate","2016/17",-2.28,-0.74,"Isles","Participation Rate Isles"," ","95.21","93.04",94.36,93.66
4,"S02002238","Perth and Kinross","Attainment","2013/14",-5.51,-0.16,"North Inch","Attainment North Inch"," ","5.44","5.14",5.6,5.59
4,"S02002238","Perth and Kinross","Child Poverty","2014/15",-22.62,-3.36,"North Inch","Child Poverty North Inch"," ","26.79","32.85",13.52,13.98
4,"S02002238","Perth and Kinross","Crime Rate","2012/13",-29,-39,"North Inch","Crime Rate North Inch"," ","2605.68","3365.41",745,1039
4,"S02002238","Perth and Kinross","Depopulation","2012/13",-2.75,3.22,"North Inch","Depopulation North Inch"," ","100","102.75",100,96.78
4,"S02002238","Perth and Kinross","Early Mortality","2012/13",37,3,"North Inch","Early Mortality North Inch"," ","596","373.07",369,356
4,"S02002238","Perth and Kinross","Emergency Admissions","2012/13",5,-14,"North Inch","Emergency Admissions North Inch"," ","34722.22","33124.25",22242,25364
4,"S02002238","Perth and Kinross","Out of Work Benefits","2013/14",-29.13,-42.49,"North Inch","Out of Work Benefits North Inch"," ","12.77","16.49",8.24,11.74
4,"S02002238","Perth and Kinross","Participation Rate","2016/17",21.99,0.07,"North Inch","Participation Rate North Inch"," ","75","91.49",92.3,92.37
4,"S02002278","Renfrewshire","Attainment","2013/14",0,1.08,"Paisley North","Attainment Paisley North"," ","5.22","5.22",5.52,5.58
4,"S02002278","Renfrewshire","Child Poverty","2014/15",-25.35,-16.57,"Paisley North","Child Poverty Paisley North"," ","17.79","22.3",12.87,15.01
4,"S02002278","Renfrewshire","Crime Rate","2012/13",70,51,"Paisley North","Crime Rate Paisley North"," ","11095.64","3370.42",1976,965
4,"S02002278","Renfrewshire","Depopulation","2012/13",23.48,3.07,"Paisley North","Depopulation Paisley North"," ","100","76.52",100,96.93
4,"S02002278","Renfrewshire","Early Mortality","2012/13",11,13,"Paisley North","Early Mortality Paisley North"," ","768","682.98",532,465
4,"S02002278","Renfrewshire","Emergency Admissions","2012/13",6,14,"Paisley North","Emergency Admissions Paisley North"," ","29756.1","28112.45",28094,24249
4,"S02002278","Renfrewshire","Out of Work Benefits","2013/14",-6.64,-11.04,"Paisley North","Out of Work Benefits Paisley North"," ","20.49","21.85",13.74,15.26
4,"S02002278","Renfrewshire","Participation Rate","2016/17",-0.09,1.93,"Paisley North","Participation Rate Paisley North"," ","87.15","87.07",91.1,92.86
4,"S02002306","Scottish Borders","Attainment","2013/14",-1.57,-1.26,"Eyemouth","Attainment Eyemouth"," ","5.08","5",5.54,5.47
4,"S02002306","Scottish Borders","Child Poverty","2014/15",-12.62,-9.92,"Eyemouth","Child Poverty Eyemouth"," ","19.02","21.42",15.03,16.52
4,"S02002306","Scottish Borders","Crime Rate","2012/13",-47,-37,"Eyemouth","Crime Rate Eyemouth"," ","872.04","1277.65",764,1047
4,"S02002306","Scottish Borders","Depopulation","2012/13",0.91,1.33,"Eyemouth","Depopulation Eyemouth"," ","100","99.09",100,98.67
4,"S02002306","Scottish Borders","Early Mortality","2012/13",11,5,"Eyemouth","Early Mortality Eyemouth"," ","475","422.09",380,360
4,"S02002306","Scottish Borders","Emergency Admissions","2012/13",-13,13,"Eyemouth","Emergency Admissions Eyemouth"," ","20102.43","22799.53",25376,21982
4,"S02002306","Scottish Borders","Out of Work Benefits","2013/14",-20.82,-43.38,"Eyemouth","Out of Work Benefits Eyemouth"," ","14.07","17",9.82,14.08
4,"S02002306","Scottish Borders","Participation Rate","2016/17",5.9,3,"Eyemouth","Participation Rate Eyemouth"," ","85.89","90.96",91.34,94.08
4,"S02002325","Shetland Islands","Attainment","2013/14",0.71,0.98,"Central Shetland","Attainment Central Shetland"," ","5.62","5.66",5.56,5.61
4,"S02002325","Shetland Islands","Child Poverty","2014/15",-124.62,-24.4,"Central Shetland","Child Poverty Central Shetland"," ","4.59","10.31",7.15,8.89
4,"S02002325","Shetland Islands","Crime Rate","2012/13",-1366,-245,"Central Shetland","Crime Rate Central Shetland"," ","42.37","621.16",162,559
4,"S02002325","Shetland Islands","Depopulation","2012/13",8.12,-0.19,"Central Shetland","Depopulation Central Shetland"," ","100","91.88",100,100.19
4,"S02002325","Shetland Islands","Early Mortality","2012/13",46,22,"Central Shetland","Early Mortality Central Shetland"," ","449","241.74",413,322
4,"S02002325","Shetland Islands","Emergency Admissions","2012/13",8,25,"Central Shetland","Emergency Admissions Central Shetland"," ","19163","17557.27",23493,17578
4,"S02002325","Shetland Islands","Out of Work Benefits","2013/14",-80.35,-55.08,"Central Shetland","Out of Work Benefits Central Shetland"," ","4.63","8.35",5.8,9
4,"S02002325","Shetland Islands","Participation Rate","2016/17",0.53,0.1,"Central Shetland","Participation Rate Central Shetland"," ","97.01","97.52",97.32,97.42
4,"S02002342","South Ayrshire","Attainment","2013/14",-1.02,0.33,"Dalmilling","Attainment Dalmilling"," ","4.89","4.84",5.56,5.58
4,"S02002342","South Ayrshire","Child Poverty","2014/15",-12.1,-5.28,"Dalmilling","Child Poverty Dalmilling"," ","30.24","33.9",16.55,17.42
4,"S02002342","South Ayrshire","Crime Rate","2012/13",11,35,"Dalmilling","Crime Rate Dalmilling"," ","1567.04","1398.62",1948,1258
4,"S02002342","South Ayrshire","Depopulation","2012/13",-6.19,-1.76,"Dalmilling","Depopulation Dalmilling"," ","100","106.19",100,101.76
4,"S02002342","South Ayrshire","Early Mortality","2012/13",0,0,"Dalmilling","Early Mortality Dalmilling"," ","733","734.92",451,452
4,"S02002342","South Ayrshire","Emergency Admissions","2012/13",5,11,"Dalmilling","Emergency Admissions Dalmilling"," ","40082.64","38124.07",29687,26368
4,"S02002342","South Ayrshire","Out of Work Benefits","2013/14",-38.22,-28.95,"Dalmilling","Out of Work Benefits Dalmilling"," ","25.77","35.62",13.53,17.45
4,"S02002342","South Ayrshire","Participation Rate","2016/17",11.47,4.92,"Dalmilling","Participation Rate Dalmilling"," ","86.39","96.3",90.79,95.26
4,"S02002412","South Lanarkshire","Attainment","2013/14",1.59,2.32,"Spittal","Attainment Spittal"," ","5.03","5.11",5.45,5.57
4,"S02002412","South Lanarkshire","Child Poverty","2014/15",17.7,2.49,"Spittal","Child Poverty Spittal"," ","27.35","22.51",15.61,15.22
4,"S02002412","South Lanarkshire","Crime Rate","2012/13",51,45,"Spittal","Crime Rate Spittal"," ","1405.73","683.31",2123,1163
4,"S02002412","South Lanarkshire","Depopulation","2012/13",11.81,2.39,"Spittal","Depopulation Spittal"," ","100","88.19",100,97.61
4,"S02002412","South Lanarkshire","Early Mortality","2012/13",12,6,"Spittal","Early Mortality Spittal"," ","626","548.87",489,462
4,"S02002412","South Lanarkshire","Emergency Admissions","2012/13",8,4,"Spittal","Emergency Admissions Spittal"," ","25925.93","23936.12",26799,25600
4,"S02002412","South Lanarkshire","Out of Work Benefits","2013/14",4.94,-19.31,"Spittal","Out of Work Benefits Spittal"," ","21.05","20.01",13.46,16.05
4,"S02002412","South Lanarkshire","Participation Rate","2016/17",2.63,2.98,"Spittal","Participation Rate Spittal"," ","88.5","90.83",90.3,92.99
4,"S02002440","Stirling","Attainment","2013/14",0.58,0.99,"Plean and Rural SE","Attainment Plean and Rural SE"," ","5.15","5.18",5.59,5.65
4,"S02002440","Stirling","Child Poverty","2014/15",14.77,0.01,"Plean and Rural SE","Child Poverty Plean and Rural SE"," ","19.23","16.39",13.86,13.86
4,"S02002440","Stirling","Crime Rate","2012/13",-3,26,"Plean and Rural SE","Crime Rate Plean and Rural SE"," ","1387.16","1429.68",1450,1072
4,"S02002440","Stirling","Depopulation","2012/13",18.07,3.24,"Plean and Rural SE","Depopulation Plean and Rural SE"," ","100","81.93",100,96.76
4,"S02002440","Stirling","Early Mortality","2012/13",13,3,"Plean and Rural SE","Early Mortality Plean and Rural SE"," ","560","487.28",418,405
4,"S02002440","Stirling","Emergency Admissions","2012/13",28,-5,"Plean and Rural SE","Emergency Admissions Plean and Rural SE"," ","32186.23","23212.96",22971,24197
4,"S02002440","Stirling","Out of Work Benefits","2013/14",-11.78,-15.99,"Plean and Rural SE","Out of Work Benefits Plean and Rural SE"," ","15.36","17.17",10.36,12.02
4,"S02002440","Stirling","Participation Rate","2016/17",4.93,2.76,"Plean and Rural SE","Participation Rate Plean and Rural SE"," ","85.84","90.07",91.01,93.52
4,"S02002462","West Dunbartonshire","Attainment","2013/14",7.43,-2.19,"Drumry","Attainment Drumry"," ","4.98","5.35",5.43,5.32
4,"S02002462","West Dunbartonshire","Child Poverty","2014/15",8.24,3.28,"Drumry","Child Poverty Drumry"," ","25.23","23.15",18.37,17.77
4,"S02002462","West Dunbartonshire","Crime Rate","2012/13",6,52,"Drumry","Crime Rate Drumry"," ","2538.57","2383.91",2358,1129
4,"S02002462","West Dunbartonshire","Depopulation","2012/13",-1.72,-2.61,"Drumry","Depopulation Drumry"," ","100","101.72",100,102.61
4,"S02002462","West Dunbartonshire","Early Mortality","2012/13",11,9,"Drumry","Early Mortality Drumry"," ","646","572.7",598,544
4,"S02002462","West Dunbartonshire","Emergency Admissions","2012/13",12,7,"Drumry","Emergency Admissions Drumry"," ","37183.38","32601.84",29715,27575
4,"S02002462","West Dunbartonshire","Out of Work Benefits","2013/14",-17.75,-20.16,"Drumry","Out of Work Benefits Drumry"," ","24.85","29.26",17.74,21.32
4,"S02002462","West Dunbartonshire","Participation Rate","2016/17",4.89,2.58,"Drumry","Participation Rate Drumry"," ","83.79","87.89",88.64,90.93
4,"S02002488","West Lothian","Attainment","2013/14",4.22,0.15,"Howden","Attainment Howden"," ","5.21","5.43",5.5,5.51
4,"S02002488","West Lothian","Child Poverty","2014/15",-3.75,-9.89,"Howden","Child Poverty Howden"," ","19.73","20.47",14.99,16.47
4,"S02002488","West Lothian","Crime Rate","2012/13",-28,-11,"Howden","Crime Rate Howden"," ","2184.73","2805.98",1071,1190
4,"S02002488","West Lothian","Depopulation","2012/13",4.43,3.33,"Howden","Depopulation Howden"," ","100","95.57",100,96.67
4,"S02002488","West Lothian","Early Mortality","2012/13",12,9,"Howden","Early Mortality Howden"," ","513","452.89",477,435
4,"S02002488","West Lothian","Emergency Admissions","2012/13",-19,1,"Howden","Emergency Admissions Howden"," ","25549.92","30315.91",26444,26157
4,"S02002488","West Lothian","Out of Work Benefits","2013/14",-20.99,-26.47,"Howden","Out of Work Benefits Howden"," ","13.67","16.54",12.16,15.38
4,"S02002488","West Lothian","Participation Rate","2016/17",4.8,4.09,"Howden","Participation Rate Howden"," ","88.93","93.2",89.74,93.41
5,"S02001273","Aberdeen City","Attainment","2013/14",3.17,1.65,"Northfield","Attainment Northfield"," ","4.41","4.55",5.36,5.45
5,"S02001273","Aberdeen City","Child Poverty","2014/15",-16.11,-22.81,"Northfield","Child Poverty Northfield"," ","16.33","18.96",10.52,12.92
5,"S02001273","Aberdeen City","Crime Rate","2012/13",29,22,"Northfield","Crime Rate Northfield"," ","2138.55","1514.32",1739,1364
5,"S02001273","Aberdeen City","Depopulation","2012/13",-8.55,0.58,"Northfield","Depopulation Northfield"," ","100","108.55",100,99.42
5,"S02001273","Aberdeen City","Early Mortality","2012/13",-19,11,"Northfield","Early Mortality Northfield"," ","492","586.36",497,444
5,"S02001273","Aberdeen City","Emergency Admissions","2012/13",-20,12,"Northfield","Emergency Admissions Northfield"," ","25038.17","29947.84",26118,22899
5,"S02001273","Aberdeen City","Out of Work Benefits","2013/14",-43.11,-55.54,"Northfield","Out of Work Benefits Northfield"," ","15.17","21.71",7.62,11.85
5,"S02001273","Aberdeen City","Participation Rate","2016/17",-2.13,2.45,"Northfield","Participation Rate Northfield"," ","83","81.23",87.9,90.05
5,"S02001326","Aberdeenshire","Attainment","2013/14",6.31,1.29,"Banff","Attainment Banff"," ","4.91","5.22",5.44,5.51
5,"S02001326","Aberdeenshire","Child Poverty","2014/15",-31.02,-14.72,"Banff","Child Poverty Banff"," ","16.83","22.05",8.91,10.22
5,"S02001326","Aberdeenshire","Crime Rate","2012/13",3,5,"Banff","Crime Rate Banff"," ","1907.79","1845.43",822,780
5,"S02001326","Aberdeenshire","Depopulation","2012/13",-9.91,0.8,"Banff","Depopulation Banff"," ","100","109.91",100,99.2
5,"S02001326","Aberdeenshire","Early Mortality","2012/13",6,6,"Banff","Early Mortality Banff"," ","503","472.91",373,352
5,"S02001326","Aberdeenshire","Emergency Admissions","2012/13",23,11,"Banff","Emergency Admissions Banff"," ","24482.76","18850.79",19800,17649
5,"S02001326","Aberdeenshire","Out of Work Benefits","2013/14",-61.8,-66.14,"Banff","Out of Work Benefits Banff"," ","12.88","20.84",5.79,9.62
5,"S02001326","Aberdeenshire","Participation Rate","2016/17",0.15,-0.91,"Banff","Participation Rate Banff"," ","87.37","87.5",93.24,92.39
5,"S02001357","Angus","Attainment","2013/14",-2.86,-3.54,"Montrose South","Attainment Montrose South"," ","5.25","5.1",5.5,5.31
5,"S02001357","Angus","Child Poverty","2014/15",-29.48,-17.9,"Montrose South","Child Poverty Montrose South"," ","20.96","27.14",14.16,16.7
5,"S02001357","Angus","Crime Rate","2012/13",-2,-36,"Montrose South","Crime Rate Montrose South"," ","1523.78","1555.22",719,978
5,"S02001357","Angus","Depopulation","2012/13",-11,-1.81,"Montrose South","Depopulation Montrose South"," ","100","111",100,101.81
5,"S02001357","Angus","Early Mortality","2012/13",5,4,"Montrose South","Early Mortality Montrose South"," ","554","524.92",401,383
5,"S02001357","Angus","Emergency Admissions","2012/13",0,-12,"Montrose South","Emergency Admissions Montrose South"," ","25925.93","25856.99",19852,22158
5,"S02001357","Angus","Out of Work Benefits","2013/14",-73.65,-60.21,"Montrose South","Out of Work Benefits Montrose South"," ","13.85","24.05",9.17,14.69
5,"S02001357","Angus","Participation Rate","2016/17",-0.12,0.09,"Montrose South","Participation Rate Montrose South"," ","89.3","89.19",91.56,91.64
5,"S02001385","Argyll and Bute","Attainment","2013/14",3,-1,"Hunter's Quay","Attainment Hunter's Quay"," ","5.33","5.49",5.61,5.55
5,"S02001385","Argyll and Bute","Child Poverty","2014/15",-29.56,-4.22,"Hunter's Quay","Child Poverty Hunter's Quay"," ","17.05","22.09",14.67,15.28
5,"S02001385","Argyll and Bute","Crime Rate","2012/13",5,34,"Hunter's Quay","Crime Rate Hunter's Quay"," ","1548.87","1472.99",1719,1137
5,"S02001385","Argyll and Bute","Depopulation","2012/13",-7.44,-1.13,"Hunter's Quay","Depopulation Hunter's Quay"," ","100","107.44",100,101.13
5,"S02001385","Argyll and Bute","Early Mortality","2012/13",7,12,"Hunter's Quay","Early Mortality Hunter's Quay"," ","478","442.67",435,384
5,"S02001385","Argyll and Bute","Emergency Admissions","2012/13",-2,4,"Hunter's Quay","Emergency Admissions Hunter's Quay"," ","22803.35","23165.62",22307,21504
5,"S02001385","Argyll and Bute","Out of Work Benefits","2013/14",-33.48,-31.96,"Hunter's Quay","Out of Work Benefits Hunter's Quay"," ","16.25","21.69",9.99,13.18
5,"S02001385","Argyll and Bute","Participation Rate","2016/17",-3.49,0.31,"Hunter's Quay","Participation Rate Hunter's Quay"," ","95.77","92.43",94.48,94.78
5,"S02001393","Clackmannanshire","Attainment","2013/14",1.16,-0.48,"Tullibody South","Attainment Tullibody South"," ","5.19","5.25",5.4,5.37
5,"S02001393","Clackmannanshire","Child Poverty","2014/15",17.3,-11.86,"Tullibody South","Child Poverty Tullibody South"," ","17.63","14.58",17.87,19.99
5,"S02001393","Clackmannanshire","Crime Rate","2012/13",7,2,"Tullibody South","Crime Rate Tullibody South"," ","1191.98","1111.38",1163,1134
5,"S02001393","Clackmannanshire","Depopulation","2012/13",-4.44,1.18,"Tullibody South","Depopulation Tullibody South"," ","100","104.44",100,98.82
5,"S02001393","Clackmannanshire","Early Mortality","2012/13",2,-2,"Tullibody South","Early Mortality Tullibody South"," ","498","487.14",458,466
5,"S02001393","Clackmannanshire","Emergency Admissions","2012/13",-27,-11,"Tullibody South","Emergency Admissions Tullibody South"," ","20000","25398.79",20978,23368
5,"S02001393","Clackmannanshire","Out of Work Benefits","2013/14",-26.35,-22.7,"Tullibody South","Out of Work Benefits Tullibody South"," ","13.7","17.31",14.22,17.45
5,"S02001393","Clackmannanshire","Participation Rate","2016/17",4.98,1.73,"Tullibody South","Participation Rate Tullibody South"," ","86.49","90.8",89.83,91.39
5,"S02001419","Dumfries and Galloway","Attainment","2013/14",-8.2,-0.99,"Upper Nithsdale","Attainment Upper Nithsdale"," ","5.49","5.04",5.56,5.5
5,"S02001419","Dumfries and Galloway","Child Poverty","2014/15",-13.77,-10.03,"Upper Nithsdale","Child Poverty Upper Nithsdale"," ","23.45","26.68",17.05,18.76
5,"S02001419","Dumfries and Galloway","Crime Rate","2012/13",4,-52,"Upper Nithsdale","Crime Rate Upper Nithsdale"," ","919.46","878.59",912,1388
5,"S02001419","Dumfries and Galloway","Depopulation","2012/13",-5.12,-3.76,"Upper Nithsdale","Depopulation Upper Nithsdale"," ","100","105.12",100,103.76
5,"S02001419","Dumfries and Galloway","Early Mortality","2012/13",19,0,"Upper Nithsdale","Early Mortality Upper Nithsdale"," ","491","398.33",406,405
5,"S02001419","Dumfries and Galloway","Emergency Admissions","2012/13",-34,-5,"Upper Nithsdale","Emergency Admissions Upper Nithsdale"," ","21107.93","28307.27",21449,22523
5,"S02001419","Dumfries and Galloway","Out of Work Benefits","2013/14",-25.29,-45.02,"Upper Nithsdale","Out of Work Benefits Upper Nithsdale"," ","18.7","23.43",10.97,15.91
5,"S02001419","Dumfries and Galloway","Participation Rate","2016/17",8.49,2.94,"Upper Nithsdale","Participation Rate Upper Nithsdale"," ","87.05","94.44",91.49,94.18
5,"S02001462","Dundee City","Attainment","2013/14",-3.52,-3.27,"Whitfield","Attainment Whitfield"," ","4.83","4.66",5.35,5.18
5,"S02001462","Dundee City","Child Poverty","2014/15",3.23,-3.39,"Whitfield","Child Poverty Whitfield"," ","22.63","21.9",17.72,18.32
5,"S02001462","Dundee City","Crime Rate","2012/13",-9,NA,"Whitfield","Crime Rate Whitfield"," ","1189.19","1300.09",17.72,1634
5,"S02001462","Dundee City","Depopulation","2012/13",0.17,0.21,"Whitfield","Depopulation Whitfield"," ","100","99.83",100,99.79
5,"S02001462","Dundee City","Early Mortality","2012/13",33,8,"Whitfield","Early Mortality Whitfield"," ","779","518.13",596,548
5,"S02001462","Dundee City","Emergency Admissions","2012/13",-44,-12,"Whitfield","Emergency Admissions Whitfield"," ","20231.21","29173.25",26055,29095
5,"S02001462","Dundee City","Out of Work Benefits","2013/14",-28.15,-20.57,"Whitfield","Out of Work Benefits Whitfield"," ","24.87","31.87",16.09,19.4
5,"S02001462","Dundee City","Participation Rate","2016/17",4.41,2.2,"Whitfield","Participation Rate Whitfield"," ","81.49","85.08",87.56,89.48
5,"S02001500","East Ayrshire","Attainment","2013/14",0.79,0.02,"Altonhill North and Onthank","Attainment Altonhill North and Onthank"," ","5.07","5.11",5.39,5.39
5,"S02001500","East Ayrshire","Child Poverty","2014/15",11.33,-7.61,"Altonhill North and Onthank","Child Poverty Altonhill North and Onthank"," ","29.93","26.54",19.52,21
5,"S02001500","East Ayrshire","Crime Rate","2012/13",41,40,"Altonhill North and Onthank","Crime Rate Altonhill North and Onthank"," ","2111.86","1240.38",2132,1274
5,"S02001500","East Ayrshire","Depopulation","2012/13",-0.41,-2.49,"Altonhill North and Onthank","Depopulation Altonhill North and Onthank"," ","100","100.41",100,102.49
5,"S02001500","East Ayrshire","Early Mortality","2012/13",3,-3,"Altonhill North and Onthank","Early Mortality Altonhill North and Onthank"," ","775","751.43",511,525
5,"S02001500","East Ayrshire","Emergency Admissions","2012/13",3,9,"Altonhill North and Onthank","Emergency Admissions Altonhill North and Onthank"," ","36710.96","35515.43",30637,27775
5,"S02001500","East Ayrshire","Out of Work Benefits","2013/14",-16.33,-27.35,"Altonhill North and Onthank","Out of Work Benefits Altonhill North and Onthank"," ","24.13","28.07",15.87,20.2
5,"S02001500","East Ayrshire","Participation Rate","2016/17",5.96,3.5,"Altonhill North and Onthank","Participation Rate Altonhill North and Onthank"," ","85.54","90.64",89.02,92.14
5,"S02001527","East Dunbartonshire","Attainment","2013/14",-0.5,1.92,"Kirkintilloch West","Attainment Kirkintilloch West"," ","6","5.97",6,6.11
5,"S02001527","East Dunbartonshire","Child Poverty","2014/15",-32.45,4.38,"Kirkintilloch West","Child Poverty Kirkintilloch West"," ","8.32","11.02",8.54,8.17
5,"S02001527","East Dunbartonshire","Crime Rate","2012/13",68,NA,"Kirkintilloch West","Crime Rate Kirkintilloch West"," ","4855.86","1534",8.54,538
5,"S02001527","East Dunbartonshire","Depopulation","2012/13",8.63,2.13,"Kirkintilloch West","Depopulation Kirkintilloch West"," ","100","91.37",100,97.87
5,"S02001527","East Dunbartonshire","Early Mortality","2012/13",2,16,"Kirkintilloch West","Early Mortality Kirkintilloch West"," ","488","476.13",344,289
5,"S02001527","East Dunbartonshire","Emergency Admissions","2012/13",19,13,"Kirkintilloch West","Emergency Admissions Kirkintilloch West"," ","30237.83","24629.95",24567,21360
5,"S02001527","East Dunbartonshire","Out of Work Benefits","2013/14",-30.2,-28.18,"Kirkintilloch West","Out of Work Benefits Kirkintilloch West"," ","11.82","15.39",7.46,9.57
5,"S02001527","East Dunbartonshire","Participation Rate","2016/17",-2,0.57,"Kirkintilloch West","Participation Rate Kirkintilloch West"," ","93.99","92.11",95.52,96.07
5,"S02001543","East Lothian","Attainment","2013/14",0.19,-1.16,"Tranent North","Attainment Tranent North"," ","5.19","5.2",5.54,5.47
5,"S02001543","East Lothian","Child Poverty","2014/15",20.94,18.45,"Tranent North","Child Poverty Tranent North"," ","19.2","15.18",13.94,11.37
5,"S02001543","East Lothian","Crime Rate","2012/13",42,-66,"Tranent North","Crime Rate Tranent North"," ","1337.67","774.77",846,1406
5,"S02001543","East Lothian","Depopulation","2012/13",18.52,8.66,"Tranent North","Depopulation Tranent North"," ","100","81.48",100,91.34
5,"S02001543","East Lothian","Early Mortality","2012/13",43,17,"Tranent North","Early Mortality Tranent North"," ","567","324.46",414,345
5,"S02001543","East Lothian","Emergency Admissions","2012/13",16,16,"Tranent North","Emergency Admissions Tranent North"," ","25252.53","21145.81",23511,19759
5,"S02001543","East Lothian","Out of Work Benefits","2013/14",-16.76,-23.77,"Tranent North","Out of Work Benefits Tranent North"," ","12.47","14.56",9.59,11.87
5,"S02001543","East Lothian","Participation Rate","2016/17",1.47,5.06,"Tranent North","Participation Rate Tranent North"," ","89.04","90.35",90.27,94.84
5,"S02001567","East Renfrewshire","Attainment","2013/14",2.17,1.33,"Busby","Attainment Busby"," ","6","6.13",6.08,6.16
5,"S02001567","East Renfrewshire","Child Poverty","2014/15",12.6,11.67,"Busby","Child Poverty Busby"," ","11.67","10.2",9.03,7.98
5,"S02001567","East Renfrewshire","Crime Rate","2012/13",31,50,"Busby","Crime Rate Busby"," ","885.56","614.48",1174,587
5,"S02001567","East Renfrewshire","Depopulation","2012/13",4.37,5.38,"Busby","Depopulation Busby"," ","100","95.63",100,94.62
5,"S02001567","East Renfrewshire","Early Mortality","2012/13",11,14,"Busby","Early Mortality Busby"," ","395","352.57",347,298
5,"S02001567","East Renfrewshire","Emergency Admissions","2012/13",16,19,"Busby","Emergency Admissions Busby"," ","27616.28","23260.17",24725,19931
5,"S02001567","East Renfrewshire","Out of Work Benefits","2013/14",-10.64,-19.56,"Busby","Out of Work Benefits Busby"," ","9.77","10.81",7.21,8.62
5,"S02001567","East Renfrewshire","Participation Rate","2016/17",0.74,0.65,"Busby","Participation Rate Busby"," ","96.49","97.2",96.12,96.74
5,"S02001628","Edinburgh, City of","Attainment","2013/14",6.51,2.16,"Niddrie","Attainment Niddrie"," ","4.61","4.91",5.56,5.68
5,"S02001628","Edinburgh, City of","Child Poverty","2014/15",-3.94,-14.23,"Niddrie","Child Poverty Niddrie"," ","24.39","25.35",10.69,12.21
5,"S02001628","Edinburgh, City of","Crime Rate","2012/13",49,7,"Niddrie","Crime Rate Niddrie"," ","2525.98","1300.3",1262,1170
5,"S02001628","Edinburgh, City of","Depopulation","2012/13",10,5.6,"Niddrie","Depopulation Niddrie"," ","100","90",100,94.4
5,"S02001628","Edinburgh, City of","Early Mortality","2012/13",0,15,"Niddrie","Early Mortality Niddrie"," ","892","889.94",470,400
5,"S02001628","Edinburgh, City of","Emergency Admissions","2012/13",10,12,"Niddrie","Emergency Admissions Niddrie"," ","34451.9","31072.88",25325,22315
5,"S02001628","Edinburgh, City of","Out of Work Benefits","2013/14",3.74,-6.32,"Niddrie","Out of Work Benefits Niddrie"," ","31.55","30.37",9.87,10.49
5,"S02001628","Edinburgh, City of","Participation Rate","2016/17",10.78,3.21,"Niddrie","Participation Rate Niddrie"," ","79.67","88.26",90.28,93.18
5,"S02001688","Eilean Siar","Attainment","2013/14",1.27,-4.42,"Benbecula and North Uist","Attainment Benbecula and North Uist"," ","5.51","5.58",5.7,5.45
5,"S02001688","Eilean Siar","Child Poverty","2014/15",-36.27,-20.77,"Benbecula and North Uist","Child Poverty Benbecula and North Uist"," ","8.41","11.46",11.42,13.79
5,"S02001688","Eilean Siar","Crime Rate","2012/13",-292,-483,"Benbecula and North Uist","Crime Rate Benbecula and North Uist"," ","117.77","462.06",132,772
5,"S02001688","Eilean Siar","Depopulation","2012/13",-4.47,-5.7,"Benbecula and North Uist","Depopulation Benbecula and North Uist"," ","100","104.47",100,105.7
5,"S02001688","Eilean Siar","Early Mortality","2012/13",30,11,"Benbecula and North Uist","Early Mortality Benbecula and North Uist"," ","552","385.56",478,424
5,"S02001688","Eilean Siar","Emergency Admissions","2012/13",14,-4,"Benbecula and North Uist","Emergency Admissions Benbecula and North Uist"," ","30345.91","26138.64",24465,25346
5,"S02001688","Eilean Siar","Out of Work Benefits","2013/14",-3.6,-14.11,"Benbecula and North Uist","Out of Work Benefits Benbecula and North Uist"," ","7.49","7.76",9.65,11.01
5,"S02001688","Eilean Siar","Participation Rate","2016/17",2.18,1.58,"Benbecula and North Uist","Participation Rate Benbecula and North Uist"," ","95.33","97.41",95.87,97.39
5,"S02001730","Falkirk","Attainment","2013/14",1.59,0.45,"Grangemouth - Newlands","Attainment Grangemouth - Newlands"," ","5.03","5.11",5.47,5.5
5,"S02001730","Falkirk","Child Poverty","2014/15",-27.4,-5.3,"Grangemouth - Newlands","Child Poverty Grangemouth - Newlands"," ","20.66","26.32",17.19,18.1
5,"S02001730","Falkirk","Crime Rate","2012/13",14,18,"Grangemouth - Newlands","Crime Rate Grangemouth - Newlands"," ","1772.89","1517.1",1412,1151
5,"S02001730","Falkirk","Depopulation","2012/13",-5.98,-0.29,"Grangemouth - Newlands","Depopulation Grangemouth - Newlands"," ","100","105.98",100,100.29
5,"S02001730","Falkirk","Early Mortality","2012/13",-10,-2,"Grangemouth - Newlands","Early Mortality Grangemouth - Newlands"," ","538","590.71",461,470
5,"S02001730","Falkirk","Emergency Admissions","2012/13",3,-9,"Grangemouth - Newlands","Emergency Admissions Grangemouth - Newlands"," ","30746.27","29726.78",24210,26352
5,"S02001730","Falkirk","Out of Work Benefits","2013/14",-34.75,-23.86,"Grangemouth - Newlands","Out of Work Benefits Grangemouth - Newlands"," ","15.8","21.29",12.58,15.59
5,"S02001730","Falkirk","Participation Rate","2016/17",7.14,1.52,"Grangemouth - Newlands","Participation Rate Grangemouth - Newlands"," ","86.67","92.86",89.79,91.16
5,"S02001775","Fife","Attainment","2013/14",0.62,-0.09,"Ballingry","Attainment Ballingry"," ","4.82","4.85",5.41,5.41
5,"S02001775","Fife","Child Poverty","2014/15",7.92,-0.89,"Ballingry","Child Poverty Ballingry"," ","31.31","28.83",17.59,17.75
5,"S02001775","Fife","Crime Rate","2012/13",13,-29,"Ballingry","Crime Rate Ballingry"," ","1120.13","972.73",923,1192
5,"S02001775","Fife","Depopulation","2012/13",-1.7,0.57,"Ballingry","Depopulation Ballingry"," ","100","101.7",100,99.43
5,"S02001775","Fife","Early Mortality","2012/13",-30,3,"Ballingry","Early Mortality Ballingry"," ","503","653.39",446,431
5,"S02001775","Fife","Emergency Admissions","2012/13",5,-13,"Ballingry","Emergency Admissions Ballingry"," ","33620.69","32058.24",22948,25995
5,"S02001775","Fife","Out of Work Benefits","2013/14",-30.53,-29.09,"Ballingry","Out of Work Benefits Ballingry"," ","25.29","33.01",12.64,16.32
5,"S02001775","Fife","Participation Rate","2016/17",11.91,2.91,"Ballingry","Participation Rate Ballingry"," ","73.06","81.76",88.84,91.43
5,"S02001940","Glasgow City","Attainment","2013/14",10.42,3.45,"Keppochhill","Attainment Keppochhill"," ","4.8","5.3",5.25,5.43
5,"S02001940","Glasgow City","Child Poverty","2014/15",-38.72,-13.77,"Keppochhill","Child Poverty Keppochhill"," ","24.02","33.32",22.4,25.49
5,"S02001940","Glasgow City","Crime Rate","2012/13",78,61,"Keppochhill","Crime Rate Keppochhill"," ","6303.45","1366.65",3820,1480
5,"S02001940","Glasgow City","Depopulation","2012/13",8.09,3.89,"Keppochhill","Depopulation Keppochhill"," ","100","91.91",100,96.11
5,"S02001940","Glasgow City","Early Mortality","2012/13",22,11,"Keppochhill","Early Mortality Keppochhill"," ","989","767.13",703,624
5,"S02001940","Glasgow City","Emergency Admissions","2012/13",4,13,"Keppochhill","Emergency Admissions Keppochhill"," ","38808.66","37372.72",34269,29806
5,"S02001940","Glasgow City","Out of Work Benefits","2013/14",7.35,-8.37,"Keppochhill","Out of Work Benefits Keppochhill"," ","32.65","30.25",19.83,21.49
5,"S02001940","Glasgow City","Participation Rate","2016/17",15.68,3.96,"Keppochhill","Participation Rate Keppochhill"," ","76.59","88.6",87.37,90.83
5,"S02002020","Highland","Attainment","2013/14",-2.55,-1.07,"Alness","Attainment Alness"," ","5.09","4.96",5.5,5.44
5,"S02002020","Highland","Child Poverty","2014/15",-11.87,-6.03,"Alness","Child Poverty Alness"," ","17.86","19.98",14.65,15.54
5,"S02002020","Highland","Crime Rate","2012/13",-114,-297,"Alness","Crime Rate Alness"," ","1055.33","2263.34",331,1313
5,"S02002020","Highland","Depopulation","2012/13",2.38,-0.15,"Alness","Depopulation Alness"," ","100","97.62",100,100.15
5,"S02002020","Highland","Early Mortality","2012/13",-11,8,"Alness","Early Mortality Alness"," ","582","646.45",432,399
5,"S02002020","Highland","Emergency Admissions","2012/13",3,6,"Alness","Emergency Admissions Alness"," ","22952.48","22192.65",21523,20234
5,"S02002020","Highland","Out of Work Benefits","2013/14",-37.8,-38.54,"Alness","Out of Work Benefits Alness"," ","15.74","21.69",9.2,12.74
5,"S02002020","Highland","Participation Rate","2016/17",0.32,-0.5,"Alness","Participation Rate Alness"," ","89.82","90.11",93.38,92.91
5,"S02002041","Inverclyde","Attainment","2013/14",0.38,-0.35,"Lower Bow and Larkfield, Fancy Farm, Mallard Bowl","Attainment Lower Bow and Larkfield, Fancy Farm, Mallard Bowl"," ","5.28","5.3",5.62,5.6
5,"S02002041","Inverclyde","Child Poverty","2014/15",10.55,-7.07,"Lower Bow and Larkfield, Fancy Farm, Mallard Bowl","Child Poverty Lower Bow and Larkfield, Fancy Farm, Mallard Bowl"," ","19.33","17.29",14.19,15.2
5,"S02002041","Inverclyde","Crime Rate","2012/13",37,43,"Lower Bow and Larkfield, Fancy Farm, Mallard Bowl","Crime Rate Lower Bow and Larkfield, Fancy Farm, Mallard Bowl"," ","1561.07","980.16",1940,1100
5,"S02002041","Inverclyde","Depopulation","2012/13",-2.86,-3.88,"Lower Bow and Larkfield, Fancy Farm, Mallard Bowl","Depopulation Lower Bow and Larkfield, Fancy Farm, Mallard Bowl"," ","100","102.86",100,103.88
5,"S02002041","Inverclyde","Early Mortality","2012/13",3,9,"Lower Bow and Larkfield, Fancy Farm, Mallard Bowl","Early Mortality Lower Bow and Larkfield, Fancy Farm, Mallard Bowl"," ","720","697.04",551,503
5,"S02002041","Inverclyde","Emergency Admissions","2012/13",25,15,"Lower Bow and Larkfield, Fancy Farm, Mallard Bowl","Emergency Admissions Lower Bow and Larkfield, Fancy Farm, Mallard Bowl"," ","34161.49","25616.16",27954,23879
5,"S02002041","Inverclyde","Out of Work Benefits","2013/14",-24.57,-22.02,"Lower Bow and Larkfield, Fancy Farm, Mallard Bowl","Out of Work Benefits Lower Bow and Larkfield, Fancy Farm, Mallard Bowl"," ","22.26","27.73",16.29,19.88
5,"S02002041","Inverclyde","Participation Rate","2016/17",0.48,1.96,"Lower Bow and Larkfield, Fancy Farm, Mallard Bowl","Participation Rate Lower Bow and Larkfield, Fancy Farm, Mallard Bowl"," ","90","90.43",91.35,93.13
5,"S02002072","Midlothian","Attainment","2013/14",2.13,0.02,"Gorebridge and Middleton","Attainment Gorebridge and Middleton"," ","5.16","5.27",5.42,5.42
5,"S02002072","Midlothian","Child Poverty","2014/15",-15.63,-2.24,"Gorebridge and Middleton","Child Poverty Gorebridge and Middleton"," ","21.31","24.64",14.54,14.87
5,"S02002072","Midlothian","Crime Rate","2012/13",28,4,"Gorebridge and Middleton","Crime Rate Gorebridge and Middleton"," ","1633.6","1172.12",1273,1227
5,"S02002072","Midlothian","Depopulation","2012/13",-2.73,10.58,"Gorebridge and Middleton","Depopulation Gorebridge and Middleton"," ","100","102.73",100,89.42
5,"S02002072","Midlothian","Early Mortality","2012/13",-17,-2,"Gorebridge and Middleton","Early Mortality Gorebridge and Middleton"," ","403","472.52",420,427
5,"S02002072","Midlothian","Emergency Admissions","2012/13",34,15,"Gorebridge and Middleton","Emergency Admissions Gorebridge and Middleton"," ","37876.11","25135.39",25046,21361
5,"S02002072","Midlothian","Out of Work Benefits","2013/14",-11.81,-21.49,"Gorebridge and Middleton","Out of Work Benefits Gorebridge and Middleton"," ","17.45","19.51",11.91,14.47
5,"S02002072","Midlothian","Participation Rate","2016/17",13.17,6.91,"Gorebridge and Middleton","Participation Rate Gorebridge and Middleton"," ","83.17","94.12",88.26,94.36
5,"S02002090","Moray","Attainment","2013/14",0.18,-1.47,"Lossiemouth East and Seatown","Attainment Lossiemouth East and Seatown"," ","5.42","5.43",5.52,5.44
5,"S02002090","Moray","Child Poverty","2014/15",5.66,-19.08,"Lossiemouth East and Seatown","Child Poverty Lossiemouth East and Seatown"," ","13.42","12.66",13.57,16.16
5,"S02002090","Moray","Crime Rate","2012/13",30,-2,"Lossiemouth East and Seatown","Crime Rate Lossiemouth East and Seatown"," ","859.63","600.95",1012,1037
5,"S02002090","Moray","Depopulation","2012/13",-5.06,-0.2,"Lossiemouth East and Seatown","Depopulation Lossiemouth East and Seatown"," ","100","105.06",100,100.2
5,"S02002090","Moray","Early Mortality","2012/13",25,8,"Lossiemouth East and Seatown","Early Mortality Lossiemouth East and Seatown"," ","432","324.76",400,370
5,"S02002090","Moray","Emergency Admissions","2012/13",1,-1,"Lossiemouth East and Seatown","Emergency Admissions Lossiemouth East and Seatown"," ","17032.97","16798.11",17487,17581
5,"S02002090","Moray","Out of Work Benefits","2013/14",-36.21,-50.5,"Lossiemouth East and Seatown","Out of Work Benefits Lossiemouth East and Seatown"," ","6.71","9.14",7.84,11.79
5,"S02002090","Moray","Participation Rate","2016/17",5.09,4.25,"Lossiemouth East and Seatown","Participation Rate Lossiemouth East and Seatown"," ","90.2","94.79",90.89,94.75
5,"S02002112","North Ayrshire","Attainment","2013/14",1.57,0.38,"Ardrossan Central","Attainment Ardrossan Central"," ","5.08","5.16",5.41,5.43
5,"S02002112","North Ayrshire","Child Poverty","2014/15",17.71,-0.47,"Ardrossan Central","Child Poverty Ardrossan Central"," ","34.44","28.34",20.35,20.45
5,"S02002112","North Ayrshire","Crime Rate","2012/13",36,35,"Ardrossan Central","Crime Rate Ardrossan Central"," ","4193.86","2678.52",2154,1404
5,"S02002112","North Ayrshire","Depopulation","2012/13",-6.49,-2.83,"Ardrossan Central","Depopulation Ardrossan Central"," ","100","106.49",100,102.83
5,"S02002112","North Ayrshire","Early Mortality","2012/13",-27,-2,"Ardrossan Central","Early Mortality Ardrossan Central"," ","761","965.46",516,526
5,"S02002112","North Ayrshire","Emergency Admissions","2012/13",-3,3,"Ardrossan Central","Emergency Admissions Ardrossan Central"," ","33789.95","34668.39",27805,26840
5,"S02002112","North Ayrshire","Out of Work Benefits","2013/14",-23.76,-29.74,"Ardrossan Central","Out of Work Benefits Ardrossan Central"," ","35.14","43.49",17.21,22.33
5,"S02002112","North Ayrshire","Participation Rate","2016/17",0.48,2.01,"Ardrossan Central","Participation Rate Ardrossan Central"," ","88.68","89.11",89.96,91.77
5,"S02002187","North Lanarkshire","Attainment","2013/14",-6.88,-1.24,"Thrashbush","Attainment Thrashbush"," ","5.23","4.87",5.39,5.33
5,"S02002187","North Lanarkshire","Child Poverty","2014/15",-14.27,-1.6,"Thrashbush","Child Poverty Thrashbush"," ","26.21","29.95",18.9,19.2
5,"S02002187","North Lanarkshire","Crime Rate","2012/13",4,40,"Thrashbush","Crime Rate Thrashbush"," ","1470.83","1405.68",2190,1319
5,"S02002187","North Lanarkshire","Depopulation","2012/13",-7.38,-0.89,"Thrashbush","Depopulation Thrashbush"," ","100","107.38",100,100.89
5,"S02002187","North Lanarkshire","Early Mortality","2012/13",0,2,"Thrashbush","Early Mortality Thrashbush"," ","645","646.92",555,543
5,"S02002187","North Lanarkshire","Emergency Admissions","2012/13",6,-6,"Thrashbush","Emergency Admissions Thrashbush"," ","33039.65","31198.12",29416,31054
5,"S02002187","North Lanarkshire","Out of Work Benefits","2013/14",-26.95,-20.26,"Thrashbush","Out of Work Benefits Thrashbush"," ","21.82","27.7",15.31,18.41
5,"S02002187","North Lanarkshire","Participation Rate","2016/17",4.12,1.93,"Thrashbush","Participation Rate Thrashbush"," ","83.33","86.76",89.21,90.93
5,"S02002214","Orkney Islands","Attainment","2013/14",1.64,-0.12,"West Mainland","Attainment West Mainland"," ","5.49","5.58",5.62,5.61
5,"S02002214","Orkney Islands","Child Poverty","2014/15",42.89,1.7,"West Mainland","Child Poverty West Mainland"," ","11.33","6.47",12.83,12.62
5,"S02002214","Orkney Islands","Crime Rate","2012/13",-3331,-353,"West Mainland","Crime Rate West Mainland"," ","11.71","401.78",171,775
5,"S02002214","Orkney Islands","Depopulation","2012/13",0.08,0.66,"West Mainland","Depopulation West Mainland"," ","100","99.92",100,99.33
5,"S02002214","Orkney Islands","Early Mortality","2012/13",32,6,"West Mainland","Early Mortality West Mainland"," ","370","252.53",369,346
5,"S02002214","Orkney Islands","Emergency Admissions","2012/13",14,14,"West Mainland","Emergency Admissions West Mainland"," ","19101.12","16449.33",20828,17877
5,"S02002214","Orkney Islands","Out of Work Benefits","2013/14",-34.6,-61.85,"West Mainland","Out of Work Benefits West Mainland"," ","4.74","6.38",6.46,10.45
5,"S02002214","Orkney Islands","Participation Rate","2016/17",1.61,-0.74,"West Mainland","Participation Rate West Mainland"," ","93.12","94.62",94.36,93.66
5,"S02002234","Perth and Kinross","Attainment","2013/14",2.27,-0.16,"Letham","Attainment Letham"," ","4.85","4.96",5.6,5.59
5,"S02002234","Perth and Kinross","Child Poverty","2014/15",-11.86,-3.36,"Letham","Child Poverty Letham"," ","26.14","29.24",13.52,13.98
5,"S02002234","Perth and Kinross","Crime Rate","2012/13",-15,-39,"Letham","Crime Rate Letham"," ","1055.99","1214.24",745,1039
5,"S02002234","Perth and Kinross","Depopulation","2012/13",-5.13,3.22,"Letham","Depopulation Letham"," ","100","105.13",100,96.78
5,"S02002234","Perth and Kinross","Early Mortality","2012/13",-1,3,"Letham","Early Mortality Letham"," ","530","535.92",369,356
5,"S02002234","Perth and Kinross","Emergency Admissions","2012/13",-12,-14,"Letham","Emergency Admissions Letham"," ","28828.83","32155.56",22242,25364
5,"S02002234","Perth and Kinross","Out of Work Benefits","2013/14",-33.39,-42.49,"Letham","Out of Work Benefits Letham"," ","17.13","22.85",8.24,11.74
5,"S02002234","Perth and Kinross","Participation Rate","2016/17",-0.1,0.07,"Letham","Participation Rate Letham"," ","87.21","87.12",92.3,92.37
5,"S02002274","Renfrewshire","Attainment","2013/14",4.18,1.08,"Paisley Central","Attainment Paisley Central"," ","5.02","5.23",5.52,5.58
5,"S02002274","Renfrewshire","Child Poverty","2014/15",-3.75,-16.57,"Paisley Central","Child Poverty Paisley Central"," ","16.78","17.41",12.87,15.01
5,"S02002274","Renfrewshire","Crime Rate","2012/13",58,51,"Paisley Central","Crime Rate Paisley Central"," ","8058.09","3409.25",1976,965
5,"S02002274","Renfrewshire","Depopulation","2012/13",13.09,3.07,"Paisley Central","Depopulation Paisley Central"," ","100","86.91",100,96.93
5,"S02002274","Renfrewshire","Early Mortality","2012/13",15,13,"Paisley Central","Early Mortality Paisley Central"," ","723","612.71",532,465
5,"S02002274","Renfrewshire","Emergency Admissions","2012/13",29,14,"Paisley Central","Emergency Admissions Paisley Central"," ","36272.32","25812.33",28094,24249
5,"S02002274","Renfrewshire","Out of Work Benefits","2013/14",8.14,-11.04,"Paisley Central","Out of Work Benefits Paisley Central"," ","18.93","17.39",13.74,15.26
5,"S02002274","Renfrewshire","Participation Rate","2016/17",2.85,1.93,"Paisley Central","Participation Rate Paisley Central"," ","83.97","86.36",91.1,92.86
5,"S02002293","Scottish Borders","Attainment","2013/14",0,-1.26,"Peebles North","Attainment Peebles North"," ","5.51","5.51",5.54,5.47
5,"S02002293","Scottish Borders","Child Poverty","2014/15",-25.28,-9.92,"Peebles North","Child Poverty Peebles North"," ","14.12","17.69",15.03,16.52
5,"S02002293","Scottish Borders","Crime Rate","2012/13",-48,-37,"Peebles North","Crime Rate Peebles North"," ","917.93","1359.22",764,1047
5,"S02002293","Scottish Borders","Depopulation","2012/13",-0.82,1.33,"Peebles North","Depopulation Peebles North"," ","100","100.82",100,98.67
5,"S02002293","Scottish Borders","Early Mortality","2012/13",2,5,"Peebles North","Early Mortality Peebles North"," ","447","436.71",380,360
5,"S02002293","Scottish Borders","Emergency Admissions","2012/13",20,13,"Peebles North","Emergency Admissions Peebles North"," ","36254.98","28943.97",25376,21982
5,"S02002293","Scottish Borders","Out of Work Benefits","2013/14",-40.78,-43.38,"Peebles North","Out of Work Benefits Peebles North"," ","9.22","12.98",9.82,14.08
5,"S02002293","Scottish Borders","Participation Rate","2016/17",1.07,3,"Peebles North","Participation Rate Peebles North"," ","93.29","94.29",91.34,94.08
5,"S02002322","Shetland Islands","Attainment","2013/14",-6.84,0.98,"Shetland South","Attainment Shetland South"," ","5.7","5.31",5.56,5.61
5,"S02002322","Shetland Islands","Child Poverty","2014/15",-74.21,-24.4,"Shetland South","Child Poverty Shetland South"," ","6.01","10.47",7.15,8.89
5,"S02002322","Shetland Islands","Crime Rate","2012/13",-178,-245,"Shetland South","Crime Rate Shetland South"," ","80.42","223.27",162,559
5,"S02002322","Shetland Islands","Depopulation","2012/13",4.39,-0.19,"Shetland South","Depopulation Shetland South"," ","100","95.61",100,100.19
5,"S02002322","Shetland Islands","Early Mortality","2012/13",17,22,"Shetland South","Early Mortality Shetland South"," ","423","351.7",413,322
5,"S02002322","Shetland Islands","Emergency Admissions","2012/13",18,25,"Shetland South","Emergency Admissions Shetland South"," ","21374.05","17480.11",23493,17578
5,"S02002322","Shetland Islands","Out of Work Benefits","2013/14",-41.32,-55.08,"Shetland South","Out of Work Benefits Shetland South"," ","5.3","7.49",5.8,9
5,"S02002322","Shetland Islands","Participation Rate","2016/17",-0.72,0.1,"Shetland South","Participation Rate Shetland South"," ","96.2","95.51",97.32,97.42
5,"S02002330","South Ayrshire","Attainment","2013/14",-0.94,0.33,"Girvan Glendoune","Attainment Girvan Glendoune"," ","5.34","5.29",5.56,5.58
5,"S02002330","South Ayrshire","Child Poverty","2014/15",1.48,-5.28,"Girvan Glendoune","Child Poverty Girvan Glendoune"," ","27.08","26.68",16.55,17.42
5,"S02002330","South Ayrshire","Crime Rate","2012/13",11,35,"Girvan Glendoune","Crime Rate Girvan Glendoune"," ","1324.4","1175.52",1948,1258
5,"S02002330","South Ayrshire","Depopulation","2012/13",-5.57,-1.76,"Girvan Glendoune","Depopulation Girvan Glendoune"," ","100","105.57",100,101.76
5,"S02002330","South Ayrshire","Early Mortality","2012/13",-37,0,"Girvan Glendoune","Early Mortality Girvan Glendoune"," ","424","580.84",451,452
5,"S02002330","South Ayrshire","Emergency Admissions","2012/13",9,11,"Girvan Glendoune","Emergency Admissions Girvan Glendoune"," ","31458.97","28596.64",29687,26368
5,"S02002330","South Ayrshire","Out of Work Benefits","2013/14",-33.37,-28.95,"Girvan Glendoune","Out of Work Benefits Girvan Glendoune"," ","20.95","27.94",13.53,17.45
5,"S02002330","South Ayrshire","Participation Rate","2016/17",14.61,4.92,"Girvan Glendoune","Participation Rate Girvan Glendoune"," ","86.13","98.71",90.79,95.26
5,"S02002375","South Lanarkshire","Attainment","2013/14",17.35,2.32,"Strutherhill","Attainment Strutherhill"," ","4.38","5.14",5.45,5.57
5,"S02002375","South Lanarkshire","Child Poverty","2014/15",5.8,2.49,"Strutherhill","Child Poverty Strutherhill"," ","25.19","23.73",15.61,15.22
5,"S02002375","South Lanarkshire","Crime Rate","2012/13",5,45,"Strutherhill","Crime Rate Strutherhill"," ","1751.41","1660.79",2123,1163
5,"S02002375","South Lanarkshire","Depopulation","2012/13",3.21,2.39,"Strutherhill","Depopulation Strutherhill"," ","100","96.79",100,97.61
5,"S02002375","South Lanarkshire","Early Mortality","2012/13",9,6,"Strutherhill","Early Mortality Strutherhill"," ","744","675.16",489,462
5,"S02002375","South Lanarkshire","Emergency Admissions","2012/13",-25,4,"Strutherhill","Emergency Admissions Strutherhill"," ","25177.3","31455.52",26799,25600
5,"S02002375","South Lanarkshire","Out of Work Benefits","2013/14",-21.37,-19.31,"Strutherhill","Out of Work Benefits Strutherhill"," ","25.92","31.46",13.46,16.05
5,"S02002375","South Lanarkshire","Participation Rate","2016/17",10.06,2.98,"Strutherhill","Participation Rate Strutherhill"," ","80.42","88.51",90.3,92.99
5,"S02002442","Stirling","Attainment","2013/14",4.81,0.99,"Fallin","Attainment Fallin"," ","4.78","5.01",5.59,5.65
5,"S02002442","Stirling","Child Poverty","2014/15",-23.94,0.01,"Fallin","Child Poverty Fallin"," ","20.55","25.47",13.86,13.86
5,"S02002442","Stirling","Crime Rate","2012/13",18,26,"Fallin","Crime Rate Fallin"," ","1129.88","927.66",1450,1072
5,"S02002442","Stirling","Depopulation","2012/13",-2.13,3.24,"Fallin","Depopulation Fallin"," ","100","102.13",100,96.76
5,"S02002442","Stirling","Early Mortality","2012/13",-33,3,"Fallin","Early Mortality Fallin"," ","588","780.85",418,405
5,"S02002442","Stirling","Emergency Admissions","2012/13",2,-5,"Fallin","Emergency Admissions Fallin"," ","28450.7","27801.89",22971,24197
5,"S02002442","Stirling","Out of Work Benefits","2013/14",-8.81,-15.99,"Fallin","Out of Work Benefits Fallin"," ","17.82","19.39",10.36,12.02
5,"S02002442","Stirling","Participation Rate","2016/17",3.69,2.76,"Fallin","Participation Rate Fallin"," ","87.5","90.73",91.01,93.52
5,"S02002467","West Dunbartonshire","Attainment","2013/14",3.04,-2.19,"Dalmuir","Attainment Dalmuir"," ","5.26","5.42",5.43,5.32
5,"S02002467","West Dunbartonshire","Child Poverty","2014/15",10.89,3.28,"Dalmuir","Child Poverty Dalmuir"," ","21.67","19.31",18.37,17.77
5,"S02002467","West Dunbartonshire","Crime Rate","2012/13",68,52,"Dalmuir","Crime Rate Dalmuir"," ","2741.66","887.01",2358,1129
5,"S02002467","West Dunbartonshire","Depopulation","2012/13",-1.51,-2.61,"Dalmuir","Depopulation Dalmuir"," ","100","101.51",100,102.61
5,"S02002467","West Dunbartonshire","Early Mortality","2012/13",9,9,"Dalmuir","Early Mortality Dalmuir"," ","742","674.28",598,544
5,"S02002467","West Dunbartonshire","Emergency Admissions","2012/13",22,7,"Dalmuir","Emergency Admissions Dalmuir"," ","38703.53","30103.79",29715,27575
5,"S02002467","West Dunbartonshire","Out of Work Benefits","2013/14",-9.82,-20.16,"Dalmuir","Out of Work Benefits Dalmuir"," ","25.04","27.5",17.74,21.32
5,"S02002467","West Dunbartonshire","Participation Rate","2016/17",1.93,2.58,"Dalmuir","Participation Rate Dalmuir"," ","88.11","89.81",88.64,90.93
5,"S02002501","West Lothian","Attainment","2013/14",4.56,0.15,"Armadale South","Attainment Armadale South"," ","5.26","5.5",5.5,5.51
5,"S02002501","West Lothian","Child Poverty","2014/15",4.66,-9.89,"Armadale South","Child Poverty Armadale South"," ","18.44","17.58",14.99,16.47
5,"S02002501","West Lothian","Crime Rate","2012/13",-23,-11,"Armadale South","Crime Rate Armadale South"," ","939.56","1154.68",1071,1190
5,"S02002501","West Lothian","Depopulation","2012/13",-5.19,3.33,"Armadale South","Depopulation Armadale South"," ","100","105.19",100,96.67
5,"S02002501","West Lothian","Early Mortality","2012/13",28,9,"Armadale South","Early Mortality Armadale South"," ","530","379.03",477,435
5,"S02002501","West Lothian","Emergency Admissions","2012/13",-5,1,"Armadale South","Emergency Admissions Armadale South"," ","28325.51","29673.71",26444,26157
5,"S02002501","West Lothian","Out of Work Benefits","2013/14",-32.12,-26.47,"Armadale South","Out of Work Benefits Armadale South"," ","12.86","16.99",12.16,15.38
5,"S02002501","West Lothian","Participation Rate","2016/17",9.18,4.09,"Armadale South","Participation Rate Armadale South"," ","86.28","94.2",89.74,93.41
6,NA,"Aberdeen City","Attainment","2013/14",NA,NA,"Aberdeen City","Attainment  "," ","4.41","4.55",5.36,5.45
6,NA,"Aberdeen City","Child Poverty","2014/15",NA,NA,"Aberdeen City","Child Poverty  "," ","16.33","18.96",10.52,12.92
6,NA,"Aberdeen City","Crime Rate","2012/13",NA,NA,"Aberdeen City","Crime Rate  "," ","2138.55","1514.32",1739,1364
6,NA,"Aberdeen City","Depopulation","2012/13",NA,NA,"Aberdeen City","Depopulation  "," ","100","108.55",100,99.42
6,NA,"Aberdeen City","Early Mortality","2012/13",NA,NA,"Aberdeen City","Early Mortality  "," ","492","586.36",497,444
6,NA,"Aberdeen City","Emergency Admissions","2012/13",NA,NA,"Aberdeen City","Emergency Admissions  "," ","25038.17","29947.84",26118,22899
6,NA,"Aberdeen City","Out of Work Benefits","2013/14",NA,NA,"Aberdeen City","Out of Work Benefits  "," ","15.17","21.71",7.62,11.85
6,NA,"Aberdeen City","Participation Rate","2016/17",NA,NA,"Aberdeen City","Participation Rate  "," ","83","81.23",87.9,90.05
6,NA,"Aberdeenshire","Attainment","2013/14",NA,NA,"Aberdeenshire","Attainment  "," ","4.91","5.22",5.44,5.51
6,NA,"Aberdeenshire","Child Poverty","2014/15",NA,NA,"Aberdeenshire","Child Poverty  "," ","16.83","22.05",8.91,10.22
6,NA,"Aberdeenshire","Crime Rate","2012/13",NA,NA,"Aberdeenshire","Crime Rate  "," ","1907.79","1845.43",822,780
6,NA,"Aberdeenshire","Depopulation","2012/13",NA,NA,"Aberdeenshire","Depopulation  "," ","100","109.91",100,99.2
6,NA,"Aberdeenshire","Early Mortality","2012/13",NA,NA,"Aberdeenshire","Early Mortality  "," ","503","472.91",373,352
6,NA,"Aberdeenshire","Emergency Admissions","2012/13",NA,NA,"Aberdeenshire","Emergency Admissions  "," ","24482.76","18850.79",19800,17649
6,NA,"Aberdeenshire","Out of Work Benefits","2013/14",NA,NA,"Aberdeenshire","Out of Work Benefits  "," ","12.88","20.84",5.79,9.62
6,NA,"Aberdeenshire","Participation Rate","2016/17",NA,NA,"Aberdeenshire","Participation Rate  "," ","87.37","87.5",93.24,92.39
6,NA,"Angus","Attainment","2013/14",NA,NA,"Angus","Attainment  "," ","5.25","5.1",5.5,5.31
6,NA,"Angus","Child Poverty","2014/15",NA,NA,"Angus","Child Poverty  "," ","20.96","27.14",14.16,16.7
6,NA,"Angus","Crime Rate","2012/13",NA,NA,"Angus","Crime Rate  "," ","1523.78","1555.22",719,978
6,NA,"Angus","Depopulation","2012/13",NA,NA,"Angus","Depopulation  "," ","100","111",100,101.81
6,NA,"Angus","Early Mortality","2012/13",NA,NA,"Angus","Early Mortality  "," ","554","524.92",401,383
6,NA,"Angus","Emergency Admissions","2012/13",NA,NA,"Angus","Emergency Admissions  "," ","25925.93","25856.99",19852,22158
6,NA,"Angus","Out of Work Benefits","2013/14",NA,NA,"Angus","Out of Work Benefits  "," ","13.85","24.05",9.17,14.69
6,NA,"Angus","Participation Rate","2016/17",NA,NA,"Angus","Participation Rate  "," ","89.3","89.19",91.56,91.64
6,NA,"Argyll and Bute","Attainment","2013/14",NA,NA,"Argyll and Bute","Attainment  "," ","5.33","5.49",5.61,5.55
6,NA,"Argyll and Bute","Child Poverty","2014/15",NA,NA,"Argyll and Bute","Child Poverty  "," ","17.05","22.09",14.67,15.28
6,NA,"Argyll and Bute","Crime Rate","2012/13",NA,NA,"Argyll and Bute","Crime Rate  "," ","1548.87","1472.99",1719,1137
6,NA,"Argyll and Bute","Depopulation","2012/13",NA,NA,"Argyll and Bute","Depopulation  "," ","100","107.44",100,101.13
6,NA,"Argyll and Bute","Early Mortality","2012/13",NA,NA,"Argyll and Bute","Early Mortality  "," ","478","442.67",435,384
6,NA,"Argyll and Bute","Emergency Admissions","2012/13",NA,NA,"Argyll and Bute","Emergency Admissions  "," ","22803.35","23165.62",22307,21504
6,NA,"Argyll and Bute","Out of Work Benefits","2013/14",NA,NA,"Argyll and Bute","Out of Work Benefits  "," ","16.25","21.69",9.99,13.18
6,NA,"Argyll and Bute","Participation Rate","2016/17",NA,NA,"Argyll and Bute","Participation Rate  "," ","95.77","92.43",94.48,94.78
6,NA,"Clackmannanshire","Attainment","2013/14",NA,NA,"Clackmannanshire","Attainment  "," ","5.19","5.25",5.4,5.37
6,NA,"Clackmannanshire","Child Poverty","2014/15",NA,NA,"Clackmannanshire","Child Poverty  "," ","17.63","14.58",17.87,19.99
6,NA,"Clackmannanshire","Crime Rate","2012/13",NA,NA,"Clackmannanshire","Crime Rate  "," ","1191.98","1111.38",1163,1134
6,NA,"Clackmannanshire","Depopulation","2012/13",NA,NA,"Clackmannanshire","Depopulation  "," ","100","104.44",100,98.82
6,NA,"Clackmannanshire","Early Mortality","2012/13",NA,NA,"Clackmannanshire","Early Mortality  "," ","498","487.14",458,466
6,NA,"Clackmannanshire","Emergency Admissions","2012/13",NA,NA,"Clackmannanshire","Emergency Admissions  "," ","20000","25398.79",20978,23368
6,NA,"Clackmannanshire","Out of Work Benefits","2013/14",NA,NA,"Clackmannanshire","Out of Work Benefits  "," ","13.7","17.31",14.22,17.45
6,NA,"Clackmannanshire","Participation Rate","2016/17",NA,NA,"Clackmannanshire","Participation Rate  "," ","86.49","90.8",89.83,91.39
6,NA,"Dumfries and Galloway","Attainment","2013/14",NA,NA,"Dumfries and Galloway","Attainment  "," ","5.49","5.04",5.56,5.5
6,NA,"Dumfries and Galloway","Child Poverty","2014/15",NA,NA,"Dumfries and Galloway","Child Poverty  "," ","23.45","26.68",17.05,18.76
6,NA,"Dumfries and Galloway","Crime Rate","2012/13",NA,NA,"Dumfries and Galloway","Crime Rate  "," ","919.46","878.59",912,1388
6,NA,"Dumfries and Galloway","Depopulation","2012/13",NA,NA,"Dumfries and Galloway","Depopulation  "," ","100","105.12",100,103.76
6,NA,"Dumfries and Galloway","Early Mortality","2012/13",NA,NA,"Dumfries and Galloway","Early Mortality  "," ","491","398.33",406,405
6,NA,"Dumfries and Galloway","Emergency Admissions","2012/13",NA,NA,"Dumfries and Galloway","Emergency Admissions  "," ","21107.93","28307.27",21449,22523
6,NA,"Dumfries and Galloway","Out of Work Benefits","2013/14",NA,NA,"Dumfries and Galloway","Out of Work Benefits  "," ","18.7","23.43",10.97,15.91
6,NA,"Dumfries and Galloway","Participation Rate","2016/17",NA,NA,"Dumfries and Galloway","Participation Rate  "," ","87.05","94.44",91.49,94.18
6,NA,"Dundee City","Attainment","2013/14",NA,NA,"Dundee City","Attainment  "," ","4.83","4.66",5.35,5.18
6,NA,"Dundee City","Child Poverty","2014/15",NA,NA,"Dundee City","Child Poverty  "," ","22.63","21.9",17.72,18.32
6,NA,"Dundee City","Crime Rate","2012/13",NA,NA,"Dundee City","Crime Rate  "," ","1189.19","1300.09",17.72,1634
6,NA,"Dundee City","Depopulation","2012/13",NA,NA,"Dundee City","Depopulation  "," ","100","99.83",100,99.79
6,NA,"Dundee City","Early Mortality","2012/13",NA,NA,"Dundee City","Early Mortality  "," ","779","518.13",596,548
6,NA,"Dundee City","Emergency Admissions","2012/13",NA,NA,"Dundee City","Emergency Admissions  "," ","20231.21","29173.25",26055,29095
6,NA,"Dundee City","Out of Work Benefits","2013/14",NA,NA,"Dundee City","Out of Work Benefits  "," ","24.87","31.87",16.09,19.4
6,NA,"Dundee City","Participation Rate","2016/17",NA,NA,"Dundee City","Participation Rate  "," ","81.49","85.08",87.56,89.48
6,NA,"East Ayrshire","Attainment","2013/14",NA,NA,"East Ayrshire","Attainment  "," ","5.07","5.11",5.39,5.39
6,NA,"East Ayrshire","Child Poverty","2014/15",NA,NA,"East Ayrshire","Child Poverty  "," ","29.93","26.54",19.52,21
6,NA,"East Ayrshire","Crime Rate","2012/13",NA,NA,"East Ayrshire","Crime Rate  "," ","2111.86","1240.38",2132,1274
6,NA,"East Ayrshire","Depopulation","2012/13",NA,NA,"East Ayrshire","Depopulation  "," ","100","100.41",100,102.49
6,NA,"East Ayrshire","Early Mortality","2012/13",NA,NA,"East Ayrshire","Early Mortality  "," ","775","751.43",511,525
6,NA,"East Ayrshire","Emergency Admissions","2012/13",NA,NA,"East Ayrshire","Emergency Admissions  "," ","36710.96","35515.43",30637,27775
6,NA,"East Ayrshire","Out of Work Benefits","2013/14",NA,NA,"East Ayrshire","Out of Work Benefits  "," ","24.13","28.07",15.87,20.2
6,NA,"East Ayrshire","Participation Rate","2016/17",NA,NA,"East Ayrshire","Participation Rate  "," ","85.54","90.64",89.02,92.14
6,NA,"East Dunbartonshire","Attainment","2013/14",NA,NA,"East Dunbartonshire","Attainment  "," ","6","5.97",6,6.11
6,NA,"East Dunbartonshire","Child Poverty","2014/15",NA,NA,"East Dunbartonshire","Child Poverty  "," ","8.32","11.02",8.54,8.17
6,NA,"East Dunbartonshire","Crime Rate","2012/13",NA,NA,"East Dunbartonshire","Crime Rate  "," ","4855.86","1534",8.54,538
6,NA,"East Dunbartonshire","Depopulation","2012/13",NA,NA,"East Dunbartonshire","Depopulation  "," ","100","91.37",100,97.87
6,NA,"East Dunbartonshire","Early Mortality","2012/13",NA,NA,"East Dunbartonshire","Early Mortality  "," ","488","476.13",344,289
6,NA,"East Dunbartonshire","Emergency Admissions","2012/13",NA,NA,"East Dunbartonshire","Emergency Admissions  "," ","30237.83","24629.95",24567,21360
6,NA,"East Dunbartonshire","Out of Work Benefits","2013/14",NA,NA,"East Dunbartonshire","Out of Work Benefits  "," ","11.82","15.39",7.46,9.57
6,NA,"East Dunbartonshire","Participation Rate","2016/17",NA,NA,"East Dunbartonshire","Participation Rate  "," ","93.99","92.11",95.52,96.07
6,NA,"East Lothian","Attainment","2013/14",NA,NA,"East Lothian","Attainment  "," ","5.19","5.2",5.54,5.47
6,NA,"East Lothian","Child Poverty","2014/15",NA,NA,"East Lothian","Child Poverty  "," ","19.2","15.18",13.94,11.37
6,NA,"East Lothian","Crime Rate","2012/13",NA,NA,"East Lothian","Crime Rate  "," ","1337.67","774.77",846,1406
6,NA,"East Lothian","Depopulation","2012/13",NA,NA,"East Lothian","Depopulation  "," ","100","81.48",100,91.34
6,NA,"East Lothian","Early Mortality","2012/13",NA,NA,"East Lothian","Early Mortality  "," ","567","324.46",414,345
6,NA,"East Lothian","Emergency Admissions","2012/13",NA,NA,"East Lothian","Emergency Admissions  "," ","25252.53","21145.81",23511,19759
6,NA,"East Lothian","Out of Work Benefits","2013/14",NA,NA,"East Lothian","Out of Work Benefits  "," ","12.47","14.56",9.59,11.87
6,NA,"East Lothian","Participation Rate","2016/17",NA,NA,"East Lothian","Participation Rate  "," ","89.04","90.35",90.27,94.84
6,NA,"East Renfrewshire","Attainment","2013/14",NA,NA,"East Renfrewshire","Attainment  "," ","6","6.13",6.08,6.16
6,NA,"East Renfrewshire","Child Poverty","2014/15",NA,NA,"East Renfrewshire","Child Poverty  "," ","11.67","10.2",9.03,7.98
6,NA,"East Renfrewshire","Crime Rate","2012/13",NA,NA,"East Renfrewshire","Crime Rate  "," ","885.56","614.48",1174,587
6,NA,"East Renfrewshire","Depopulation","2012/13",NA,NA,"East Renfrewshire","Depopulation  "," ","100","95.63",100,94.62
6,NA,"East Renfrewshire","Early Mortality","2012/13",NA,NA,"East Renfrewshire","Early Mortality  "," ","395","352.57",347,298
6,NA,"East Renfrewshire","Emergency Admissions","2012/13",NA,NA,"East Renfrewshire","Emergency Admissions  "," ","27616.28","23260.17",24725,19931
6,NA,"East Renfrewshire","Out of Work Benefits","2013/14",NA,NA,"East Renfrewshire","Out of Work Benefits  "," ","9.77","10.81",7.21,8.62
6,NA,"East Renfrewshire","Participation Rate","2016/17",NA,NA,"East Renfrewshire","Participation Rate  "," ","96.49","97.2",96.12,96.74
6,NA,"Edinburgh, City of","Attainment","2013/14",NA,NA,"Edinburgh, City of","Attainment  "," ","4.61","4.91",5.56,5.68
6,NA,"Edinburgh, City of","Child Poverty","2014/15",NA,NA,"Edinburgh, City of","Child Poverty  "," ","24.39","25.35",10.69,12.21
6,NA,"Edinburgh, City of","Crime Rate","2012/13",NA,NA,"Edinburgh, City of","Crime Rate  "," ","2525.98","1300.3",1262,1170
6,NA,"Edinburgh, City of","Depopulation","2012/13",NA,NA,"Edinburgh, City of","Depopulation  "," ","100","90",100,94.4
6,NA,"Edinburgh, City of","Early Mortality","2012/13",NA,NA,"Edinburgh, City of","Early Mortality  "," ","892","889.94",470,400
6,NA,"Edinburgh, City of","Emergency Admissions","2012/13",NA,NA,"Edinburgh, City of","Emergency Admissions  "," ","34451.9","31072.88",25325,22315
6,NA,"Edinburgh, City of","Out of Work Benefits","2013/14",NA,NA,"Edinburgh, City of","Out of Work Benefits  "," ","31.55","30.37",9.87,10.49
6,NA,"Edinburgh, City of","Participation Rate","2016/17",NA,NA,"Edinburgh, City of","Participation Rate  "," ","79.67","88.26",90.28,93.18
6,NA,"Eilean Siar","Attainment","2013/14",NA,NA,"Eilean Siar","Attainment  "," ","5.51","5.58",5.7,5.45
6,NA,"Eilean Siar","Child Poverty","2014/15",NA,NA,"Eilean Siar","Child Poverty  "," ","8.41","11.46",11.42,13.79
6,NA,"Eilean Siar","Crime Rate","2012/13",NA,NA,"Eilean Siar","Crime Rate  "," ","117.77","462.06",132,772
6,NA,"Eilean Siar","Depopulation","2012/13",NA,NA,"Eilean Siar","Depopulation  "," ","100","104.47",100,105.7
6,NA,"Eilean Siar","Early Mortality","2012/13",NA,NA,"Eilean Siar","Early Mortality  "," ","552","385.56",478,424
6,NA,"Eilean Siar","Emergency Admissions","2012/13",NA,NA,"Eilean Siar","Emergency Admissions  "," ","30345.91","26138.64",24465,25346
6,NA,"Eilean Siar","Out of Work Benefits","2013/14",NA,NA,"Eilean Siar","Out of Work Benefits  "," ","7.49","7.76",9.65,11.01
6,NA,"Eilean Siar","Participation Rate","2016/17",NA,NA,"Eilean Siar","Participation Rate  "," ","95.33","97.41",95.87,97.39
6,NA,"Falkirk","Attainment","2013/14",NA,NA,"Falkirk","Attainment  "," ","5.03","5.11",5.47,5.5
6,NA,"Falkirk","Child Poverty","2014/15",NA,NA,"Falkirk","Child Poverty  "," ","20.66","26.32",17.19,18.1
6,NA,"Falkirk","Crime Rate","2012/13",NA,NA,"Falkirk","Crime Rate  "," ","1772.89","1517.1",1412,1151
6,NA,"Falkirk","Depopulation","2012/13",NA,NA,"Falkirk","Depopulation  "," ","100","105.98",100,100.29
6,NA,"Falkirk","Early Mortality","2012/13",NA,NA,"Falkirk","Early Mortality  "," ","538","590.71",461,470
6,NA,"Falkirk","Emergency Admissions","2012/13",NA,NA,"Falkirk","Emergency Admissions  "," ","30746.27","29726.78",24210,26352
6,NA,"Falkirk","Out of Work Benefits","2013/14",NA,NA,"Falkirk","Out of Work Benefits  "," ","15.8","21.29",12.58,15.59
6,NA,"Falkirk","Participation Rate","2016/17",NA,NA,"Falkirk","Participation Rate  "," ","86.67","92.86",89.79,91.16
6,NA,"Fife","Attainment","2013/14",NA,NA,"Fife","Attainment  "," ","4.82","4.85",5.41,5.41
6,NA,"Fife","Child Poverty","2014/15",NA,NA,"Fife","Child Poverty  "," ","31.31","28.83",17.59,17.75
6,NA,"Fife","Crime Rate","2012/13",NA,NA,"Fife","Crime Rate  "," ","1120.13","972.73",923,1192
6,NA,"Fife","Depopulation","2012/13",NA,NA,"Fife","Depopulation  "," ","100","101.7",100,99.43
6,NA,"Fife","Early Mortality","2012/13",NA,NA,"Fife","Early Mortality  "," ","503","653.39",446,431
6,NA,"Fife","Emergency Admissions","2012/13",NA,NA,"Fife","Emergency Admissions  "," ","33620.69","32058.24",22948,25995
6,NA,"Fife","Out of Work Benefits","2013/14",NA,NA,"Fife","Out of Work Benefits  "," ","25.29","33.01",12.64,16.32
6,NA,"Fife","Participation Rate","2016/17",NA,NA,"Fife","Participation Rate  "," ","73.06","81.76",88.84,91.43
6,NA,"Glasgow City","Attainment","2013/14",NA,NA,"Glasgow City","Attainment  "," ","4.8","5.3",5.25,5.43
6,NA,"Glasgow City","Child Poverty","2014/15",NA,NA,"Glasgow City","Child Poverty  "," ","24.02","33.32",22.4,25.49
6,NA,"Glasgow City","Crime Rate","2012/13",NA,NA,"Glasgow City","Crime Rate  "," ","6303.45","1366.65",3820,1480
6,NA,"Glasgow City","Depopulation","2012/13",NA,NA,"Glasgow City","Depopulation  "," ","100","91.91",100,96.11
6,NA,"Glasgow City","Early Mortality","2012/13",NA,NA,"Glasgow City","Early Mortality  "," ","989","767.13",703,624
6,NA,"Glasgow City","Emergency Admissions","2012/13",NA,NA,"Glasgow City","Emergency Admissions  "," ","38808.66","37372.72",34269,29806
6,NA,"Glasgow City","Out of Work Benefits","2013/14",NA,NA,"Glasgow City","Out of Work Benefits  "," ","32.65","30.25",19.83,21.49
6,NA,"Glasgow City","Participation Rate","2016/17",NA,NA,"Glasgow City","Participation Rate  "," ","76.59","88.6",87.37,90.83
6,NA,"Highland","Attainment","2013/14",NA,NA,"Highland","Attainment  "," ","5.09","4.96",5.5,5.44
6,NA,"Highland","Child Poverty","2014/15",NA,NA,"Highland","Child Poverty  "," ","17.86","19.98",14.65,15.54
6,NA,"Highland","Crime Rate","2012/13",NA,NA,"Highland","Crime Rate  "," ","1055.33","2263.34",331,1313
6,NA,"Highland","Depopulation","2012/13",NA,NA,"Highland","Depopulation  "," ","100","97.62",100,100.15
6,NA,"Highland","Early Mortality","2012/13",NA,NA,"Highland","Early Mortality  "," ","582","646.45",432,399
6,NA,"Highland","Emergency Admissions","2012/13",NA,NA,"Highland","Emergency Admissions  "," ","22952.48","22192.65",21523,20234
6,NA,"Highland","Out of Work Benefits","2013/14",NA,NA,"Highland","Out of Work Benefits  "," ","15.74","21.69",9.2,12.74
6,NA,"Highland","Participation Rate","2016/17",NA,NA,"Highland","Participation Rate  "," ","89.82","90.11",93.38,92.91
6,NA,"Inverclyde","Attainment","2013/14",NA,NA,"Inverclyde","Attainment  "," ","5.28","5.3",5.62,5.6
6,NA,"Inverclyde","Child Poverty","2014/15",NA,NA,"Inverclyde","Child Poverty  "," ","19.33","17.29",14.19,15.2
6,NA,"Inverclyde","Crime Rate","2012/13",NA,NA,"Inverclyde","Crime Rate  "," ","1561.07","980.16",1940,1100
6,NA,"Inverclyde","Depopulation","2012/13",NA,NA,"Inverclyde","Depopulation  "," ","100","102.86",100,103.88
6,NA,"Inverclyde","Early Mortality","2012/13",NA,NA,"Inverclyde","Early Mortality  "," ","720","697.04",551,503
6,NA,"Inverclyde","Emergency Admissions","2012/13",NA,NA,"Inverclyde","Emergency Admissions  "," ","34161.49","25616.16",27954,23879
6,NA,"Inverclyde","Out of Work Benefits","2013/14",NA,NA,"Inverclyde","Out of Work Benefits  "," ","22.26","27.73",16.29,19.88
6,NA,"Inverclyde","Participation Rate","2016/17",NA,NA,"Inverclyde","Participation Rate  "," ","90","90.43",91.35,93.13
6,NA,"Midlothian","Attainment","2013/14",NA,NA,"Midlothian","Attainment  "," ","5.16","5.27",5.42,5.42
6,NA,"Midlothian","Child Poverty","2014/15",NA,NA,"Midlothian","Child Poverty  "," ","21.31","24.64",14.54,14.87
6,NA,"Midlothian","Crime Rate","2012/13",NA,NA,"Midlothian","Crime Rate  "," ","1633.6","1172.12",1273,1227
6,NA,"Midlothian","Depopulation","2012/13",NA,NA,"Midlothian","Depopulation  "," ","100","102.73",100,89.42
6,NA,"Midlothian","Early Mortality","2012/13",NA,NA,"Midlothian","Early Mortality  "," ","403","472.52",420,427
6,NA,"Midlothian","Emergency Admissions","2012/13",NA,NA,"Midlothian","Emergency Admissions  "," ","37876.11","25135.39",25046,21361
6,NA,"Midlothian","Out of Work Benefits","2013/14",NA,NA,"Midlothian","Out of Work Benefits  "," ","17.45","19.51",11.91,14.47
6,NA,"Midlothian","Participation Rate","2016/17",NA,NA,"Midlothian","Participation Rate  "," ","83.17","94.12",88.26,94.36
6,NA,"Moray","Attainment","2013/14",NA,NA,"Moray","Attainment  "," ","5.42","5.43",5.52,5.44
6,NA,"Moray","Child Poverty","2014/15",NA,NA,"Moray","Child Poverty  "," ","13.42","12.66",13.57,16.16
6,NA,"Moray","Crime Rate","2012/13",NA,NA,"Moray","Crime Rate  "," ","859.63","600.95",1012,1037
6,NA,"Moray","Depopulation","2012/13",NA,NA,"Moray","Depopulation  "," ","100","105.06",100,100.2
6,NA,"Moray","Early Mortality","2012/13",NA,NA,"Moray","Early Mortality  "," ","432","324.76",400,370
6,NA,"Moray","Emergency Admissions","2012/13",NA,NA,"Moray","Emergency Admissions  "," ","17032.97","16798.11",17487,17581
6,NA,"Moray","Out of Work Benefits","2013/14",NA,NA,"Moray","Out of Work Benefits  "," ","6.71","9.14",7.84,11.79
6,NA,"Moray","Participation Rate","2016/17",NA,NA,"Moray","Participation Rate  "," ","90.2","94.79",90.89,94.75
6,NA,"North Ayrshire","Attainment","2013/14",NA,NA,"North Ayrshire","Attainment  "," ","5.08","5.16",5.41,5.43
6,NA,"North Ayrshire","Child Poverty","2014/15",NA,NA,"North Ayrshire","Child Poverty  "," ","34.44","28.34",20.35,20.45
6,NA,"North Ayrshire","Crime Rate","2012/13",NA,NA,"North Ayrshire","Crime Rate  "," ","4193.86","2678.52",2154,1404
6,NA,"North Ayrshire","Depopulation","2012/13",NA,NA,"North Ayrshire","Depopulation  "," ","100","106.49",100,102.83
6,NA,"North Ayrshire","Early Mortality","2012/13",NA,NA,"North Ayrshire","Early Mortality  "," ","761","965.46",516,526
6,NA,"North Ayrshire","Emergency Admissions","2012/13",NA,NA,"North Ayrshire","Emergency Admissions  "," ","33789.95","34668.39",27805,26840
6,NA,"North Ayrshire","Out of Work Benefits","2013/14",NA,NA,"North Ayrshire","Out of Work Benefits  "," ","35.14","43.49",17.21,22.33
6,NA,"North Ayrshire","Participation Rate","2016/17",NA,NA,"North Ayrshire","Participation Rate  "," ","88.68","89.11",89.96,91.77
6,NA,"North Lanarkshire","Attainment","2013/14",NA,NA,"North Lanarkshire","Attainment  "," ","5.23","4.87",5.39,5.33
6,NA,"North Lanarkshire","Child Poverty","2014/15",NA,NA,"North Lanarkshire","Child Poverty  "," ","26.21","29.95",18.9,19.2
6,NA,"North Lanarkshire","Crime Rate","2012/13",NA,NA,"North Lanarkshire","Crime Rate  "," ","1470.83","1405.68",2190,1319
6,NA,"North Lanarkshire","Depopulation","2012/13",NA,NA,"North Lanarkshire","Depopulation  "," ","100","107.38",100,100.89
6,NA,"North Lanarkshire","Early Mortality","2012/13",NA,NA,"North Lanarkshire","Early Mortality  "," ","645","646.92",555,543
6,NA,"North Lanarkshire","Emergency Admissions","2012/13",NA,NA,"North Lanarkshire","Emergency Admissions  "," ","33039.65","31198.12",29416,31054
6,NA,"North Lanarkshire","Out of Work Benefits","2013/14",NA,NA,"North Lanarkshire","Out of Work Benefits  "," ","21.82","27.7",15.31,18.41
6,NA,"North Lanarkshire","Participation Rate","2016/17",NA,NA,"North Lanarkshire","Participation Rate  "," ","83.33","86.76",89.21,90.93
6,NA,"Orkney Islands","Attainment","2013/14",NA,NA,"Orkney Islands","Attainment  "," ","5.49","5.58",5.62,5.61
6,NA,"Orkney Islands","Child Poverty","2014/15",NA,NA,"Orkney Islands","Child Poverty  "," ","11.33","6.47",12.83,12.62
6,NA,"Orkney Islands","Crime Rate","2012/13",NA,NA,"Orkney Islands","Crime Rate  "," ","11.71","401.78",171,775
6,NA,"Orkney Islands","Depopulation","2012/13",NA,NA,"Orkney Islands","Depopulation  "," ","100","99.92",100,99.33
6,NA,"Orkney Islands","Early Mortality","2012/13",NA,NA,"Orkney Islands","Early Mortality  "," ","370","252.53",369,346
6,NA,"Orkney Islands","Emergency Admissions","2012/13",NA,NA,"Orkney Islands","Emergency Admissions  "," ","19101.12","16449.33",20828,17877
6,NA,"Orkney Islands","Out of Work Benefits","2013/14",NA,NA,"Orkney Islands","Out of Work Benefits  "," ","4.74","6.38",6.46,10.45
6,NA,"Orkney Islands","Participation Rate","2016/17",NA,NA,"Orkney Islands","Participation Rate  "," ","93.12","94.62",94.36,93.66
6,NA,"Perth and Kinross","Attainment","2013/14",NA,NA,"Perth and Kinross","Attainment  "," ","4.85","4.96",5.6,5.59
6,NA,"Perth and Kinross","Child Poverty","2014/15",NA,NA,"Perth and Kinross","Child Poverty  "," ","26.14","29.24",13.52,13.98
6,NA,"Perth and Kinross","Crime Rate","2012/13",NA,NA,"Perth and Kinross","Crime Rate  "," ","1055.99","1214.24",745,1039
6,NA,"Perth and Kinross","Depopulation","2012/13",NA,NA,"Perth and Kinross","Depopulation  "," ","100","105.13",100,96.78
6,NA,"Perth and Kinross","Early Mortality","2012/13",NA,NA,"Perth and Kinross","Early Mortality  "," ","530","535.92",369,356
6,NA,"Perth and Kinross","Emergency Admissions","2012/13",NA,NA,"Perth and Kinross","Emergency Admissions  "," ","28828.83","32155.56",22242,25364
6,NA,"Perth and Kinross","Out of Work Benefits","2013/14",NA,NA,"Perth and Kinross","Out of Work Benefits  "," ","17.13","22.85",8.24,11.74
6,NA,"Perth and Kinross","Participation Rate","2016/17",NA,NA,"Perth and Kinross","Participation Rate  "," ","87.21","87.12",92.3,92.37
6,NA,"Renfrewshire","Attainment","2013/14",NA,NA,"Renfrewshire","Attainment  "," ","5.02","5.23",5.52,5.58
6,NA,"Renfrewshire","Child Poverty","2014/15",NA,NA,"Renfrewshire","Child Poverty  "," ","16.78","17.41",12.87,15.01
6,NA,"Renfrewshire","Crime Rate","2012/13",NA,NA,"Renfrewshire","Crime Rate  "," ","8058.09","3409.25",1976,965
6,NA,"Renfrewshire","Depopulation","2012/13",NA,NA,"Renfrewshire","Depopulation  "," ","100","86.91",100,96.93
6,NA,"Renfrewshire","Early Mortality","2012/13",NA,NA,"Renfrewshire","Early Mortality  "," ","723","612.71",532,465
6,NA,"Renfrewshire","Emergency Admissions","2012/13",NA,NA,"Renfrewshire","Emergency Admissions  "," ","36272.32","25812.33",28094,24249
6,NA,"Renfrewshire","Out of Work Benefits","2013/14",NA,NA,"Renfrewshire","Out of Work Benefits  "," ","18.93","17.39",13.74,15.26
6,NA,"Renfrewshire","Participation Rate","2016/17",NA,NA,"Renfrewshire","Participation Rate  "," ","83.97","86.36",91.1,92.86
6,NA,"Scottish Borders","Attainment","2013/14",NA,NA,"Scottish Borders","Attainment  "," ","5.51","5.51",5.54,5.47
6,NA,"Scottish Borders","Child Poverty","2014/15",NA,NA,"Scottish Borders","Child Poverty  "," ","14.12","17.69",15.03,16.52
6,NA,"Scottish Borders","Crime Rate","2012/13",NA,NA,"Scottish Borders","Crime Rate  "," ","917.93","1359.22",764,1047
6,NA,"Scottish Borders","Depopulation","2012/13",NA,NA,"Scottish Borders","Depopulation  "," ","100","100.82",100,98.67
6,NA,"Scottish Borders","Early Mortality","2012/13",NA,NA,"Scottish Borders","Early Mortality  "," ","447","436.71",380,360
6,NA,"Scottish Borders","Emergency Admissions","2012/13",NA,NA,"Scottish Borders","Emergency Admissions  "," ","36254.98","28943.97",25376,21982
6,NA,"Scottish Borders","Out of Work Benefits","2013/14",NA,NA,"Scottish Borders","Out of Work Benefits  "," ","9.22","12.98",9.82,14.08
6,NA,"Scottish Borders","Participation Rate","2016/17",NA,NA,"Scottish Borders","Participation Rate  "," ","93.29","94.29",91.34,94.08
6,NA,"Shetland Islands","Attainment","2013/14",NA,NA,"Shetland Islands","Attainment  "," ","5.7","5.31",5.56,5.61
6,NA,"Shetland Islands","Child Poverty","2014/15",NA,NA,"Shetland Islands","Child Poverty  "," ","6.01","10.47",7.15,8.89
6,NA,"Shetland Islands","Crime Rate","2012/13",NA,NA,"Shetland Islands","Crime Rate  "," ","80.42","223.27",162,559
6,NA,"Shetland Islands","Depopulation","2012/13",NA,NA,"Shetland Islands","Depopulation  "," ","100","95.61",100,100.19
6,NA,"Shetland Islands","Early Mortality","2012/13",NA,NA,"Shetland Islands","Early Mortality  "," ","423","351.7",413,322
6,NA,"Shetland Islands","Emergency Admissions","2012/13",NA,NA,"Shetland Islands","Emergency Admissions  "," ","21374.05","17480.11",23493,17578
6,NA,"Shetland Islands","Out of Work Benefits","2013/14",NA,NA,"Shetland Islands","Out of Work Benefits  "," ","5.3","7.49",5.8,9
6,NA,"Shetland Islands","Participation Rate","2016/17",NA,NA,"Shetland Islands","Participation Rate  "," ","96.2","95.51",97.32,97.42
6,NA,"South Ayrshire","Attainment","2013/14",NA,NA,"South Ayrshire","Attainment  "," ","5.34","5.29",5.56,5.58
6,NA,"South Ayrshire","Child Poverty","2014/15",NA,NA,"South Ayrshire","Child Poverty  "," ","27.08","26.68",16.55,17.42
6,NA,"South Ayrshire","Crime Rate","2012/13",NA,NA,"South Ayrshire","Crime Rate  "," ","1324.4","1175.52",1948,1258
6,NA,"South Ayrshire","Depopulation","2012/13",NA,NA,"South Ayrshire","Depopulation  "," ","100","105.57",100,101.76
6,NA,"South Ayrshire","Early Mortality","2012/13",NA,NA,"South Ayrshire","Early Mortality  "," ","424","580.84",451,452
6,NA,"South Ayrshire","Emergency Admissions","2012/13",NA,NA,"South Ayrshire","Emergency Admissions  "," ","31458.97","28596.64",29687,26368
6,NA,"South Ayrshire","Out of Work Benefits","2013/14",NA,NA,"South Ayrshire","Out of Work Benefits  "," ","20.95","27.94",13.53,17.45
6,NA,"South Ayrshire","Participation Rate","2016/17",NA,NA,"South Ayrshire","Participation Rate  "," ","86.13","98.71",90.79,95.26
6,NA,"South Lanarkshire","Attainment","2013/14",NA,NA,"South Lanarkshire","Attainment  "," ","4.38","5.14",5.45,5.57
6,NA,"South Lanarkshire","Child Poverty","2014/15",NA,NA,"South Lanarkshire","Child Poverty  "," ","25.19","23.73",15.61,15.22
6,NA,"South Lanarkshire","Crime Rate","2012/13",NA,NA,"South Lanarkshire","Crime Rate  "," ","1751.41","1660.79",2123,1163
6,NA,"South Lanarkshire","Depopulation","2012/13",NA,NA,"South Lanarkshire","Depopulation  "," ","100","96.79",100,97.61
6,NA,"South Lanarkshire","Early Mortality","2012/13",NA,NA,"South Lanarkshire","Early Mortality  "," ","744","675.16",489,462
6,NA,"South Lanarkshire","Emergency Admissions","2012/13",NA,NA,"South Lanarkshire","Emergency Admissions  "," ","25177.3","31455.52",26799,25600
6,NA,"South Lanarkshire","Out of Work Benefits","2013/14",NA,NA,"South Lanarkshire","Out of Work Benefits  "," ","25.92","31.46",13.46,16.05
6,NA,"South Lanarkshire","Participation Rate","2016/17",NA,NA,"South Lanarkshire","Participation Rate  "," ","80.42","88.51",90.3,92.99
6,NA,"Stirling","Attainment","2013/14",NA,NA,"Stirling","Attainment  "," ","4.78","5.01",5.59,5.65
6,NA,"Stirling","Child Poverty","2014/15",NA,NA,"Stirling","Child Poverty  "," ","20.55","25.47",13.86,13.86
6,NA,"Stirling","Crime Rate","2012/13",NA,NA,"Stirling","Crime Rate  "," ","1129.88","927.66",1450,1072
6,NA,"Stirling","Depopulation","2012/13",NA,NA,"Stirling","Depopulation  "," ","100","102.13",100,96.76
6,NA,"Stirling","Early Mortality","2012/13",NA,NA,"Stirling","Early Mortality  "," ","588","780.85",418,405
6,NA,"Stirling","Emergency Admissions","2012/13",NA,NA,"Stirling","Emergency Admissions  "," ","28450.7","27801.89",22971,24197
6,NA,"Stirling","Out of Work Benefits","2013/14",NA,NA,"Stirling","Out of Work Benefits  "," ","17.82","19.39",10.36,12.02
6,NA,"Stirling","Participation Rate","2016/17",NA,NA,"Stirling","Participation Rate  "," ","87.5","90.73",91.01,93.52
6,NA,"West Dunbartonshire","Attainment","2013/14",NA,NA,"West Dunbartonshire","Attainment  "," ","5.26","5.42",5.43,5.32
6,NA,"West Dunbartonshire","Child Poverty","2014/15",NA,NA,"West Dunbartonshire","Child Poverty  "," ","21.67","19.31",18.37,17.77
6,NA,"West Dunbartonshire","Crime Rate","2012/13",NA,NA,"West Dunbartonshire","Crime Rate  "," ","2741.66","887.01",2358,1129
6,NA,"West Dunbartonshire","Depopulation","2012/13",NA,NA,"West Dunbartonshire","Depopulation  "," ","100","101.51",100,102.61
6,NA,"West Dunbartonshire","Early Mortality","2012/13",NA,NA,"West Dunbartonshire","Early Mortality  "," ","742","674.28",598,544
6,NA,"West Dunbartonshire","Emergency Admissions","2012/13",NA,NA,"West Dunbartonshire","Emergency Admissions  "," ","38703.53","30103.79",29715,27575
6,NA,"West Dunbartonshire","Out of Work Benefits","2013/14",NA,NA,"West Dunbartonshire","Out of Work Benefits  "," ","25.04","27.5",17.74,21.32
6,NA,"West Dunbartonshire","Participation Rate","2016/17",NA,NA,"West Dunbartonshire","Participation Rate  "," ","88.11","89.81",88.64,90.93
6,NA,"West Lothian","Attainment","2013/14",NA,NA,"West Lothian","Attainment  "," ","5.26","5.5",5.5,5.51
6,NA,"West Lothian","Child Poverty","2014/15",NA,NA,"West Lothian","Child Poverty  "," ","18.44","17.58",14.99,16.47
6,NA,"West Lothian","Crime Rate","2012/13",NA,NA,"West Lothian","Crime Rate  "," ","939.56","1154.68",1071,1190
6,NA,"West Lothian","Depopulation","2012/13",NA,NA,"West Lothian","Depopulation  "," ","100","105.19",100,96.67
6,NA,"West Lothian","Early Mortality","2012/13",NA,NA,"West Lothian","Early Mortality  "," ","530","379.03",477,435
6,NA,"West Lothian","Emergency Admissions","2012/13",NA,NA,"West Lothian","Emergency Admissions  "," ","28325.51","29673.71",26444,26157
6,NA,"West Lothian","Out of Work Benefits","2013/14",NA,NA,"West Lothian","Out of Work Benefits  "," ","12.86","16.99",12.16,15.38
6,NA,"West Lothian","Participation Rate","2016/17",NA,NA,"West Lothian","Participation Rate  "," ","86.28","94.2",89.74,93.41
